source_platform,listing_id,title,make,model,year,mileage_km,engine_cc,fuel_type,transmission,body_type,price_jpy,price_usd,cf_price_usd,destination_port,currency,location,listing_url,image_url,is_cleaned,scraped_at
BE FORWARD,CD884363,2021 TOYOTA PROBOX VAN DX COMFORT,Toyota,Probox Van Dx Comfort,2021.0,74518.0,490.0,Petrol,Automatic,Van,822388.0,5510.0,7407.0,Mombasa,USD,Kyushu,https://www.beforward.jp/toyota/probox-van/cd884363/id/15856399/,https://image-cdn.beforward.jp/medium/202607/15856399/CD884363_295de8.jpg?w=200,1,2026-07-22 12:48:11.230783
BE FORWARD,CE050089,2020 TOYOTA YARIS X,Toyota,Yaris X,2020.0,86563.0,990.0,Petrol,Automatic,Sedan,764179.0,5120.0,6816.0,Mombasa,USD,Nagoya,https://www.beforward.jp/toyota/yaris/ce050089/id/15946999/,https://image-cdn.beforward.jp/medium/202607/15946999/CE050089_1e6487.jpg?w=200,1,2026-07-22 12:48:11.230783
BE FORWARD,CE050090,2020 TOYOTA YARIS X,Toyota,Yaris X,2020.0,101966.0,990.0,Petrol,Automatic,Sedan,744776.0,4990.0,6686.0,Mombasa,USD,Nagoya,https://www.beforward.jp/toyota/yaris/ce050090/id/15947033/,https://image-cdn.beforward.jp/medium/202607/15947033/CE050090_d31b6d.jpg?w=200,1,2026-07-22 12:48:11.230783
BE FORWARD,CE050097,2020 TOYOTA YARIS X,Toyota,Yaris X,2020.0,66573.0,990.0,Petrol,Automatic,Sedan,783582.0,5250.0,6946.0,Mombasa,USD,Nagoya,https://www.beforward.jp/toyota/yaris/ce050097/id/15944018/,https://image-cdn.beforward.jp/medium/202607/15944018/CE050097_03fdd0.jpg?w=200,1,2026-07-22 12:48:11.230783
BE FORWARD,CE053025,2018 TOYOTA MARK X 250G F PACKAGE,Toyota,Mark X 250G F Package,2018.0,82640.0,490.0,Petrol,Automatic,Sedan,1064179.0,7130.0,9143.0,Mombasa,USD,Yokohama,https://www.beforward.jp/toyota/mark-x/ce053025/id/15943865/,https://image-cdn.beforward.jp/medium/202607/15943865/CE053025_7e12a2.jpg?w=200,1,2026-07-22 12:48:11.230783
BE FORWARD,CD908036,2018 TOYOTA HIACE VAN LONG DX,Toyota,Hiace Van Long Dx,2018.0,174256.0,990.0,Petrol,Automatic,Van,1207463.0,8090.0,10528.0,Mombasa,USD,Yokohama,https://www.beforward.jp/toyota/hiace-van/cd908036/id/15889197/,https://image-cdn.beforward.jp/medium/202607/15889197/CD908036_b3eb65.jpg?w=200,1,2026-07-22 12:48:11.230783
BE FORWARD,CE053042,2018 TOYOTA HIACE VAN,Toyota,Hiace Van,2018.0,203062.0,990.0,Petrol,Automatic,Van,1188060.0,7960.0,10388.0,Mombasa,USD,Yokohama,https://www.beforward.jp/toyota/hiace-van/ce053042/id/15947055/,https://image-cdn.beforward.jp/medium/202607/15947055/CE053042_f00c82.jpg?w=200,1,2026-07-22 12:48:11.230783
BE FORWARD,CE053045,2018 TOYOTA HIACE VAN LONG DX,Toyota,Hiace Van Long Dx,2018.0,178827.0,990.0,Petrol,Automatic,Van,1207463.0,8090.0,10594.0,Mombasa,USD,Yokohama,https://www.beforward.jp/toyota/hiace-van/ce053045/id/15947441/,https://image-cdn.beforward.jp/medium/202607/15947441/CE053045_0e87c0.jpg?w=200,1,2026-07-22 12:48:11.230783
BE FORWARD,CD884348,2018 TOYOTA VITZ F,Toyota,Vitz F,2018.0,137407.0,990.0,Petrol,Automatic,Hatchback,573134.0,3840.0,5627.0,Mombasa,USD,Kyushu,https://www.beforward.jp/toyota/vitz/cd884348/id/15856205/,https://image-cdn.beforward.jp/medium/202607/15856205/CD884348_46099d.jpg?w=200,1,2026-07-22 12:48:11.230783
BE FORWARD,CE076796,2020 TOYOTA PASSO X S,Toyota,Passo X S,2020.0,94249.0,990.0,Petrol,Automatic,Sedan,495522.0,3320.0,5033.0,Mombasa,USD,Yokohama,https://www.beforward.jp/toyota/passo/ce076796/id/15961497/,https://image-cdn.beforward.jp/medium/202607/15961497/CE076796_318fc0.jpg?w=200,1,2026-07-22 12:48:11.230783
BE FORWARD,CE082073,2019 TOYOTA PROBOX VAN DX COMFORT,Toyota,Probox Van Dx Comfort,2019.0,211253.0,320.0,Petrol,Automatic,Van,629851.0,4220.0,6401.0,Mombasa,USD,Yokohama,https://www.beforward.jp/toyota/probox-van/ce082073/id/15974658/,https://image-cdn.beforward.jp/medium/202607/15974658/CE082073_63d6c4.jpg?w=200,1,2026-07-22 12:48:11.230783
BE FORWARD,CD884318,2019 TOYOTA PROBOX VAN,Toyota,Probox Van,2019.0,148343.0,320.0,Petrol,Automatic,Van,668657.0,4480.0,6377.0,Mombasa,USD,Kyushu,https://www.beforward.jp/toyota/probox-van/cd884318/id/15854103/,https://image-cdn.beforward.jp/medium/202607/15854103/CD884318_eb99b0.JPG?w=200,1,2026-07-22 12:48:11.230783
BE FORWARD,CD907939,2021 TOYOTA PROBOX VAN HYBRID F,Toyota,Probox Van Hybrid F,2021.0,148626.0,490.0,Petrol,Automatic,Van,725373.0,4860.0,6666.0,Mombasa,USD,Nagoya,https://www.beforward.jp/toyota/probox-van/cd907939/id/15892698/,https://image-cdn.beforward.jp/medium/202607/15892698/CD907939_cacc77.jpg?w=200,1,2026-07-22 12:48:11.230783
BE FORWARD,CD907977,2019 TOYOTA VITZ F M PACKAGE,Toyota,Vitz F M Package,2019.0,100978.0,990.0,Petrol,Automatic,Hatchback,688060.0,4610.0,6376.0,Mombasa,USD,Yokohama,https://www.beforward.jp/toyota/vitz/cd907977/id/15892394/,https://image-cdn.beforward.jp/medium/202607/15892394/CD907977_062c62.jpg?w=200,1,2026-07-22 12:48:11.230783
BE FORWARD,CD908027,2018 TOYOTA PROBOX VAN DX COMFORT,Toyota,Probox Van Dx Comfort,2018.0,99552.0,490.0,Petrol,Automatic,Van,725373.0,4860.0,6736.0,Mombasa,USD,Yokohama,https://www.beforward.jp/toyota/probox-van/cd908027/id/15888052/,https://image-cdn.beforward.jp/medium/202607/15888052/CD908027_067eb7.jpg?w=200,1,2026-07-22 12:48:11.230783
BE FORWARD,CD908080,2021 TOYOTA YARIS HYBRID X,Toyota,Yaris Hybrid X,2021.0,98439.0,490.0,Petrol,Automatic,Sedan,735821.0,4930.0,6665.0,Mombasa,USD,Osaka,https://www.beforward.jp/toyota/yaris/cd908080/id/15890586/,https://image-cdn.beforward.jp/medium/202607/15890586/CD908080_f49442.jpg?w=200,1,2026-07-22 12:48:11.230783
BE FORWARD,CD908308,2021 TOYOTA YARIS HYBRID X,Toyota,Yaris Hybrid X,2021.0,101920.0,490.0,Petrol,Automatic,Sedan,725373.0,4860.0,6595.0,Mombasa,USD,Osaka,https://www.beforward.jp/toyota/yaris/cd908308/id/15889899/,https://image-cdn.beforward.jp/medium/202607/15889899/CD908308_e63ce0.jpg?w=200,1,2026-07-22 12:48:11.230783
BE FORWARD,CE053023,2019 TOYOTA VITZ F M PACKAGE,Toyota,Vitz F M Package,2019.0,70800.0,990.0,Petrol,Automatic,Hatchback,707463.0,4740.0,6548.0,Mombasa,USD,Yokohama,https://www.beforward.jp/toyota/vitz/ce053023/id/15942705/,https://image-cdn.beforward.jp/medium/202607/15942705/CE053023_90f1cd.jpg?w=200,1,2026-07-22 12:48:11.230783
BE FORWARD,CE061784,2019 TOYOTA VITZ F M PACKAGE,Toyota,Vitz F M Package,2019.0,79960.0,990.0,Petrol,Automatic,Hatchback,705970.0,4730.0,6459.0,Mombasa,USD,Nagoya,https://www.beforward.jp/toyota/vitz/ce061784/id/15946883/,https://image-cdn.beforward.jp/medium/202607/15946883/CE061784_4b2ddd.jpg?w=200,1,2026-07-22 12:48:11.230783
BE FORWARD,CE068365,2021 TOYOTA YARIS HYBRID X,Toyota,Yaris Hybrid X,2021.0,115442.0,490.0,Petrol,Automatic,Sedan,705970.0,4730.0,6538.0,Mombasa,USD,Yokohama,https://www.beforward.jp/toyota/yaris/ce068365/id/15960833/,https://image-cdn.beforward.jp/medium/202607/15960833/CE068365_71e50c.jpg?w=200,1,2026-07-22 12:48:11.230783
BE FORWARD,CE081946,2018 TOYOTA SIENTA HYBRID G CUERO,Toyota,Sienta Hybrid G Cuero,2018.0,115679.0,490.0,Petrol,Automatic,Van,697015.0,4670.0,6716.0,Mombasa,USD,Yokohama,https://www.beforward.jp/toyota/sienta/ce081946/id/15973181/,https://image-cdn.beforward.jp/medium/202607/15973181/CE081946_ea1d21.jpg?w=200,1,2026-07-22 12:48:11.230783
BE FORWARD,CE082158,2019 NISSAN CARAVAN VAN NV350 PREMIUM GX,Nissan,Caravan Van Nv350 Premium Gx,2019.0,190960.0,480.0,Diesel,Automatic,Van,1197015.0,8020.0,10534.0,Mombasa,USD,Yokohama,https://www.beforward.jp/nissan/caravan-van/ce082158/id/15971803/,https://image-cdn.beforward.jp/medium/202607/15971803/CE082158_67fa8e.jpg?w=200,1,2026-07-22 12:48:11.230783
BE FORWARD,CE082202,2021 NISSAN CARAVAN VAN NV350,Nissan,Caravan Van Nv350,2021.0,241724.0,480.0,Diesel,Automatic,Van,1019403.0,6830.0,9271.0,Mombasa,USD,Osaka,https://www.beforward.jp/nissan/caravan-van/ce082202/id/15975082/,https://image-cdn.beforward.jp/medium/202607/15975082/CE082202_f82be3.jpg?w=200,1,2026-07-22 12:48:11.230783
BE FORWARD,CD908162,2019 NISSAN ATLAS,Nissan,Atlas,2019.0,117361.0,990.0,Petrol,Manual,Sedan,889552.0,5960.0,8470.0,Mombasa,USD,Yokohama,https://www.beforward.jp/nissan/atlas/cd908162/id/15887524/,https://image-cdn.beforward.jp/medium/202607/15887524/CD908162_23bc48.jpg?w=200,1,2026-07-22 12:48:11.230783
BE FORWARD,CE104062,2018 NISSAN SYLPHY X,Nissan,Sylphy X,2018.0,167990.0,790.0,Petrol,Automatic,Sedan,485075.0,3250.0,5241.0,Mombasa,USD,Kobe,https://www.beforward.jp/nissan/sylphy/ce104062/id/15999360/,https://image-cdn.beforward.jp/medium/202607/15999360/CE104062_90084f.jpg?w=200,1,2026-07-22 12:48:11.230783
BE FORWARD,CE061199,2019 NISSAN NOTE,Nissan,Note,2019.0,114955.0,190.0,Petrol,Automatic,Hatchback,446269.0,2990.0,4785.0,Mombasa,USD,Nagoya,https://www.beforward.jp/nissan/note/ce061199/id/15948689/,https://image-cdn.beforward.jp/medium/202607/15948689/CE061199_1fd53e.jpg?w=200,1,2026-07-22 12:48:11.230783
BE FORWARD,CE061971,2019 NISSAN NOTE X,Nissan,Note X,2019.0,12252.0,190.0,Petrol,Automatic,Hatchback,485075.0,3250.0,5058.0,Mombasa,USD,Yokohama,https://www.beforward.jp/nissan/note/ce061971/id/15947358/,https://image-cdn.beforward.jp/medium/202607/15947358/CE061971_c33993.jpg?w=200,1,2026-07-22 12:48:11.230783
BE FORWARD,CE061972,2019 NISSAN NOTE X,Nissan,Note X,2019.0,112184.0,190.0,Petrol,Automatic,Hatchback,446269.0,2990.0,4798.0,Mombasa,USD,Yokohama,https://www.beforward.jp/nissan/note/ce061972/id/15947362/,https://image-cdn.beforward.jp/medium/202607/15947362/CE061972_fb3614.jpg?w=200,1,2026-07-22 12:48:11.230783
BE FORWARD,CE082197,2018 NISSAN MARCH X V SELECTION,Nissan,March X V Selection,2018.0,95250.0,190.0,Petrol,Automatic,Hatchback,322388.0,2160.0,3845.0,Mombasa,USD,Osaka,https://www.beforward.jp/nissan/march/ce082197/id/15975003/,https://image-cdn.beforward.jp/medium/202607/15975003/CE082197_5f4430.jpg?w=200,1,2026-07-22 12:48:11.230783
BE FORWARD,CE094641,2018 NISSAN NOTE X FOUR SMART SAFETY EDITION,Nissan,Note X Four Smart Safety Edition,2018.0,131554.0,190.0,Petrol,Automatic,Hatchback,407463.0,2730.0,4665.0,Mombasa,USD,Yokohama,https://www.beforward.jp/nissan/note/ce094641/id/15983062/,https://image-cdn.beforward.jp/medium/202607/15983062/CE094641_3a0098.jpg?w=200,1,2026-07-22 12:48:11.230783
BE FORWARD,CE094492,2020 NISSAN DAYZ S,Nissan,Dayz S,2020.0,160040.0,650.0,Petrol,Automatic,Sedan,340299.0,2280.0,3801.0,Mombasa,USD,Yokohama,https://www.beforward.jp/nissan/dayz/ce094492/id/15997607/,https://image-cdn.beforward.jp/medium/202607/15997607/CE094492_454f13.jpg?w=200,1,2026-07-22 12:48:11.230783
BE FORWARD,CE104021,2019 NISSAN DAYZ X,Nissan,Dayz X,2019.0,96092.0,650.0,Petrol,Automatic,Sedan,350746.0,2350.0,3851.0,Mombasa,USD,Osaka,https://www.beforward.jp/nissan/dayz/ce104021/id/15998526/,https://image-cdn.beforward.jp/medium/202607/15998526/CE104021_f86300.jpg?w=200,1,2026-07-22 12:48:11.230783
BE FORWARD,CE104139,2018 NISSAN DAYZ S,Nissan,Dayz S,2018.0,81901.0,650.0,Petrol,Automatic,Sedan,340299.0,2280.0,3835.0,Mombasa,USD,Yokohama,https://www.beforward.jp/nissan/dayz/ce104139/id/16000304/,https://image-cdn.beforward.jp/medium/202607/16000304/CE104139_ebbde9.jpg?w=200,1,2026-07-22 12:48:11.230783
BE FORWARD,CD865288,2020 NISSAN CARAVAN VAN NV350 DX,Nissan,Caravan Van Nv350 Dx,2020.0,248754.0,480.0,Diesel,Automatic,Van,968657.0,6490.0,9553.0,Mombasa,USD,Osaka,https://www.beforward.jp/nissan/caravan-van/cd865288/id/15827714/,https://image-cdn.beforward.jp/medium/202607/15827714/CD865288_e7e2b2.jpg?w=200,1,2026-07-22 12:48:11.230783
BE FORWARD,CD870039,2018 NISSAN CARAVAN VAN NV350,Nissan,Caravan Van Nv350,2018.0,136790.0,480.0,Diesel,Automatic,Van,1064179.0,7130.0,9745.0,Mombasa,USD,Hokkaido,https://www.beforward.jp/nissan/caravan-van/cd870039/id/15839659/,https://image-cdn.beforward.jp/medium/202607/15839659/CD870039_6b579e.jpg?w=200,1,2026-07-22 12:48:11.230783
BE FORWARD,CE061982,2021 NISSAN SERENA LV SERIES S,Nissan,Serena Lv Series S,2021.0,104698.0,990.0,Petrol,Automatic,Van,725373.0,4860.0,7178.0,Mombasa,USD,Yokohama,https://www.beforward.jp/nissan/serena/ce061982/id/15947554/,https://image-cdn.beforward.jp/medium/202607/15947554/CE061982_eaa905.jpg?w=200,1,2026-07-22 12:48:11.230783
BE FORWARD,CE061983,2021 NISSAN SERENA LV SERIES S,Nissan,Serena Lv Series S,2021.0,98356.0,990.0,Petrol,Automatic,Van,735821.0,4930.0,7248.0,Mombasa,USD,Yokohama,https://www.beforward.jp/nissan/serena/ce061983/id/15947565/,https://image-cdn.beforward.jp/medium/202607/15947565/CE061983_a78bcf.jpg?w=200,1,2026-07-22 12:48:11.230783
BE FORWARD,CD907968,2022 NISSAN NOTE HYBRID S,Nissan,Note Hybrid S,2022.0,115876.0,190.0,Petrol,Automatic,Hatchback,735821.0,4930.0,6727.0,Mombasa,USD,Yokohama,https://www.beforward.jp/nissan/note/cd907968/id/15892025/,https://image-cdn.beforward.jp/medium/202607/15892025/CD907968_83df87.jpg?w=200,1,2026-07-22 12:48:11.230783
BE FORWARD,CD918722,2019 NISSAN SERENA HYBRID HIGHWAY STAR V SELECTION2,Nissan,Serena Hybrid Highway Star V Selection2,2019.0,162053.0,990.0,Petrol,Automatic,Van,707463.0,4740.0,7140.0,Mombasa,USD,Osaka,https://www.beforward.jp/nissan/serena/cd918722/id/15889065/,https://image-cdn.beforward.jp/medium/202607/15889065/CD918722_e598c7.jpg?w=200,1,2026-07-22 12:48:11.230783
BE FORWARD,CE009444,2018 NISSAN JUKE 16GT FOUR,Nissan,Juke 16Gt Four,2018.0,148999.0,610.0,Petrol,Automatic,Suv,729851.0,4890.0,6973.0,Mombasa,USD,Hokkaido,https://www.beforward.jp/nissan/juke/ce009444/id/15919288/,https://image-cdn.beforward.jp/medium/202607/15919288/CE009444_f26c94.jpg?w=200,1,2026-07-22 12:48:11.230783
BE FORWARD,CE082141,2020 NISSAN AD VAN NV150 EXPERT GX,Nissan,Ad Van Nv150 Expert Gx,2020.0,164748.0,490.0,Petrol,Automatic,Van,398507.0,2670.0,4544.0,Mombasa,USD,Osaka,https://www.beforward.jp/nissan/ad-van/ce082141/id/15975179/,https://image-cdn.beforward.jp/medium/202607/15975179/CE082141_33a358.jpg?w=200,1,2026-07-22 12:48:11.230783
BE FORWARD,CE094595,2021 NISSAN AD VAN NV150 EXPERT LX,Nissan,Ad Van Nv150 Expert Lx,2021.0,220776.0,490.0,Petrol,Automatic,Van,394030.0,2640.0,4545.0,Mombasa,USD,Yokohama,https://www.beforward.jp/nissan/ad-van/ce094595/id/15997517/,https://image-cdn.beforward.jp/medium/202607/15997517/CE094595_a531fd.jpg?w=200,1,2026-07-22 12:48:11.230783
BE FORWARD,CE094626,2020 NISSAN AD VAN NV150 VE EMERGENCY BRAKE,Nissan,Ad Van Nv150 Ve Emergency Brake,2020.0,58172.0,590.0,Petrol,Automatic,Van,370149.0,2480.0,4515.0,Mombasa,USD,Yokohama,https://www.beforward.jp/nissan/ad-van/ce094626/id/15982609/,https://image-cdn.beforward.jp/medium/202607/15982609/CE094626_02a1a0.jpg?w=200,1,2026-07-22 12:48:11.230783
BE FORWARD,CE050064,2020 NISSAN CARAVAN VAN NV350 DX,Nissan,Caravan Van Nv350 Dx,2020.0,148945.0,480.0,Diesel,Automatic,Van,1650746.0,11060.0,14155.0,Mombasa,USD,Yokohama,https://www.beforward.jp/nissan/caravan-van/ce050064/id/15942524/,https://image-cdn.beforward.jp/medium/202607/15942524/CE050064_4abb96.jpg?w=200,1,2026-07-22 12:48:11.230783
BE FORWARD,CD908342,2018 NISSAN LEAF X,Nissan,Leaf X,2018.0,171833.0,,Electric,Automatic,Hatchback,486567.0,3260.0,,,USD,Yokohama,https://www.beforward.jp/nissan/leaf/cd908342/id/15892390/,https://image-cdn.beforward.jp/medium/202607/15892390/CD908342_6c761c.jpg?w=200,1,2026-07-22 12:48:11.230783
BE FORWARD,CD898332,2019 NISSAN X-TRAIL 20X,Nissan,X-Trail 20X,2019.0,86072.0,990.0,Petrol,Automatic,Suv,1053731.0,7060.0,9427.0,Mombasa,USD,Kobe,https://www.beforward.jp/nissan/x-trail/cd898332/id/15879482/,https://image-cdn.beforward.jp/medium/202607/15879482/CD898332_53bcf4.jpg?w=200,1,2026-07-22 12:48:11.230783
BE FORWARD,CE053022,2020 NISSAN X-TRAIL HYBRID 20XI,Nissan,X-Trail Hybrid 20Xi,2020.0,130755.0,990.0,Petrol,Automatic,Suv,1207463.0,8090.0,10415.0,Mombasa,USD,Yokohama,https://www.beforward.jp/nissan/x-trail-hybrid/ce053022/id/15942661/,https://image-cdn.beforward.jp/medium/202607/15942661/CE053022_e2cb4c.jpg?w=200,1,2026-07-22 12:48:11.230783
BE FORWARD,CE100533,2021 NISSAN X-TRAIL 20S V SELECTION,Nissan,X-Trail 20S V Selection,2021.0,174151.0,990.0,Petrol,Automatic,Suv,1014925.0,6800.0,9135.0,Mombasa,USD,Yokohama,https://www.beforward.jp/nissan/x-trail/ce100533/id/15998092/,https://image-cdn.beforward.jp/medium/202607/15998092/CE100533_f2ebdb.jpg?w=200,1,2026-07-22 12:48:11.230783
BE FORWARD,CD898337,2022 NISSAN NOTE HYBRID S,Nissan,Note Hybrid S,2022.0,99036.0,190.0,Petrol,Automatic,Hatchback,755224.0,5060.0,6865.0,Mombasa,USD,Kobe,https://www.beforward.jp/nissan/note/cd898337/id/15879553/,https://image-cdn.beforward.jp/medium/202607/15879553/CD898337_d7384c.jpg?w=200,1,2026-07-22 12:48:11.230783
BE FORWARD,CE053069,2019 NISSAN DAYZ ROOX HIGHWAY STAR X V SELECTION,Nissan,Dayz Roox Highway Star X V Selection,2019.0,87041.0,650.0,Petrol,Automatic,Sedan,350746.0,2350.0,4016.0,Mombasa,USD,Yokohama,https://www.beforward.jp/nissan/dayz-roox/ce053069/id/15947761/,https://image-cdn.beforward.jp/medium/202607/15947761/CE053069_f2bd30.jpg?w=200,1,2026-07-22 12:48:11.230783
BE FORWARD,CE061813,2021 NISSAN NOTE HYBRID E POWER S FOUR,Nissan,Note Hybrid E Power S Four,2021.0,168748.0,190.0,Petrol,Automatic,Hatchback,600000.0,4020.0,5859.0,Mombasa,USD,Yokohama,https://www.beforward.jp/nissan/note/ce061813/id/15947948/,https://image-cdn.beforward.jp/medium/202607/15947948/CE061813_8f7683.jpg?w=200,1,2026-07-22 12:48:11.230783
BE FORWARD,CD898300,2018 NISSAN LEAF G,Nissan,Leaf G,2018.0,84070.0,,Electric,Automatic,Hatchback,649254.0,4350.0,,,USD,Yokohama,https://www.beforward.jp/nissan/leaf/cd898300/id/15884768/,https://image-cdn.beforward.jp/medium/202607/15884768/CD898300_1a7529.jpg?w=200,1,2026-07-22 12:48:11.230783
BE FORWARD,CD865242,2020 NISSAN NOTE,Nissan,Note,2020.0,139604.0,190.0,Petrol,Automatic,Hatchback,456716.0,3060.0,4913.0,Mombasa,USD,Kyushu,https://www.beforward.jp/nissan/note/cd865242/id/15827796/,https://image-cdn.beforward.jp/medium/202607/15827796/CD865242_3fc907.JPG?w=200,1,2026-07-22 12:48:11.230783
BE FORWARD,CD908293,2018 NISSAN FUGA HYBRID VIP,Nissan,Fuga Hybrid Vip,2018.0,211208.0,490.0,Petrol,Automatic,Sedan,571642.0,3830.0,6076.0,Mombasa,USD,Kobe,https://www.beforward.jp/nissan/fuga-hybrid/cd908293/id/15889900/,https://image-cdn.beforward.jp/medium/202607/15889900/CD908293_b7d3d7.jpg?w=200,1,2026-07-22 12:48:11.230783
BE FORWARD,CE062002,2021 NISSAN X-TRAIL HYBRID 20XI,Nissan,X-Trail Hybrid 20Xi,2021.0,96782.0,990.0,Petrol,Automatic,Suv,1014925.0,6800.0,9079.0,Mombasa,USD,Nagoya,https://www.beforward.jp/nissan/x-trail-hybrid/ce062002/id/15948208/,https://image-cdn.beforward.jp/medium/202607/15948208/CE062002_4e5c6e.jpg?w=200,1,2026-07-22 12:48:11.230783
BE FORWARD,CE061999,2023 NISSAN NOTE HYBRID X,Nissan,Note Hybrid X,2023.0,114683.0,190.0,Petrol,Automatic,Hatchback,889552.0,5960.0,7704.0,Mombasa,USD,Nagoya,https://www.beforward.jp/nissan/note/ce061999/id/15948149/,https://image-cdn.beforward.jp/medium/202607/15948149/CE061999_7284e0.jpg?w=200,1,2026-07-22 12:48:11.230783
BE FORWARD,CE062005,2018 NISSAN ATLAS,Nissan,Atlas,2018.0,193523.0,950.0,Diesel,Manual,Sedan,917910.0,6150.0,9089.0,Mombasa,USD,Nagoya,https://www.beforward.jp/nissan/atlas/ce062005/id/15948392/,https://image-cdn.beforward.jp/medium/202607/15948392/CE062005_b3f7ab.jpg?w=200,1,2026-07-22 12:48:11.230783
BE FORWARD,CE081992,2018 NISSAN CARAVAN VAN NV350 DX,Nissan,Caravan Van Nv350 Dx,2018.0,314443.0,480.0,Diesel,Automatic,Van,995522.0,6670.0,9266.0,Mombasa,USD,Yokohama,https://www.beforward.jp/nissan/caravan-van/ce081992/id/15971382/,https://image-cdn.beforward.jp/medium/202607/15971382/CE081992_e0c24c.jpg?w=200,1,2026-07-22 12:48:11.230783
BE FORWARD,CD908084,2020 NISSAN CARAVAN VAN NV350,Nissan,Caravan Van Nv350,2020.0,156027.0,990.0,Petrol,Automatic,Van,986567.0,6610.0,9051.0,Mombasa,USD,Osaka,https://www.beforward.jp/nissan/caravan-van/cd908084/id/15890763/,https://image-cdn.beforward.jp/medium/202607/15890763/CD908084_c7ce29.jpg?w=200,1,2026-07-22 12:48:11.230783
BE FORWARD,CE087816,2020 NISSAN CARAVAN VAN NV350 PREMIUM GX,Nissan,Caravan Van Nv350 Premium Gx,2020.0,106563.0,990.0,Petrol,Automatic,Van,1140299.0,7640.0,10154.0,Mombasa,USD,Yokohama,https://www.beforward.jp/nissan/caravan-van/ce087816/id/15970741/,https://image-cdn.beforward.jp/medium/202607/15970741/CE087816_0cb03b.jpg?w=200,1,2026-07-22 12:48:11.230783
BE FORWARD,CE087831,2019 NISSAN CARAVAN VAN NV350 LONG DX TURBO,Nissan,Caravan Van Nv350 Long Dx Turbo,2019.0,162201.0,480.0,Diesel,Automatic,Van,1043284.0,6990.0,9504.0,Mombasa,USD,Yokohama,https://www.beforward.jp/nissan/caravan-van/ce087831/id/15972438/,https://image-cdn.beforward.jp/medium/202607/15972438/CE087831_4219de.jpg?w=200,1,2026-07-22 12:48:11.230783
BE FORWARD,CE087835,2018 NISSAN CARAVAN VAN NV350 LONG VX,Nissan,Caravan Van Nv350 Long Vx,2018.0,225428.0,990.0,Petrol,Automatic,Van,1004478.0,6730.0,9643.0,Mombasa,USD,Yokohama,https://www.beforward.jp/nissan/caravan-van/ce087835/id/15973171/,https://image-cdn.beforward.jp/medium/202607/15973171/CE087835_85d3d6.jpg?w=200,1,2026-07-22 12:48:11.230783
BE FORWARD,CD884578,2022 NISSAN NOTE HYBRID S FOUR,Nissan,Note Hybrid S Four,2022.0,128102.0,190.0,Petrol,Automatic,Hatchback,679104.0,4550.0,6389.0,Mombasa,USD,Yokohama,https://www.beforward.jp/nissan/note/cd884578/id/15856134/,https://image-cdn.beforward.jp/medium/202607/15856134/CD884578_73fb5e.jpg?w=200,1,2026-07-22 12:48:11.230783
BE FORWARD,CD884580,2022 NISSAN NOTE HYBRID S FOUR,Nissan,Note Hybrid S Four,2022.0,120875.0,190.0,Petrol,Automatic,Hatchback,679104.0,4550.0,6389.0,Mombasa,USD,Yokohama,https://www.beforward.jp/nissan/note/cd884580/id/15856159/,https://image-cdn.beforward.jp/medium/202607/15856159/CD884580_268dfb.jpg?w=200,1,2026-07-22 12:48:11.230783
BE FORWARD,CD884796,2022 NISSAN NOTE HYBRID S FOUR,Nissan,Note Hybrid S Four,2022.0,100556.0,190.0,Petrol,Automatic,Hatchback,688060.0,4610.0,6449.0,Mombasa,USD,Yokohama,https://www.beforward.jp/nissan/note/cd884796/id/15849989/,https://image-cdn.beforward.jp/medium/202607/15849989/CD884796_58161c.jpg?w=200,1,2026-07-22 12:48:11.230783
BE FORWARD,CD884531,2022 NISSAN NOTE HYBRID S,Nissan,Note Hybrid S,2022.0,143155.0,190.0,Petrol,Automatic,Hatchback,707463.0,4740.0,6513.0,Mombasa,USD,Yokohama,https://www.beforward.jp/nissan/note/cd884531/id/15856656/,https://image-cdn.beforward.jp/medium/202607/15856656/CD884531_f21f6a.jpg?w=200,1,2026-07-22 12:48:11.230783
BE FORWARD,CD884771,2022 NISSAN NOTE HYBRID S,Nissan,Note Hybrid S,2022.0,99613.0,190.0,Petrol,Automatic,Hatchback,755224.0,5060.0,6820.0,Mombasa,USD,Nagoya,https://www.beforward.jp/nissan/note/cd884771/id/15856269/,https://image-cdn.beforward.jp/medium/202607/15856269/CD884771_c4fdb7.jpg?w=200,1,2026-07-22 12:48:11.230783
BE FORWARD,CD898171,2022 NISSAN NOTE HYBRID S,Nissan,Note Hybrid S,2022.0,105772.0,190.0,Petrol,Automatic,Hatchback,735821.0,4930.0,6703.0,Mombasa,USD,Yokohama,https://www.beforward.jp/nissan/note/cd898171/id/15879714/,https://image-cdn.beforward.jp/medium/202607/15879714/CD898171_6f7a8e.jpg?w=200,1,2026-07-22 12:48:11.230783
BE FORWARD,CD898226,2018 NISSAN NOTE HYBRID E-POWER MEDALIST,Nissan,Note Hybrid E-Power Medalist,2018.0,93828.0,190.0,Petrol,Automatic,Hatchback,467164.0,3130.0,5004.0,Mombasa,USD,Yokohama,https://www.beforward.jp/nissan/note/cd898226/id/15878040/,https://image-cdn.beforward.jp/medium/202607/15878040/CD898226_6c79c6.JPG?w=200,1,2026-07-22 12:48:11.230783
BE FORWARD,CD865364,2018 NISSAN AD VAN NV150 DX EMERGENCY BRAKE,Nissan,Ad Van Nv150 Dx Emergency Brake,2018.0,180101.0,490.0,Petrol,Automatic,Van,417910.0,2800.0,4726.0,Mombasa,USD,Kyushu,https://www.beforward.jp/nissan/ad-van/cd865364/id/15826987/,https://image-cdn.beforward.jp/medium/202607/15826987/CD865364_b43ea3.JPG?w=200,1,2026-07-22 12:48:11.230783
BE FORWARD,CD865365,2018 NISSAN AD VAN NV150 DX,Nissan,Ad Van Nv150 Dx,2018.0,123711.0,490.0,Petrol,Automatic,Van,417910.0,2800.0,4726.0,Mombasa,USD,Kyushu,https://www.beforward.jp/nissan/ad-van/cd865365/id/15826999/,https://image-cdn.beforward.jp/medium/202607/15826999/CD865365_eedbc9.JPG?w=200,1,2026-07-22 12:48:11.230783
BE FORWARD,CD884916,2018 NISSAN AD VAN NV150 VE,Nissan,Ad Van Nv150 Ve,2018.0,22857.0,490.0,Petrol,Automatic,Van,485075.0,3250.0,5131.0,Mombasa,USD,Yokohama,https://www.beforward.jp/nissan/ad-van/cd884916/id/15855698/,https://image-cdn.beforward.jp/medium/202607/15855698/CD884916_e49e54.jpg?w=200,1,2026-07-22 12:48:11.230783
BE FORWARD,CD884612,2019 NISSAN AD VAN NV150 VE,Nissan,Ad Van Nv150 Ve,2019.0,103245.0,590.0,Petrol,Automatic,Van,395522.0,2650.0,4633.0,Mombasa,USD,Yokohama,https://www.beforward.jp/nissan/ad-van/cd884612/id/15856614/,https://image-cdn.beforward.jp/medium/202607/15856614/CD884612_63a8ea.JPG?w=200,1,2026-07-22 12:48:11.230783
BE FORWARD,CD865366,2021 NISSAN NOTE HYBRID S,Nissan,Note Hybrid S,2021.0,144465.0,190.0,Petrol,Automatic,Hatchback,629851.0,4220.0,6038.0,Mombasa,USD,Kyushu,https://www.beforward.jp/nissan/note/cd865366/id/15827010/,https://image-cdn.beforward.jp/medium/202607/15827010/CD865366_108063.JPG?w=200,1,2026-07-22 12:48:11.230783
BE FORWARD,CD884579,2022 NISSAN NOTE HYBRID S FOUR,Nissan,Note Hybrid S Four,2022.0,112923.0,190.0,Petrol,Automatic,Hatchback,659701.0,4420.0,6259.0,Mombasa,USD,Yokohama,https://www.beforward.jp/nissan/note/cd884579/id/15856147/,https://image-cdn.beforward.jp/medium/202607/15856147/CD884579_bd3b49.jpg?w=200,1,2026-07-22 12:48:11.230783
BE FORWARD,CD897944,2022 NISSAN NOTE HYBRID E POWER S FOUR,Nissan,Note Hybrid E Power S Four,2022.0,102398.0,190.0,Petrol,Automatic,Hatchback,679104.0,4550.0,6323.0,Mombasa,USD,Yokohama,https://www.beforward.jp/nissan/note/cd897944/id/15879909/,https://image-cdn.beforward.jp/medium/202607/15879909/CD897944_71bbca.jpg?w=200,1,2026-07-22 12:48:11.230783
BE FORWARD,CE087658,2018 NISSAN DAYZ X,Nissan,Dayz X,2018.0,89555.0,650.0,Petrol,Automatic,Sedan,350746.0,2350.0,3924.0,Mombasa,USD,Yokohama,https://www.beforward.jp/nissan/dayz/ce087658/id/15973895/,https://image-cdn.beforward.jp/medium/202607/15973895/CE087658_7f52f1.jpg?w=200,1,2026-07-22 12:48:11.230783
BE FORWARD,CE087815,2018 NISSAN CARAVAN VAN NV350 LONG DX TURBO,Nissan,Caravan Van Nv350 Long Dx Turbo,2018.0,168447.0,480.0,Diesel,Automatic,Van,1073134.0,7190.0,10001.0,Mombasa,USD,Yokohama,https://www.beforward.jp/nissan/caravan-van/ce087815/id/15970502/,https://image-cdn.beforward.jp/medium/202607/15970502/CE087815_9359e4.jpg?w=200,1,2026-07-22 12:48:11.230783
BE FORWARD,CD891306,2019 NISSAN SERENA HYBRID,Nissan,Serena Hybrid,2019.0,120441.0,990.0,Petrol,Automatic,Van,495522.0,3320.0,5652.0,Mombasa,USD,Yokohama,https://www.beforward.jp/nissan/serena/cd891306/id/15857057/,https://image-cdn.beforward.jp/medium/202607/15857057/CD891306_993c4c.jpg?w=200,1,2026-07-22 12:48:11.230783
BE FORWARD,CD884384,2018 NISSAN LEAF X 100 THOUSAND ANNIVERSARY CAR,Nissan,Leaf X 100 Thousand Anniversary Car,2018.0,111659.0,,Electric,Automatic,Hatchback,573134.0,3840.0,,,USD,Yokohama,https://www.beforward.jp/nissan/leaf/cd884384/id/15850385/,https://image-cdn.beforward.jp/medium/202607/15850385/CD884384_e66ce1.jpg?w=200,1,2026-07-22 12:48:11.230783
BE FORWARD,CD884386,2019 NISSAN LEAF S,Nissan,Leaf S,2019.0,158337.0,,Electric,Automatic,Hatchback,514925.0,3450.0,,,USD,Yokohama,https://www.beforward.jp/nissan/leaf/cd884386/id/15850614/,https://image-cdn.beforward.jp/medium/202607/15850614/CD884386_25b82c.jpg?w=200,1,2026-07-22 12:48:11.230783
BE FORWARD,CD884392,2018 NISSAN LEAF S,Nissan,Leaf S,2018.0,121058.0,,Electric,Automatic,Hatchback,553731.0,3710.0,,,USD,Yokohama,https://www.beforward.jp/nissan/leaf/cd884392/id/15852290/,https://image-cdn.beforward.jp/medium/202607/15852290/CD884392_f49f18.jpg?w=200,1,2026-07-22 12:48:11.230783
BE FORWARD,CE076757,2020 NISSAN CARAVAN VAN NV350,Nissan,Caravan Van Nv350,2020.0,252898.0,480.0,Diesel,Automatic,Van,1004478.0,6730.0,9244.0,Mombasa,USD,Yokohama,https://www.beforward.jp/nissan/caravan-van/ce076757/id/15962585/,https://image-cdn.beforward.jp/medium/202607/15962585/CE076757_7c3f6d.jpg?w=200,1,2026-07-22 12:48:11.230783
BE FORWARD,CE076760,2020 NISSAN CARAVAN VAN NV350,Nissan,Caravan Van Nv350,2020.0,180720.0,480.0,Diesel,Automatic,Van,1197015.0,8020.0,10534.0,Mombasa,USD,Yokohama,https://www.beforward.jp/nissan/caravan-van/ce076760/id/15962609/,https://image-cdn.beforward.jp/medium/202607/15962609/CE076760_6ae6d5.jpg?w=200,1,2026-07-22 12:48:11.230783
BE FORWARD,CE050079,2018 NISSAN X-TRAIL HYBRID 20S,Nissan,X-Trail Hybrid 20S,2018.0,87959.0,990.0,Petrol,Automatic,Suv,917910.0,6150.0,8541.0,Mombasa,USD,Yokohama,https://www.beforward.jp/nissan/x-trail-hybrid/ce050079/id/15942805/,https://image-cdn.beforward.jp/medium/202607/15942805/CE050079_77665e.jpg?w=200,1,2026-07-22 12:48:11.230783
BE FORWARD,CD865287,2020 NISSAN CARAVAN VAN NV350 DX,Nissan,Caravan Van Nv350 Dx,2020.0,160039.0,480.0,Diesel,Automatic,Van,1055224.0,7070.0,9560.0,Mombasa,USD,Osaka,https://www.beforward.jp/nissan/caravan-van/cd865287/id/15827702/,https://image-cdn.beforward.jp/medium/202607/15827702/CD865287_f90be2.jpg?w=200,1,2026-07-22 12:48:11.230783
BE FORWARD,CD869357,2021 NISSAN NOTE HYBRID S,Nissan,Note Hybrid S,2021.0,103348.0,190.0,Petrol,Automatic,Hatchback,668657.0,4480.0,6246.0,Mombasa,USD,Osaka,https://www.beforward.jp/nissan/note/cd869357/id/15841825/,https://image-cdn.beforward.jp/medium/202607/15841825/CD869357_fb16b9.JPG?w=200,1,2026-07-22 12:48:11.230783
BE FORWARD,CD869373,2021 NISSAN NOTE HYBRID E-POWER S,Nissan,Note Hybrid E-Power S,2021.0,147977.0,190.0,Petrol,Automatic,Hatchback,649254.0,4350.0,6116.0,Mombasa,USD,Osaka,https://www.beforward.jp/nissan/note/cd869373/id/15839693/,https://image-cdn.beforward.jp/medium/202607/15839693/CD869373_bdc51d.JPG?w=200,1,2026-07-22 12:48:11.230783
BE FORWARD,CD878640,2021 NISSAN NOTE HYBRID,Nissan,Note Hybrid,2021.0,55543.0,190.0,Petrol,Automatic,Hatchback,725373.0,4860.0,6699.0,Mombasa,USD,Yokohama,https://www.beforward.jp/nissan/note/cd878640/id/15842054/,https://image-cdn.beforward.jp/medium/202607/15842054/CD878640_db9f5c.jpg?w=200,1,2026-07-22 12:48:11.230783
BE FORWARD,CD878643,2021 NISSAN NOTE HYBRID,Nissan,Note Hybrid,2021.0,118410.0,190.0,Petrol,Automatic,Hatchback,658209.0,4410.0,6249.0,Mombasa,USD,Yokohama,https://www.beforward.jp/nissan/note/cd878643/id/15842109/,https://image-cdn.beforward.jp/medium/202607/15842109/CD878643_f6d040.jpg?w=200,1,2026-07-22 12:48:11.230783
BE FORWARD,CD891298,2022 NISSAN NOTE HYBRID,Nissan,Note Hybrid,2022.0,107665.0,190.0,Petrol,Automatic,Hatchback,744776.0,4990.0,6798.0,Mombasa,USD,Kobe,https://www.beforward.jp/nissan/note/cd891298/id/15857211/,https://image-cdn.beforward.jp/medium/202607/15857211/CD891298_c16eb7.jpg?w=200,1,2026-07-22 12:48:11.230783
BE FORWARD,CE068504,2018 NISSAN X-TRAIL 20S,Nissan,X-Trail 20S,2018.0,172795.0,990.0,Petrol,Automatic,Suv,917910.0,6150.0,8517.0,Mombasa,USD,Kobe,https://www.beforward.jp/nissan/x-trail/ce068504/id/15962027/,https://image-cdn.beforward.jp/medium/202607/15962027/CE068504_ae6ae3.jpg?w=200,1,2026-07-22 12:48:11.230783
BE FORWARD,CD898270,2021 NISSAN AD VAN DX,Nissan,Ad Van Dx,2021.0,182892.0,590.0,Petrol,Automatic,Van,407463.0,2730.0,4647.0,Mombasa,USD,Yokohama,https://www.beforward.jp/nissan/ad-van/cd898270/id/15884787/,https://image-cdn.beforward.jp/medium/202607/15884787/CD898270_7a4bc4.jpg?w=200,1,2026-07-22 12:48:11.230783
BE FORWARD,CD898271,2021 NISSAN AD VAN DX,Nissan,Ad Van Dx,2021.0,186195.0,590.0,Petrol,Automatic,Van,407463.0,2730.0,4647.0,Mombasa,USD,Yokohama,https://www.beforward.jp/nissan/ad-van/cd898271/id/15884792/,https://image-cdn.beforward.jp/medium/202607/15884792/CD898271_cf0b89.jpg?w=200,1,2026-07-22 12:48:11.230783
BE FORWARD,CE049966,2019 NISSAN NOTE X FOUR,Nissan,Note X Four,2019.0,100738.0,190.0,Petrol,Automatic,Hatchback,407463.0,2730.0,4613.0,Mombasa,USD,Yokohama,https://www.beforward.jp/nissan/note/ce049966/id/15947544/,https://image-cdn.beforward.jp/medium/202607/15947544/CE049966_69ea65.jpg?w=200,1,2026-07-22 12:48:11.230783
BE FORWARD,CD807846,2021 NISSAN CARAVAN VAN NV350 LONG DX,Nissan,Caravan Van Nv350 Long Dx,2021.0,154362.0,990.0,Petrol,Automatic,Van,1043284.0,6990.0,9393.0,Mombasa,USD,Osaka,https://www.beforward.jp/nissan/caravan-van/cd807846/id/15779351/,https://image-cdn.beforward.jp/medium/202607/15779351/CD807846_60de79.jpg?w=200,1,2026-07-22 12:48:11.230783
BE FORWARD,CD869942,2018 NISSAN AD VAN NV150 VE,Nissan,Ad Van Nv150 Ve,2018.0,180178.0,590.0,Petrol,Automatic,Van,365672.0,2450.0,4433.0,Mombasa,USD,Yokohama,https://www.beforward.jp/nissan/ad-van/cd869942/id/15841550/,https://image-cdn.beforward.jp/medium/202607/15841550/CD869942_510730.JPG?w=200,1,2026-07-22 12:48:11.230783
BE FORWARD,CD878605,2018 NISSAN AD VAN NV150,Nissan,Ad Van Nv150,2018.0,100066.0,490.0,Petrol,Automatic,Van,417910.0,2800.0,4747.0,Mombasa,USD,Yokohama,https://www.beforward.jp/nissan/ad-van/cd878605/id/15842105/,https://image-cdn.beforward.jp/medium/202607/15842105/CD878605_8aec32.jpg?w=200,1,2026-07-22 12:48:11.230783
BE FORWARD,CD878614,2018 NISSAN AD VAN NV150,Nissan,Ad Van Nv150,2018.0,164731.0,490.0,Petrol,Automatic,Van,407463.0,2730.0,4677.0,Mombasa,USD,Yokohama,https://www.beforward.jp/nissan/ad-van/cd878614/id/15842443/,https://image-cdn.beforward.jp/medium/202607/15842443/CD878614_95df0d.JPG?w=200,1,2026-07-22 12:48:11.230783
BE FORWARD,CE061197,2019 NISSAN AD VAN NV150,Nissan,Ad Van Nv150,2019.0,149827.0,490.0,Petrol,Automatic,Van,398507.0,2670.0,4810.0,Mombasa,USD,Nagoya,https://www.beforward.jp/nissan/ad-van/ce061197/id/15948650/,https://image-cdn.beforward.jp/medium/202607/15948650/CE061197_bb31d0.jpg?w=200,1,2026-07-22 12:48:11.230783
BE FORWARD,CD908272,2018 HONDA VEZEL HYBRID X HONDA SENSING,Honda,Vezel Hybrid X Honda Sensing,2018.0,103375.0,490.0,Petrol,Automatic,Sedan,1159701.0,7770.0,9829.0,Mombasa,USD,Kobe,https://www.beforward.jp/honda/vezel/cd908272/id/15890486/,https://image-cdn.beforward.jp/medium/202607/15890486/CD908272_b468d5.jpg?w=200,1,2026-07-22 12:48:11.230783
BE FORWARD,CD865390,2021 HONDA SHUTTLE HYBRID HONDA SENSING,Honda,Shuttle Hybrid Honda Sensing,2021.0,158149.0,490.0,Petrol,Automatic,Sedan,673134.0,4510.0,6537.0,Mombasa,USD,Yokohama,https://www.beforward.jp/honda/shuttle/cd865390/id/15827403/,https://image-cdn.beforward.jp/medium/202607/15827403/CD865390_4ff93b.JPG?w=200,1,2026-07-22 12:48:11.230783
BE FORWARD,CE087711,2018 HONDA FIT 13G S HONDA SENSING,Honda,Fit 13G S Honda Sensing,2018.0,98969.0,310.0,Petrol,Automatic,Hatchback,822388.0,5510.0,7366.0,Mombasa,USD,Yokohama,https://www.beforward.jp/honda/fit/ce087711/id/15974858/,https://image-cdn.beforward.jp/medium/202607/15974858/CE087711_fe20b3.jpg?w=200,1,2026-07-22 12:48:11.230783
BE FORWARD,CD884335,2019 HONDA FIT HYBRID L HONDA SENSING,Honda,Fit Hybrid L Honda Sensing,2019.0,280890.0,490.0,Petrol,Automatic,Hatchback,783582.0,5250.0,7069.0,Mombasa,USD,Kyushu,https://www.beforward.jp/honda/fit-hybrid/cd884335/id/15856613/,https://image-cdn.beforward.jp/medium/202607/15856613/CD884335_68bed3.jpg?w=200,1,2026-07-22 12:48:11.230783
BE FORWARD,CE009453,2018 HONDA VEZEL X HONDA SENSING,Honda,Vezel X Honda Sensing,2018.0,170557.0,490.0,Petrol,Automatic,Sedan,1314925.0,8810.0,10997.0,Mombasa,USD,Hokkaido,https://www.beforward.jp/honda/vezel/ce009453/id/15923066/,https://image-cdn.beforward.jp/medium/202607/15923066/CE009453_f6e1ab.jpg?w=200,1,2026-07-22 12:48:11.230783
BE FORWARD,CE009445,2018 HONDA FREED HYBRID G HONDA SENSING,Honda,Freed Hybrid G Honda Sensing,2018.0,224329.0,490.0,Petrol,Automatic,Sedan,528358.0,3540.0,5750.0,Mombasa,USD,Hokkaido,https://www.beforward.jp/honda/freed-hybrid/ce009445/id/15919323/,https://image-cdn.beforward.jp/medium/202607/15919323/CE009445_42ec1d.jpg?w=200,1,2026-07-22 12:48:11.230783
BE FORWARD,CE009448,2021 HONDA CR-V EX,Honda,Cr-V Ex,2021.0,45219.0,490.0,Petrol,Automatic,Suv,2320896.0,15550.0,17995.0,Mombasa,USD,Hokkaido,https://www.beforward.jp/honda/cr-v/ce009448/id/15919462/,https://image-cdn.beforward.jp/medium/202607/15919462/CE009448_b9ba19.JPG?w=200,1,2026-07-22 12:48:11.230783
BE FORWARD,CE009451,2020 HONDA FIT,Honda,Fit,2020.0,22287.0,310.0,Petrol,Automatic,Hatchback,798507.0,5350.0,7307.0,Mombasa,USD,Hokkaido,https://www.beforward.jp/honda/fit/ce009451/id/15919807/,https://image-cdn.beforward.jp/medium/202607/15919807/CE009451_499133.JPG?w=200,1,2026-07-22 12:48:11.230783
BE FORWARD,CE103758,2018 HONDA GRACE HYBRID EX HONDA SENSING,Honda,Grace Hybrid Ex Honda Sensing,2018.0,141812.0,490.0,Petrol,Automatic,Sedan,764179.0,5120.0,7058.0,Mombasa,USD,Yokohama,https://www.beforward.jp/honda/grace/ce103758/id/16000526/,https://image-cdn.beforward.jp/medium/202607/16000526/CE103758_c56dc4.jpg?w=200,1,2026-07-22 12:48:11.230783
BE FORWARD,CE009429,2018 HONDA FREED HYBRID G HONDA SENSING,Honda,Freed Hybrid G Honda Sensing,2018.0,142759.0,490.0,Petrol,Automatic,Sedan,562687.0,3770.0,5795.0,Mombasa,USD,Yokohama,https://www.beforward.jp/honda/freed-hybrid/ce009429/id/15918853/,https://image-cdn.beforward.jp/medium/202607/15918853/CE009429_deb645.jpg?w=200,1,2026-07-22 12:48:11.230783
BE FORWARD,CE011443,2018 HONDA FREED+ HYBRID G HONDA SENSING,Honda,Freed+ Hybrid G Honda Sensing,2018.0,161160.0,490.0,Petrol,Automatic,Sedan,523881.0,3510.0,5546.0,Mombasa,USD,Yokohama,https://www.beforward.jp/honda/freed-hybrid/ce011443/id/15928005/,https://image-cdn.beforward.jp/medium/202607/15928005/CE011443_4e7e3b.jpg?w=200,1,2026-07-22 12:48:11.230783
BE FORWARD,CE103994,2019 HONDA SHUTTLE HYBRID HONDA SENSING,Honda,Shuttle Hybrid Honda Sensing,2019.0,228699.0,490.0,Petrol,Automatic,Sedan,668657.0,4480.0,6458.0,Mombasa,USD,Kobe,https://www.beforward.jp/honda/shuttle/ce103994/id/15999524/,https://image-cdn.beforward.jp/medium/202607/15999524/CE103994_c5c439.jpg?w=200,1,2026-07-22 12:48:11.230783
BE FORWARD,CE094583,2019 HONDA FIT HYBRID F,Honda,Fit Hybrid F,2019.0,142950.0,490.0,Petrol,Automatic,Hatchback,725373.0,4860.0,6683.0,Mombasa,USD,Yokohama,https://www.beforward.jp/honda/fit-hybrid/ce094583/id/15997313/,https://image-cdn.beforward.jp/medium/202607/15997313/CE094583_1559d0.jpg?w=200,1,2026-07-22 12:48:11.230783
BE FORWARD,CE009390,2019 HONDA VEZEL TOURING HONDA SENSING,Honda,Vezel Touring Honda Sensing,2019.0,159172.0,490.0,Petrol,Automatic,Wagon,1765672.0,11830.0,13915.0,Mombasa,USD,Kyushu,https://www.beforward.jp/honda/vezel/ce009390/id/15917868/,https://image-cdn.beforward.jp/medium/202607/15917868/CE009390_6674d7.jpg?w=200,1,2026-07-22 12:48:11.230783
BE FORWARD,CD908398,2023 HONDA VEZEL HYBRID E:HEV X,Honda,Vezel Hybrid E:Hev X,2023.0,91940.0,490.0,Petrol,Automatic,Sedan,2050746.0,13740.0,15803.0,Mombasa,USD,Kyushu,https://www.beforward.jp/honda/vezel/cd908398/id/15892601/,https://image-cdn.beforward.jp/medium/202607/15892601/CD908398_16e255.jpg?w=200,1,2026-07-22 12:48:11.230783
BE FORWARD,CD908401,2022 HONDA VEZEL HYBRID E:HEV Z,Honda,Vezel Hybrid E:Hev Z,2022.0,108230.0,490.0,Petrol,Automatic,Sedan,1929851.0,12930.0,15002.0,Mombasa,USD,Kyushu,https://www.beforward.jp/honda/vezel/cd908401/id/15892708/,https://image-cdn.beforward.jp/medium/202607/15892708/CD908401_98e88c.jpg?w=200,1,2026-07-22 12:48:11.230783
BE FORWARD,CD908402,2021 HONDA VEZEL HYBRID E:HEV Z,Honda,Vezel Hybrid E:Hev Z,2021.0,104870.0,490.0,Petrol,Automatic,Sedan,1834328.0,12290.0,14362.0,Mombasa,USD,Kyushu,https://www.beforward.jp/honda/vezel/cd908402/id/15892752/,https://image-cdn.beforward.jp/medium/202607/15892752/CD908402_e4dda3.jpg?w=200,1,2026-07-22 12:48:11.230783
BE FORWARD,CE060784,2021 HONDA VEZEL HYBRID E:HEV Z,Honda,Vezel Hybrid E:Hev Z,2021.0,60504.0,490.0,Petrol,Automatic,Sedan,1853731.0,12420.0,14440.0,Mombasa,USD,Osaka,https://www.beforward.jp/honda/vezel/ce060784/id/15947547/,https://image-cdn.beforward.jp/medium/202607/15947547/CE060784_41894d.jpg?w=200,1,2026-07-22 12:48:11.230783
BE FORWARD,CE051408,2022 HONDA VEZEL HYBRID E:HEV X HONDA SENSING,Honda,Vezel Hybrid E:Hev X Honda Sensing,2022.0,84339.0,490.0,Petrol,Automatic,Sedan,1929851.0,12930.0,15137.0,Mombasa,USD,Yokohama,https://www.beforward.jp/honda/vezel/ce051408/id/15948131/,https://image-cdn.beforward.jp/medium/202607/15948131/CE051408_e400c0.jpg?w=200,1,2026-07-22 12:48:11.230783
BE FORWARD,CE094546,2018 HONDA SHUTTLE HYBRID HONDA SENSING,Honda,Shuttle Hybrid Honda Sensing,2018.0,154342.0,490.0,Petrol,Automatic,Sedan,610448.0,4090.0,6011.0,Mombasa,USD,Yokohama,https://www.beforward.jp/honda/shuttle/ce094546/id/15997227/,https://image-cdn.beforward.jp/medium/202607/15997227/CE094546_cf9695.jpg?w=200,1,2026-07-22 12:48:11.230783
BE FORWARD,CE100548,2018 HONDA FIT 13G F,Honda,Fit 13G F,2018.0,104878.0,310.0,Petrol,Automatic,Hatchback,697015.0,4670.0,6469.0,Mombasa,USD,Yokohama,https://www.beforward.jp/honda/fit/ce100548/id/15998060/,https://image-cdn.beforward.jp/medium/202607/15998060/CE100548_be130a.jpg?w=200,1,2026-07-22 12:48:11.230783
BE FORWARD,CD908250,2022 HONDA VEZEL HYBRID E:HEV X,Honda,Vezel Hybrid E:Hev X,2022.0,44964.0,490.0,Petrol,Automatic,Sedan,1897015.0,12710.0,14760.0,Mombasa,USD,Kobe,https://www.beforward.jp/honda/vezel/cd908250/id/15889901/,https://image-cdn.beforward.jp/medium/202607/15889901/CD908250_221b9c.jpg?w=200,1,2026-07-22 12:48:11.230783
BE FORWARD,CE011449,2020 HONDA CR-V EX,Honda,Cr-V Ex,2020.0,153190.0,490.0,Petrol,Automatic,Suv,1925373.0,12900.0,15168.0,Mombasa,USD,Yokohama,https://www.beforward.jp/honda/cr-v/ce011449/id/15928862/,https://image-cdn.beforward.jp/medium/202607/15928862/CE011449_ac675e.jpg?w=200,1,2026-07-22 12:48:11.230783
BE FORWARD,CE011508,2021 HONDA VEZEL HYBRID E:HEV Z,Honda,Vezel Hybrid E:Hev Z,2021.0,93163.0,490.0,Petrol,Automatic,Sedan,1920896.0,12870.0,14897.0,Mombasa,USD,Yokohama,https://www.beforward.jp/honda/vezel/ce011508/id/15919452/,https://image-cdn.beforward.jp/medium/202607/15919452/CE011508_4a75e6.jpg?w=200,1,2026-07-22 12:48:11.230783
BE FORWARD,CD898498,2018 HONDA VEZEL HYBRID X HONDA SENSING,Honda,Vezel Hybrid X Honda Sensing,2018.0,38343.0,490.0,Petrol,Automatic,Sedan,1235821.0,8280.0,10293.0,Mombasa,USD,Osaka,https://www.beforward.jp/honda/vezel/cd898498/id/15880655/,https://image-cdn.beforward.jp/medium/202607/15880655/CD898498_a105de.jpg?w=200,1,2026-07-22 12:48:11.230783
BE FORWARD,CE009454,2019 HONDA VEZEL HYBRID X HONDA SENSING,Honda,Vezel Hybrid X Honda Sensing,2019.0,22841.0,490.0,Petrol,Automatic,Sedan,1443284.0,9670.0,11690.0,Mombasa,USD,Yokohama,https://www.beforward.jp/honda/vezel/ce009454/id/15923113/,https://image-cdn.beforward.jp/medium/202607/15923113/CE009454_151641.jpg?w=200,1,2026-07-22 12:48:11.230783
BE FORWARD,CE011444,2019 HONDA CR-V HYBRID EX MASTERPIECE,Honda,Cr-V Hybrid Ex Masterpiece,2019.0,120124.0,990.0,Petrol,Automatic,Suv,1789552.0,11990.0,14258.0,Mombasa,USD,Yokohama,https://www.beforward.jp/honda/cr-v/ce011444/id/15928153/,https://image-cdn.beforward.jp/medium/202607/15928153/CE011444_200a74.jpg?w=200,1,2026-07-22 12:48:11.230783
BE FORWARD,CE076706,2018 HONDA FREED G,Honda,Freed G,2018.0,218889.0,490.0,Petrol,Automatic,Sedan,582090.0,3900.0,6009.0,Mombasa,USD,Yokohama,https://www.beforward.jp/honda/freed/ce076706/id/15960567/,https://image-cdn.beforward.jp/medium/202607/15960567/CE076706_631633.jpg?w=200,1,2026-07-22 12:48:11.230783
BE FORWARD,CD904797,2019 HONDA VEZEL HYBRID X HONDA SENSING,Honda,Vezel Hybrid X Honda Sensing,2019.0,189507.0,490.0,Petrol,Automatic,Sedan,1332836.0,8930.0,10904.0,Mombasa,USD,Nagoya,https://www.beforward.jp/honda/vezel/cd904797/id/15879424/,https://image-cdn.beforward.jp/medium/202607/15879424/CD904797_49e7c1.jpg?w=200,1,2026-07-22 12:48:11.230783
BE FORWARD,CD898174,2021 HONDA FREED+ HYBRID G HONDA SENSING,Honda,Freed+ Hybrid G Honda Sensing,2021.0,162879.0,490.0,Petrol,Automatic,Sedan,582090.0,3900.0,5936.0,Mombasa,USD,Yokohama,https://www.beforward.jp/honda/freed-hybrid/cd898174/id/15879739/,https://image-cdn.beforward.jp/medium/202607/15879739/CD898174_cbd70e.jpg?w=200,1,2026-07-22 12:48:11.230783
BE FORWARD,CD865367,2018 HONDA FIT 13G F,Honda,Fit 13G F,2018.0,125092.0,310.0,Petrol,Automatic,Hatchback,744776.0,4990.0,6809.0,Mombasa,USD,Kyushu,https://www.beforward.jp/honda/fit/cd865367/id/15827016/,https://image-cdn.beforward.jp/medium/202607/15827016/CD865367_1caea0.JPG?w=200,1,2026-07-22 12:48:11.230783
BE FORWARD,CE082077,2018 HONDA FIT 13G F,Honda,Fit 13G F,2018.0,140934.0,310.0,Petrol,Automatic,Hatchback,725373.0,4860.0,6725.0,Mombasa,USD,Yokohama,https://www.beforward.jp/honda/fit/ce082077/id/15974718/,https://image-cdn.beforward.jp/medium/202607/15974718/CE082077_7c70de.jpg?w=200,1,2026-07-22 12:48:11.230783
BE FORWARD,CD890519,2018 HONDA CR-V HYBRID EX MASTERPIECE,Honda,Cr-V Hybrid Ex Masterpiece,2018.0,144151.0,990.0,Petrol,Automatic,Suv,1573134.0,10540.0,12832.0,Mombasa,USD,Yokohama,https://www.beforward.jp/honda/cr-v/cd890519/id/15856439/,https://image-cdn.beforward.jp/medium/202607/15856439/CD890519_453b16.JPG?w=200,1,2026-07-22 12:48:11.230783
BE FORWARD,CD890449,2021 HONDA SHUTTLE HYBRID HONDA SENSING,Honda,Shuttle Hybrid Honda Sensing,2021.0,147321.0,490.0,Petrol,Automatic,Sedan,716418.0,4800.0,6733.0,Mombasa,USD,Yokohama,https://www.beforward.jp/honda/shuttle/cd890449/id/15854168/,https://image-cdn.beforward.jp/medium/202607/15854168/CD890449_269b79.jpg?w=200,1,2026-07-22 12:48:11.230783
BE FORWARD,CD898205,2018 HONDA FIT HYBRID F,Honda,Fit Hybrid F,2018.0,115691.0,490.0,Petrol,Automatic,Hatchback,783582.0,5250.0,7011.0,Mombasa,USD,Nagoya,https://www.beforward.jp/honda/fit-hybrid/cd898205/id/15879661/,https://image-cdn.beforward.jp/medium/202607/15879661/CD898205_07f3df.jpg?w=200,1,2026-07-22 12:48:11.230783
BE FORWARD,CE081950,2019 HONDA SHUTTLE HYBRID HONDA SENSING,Honda,Shuttle Hybrid Honda Sensing,2019.0,195882.0,490.0,Petrol,Automatic,Sedan,668657.0,4480.0,6479.0,Mombasa,USD,Yokohama,https://www.beforward.jp/honda/shuttle/ce081950/id/15973216/,https://image-cdn.beforward.jp/medium/202607/15973216/CE081950_322df1.jpg?w=200,1,2026-07-22 12:48:11.230783
BE FORWARD,CE076296,2019 HONDA FIT 13G F,Honda,Fit 13G F,2019.0,100011.0,310.0,Petrol,Automatic,Hatchback,755224.0,5060.0,6788.0,Mombasa,USD,Nagoya,https://www.beforward.jp/honda/fit/ce076296/id/15959255/,https://image-cdn.beforward.jp/medium/202607/15959255/CE076296_610a60.jpg?w=200,1,2026-07-22 12:48:11.230783
BE FORWARD,CE076746,2019 HONDA FIT 13G L HONDA SENSING,Honda,Fit 13G L Honda Sensing,2019.0,44064.0,310.0,Petrol,Automatic,Hatchback,831343.0,5570.0,7410.0,Mombasa,USD,Yokohama,https://www.beforward.jp/honda/fit/ce076746/id/15963107/,https://image-cdn.beforward.jp/medium/202607/15963107/CE076746_aec5e6.jpg?w=200,1,2026-07-22 12:48:11.230783
BE FORWARD,CD890477,2020 HONDA CR-V EX MASTERPIECE,Honda,Cr-V Ex Masterpiece,2020.0,52072.0,490.0,Petrol,Automatic,Suv,2589552.0,17350.0,19618.0,Mombasa,USD,Yokohama,https://www.beforward.jp/honda/cr-v/cd890477/id/15855057/,https://image-cdn.beforward.jp/medium/202607/15855057/CD890477_a60a93.jpg?w=200,1,2026-07-22 12:48:11.230783
BE FORWARD,CD890532,2023 HONDA VEZEL HYBRID E:HEV X,Honda,Vezel Hybrid E:Hev X,2023.0,6527.0,490.0,Petrol,Automatic,Sedan,2098507.0,14060.0,16078.0,Mombasa,USD,Yokohama,https://www.beforward.jp/honda/vezel/cd890532/id/15854153/,https://image-cdn.beforward.jp/medium/202607/15854153/CD890532_cb73fe.jpg?w=200,1,2026-07-22 12:48:11.230783
BE FORWARD,CD890615,2019 HONDA VEZEL X HONDA SENSING,Honda,Vezel X Honda Sensing,2019.0,32365.0,490.0,Petrol,Automatic,Sedan,1750746.0,11730.0,13797.0,Mombasa,USD,Yokohama,https://www.beforward.jp/honda/vezel/cd890615/id/15855696/,https://image-cdn.beforward.jp/medium/202607/15855696/CD890615_c43316.jpg?w=200,1,2026-07-22 12:48:11.230783
BE FORWARD,CD904801,2023 HONDA VEZEL HYBRID E:HEV Z,Honda,Vezel Hybrid E:Hev Z,2023.0,122936.0,490.0,Petrol,Automatic,Sedan,2064179.0,13830.0,15811.0,Mombasa,USD,Nagoya,https://www.beforward.jp/honda/vezel/cd904801/id/15879477/,https://image-cdn.beforward.jp/medium/202607/15879477/CD904801_a29e5c.jpg?w=200,1,2026-07-22 12:48:11.230783
BE FORWARD,CE068397,2019 HONDA FREED+ HYBRID G HONDA SENSING,Honda,Freed+ Hybrid G Honda Sensing,2019.0,236714.0,490.0,Petrol,Automatic,Sedan,532836.0,3570.0,5672.0,Mombasa,USD,Yokohama,https://www.beforward.jp/honda/freed-hybrid/ce068397/id/15961235/,https://image-cdn.beforward.jp/medium/202607/15961235/CE068397_fd0f94.jpg?w=200,1,2026-07-22 12:48:11.230783
BE FORWARD,CD857222,2019 HONDA FIT 13G F,Honda,Fit 13G F,2019.0,156556.0,310.0,Petrol,Automatic,Hatchback,705970.0,4730.0,6595.0,Mombasa,USD,Yokohama,https://www.beforward.jp/honda/fit/cd857222/id/15824084/,https://image-cdn.beforward.jp/medium/202607/15824084/CD857222_f9f24d.JPG?w=200,1,2026-07-22 12:48:11.230783
BE FORWARD,CD857220,2018 HONDA SHUTTLE HYBRID,Honda,Shuttle Hybrid,2018.0,137740.0,490.0,Petrol,Automatic,Sedan,614925.0,4120.0,6134.0,Mombasa,USD,Yokohama,https://www.beforward.jp/honda/shuttle/cd857220/id/15823676/,https://image-cdn.beforward.jp/medium/202607/15823676/CD857220_dba6c7.JPG?w=200,1,2026-07-22 12:48:11.230783
BE FORWARD,CE068466,2020 HONDA FIT,Honda,Fit,2020.0,71475.0,310.0,Petrol,Automatic,Hatchback,774627.0,5190.0,7046.0,Mombasa,USD,Yokohama,https://www.beforward.jp/honda/fit/ce068466/id/15961341/,https://image-cdn.beforward.jp/medium/202607/15961341/CE068466_cc472a.jpg?w=200,1,2026-07-22 12:48:11.230783
BE FORWARD,CD757235,2021 HONDA CR-V EX,Honda,Cr-V Ex,2021.0,96017.0,490.0,Petrol,Automatic,Suv,2277612.0,15260.0,17528.0,Mombasa,USD,Yokohama,https://www.beforward.jp/honda/cr-v/cd757235/id/15724515/,https://image-cdn.beforward.jp/medium/202607/15724515/CD757235_e205a4.JPG?w=200,1,2026-07-22 12:48:11.230783
BE FORWARD,CD870001,2019 HONDA VEZEL HYBRID X HONDA SENSING,Honda,Vezel Hybrid X Honda Sensing,2019.0,194869.0,490.0,Petrol,Automatic,Sedan,1110448.0,7440.0,9526.0,Mombasa,USD,Yokohama,https://www.beforward.jp/honda/vezel/cd870001/id/15841827/,https://image-cdn.beforward.jp/medium/202607/15841827/CD870001_5e56b7.jpg?w=200,1,2026-07-22 12:48:11.230783
BE FORWARD,CE061816,2020 HONDA FIT,Honda,Fit,2020.0,105286.0,310.0,Petrol,Automatic,Hatchback,774627.0,5190.0,7046.0,Mombasa,USD,Yokohama,https://www.beforward.jp/honda/fit/ce061816/id/15948126/,https://image-cdn.beforward.jp/medium/202607/15948126/CE061816_d47cab.jpg?w=200,1,2026-07-22 12:48:11.230783
BE FORWARD,CE061819,2021 HONDA FIT E:HEV,Honda,Fit E:Hev,2021.0,28704.0,490.0,Petrol,Automatic,Hatchback,861194.0,5770.0,7626.0,Mombasa,USD,Yokohama,https://www.beforward.jp/honda/fit/ce061819/id/15948177/,https://image-cdn.beforward.jp/medium/202607/15948177/CE061819_88478d.jpg?w=200,1,2026-07-22 12:48:11.230783
BE FORWARD,CD878254,2018 HONDA FIT HYBRID F,Honda,Fit Hybrid F,2018.0,172347.0,490.0,Petrol,Automatic,Hatchback,774627.0,5190.0,7030.0,Mombasa,USD,Yokohama,https://www.beforward.jp/honda/fit-hybrid/cd878254/id/15842118/,https://image-cdn.beforward.jp/medium/202607/15842118/CD878254_c23cad.JPG?w=200,1,2026-07-22 12:48:11.230783
BE FORWARD,CD878281,2021 HONDA N-WGN G HONDA SENSING,Honda,N-Wgn G Honda Sensing,2021.0,173092.0,650.0,Petrol,Automatic,Sedan,340299.0,2280.0,3885.0,Mombasa,USD,Yokohama,https://www.beforward.jp/honda/n-wgn/cd878281/id/15841965/,https://image-cdn.beforward.jp/medium/202607/15841965/CD878281_efc347.jpg?w=200,1,2026-07-22 12:48:11.230783
BE FORWARD,CD878257,2022 HONDA SHUTTLE HYBRID HONDA SENSING,Honda,Shuttle Hybrid Honda Sensing,2022.0,164134.0,490.0,Petrol,Automatic,Sedan,774627.0,5190.0,7217.0,Mombasa,USD,Yokohama,https://www.beforward.jp/honda/shuttle/cd878257/id/15842249/,https://image-cdn.beforward.jp/medium/202607/15842249/CD878257_fabfca.JPG?w=200,1,2026-07-22 12:48:11.230783
BE FORWARD,CE050077,2018 HONDA SHUTTLE HYBRID HONDA SENSING,Honda,Shuttle Hybrid Honda Sensing,2018.0,137165.0,490.0,Petrol,Automatic,Sedan,668657.0,4480.0,6467.0,Mombasa,USD,Yokohama,https://www.beforward.jp/honda/shuttle/ce050077/id/15942778/,https://image-cdn.beforward.jp/medium/202607/15942778/CE050077_c6e1ee.jpg?w=200,1,2026-07-22 12:48:11.230783
BE FORWARD,CE051433,2019 HONDA FIT 13G F,Honda,Fit 13G F,2019.0,100191.0,310.0,Petrol,Automatic,Hatchback,774627.0,5190.0,6989.0,Mombasa,USD,Yokohama,https://www.beforward.jp/honda/fit/ce051433/id/15944812/,https://image-cdn.beforward.jp/medium/202607/15944812/CE051433_b86c3b.jpg?w=200,1,2026-07-22 12:48:11.230783
BE FORWARD,CD890439,2024 HONDA VEZEL HYBRID E:HEV Z,Honda,Vezel Hybrid E:Hev Z,2024.0,24893.0,490.0,Petrol,Automatic,Sedan,2237313.0,14990.0,17067.0,Mombasa,USD,Yokohama,https://www.beforward.jp/honda/vezel/cd890439/id/15854920/,https://image-cdn.beforward.jp/medium/202607/15854920/CD890439_4c9b19.jpg?w=200,1,2026-07-22 12:48:11.230783
BE FORWARD,CD371499,2025 SUZUKI CARRY TRUCK KC AC PS,Suzuki,Carry Truck Kc Ac Ps,2025.0,3.0,650.0,Petrol,Manual,Pickup,1064179.0,7130.0,8714.0,Mombasa,USD,Yokohama,https://www.beforward.jp/suzuki/carry-truck/cd371499/id/15329836/,https://image-cdn.beforward.jp/medium/202606/15329836/CD371499_c23e8c.JPG?w=200,1,2026-07-22 12:48:11.230783
BE FORWARD,CE094491,2020 SUZUKI CARRY TRUCK KC AC PS,Suzuki,Carry Truck Kc Ac Ps,2020.0,41731.0,650.0,Petrol,Manual,Pickup,504478.0,3380.0,4974.0,Mombasa,USD,Yokohama,https://www.beforward.jp/suzuki/carry-truck/ce094491/id/15997591/,https://image-cdn.beforward.jp/medium/202607/15997591/CE094491_fab187.jpg?w=200,1,2026-07-22 12:48:11.230783
BE FORWARD,CE051475,2018 SUZUKI HUSTLER HYBRID G,Suzuki,Hustler Hybrid G,2018.0,155000.0,650.0,Petrol,Automatic,Sedan,340299.0,2280.0,3767.0,Mombasa,USD,Nagoya,https://www.beforward.jp/suzuki/hustler/ce051475/id/15948898/,https://image-cdn.beforward.jp/medium/202607/15948898/CE051475_39f62a.jpg?w=200,1,2026-07-22 12:48:11.230783
BE FORWARD,CE061203,2020 SUZUKI EVERY,Suzuki,Every,2020.0,173343.0,650.0,Petrol,Automatic,Sedan,292537.0,1960.0,3619.0,Mombasa,USD,Nagoya,https://www.beforward.jp/suzuki/every/ce061203/id/15948818/,https://image-cdn.beforward.jp/medium/202607/15948818/CE061203_b37525.jpg?w=200,1,2026-07-22 12:48:11.230783
BE FORWARD,CE061811,2019 SUZUKI ALTO L,Suzuki,Alto L,2019.0,95017.0,650.0,Petrol,Automatic,Sedan,292537.0,1960.0,3443.0,Mombasa,USD,Yokohama,https://www.beforward.jp/suzuki/alto/ce061811/id/15947917/,https://image-cdn.beforward.jp/medium/202607/15947917/CE061811_7aeccc.jpg?w=200,1,2026-07-22 12:48:11.230783
BE FORWARD,CD789429,2021 SUZUKI WAGON R HYBRID,Suzuki,Wagon R Hybrid,2021.0,110471.0,650.0,Petrol,Automatic,Wagon,350746.0,2350.0,3943.0,Mombasa,USD,Yokohama,https://www.beforward.jp/suzuki/wagon-r/cd789429/id/15754508/,https://image-cdn.beforward.jp/medium/202607/15754508/CD789429_0c6745.jpg?w=200,1,2026-07-22 12:48:11.230783
BE FORWARD,CE053050,2018 SUZUKI ALTO VP,Suzuki,Alto Vp,2018.0,44394.0,650.0,Petrol,Automatic,Sedan,244776.0,1640.0,3123.0,Mombasa,USD,Yokohama,https://www.beforward.jp/suzuki/alto/ce053050/id/15944775/,https://image-cdn.beforward.jp/medium/202607/15944775/CE053050_1bb4e4.jpg?w=200,1,2026-07-22 12:48:11.230783
BE FORWARD,CE094588,2021 SUZUKI ALTO L,Suzuki,Alto L,2021.0,113650.0,650.0,Petrol,Automatic,Sedan,253731.0,1700.0,3117.0,Mombasa,USD,Yokohama,https://www.beforward.jp/suzuki/alto/ce094588/id/15997419/,https://image-cdn.beforward.jp/medium/202607/15997419/CE094588_6d5002.jpg?w=200,1,2026-07-22 12:48:11.230783
BE FORWARD,CE104080,2021 SUZUKI ALTO F,Suzuki,Alto F,2021.0,133523.0,650.0,Petrol,Automatic,Sedan,244776.0,1640.0,3050.0,Mombasa,USD,Kobe,https://www.beforward.jp/suzuki/alto/ce104080/id/15999570/,https://image-cdn.beforward.jp/medium/202607/15999570/CE104080_ea0c51.jpg?w=200,1,2026-07-22 12:48:11.230783
BE FORWARD,CD908052,2023 SUZUKI SWIFT XG,Suzuki,Swift Xg,2023.0,81338.0,240.0,Petrol,Automatic,Hatchback,822388.0,5510.0,7214.0,Mombasa,USD,Osaka,https://www.beforward.jp/suzuki/swift/cd908052/id/15889479/,https://image-cdn.beforward.jp/medium/202607/15889479/CD908052_b9a607.jpg?w=200,1,2026-07-22 12:48:11.230783
BE FORWARD,CD898476,2020 SUZUKI ALTO,Suzuki,Alto,2020.0,26113.0,650.0,Petrol,Automatic,Sedan,331343.0,2220.0,3630.0,Mombasa,USD,Osaka,https://www.beforward.jp/suzuki/alto/cd898476/id/15883646/,https://image-cdn.beforward.jp/medium/202607/15883646/CD898476_bf6247.jpg?w=200,1,2026-07-22 12:48:11.230783
BE FORWARD,CE068398,2021 SUZUKI SWIFT HYBRID MG,Suzuki,Swift Hybrid Mg,2021.0,169531.0,240.0,Petrol,Automatic,Hatchback,677612.0,4540.0,6317.0,Mombasa,USD,Yokohama,https://www.beforward.jp/suzuki/swift/ce068398/id/15961262/,https://image-cdn.beforward.jp/medium/202607/15961262/CE068398_9d9ca2.jpg?w=200,1,2026-07-22 12:48:11.230783
BE FORWARD,CE076724,2018 SUZUKI SOLIO BANDIT HYBRID SV,Suzuki,Solio Bandit Hybrid Sv,2018.0,128947.0,240.0,Petrol,Automatic,Sedan,407463.0,2730.0,4595.0,Mombasa,USD,Yokohama,https://www.beforward.jp/suzuki/solio-bandit/ce076724/id/15962536/,https://image-cdn.beforward.jp/medium/202607/15962536/CE076724_90d8ef.jpg?w=200,1,2026-07-22 12:48:11.230783
BE FORWARD,CD869883,2018 SUZUKI CARRY TRUCK,Suzuki,Carry Truck,2018.0,159285.0,650.0,Petrol,Automatic,Pickup,389552.0,2610.0,4367.0,Mombasa,USD,Osaka,https://www.beforward.jp/suzuki/carry-truck/cd869883/id/15837831/,https://image-cdn.beforward.jp/medium/202607/15837831/CD869883_b221e0.jpg?w=200,1,2026-07-22 12:48:11.230783
BE FORWARD,CD898170,2024 SUZUKI SWIFT XG,Suzuki,Swift Xg,2024.0,85461.0,190.0,Petrol,Automatic,Hatchback,947761.0,6350.0,8067.0,Mombasa,USD,Yokohama,https://www.beforward.jp/suzuki/swift/cd898170/id/15879679/,https://image-cdn.beforward.jp/medium/202607/15879679/CD898170_57b3fb.jpg?w=200,1,2026-07-22 12:48:11.230783
BE FORWARD,CD890619,2021 SUZUKI SWIFT XG,Suzuki,Swift Xg,2021.0,17264.0,240.0,Petrol,Automatic,Hatchback,794030.0,5320.0,7078.0,Mombasa,USD,Yokohama,https://www.beforward.jp/suzuki/swift/cd890619/id/15855749/,https://image-cdn.beforward.jp/medium/202607/15855749/CD890619_1f7d19.jpg?w=200,1,2026-07-22 12:48:11.230783
BE FORWARD,CD898258,2020 SUZUKI SWIFT HYBRID,Suzuki,Swift Hybrid,2020.0,204882.0,240.0,Petrol,Automatic,Hatchback,532836.0,3570.0,5297.0,Mombasa,USD,Yokohama,https://www.beforward.jp/suzuki/swift/cd898258/id/15884438/,https://image-cdn.beforward.jp/medium/202607/15884438/CD898258_971dfd.jpg?w=200,1,2026-07-22 12:48:11.230783
BE FORWARD,CD869943,2018 SUZUKI CARRY TRUCK KC PS NOUHAN,Suzuki,Carry Truck Kc Ps Nouhan,2018.0,69514.0,650.0,Petrol,Manual,Pickup,535821.0,3590.0,5250.0,Mombasa,USD,Yokohama,https://www.beforward.jp/suzuki/carry-truck/cd869943/id/15841581/,https://image-cdn.beforward.jp/medium/202607/15841581/CD869943_f8c526.JPG?w=200,1,2026-07-22 12:48:11.230783
BE FORWARD,CE068338,2021 SUZUKI ALTO L SAFETY SUPPORT,Suzuki,Alto L Safety Support,2021.0,141735.0,650.0,Petrol,Automatic,Sedan,234328.0,1570.0,2980.0,Mombasa,USD,Kobe,https://www.beforward.jp/suzuki/alto/ce068338/id/15961638/,https://image-cdn.beforward.jp/medium/202607/15961638/CE068338_d4330d.jpg?w=200,1,2026-07-22 12:48:11.230783
BE FORWARD,CD884608,2019 SUZUKI SWIFT XG LIMITED SAFETY PACKAGE LESS,Suzuki,Swift Xg Limited Safety Package Less,2019.0,198195.0,240.0,Petrol,Automatic,Hatchback,485075.0,3250.0,5043.0,Mombasa,USD,Yokohama,https://www.beforward.jp/suzuki/swift/cd884608/id/15856580/,https://image-cdn.beforward.jp/medium/202607/15856580/CD884608_a624bc.jpg?w=200,1,2026-07-22 12:48:11.230783
BE FORWARD,CE076689,2019 SUZUKI ALTO VP,Suzuki,Alto Vp,2019.0,50564.0,650.0,Petrol,Automatic,Sedan,264179.0,1770.0,3253.0,Mombasa,USD,Yokohama,https://www.beforward.jp/suzuki/alto/ce076689/id/15962976/,https://image-cdn.beforward.jp/medium/202607/15962976/CE076689_b0e229.jpg?w=200,1,2026-07-22 12:48:11.230783
BE FORWARD,CD898124,2019 SUZUKI SOLIO HYBRID MZ,Suzuki,Solio Hybrid Mz,2019.0,168169.0,240.0,Petrol,Automatic,Sedan,437313.0,2930.0,4729.0,Mombasa,USD,Yokohama,https://www.beforward.jp/suzuki/solio/cd898124/id/15879614/,https://image-cdn.beforward.jp/medium/202607/15879614/CD898124_fc8a19.jpg?w=200,1,2026-07-22 12:48:11.230783
BE FORWARD,CE076812,2018 SUZUKI ALTO L,Suzuki,Alto L,2018.0,59363.0,650.0,Petrol,Automatic,Sedan,253731.0,1700.0,3183.0,Mombasa,USD,Yokohama,https://www.beforward.jp/suzuki/alto/ce076812/id/15961859/,https://image-cdn.beforward.jp/medium/202607/15961859/CE076812_9d2f11.jpg?w=200,1,2026-07-22 12:48:11.230783
BE FORWARD,CD869401,2020 SUZUKI ALTO L,Suzuki,Alto L,2020.0,44926.0,650.0,Petrol,Automatic,Sedan,320896.0,2150.0,3560.0,Mombasa,USD,Osaka,https://www.beforward.jp/suzuki/alto/cd869401/id/15841771/,https://image-cdn.beforward.jp/medium/202607/15841771/CD869401_e6fc48.JPG?w=200,1,2026-07-22 12:48:11.230783
BE FORWARD,CE050135,2020 SUZUKI ALTO VP,Suzuki,Alto Vp,2020.0,41850.0,650.0,Petrol,Automatic,Sedan,244776.0,1640.0,3123.0,Mombasa,USD,Yokohama,https://www.beforward.jp/suzuki/alto/ce050135/id/15942461/,https://image-cdn.beforward.jp/medium/202607/15942461/CE050135_bf3d92.jpg?w=200,1,2026-07-22 12:48:11.230783
BE FORWARD,CD898247,2019 SUZUKI ALTO,Suzuki,Alto,2019.0,69802.0,650.0,Petrol,Automatic,Sedan,264179.0,1770.0,3187.0,Mombasa,USD,Yokohama,https://www.beforward.jp/suzuki/alto/cd898247/id/15884861/,https://image-cdn.beforward.jp/medium/202607/15884861/CD898247_0c547f.jpg?w=200,1,2026-07-22 12:48:11.230783
BE FORWARD,CD869886,2019 SUZUKI SWIFT HYBRID ML,Suzuki,Swift Hybrid Ml,2019.0,129054.0,240.0,Petrol,Automatic,Hatchback,629851.0,4220.0,5989.0,Mombasa,USD,Osaka,https://www.beforward.jp/suzuki/swift/cd869886/id/15839234/,https://image-cdn.beforward.jp/medium/202607/15839234/CD869886_5c3de7.jpg?w=200,1,2026-07-22 12:48:11.230783
BE FORWARD,CD904709,2021 SUZUKI LANDY HYBRID 2.0G,Suzuki,Landy Hybrid 2.0G,2021.0,151910.0,990.0,Petrol,Automatic,Van,653731.0,4380.0,6652.0,Mombasa,USD,Nagoya,https://www.beforward.jp/suzuki/landy/cd904709/id/15879317/,https://image-cdn.beforward.jp/medium/202607/15879317/CD904709_546a57.jpg?w=200,1,2026-07-22 12:48:11.230783
BE FORWARD,CD842762,2019 SUZUKI WAGON R HYBRID FZ SAFETY PACKAGE,Suzuki,Wagon R Hybrid Fz Safety Package,2019.0,228207.0,650.0,Petrol,Automatic,Wagon,379104.0,2540.0,4112.0,Mombasa,USD,Kyushu,https://www.beforward.jp/suzuki/wagon-r/cd842762/id/15815412/,https://image-cdn.beforward.jp/medium/202607/15815412/CD842762_f0e40a.jpg?w=200,1,2026-07-22 12:48:11.230783
BE FORWARD,CD885232,2018 SUZUKI HUSTLER HYBRID G,Suzuki,Hustler Hybrid G,2018.0,208599.0,650.0,Petrol,Automatic,Sedan,311940.0,2090.0,3577.0,Mombasa,USD,Nagoya,https://www.beforward.jp/suzuki/hustler/cd885232/id/15854776/,https://image-cdn.beforward.jp/medium/202607/15854776/CD885232_dd6543.jpg?w=200,1,2026-07-22 12:48:11.230783
BE FORWARD,CD885398,2018 SUZUKI WAGON R HYBRID FX,Suzuki,Wagon R Hybrid Fx,2018.0,140648.0,650.0,Petrol,Automatic,Wagon,340299.0,2280.0,3761.0,Mombasa,USD,Nagoya,https://www.beforward.jp/suzuki/wagon-r/cd885398/id/15856112/,https://image-cdn.beforward.jp/medium/202607/15856112/CD885398_400932.jpg?w=200,1,2026-07-22 12:48:11.230783
BE FORWARD,CD865387,2019 SUZUKI WAGON R HYBRID FX,Suzuki,Wagon R Hybrid Fx,2019.0,131052.0,650.0,Petrol,Automatic,Wagon,374627.0,2510.0,4103.0,Mombasa,USD,Yokohama,https://www.beforward.jp/suzuki/wagon-r/cd865387/id/15827310/,https://image-cdn.beforward.jp/medium/202607/15827310/CD865387_cdc0c7.jpg?w=200,1,2026-07-22 12:48:11.230783
BE FORWARD,CD822392,2018 SUZUKI SUPER CARRY X,Suzuki,Super Carry X,2018.0,118246.0,650.0,Petrol,Manual,Sedan,613433.0,4110.0,5764.0,Mombasa,USD,Nagoya,https://www.beforward.jp/suzuki/super-carry/cd822392/id/15801079/,https://image-cdn.beforward.jp/medium/202607/15801079/CD822392_953a30.jpg?w=200,1,2026-07-22 12:48:11.230783
BE FORWARD,CD843344,2024 SUZUKI SWIFT HYBRID MX,Suzuki,Swift Hybrid Mx,2024.0,3516.0,190.0,Petrol,Manual,Hatchback,1255224.0,8410.0,10174.0,Mombasa,USD,Yokohama,https://www.beforward.jp/suzuki/swift/cd843344/id/15810017/,https://image-cdn.beforward.jp/medium/202607/15810017/CD843344_2b93b3.jpg?w=200,1,2026-07-22 12:48:11.230783
BE FORWARD,CD807455,2021 SUZUKI ALTO L,Suzuki,Alto L,2021.0,71106.0,650.0,Petrol,Automatic,Sedan,273134.0,1830.0,3313.0,Mombasa,USD,Yokohama,https://www.beforward.jp/suzuki/alto/cd807455/id/15796328/,https://image-cdn.beforward.jp/medium/202607/15796328/CD807455_1e9c2a.jpg?w=200,1,2026-07-22 12:48:11.230783
BE FORWARD,CD768336,2019 SUZUKI SWIFT XG LIMITED,Suzuki,Swift Xg Limited,2019.0,139980.0,240.0,Petrol,Automatic,Hatchback,529851.0,3550.0,5248.0,Mombasa,USD,Nagoya,https://www.beforward.jp/suzuki/swift/cd768336/id/15735141/,https://image-cdn.beforward.jp/medium/202607/15735141/CD768336_d4dfa0.jpg?w=200,1,2026-07-22 12:48:11.230783
BE FORWARD,CD789435,2019 SUZUKI SOLIO,Suzuki,Solio,2019.0,164921.0,240.0,Petrol,Automatic,Sedan,286567.0,1920.0,3785.0,Mombasa,USD,Yokohama,https://www.beforward.jp/suzuki/solio/cd789435/id/15752608/,https://image-cdn.beforward.jp/medium/202607/15752608/CD789435_d3b1f5.JPG?w=200,1,2026-07-22 12:48:11.230783
BE FORWARD,CD776960,2020 SUZUKI SWIFT XG LIMITED SAFETY PACKAGE LESS,Suzuki,Swift Xg Limited Safety Package Less,2020.0,169322.0,240.0,Petrol,Automatic,Hatchback,437313.0,2930.0,4723.0,Mombasa,USD,Yokohama,https://www.beforward.jp/suzuki/swift/cd776960/id/15737765/,https://image-cdn.beforward.jp/medium/202607/15737765/CD776960_c62fc5.JPG?w=200,1,2026-07-22 12:48:11.230783
BE FORWARD,CD782767,2019 SUZUKI SWIFT XG LIMITED,Suzuki,Swift Xg Limited,2019.0,121868.0,240.0,Petrol,Automatic,Hatchback,485075.0,3250.0,5043.0,Mombasa,USD,Yokohama,https://www.beforward.jp/suzuki/swift/cd782767/id/15747504/,https://image-cdn.beforward.jp/medium/202607/15747504/CD782767_ec0964.JPG?w=200,1,2026-07-22 12:48:11.230783
BE FORWARD,CD781974,2021 SUZUKI WAGON R FA,Suzuki,Wagon R Fa,2021.0,90330.0,650.0,Petrol,Automatic,Wagon,350746.0,2350.0,3877.0,Mombasa,USD,Yokohama,https://www.beforward.jp/suzuki/wagon-r/cd781974/id/15747878/,https://image-cdn.beforward.jp/medium/202607/15747878/CD781974_be4b7b.JPG?w=200,1,2026-07-22 12:48:11.230783
BE FORWARD,CD781986,2019 SUZUKI SWIFT XG LIMITED,Suzuki,Swift Xg Limited,2019.0,148457.0,240.0,Petrol,Automatic,Hatchback,597015.0,4000.0,5711.0,Mombasa,USD,Yokohama,https://www.beforward.jp/suzuki/swift/cd781986/id/15750289/,https://image-cdn.beforward.jp/medium/202607/15750289/CD781986_fc860d.JPG?w=200,1,2026-07-22 12:48:11.230783
BE FORWARD,CD740109,2018 SUZUKI SWIFT XL SAFETY PACKAGE,Suzuki,Swift Xl Safety Package,2018.0,115237.0,240.0,Petrol,Automatic,Hatchback,485075.0,3250.0,4961.0,Mombasa,USD,Yokohama,https://www.beforward.jp/suzuki/swift/cd740109/id/15714364/,https://image-cdn.beforward.jp/medium/202607/15714364/CD740109_5cb7da.JPG?w=200,1,2026-07-22 12:48:11.230783
BE FORWARD,CD710588,2019 SUZUKI WAGON R HYBRID,Suzuki,Wagon R Hybrid,2019.0,110725.0,650.0,Petrol,Automatic,Wagon,359701.0,2410.0,3914.0,Mombasa,USD,Yokohama,https://www.beforward.jp/suzuki/wagon-r/cd710588/id/15673164/,https://image-cdn.beforward.jp/medium/202607/15673164/CD710588_b2d0a5.JPG?w=200,1,2026-07-22 12:48:11.230783
BE FORWARD,CD697873,2020 SUZUKI SWIFT XG,Suzuki,Swift Xg,2020.0,127872.0,240.0,Petrol,Automatic,Hatchback,485075.0,3250.0,4954.0,Mombasa,USD,Osaka,https://www.beforward.jp/suzuki/swift/cd697873/id/15657370/,https://image-cdn.beforward.jp/medium/202607/15657370/CD697873_bd0995.JPG?w=200,1,2026-07-22 12:48:11.230783
BE FORWARD,CD704244,2019 SUZUKI SWIFT XG LIMITED,Suzuki,Swift Xg Limited,2019.0,123571.0,240.0,Petrol,Automatic,Hatchback,513433.0,3440.0,5193.0,Mombasa,USD,Osaka,https://www.beforward.jp/suzuki/swift/cd704244/id/15672650/,https://image-cdn.beforward.jp/medium/202607/15672650/CD704244_c326e6.jpg?w=200,1,2026-07-22 12:48:11.230783
BE FORWARD,CD466472,2025 SUZUKI CARRY TRUCK KC AC PS,Suzuki,Carry Truck Kc Ac Ps,2025.0,1000.0,650.0,Petrol,Automatic,Pickup,1111940.0,7450.0,9031.0,Mombasa,USD,Nagoya,https://www.beforward.jp/suzuki/carry-truck/cd466472/id/15449069/,https://image-cdn.beforward.jp/medium/202606/15449069/CD466472_090ceb.jpg?w=200,1,2026-07-22 12:48:11.230783
BE FORWARD,CE145172,2022 SUZUKI EVERY,Suzuki,Every,2022.0,52891.0,660.0,Petrol,Automatic,Sedan,1014925.0,6800.0,,,USD,Yokohama,https://www.beforward.jp/suzuki/every/ce145172/id/16026487/,https://image-cdn.beforward.jp/medium/202607/16026487/CE145172_204fb7ad.jpg?w=200,1,2026-07-22 12:48:11.230783
BE FORWARD,CE145179,2021 SUZUKI ALTO,Suzuki,Alto,2021.0,48019.0,660.0,Petrol,Automatic,Sedan,838806.0,5620.0,,,USD,Yokohama,https://www.beforward.jp/suzuki/alto/ce145179/id/16026494/,https://image-cdn.beforward.jp/medium/202607/16026494/CE145179_204fb85c.jpg?w=200,1,2026-07-22 12:48:11.230783
BE FORWARD,CE145151,2026 SUZUKI HUSTLER,Suzuki,Hustler,2026.0,4.0,660.0,Petrol,Cvt,Sedan,1665672.0,11160.0,12756.0,Mombasa,USD,Yokohama,https://www.beforward.jp/suzuki/hustler/ce145151/id/16026466/,https://image-cdn.beforward.jp/medium/202607/16026466/CE145151_204fb4ad.jpg?w=200,1,2026-07-22 12:48:11.230783
BE FORWARD,CE145152,2026 SUZUKI HUSTLER,Suzuki,Hustler,2026.0,4.0,660.0,Petrol,Cvt,Sedan,1665672.0,11160.0,12756.0,Mombasa,USD,Yokohama,https://www.beforward.jp/suzuki/hustler/ce145152/id/16026467/,https://image-cdn.beforward.jp/medium/202607/16026467/CE145152_204fb4c1.jpg?w=200,1,2026-07-22 12:48:11.230783
BE FORWARD,CE145153,2026 SUZUKI HUSTLER,Suzuki,Hustler,2026.0,4.0,660.0,Petrol,Cvt,Sedan,1665672.0,11160.0,12756.0,Mombasa,USD,Yokohama,https://www.beforward.jp/suzuki/hustler/ce145153/id/16026468/,https://image-cdn.beforward.jp/medium/202607/16026468/CE145153_204fb4d5.jpg?w=200,1,2026-07-22 12:48:11.230783
BE FORWARD,CE145155,2025 SUZUKI HUSTLER,Suzuki,Hustler,2025.0,21.0,660.0,Petrol,Cvt,Sedan,1665672.0,11160.0,12756.0,Mombasa,USD,Yokohama,https://www.beforward.jp/suzuki/hustler/ce145155/id/16026470/,https://image-cdn.beforward.jp/medium/202607/16026470/CE145155_204fb51f.jpg?w=200,1,2026-07-22 12:48:11.230783
BE FORWARD,CE145133,2021 SUZUKI EVERY,Suzuki,Every,2021.0,175400.0,660.0,Petrol,Manual,Sedan,413433.0,2770.0,4414.0,Mombasa,USD,Kyushu,https://www.beforward.jp/suzuki/every/ce145133/id/16026447/,https://image-cdn.beforward.jp/medium/202607/16026447/CE145133_204fad8e.jpg?w=200,1,2026-07-22 12:48:11.230783
BE FORWARD,CE145099,2018 SUZUKI LAPIN,Suzuki,Lapin,2018.0,41843.0,660.0,Petrol,Cvt,Sedan,646269.0,4330.0,5726.0,Mombasa,USD,Kyushu,https://www.beforward.jp/suzuki/lapin/ce145099/id/16026413/,https://image-cdn.beforward.jp/medium/202607/16026413/CE145099_204fa4fe.jpg?w=200,1,2026-07-22 12:48:11.230783
BE FORWARD,CE145064,2019 SUZUKI SPACIA,Suzuki,Spacia,2019.0,57451.0,660.0,Petrol,Cvt,Sedan,968657.0,6490.0,8180.0,Mombasa,USD,Yokohama,https://www.beforward.jp/suzuki/spacia/ce145064/id/16026376/,https://image-cdn.beforward.jp/medium/202607/16026376/CE145064_204f99c9.jpg?w=200,1,2026-07-22 12:48:11.230783
BE FORWARD,CE144997,2021 SUZUKI EVERY,Suzuki,Every,2021.0,108124.0,660.0,Petrol,Manual,Sedan,819403.0,5490.0,7170.0,Mombasa,USD,Yokohama,https://www.beforward.jp/suzuki/every/ce144997/id/16026305/,https://image-cdn.beforward.jp/medium/202607/16026305/CE144997_204f7ba2.jpg?w=200,1,2026-07-22 12:48:11.230783
BE FORWARD,CD447797,2025 SUZUKI SPACIA,Suzuki,Spacia,2025.0,14840.0,660.0,Petrol,Cvt,Sedan,1664179.0,11150.0,12910.0,Mombasa,USD,Yokohama,https://www.beforward.jp/suzuki/spacia/cd447797/id/15403333/,https://image-cdn.beforward.jp/medium/202607/15403333/CD447797_204f6ea5.jpg?w=200,1,2026-07-22 12:48:11.230783
BE FORWARD,CE144034,2019 SUZUKI X BEE,Suzuki,X Bee,2019.0,19775.0,0.0,Petrol,Automatic,Sedan,1617910.0,10840.0,,,USD,Hokkaido,https://www.beforward.jp/suzuki/x-bee/ce144034/id/16025413/,https://image-cdn.beforward.jp/medium/202607/16025413/CE144034_204f5d08.jpg?w=200,1,2026-07-22 12:48:11.230783
BE FORWARD,CE143882,2026 SUZUKI CARRY TRUCK,Suzuki,Carry Truck,2026.0,6.0,660.0,Petrol,Automatic,Pickup,1686567.0,11300.0,,,USD,Kyushu,https://www.beforward.jp/suzuki/carry-truck/ce143882/id/16025359/,https://image-cdn.beforward.jp/medium/202607/16025359/CE143882_204f474d.jpg?w=200,1,2026-07-22 12:48:11.230783
BE FORWARD,CE144584,2025 SUZUKI ALTO,Suzuki,Alto,2025.0,3283.0,660.0,Petrol,Cvt,Sedan,761194.0,5100.0,,,USD,Kyushu,https://www.beforward.jp/suzuki/alto/ce144584/id/16025889/,https://image-cdn.beforward.jp/medium/202607/16025889/CE144584_204f68e5.jpg?w=200,1,2026-07-22 12:48:11.230783
BE FORWARD,CE144096,2026 SUZUKI SPACIA,Suzuki,Spacia,2026.0,7.0,660.0,Petrol,Cvt,Sedan,1329851.0,8910.0,10470.0,Mombasa,USD,Kyushu,https://www.beforward.jp/suzuki/spacia/ce144096/id/16025475/,https://image-cdn.beforward.jp/medium/202607/16025475/CE144096_204f5f17.jpg?w=200,1,2026-07-22 12:48:11.230783
BE FORWARD,CE144107,2018 SUZUKI SOLIO,Suzuki,Solio,2018.0,51542.0,200.0,Petrol,Automatic,Sedan,510448.0,3420.0,5199.0,Mombasa,USD,Kyushu,https://www.beforward.jp/suzuki/solio/ce144107/id/16025486/,https://image-cdn.beforward.jp/medium/202607/16025486/CE144107_204f5f7b.jpg?w=200,1,2026-07-22 12:48:11.230783
BE FORWARD,CE144204,2021 SUZUKI HUSTLER,Suzuki,Hustler,2021.0,2404.0,660.0,Petrol,Cvt,Sedan,1397015.0,9360.0,10905.0,Mombasa,USD,Yokohama,https://www.beforward.jp/suzuki/hustler/ce144204/id/16025583/,https://image-cdn.beforward.jp/medium/202607/16025583/CE144204_204f6308.jpg?w=200,1,2026-07-22 12:48:11.230783
BE FORWARD,CE007401,2021 SUZUKI EVERY,Suzuki,Every,2021.0,43566.0,660.0,Petrol,Automatic,Sedan,607463.0,4070.0,5714.0,Mombasa,USD,Kyushu,https://www.beforward.jp/suzuki/every/ce007401/id/15887772/,https://image-cdn.beforward.jp/medium/202607/15887772/CE007401_2006612a.jpg?w=200,1,2026-07-22 12:48:11.230783
BE FORWARD,CD689375,2022 SUZUKI SWIFT,Suzuki,Swift,2022.0,16622.0,400.0,Petrol,Manual,Hatchback,1974627.0,13230.0,15087.0,Mombasa,USD,Kobe,https://www.beforward.jp/suzuki/swift/cd689375/id/15646702/,https://image-cdn.beforward.jp/medium/202606/15646702/CD689375_1f95b40b.jpg?w=200,1,2026-07-22 12:48:11.230783
BE FORWARD,CE143749,2021 SUZUKI EVERY WAGON,Suzuki,Every Wagon,2021.0,63000.0,660.0,Petrol,Automatic,Wagon,1077612.0,7220.0,8906.0,Mombasa,USD,Yokohama,https://www.beforward.jp/suzuki/every-wagon/ce143749/id/16025326/,https://image-cdn.beforward.jp/medium/202607/16025326/CE143749_204f3f5e.jpg?w=200,1,2026-07-22 12:48:11.230783
BE FORWARD,CD857081,2025 SUZUKI JIMNY,Suzuki,Jimny,2025.0,3534.0,660.0,Petrol,Automatic,Sedan,1789552.0,11990.0,13549.0,Mombasa,USD,Yokohama,https://www.beforward.jp/suzuki/jimny/cd857081/id/15815448/,https://image-cdn.beforward.jp/medium/202607/15815448/CD857081_204f380a.jpg?w=200,1,2026-07-22 12:48:11.230783
BE FORWARD,CE094594,2021 DAIHATSU MIRA ES L SA 3,Daihatsu,Mira Es L Sa 3,2021.0,105615.0,650.0,Petrol,Automatic,Sedan,340299.0,2280.0,3715.0,Mombasa,USD,Yokohama,https://www.beforward.jp/daihatsu/mira-es/ce094594/id/15997498/,https://image-cdn.beforward.jp/medium/202607/15997498/CE094594_bf1826.jpg?w=200,1,2026-07-22 12:48:11.230783
BE FORWARD,CE094664,2018 DAIHATSU MIRA ES G SA 3,Daihatsu,Mira Es G Sa 3,2018.0,90095.0,650.0,Petrol,Automatic,Sedan,350746.0,2350.0,3851.0,Mombasa,USD,Yokohama,https://www.beforward.jp/daihatsu/mira-es/ce094664/id/15998043/,https://image-cdn.beforward.jp/medium/202607/15998043/CE094664_938c42.jpg?w=200,1,2026-07-22 12:48:11.230783
BE FORWARD,CD918737,2018 DAIHATSU BOON CILQ G PACKAGE SA 2,Daihatsu,Boon Cilq G Package Sa 2,2018.0,54641.0,990.0,Petrol,Automatic,Sedan,485075.0,3250.0,4893.0,Mombasa,USD,Osaka,https://www.beforward.jp/daihatsu/boon/cd918737/id/15893578/,https://image-cdn.beforward.jp/medium/202607/15893578/CD918737_dc07cb.jpg?w=200,1,2026-07-22 12:48:11.230783
BE FORWARD,CE068350,2018 DAIHATSU MIRA ES L SA 3,Daihatsu,Mira Es L Sa 3,2018.0,8496.0,650.0,Petrol,Automatic,Sedan,359701.0,2410.0,3845.0,Mombasa,USD,Yokohama,https://www.beforward.jp/daihatsu/mira-es/ce068350/id/15960052/,https://image-cdn.beforward.jp/medium/202607/15960052/CE068350_314538.jpg?w=200,1,2026-07-22 12:48:11.230783
BE FORWARD,CD898165,2021 DAIHATSU MIRA ES L SA3,Daihatsu,Mira Es L Sa3,2021.0,62047.0,650.0,Petrol,Automatic,Sedan,350746.0,2350.0,3785.0,Mombasa,USD,Yokohama,https://www.beforward.jp/daihatsu/mira-es/cd898165/id/15884321/,https://image-cdn.beforward.jp/medium/202607/15884321/CD898165_a4695f.jpg?w=200,1,2026-07-22 12:48:11.230783
BE FORWARD,CE061775,2020 DAIHATSU MIRA ES B SA3,Daihatsu,Mira Es B Sa3,2020.0,71793.0,650.0,Petrol,Automatic,Sedan,331343.0,2220.0,3687.0,Mombasa,USD,Kobe,https://www.beforward.jp/daihatsu/mira-es/ce061775/id/15948436/,https://image-cdn.beforward.jp/medium/202607/15948436/CE061775_1d6b12.jpg?w=200,1,2026-07-22 12:48:11.230783
BE FORWARD,CD865001,2018 DAIHATSU HIJET CARGO SPECIAL,Daihatsu,Hijet Cargo Special,2018.0,181012.0,650.0,Petrol,Manual,Sedan,301493.0,2020.0,3725.0,Mombasa,USD,Kyushu,https://www.beforward.jp/daihatsu/hijet-cargo/cd865001/id/15824828/,https://image-cdn.beforward.jp/medium/202607/15824828/CD865001_0d4b2a.jpg?w=200,1,2026-07-22 12:48:11.230783
BE FORWARD,CD878266,2019 DAIHATSU MIRA ES L SA 3,Daihatsu,Mira Es L Sa 3,2019.0,153233.0,650.0,Petrol,Automatic,Sedan,331343.0,2220.0,3728.0,Mombasa,USD,Yokohama,https://www.beforward.jp/daihatsu/mira-es/cd878266/id/15841735/,https://image-cdn.beforward.jp/medium/202607/15841735/CD878266_0f5d0f.jpg?w=200,1,2026-07-22 12:48:11.230783
BE FORWARD,CD878595,2020 DAIHATSU HIJET CARGO,Daihatsu,Hijet Cargo,2020.0,157520.0,650.0,Petrol,Automatic,Sedan,370149.0,2480.0,4206.0,Mombasa,USD,Yokohama,https://www.beforward.jp/daihatsu/hijet-cargo/cd878595/id/15842526/,https://image-cdn.beforward.jp/medium/202607/15842526/CD878595_5554f1.jpg?w=200,1,2026-07-22 12:48:11.230783
BE FORWARD,CD878621,2020 DAIHATSU HIJET CARGO,Daihatsu,Hijet Cargo,2020.0,201622.0,650.0,Petrol,Automatic,Sedan,350746.0,2350.0,4076.0,Mombasa,USD,Yokohama,https://www.beforward.jp/daihatsu/hijet-cargo/cd878621/id/15842277/,https://image-cdn.beforward.jp/medium/202607/15842277/CD878621_31a315.jpg?w=200,1,2026-07-22 12:48:11.230783
BE FORWARD,CD822987,2018 DAIHATSU HIJET CARGO SPECIAL,Daihatsu,Hijet Cargo Special,2018.0,150396.0,650.0,Petrol,Automatic,Sedan,273134.0,1830.0,3535.0,Mombasa,USD,Kyushu,https://www.beforward.jp/daihatsu/hijet-cargo/cd822987/id/15801138/,https://image-cdn.beforward.jp/medium/202607/15801138/CD822987_8df1c7.JPG?w=200,1,2026-07-22 12:48:11.230783
BE FORWARD,CD878247,2020 DAIHATSU HIJET CARGO CRUISE SA3,Daihatsu,Hijet Cargo Cruise Sa3,2020.0,172459.0,650.0,Petrol,Automatic,Sedan,398507.0,2670.0,4396.0,Mombasa,USD,Yokohama,https://www.beforward.jp/daihatsu/hijet-cargo/cd878247/id/15842039/,https://image-cdn.beforward.jp/medium/202607/15842039/CD878247_19cf03.JPG?w=200,1,2026-07-22 12:48:11.230783
BE FORWARD,CD864671,2019 DAIHATSU MIRA ES B SA 3,Daihatsu,Mira Es B Sa 3,2019.0,119913.0,650.0,Petrol,Automatic,Sedan,320896.0,2150.0,3585.0,Mombasa,USD,Osaka,https://www.beforward.jp/daihatsu/mira-es/cd864671/id/15826362/,https://image-cdn.beforward.jp/medium/202607/15826362/CD864671_620c6d.jpg?w=200,1,2026-07-22 12:48:11.230783
BE FORWARD,CD864673,2019 DAIHATSU MIRA ES B SA 3,Daihatsu,Mira Es B Sa 3,2019.0,116572.0,650.0,Petrol,Automatic,Sedan,320896.0,2150.0,3585.0,Mombasa,USD,Osaka,https://www.beforward.jp/daihatsu/mira-es/cd864673/id/15826412/,https://image-cdn.beforward.jp/medium/202607/15826412/CD864673_c4dd79.jpg?w=200,1,2026-07-22 12:48:11.230783
BE FORWARD,CD865228,2019 DAIHATSU MIRA ES L SA 3,Daihatsu,Mira Es L Sa 3,2019.0,114193.0,650.0,Petrol,Automatic,Sedan,340299.0,2280.0,3788.0,Mombasa,USD,Yokohama,https://www.beforward.jp/daihatsu/mira-es/cd865228/id/15827218/,https://image-cdn.beforward.jp/medium/202607/15827218/CD865228_19ffe7.jpg?w=200,1,2026-07-22 12:48:11.230783
BE FORWARD,CD857759,2019 DAIHATSU HIJET CARGO SPECIAL,Daihatsu,Hijet Cargo Special,2019.0,160029.0,650.0,Petrol,Automatic,Sedan,337313.0,2260.0,3874.0,Mombasa,USD,Nagoya,https://www.beforward.jp/daihatsu/hijet-cargo/cd857759/id/15824715/,https://image-cdn.beforward.jp/medium/202607/15824715/CD857759_b0d7aa.jpg?w=200,1,2026-07-22 12:48:11.230783
BE FORWARD,CD796866,2019 DAIHATSU THOR G LIMITED SA 3,Daihatsu,Thor G Limited Sa 3,2019.0,183366.0,990.0,Petrol,Automatic,Sedan,311940.0,2090.0,3984.0,Mombasa,USD,Yokohama,https://www.beforward.jp/daihatsu/thor/cd796866/id/15763126/,https://image-cdn.beforward.jp/medium/202607/15763126/CD796866_0b690c.JPG?w=200,1,2026-07-22 12:48:11.230783
BE FORWARD,CD822810,2019 DAIHATSU MIRA ES L SA 3,Daihatsu,Mira Es L Sa 3,2019.0,123239.0,650.0,Petrol,Automatic,Sedan,359701.0,2410.0,3838.0,Mombasa,USD,Osaka,https://www.beforward.jp/daihatsu/mira-es/cd822810/id/15800793/,https://image-cdn.beforward.jp/medium/202607/15800793/CD822810_fa5130.JPG?w=200,1,2026-07-22 12:48:11.230783
BE FORWARD,CD789447,2020 DAIHATSU HIJET CARGO,Daihatsu,Hijet Cargo,2020.0,227357.0,650.0,Petrol,Automatic,Sedan,331343.0,2220.0,3946.0,Mombasa,USD,Yokohama,https://www.beforward.jp/daihatsu/hijet-cargo/cd789447/id/15753022/,https://image-cdn.beforward.jp/medium/202607/15753022/CD789447_c81969.jpg?w=200,1,2026-07-22 12:48:11.230783
BE FORWARD,CD797847,2018 DAIHATSU MOVE L,Daihatsu,Move L,2018.0,70708.0,650.0,Petrol,Automatic,Sedan,322388.0,2160.0,3662.0,Mombasa,USD,Nagoya,https://www.beforward.jp/daihatsu/move/cd797847/id/15762954/,https://image-cdn.beforward.jp/medium/202607/15762954/CD797847_89d73e.JPG?w=200,1,2026-07-22 12:48:11.230783
BE FORWARD,CD704168,2018 DAIHATSU HIJET CARGO DX,Daihatsu,Hijet Cargo Dx,2018.0,133318.0,650.0,Petrol,Automatic,Sedan,259701.0,1740.0,3405.0,Mombasa,USD,Osaka,https://www.beforward.jp/daihatsu/hijet-cargo/cd704168/id/15669363/,https://image-cdn.beforward.jp/medium/202607/15669363/CD704168_216905.jpg?w=200,1,2026-07-22 12:48:11.230783
BE FORWARD,CE145165,2021 DAIHATSU HIJET CARGO,Daihatsu,Hijet Cargo,2021.0,143527.0,660.0,Petrol,Automatic,Sedan,510448.0,3420.0,,,USD,Yokohama,https://www.beforward.jp/daihatsu/hijet-cargo/ce145165/id/16026480/,https://image-cdn.beforward.jp/medium/202607/16026480/CE145165_204fb6bd.jpg?w=200,1,2026-07-22 12:48:11.230783
BE FORWARD,CE145167,2021 DAIHATSU HIJET CARGO,Daihatsu,Hijet Cargo,2021.0,90672.0,660.0,Petrol,Automatic,Sedan,582090.0,3900.0,,,USD,Yokohama,https://www.beforward.jp/daihatsu/hijet-cargo/ce145167/id/16026482/,https://image-cdn.beforward.jp/medium/202607/16026482/CE145167_204fb6fd.jpg?w=200,1,2026-07-22 12:48:11.230783
BE FORWARD,CE145171,2019 DAIHATSU HIJET CARGO,Daihatsu,Hijet Cargo,2019.0,93334.0,660.0,Petrol,Automatic,Sedan,567164.0,3800.0,,,USD,Yokohama,https://www.beforward.jp/daihatsu/hijet-cargo/ce145171/id/16026486/,https://image-cdn.beforward.jp/medium/202607/16026486/CE145171_204fb78f.jpg?w=200,1,2026-07-22 12:48:11.230783
BE FORWARD,CE145178,2021 DAIHATSU HIJET CARGO,Daihatsu,Hijet Cargo,2021.0,136192.0,660.0,Petrol,Automatic,Sedan,553731.0,3710.0,,,USD,Yokohama,https://www.beforward.jp/daihatsu/hijet-cargo/ce145178/id/16026493/,https://image-cdn.beforward.jp/medium/202607/16026493/CE145178_204fb842.jpg?w=200,1,2026-07-22 12:48:11.230783
BE FORWARD,CD704170,2018 DAIHATSU HIJET CARGO DX,Daihatsu,Hijet Cargo Dx,2018.0,159234.0,650.0,Petrol,Automatic,Sedan,244776.0,1640.0,3293.0,Mombasa,USD,Osaka,https://www.beforward.jp/daihatsu/hijet-cargo/cd704170/id/15669386/,https://image-cdn.beforward.jp/medium/202607/15669386/CD704170_41ccbc.JPG?w=200,1,2026-07-22 12:48:11.230783
BE FORWARD,CD335986,2018 DAIHATSU MIRA ES B,Daihatsu,Mira Es B,2018.0,38141.0,650.0,Petrol,Automatic,Sedan,329851.0,2210.0,3645.0,Mombasa,USD,Yokohama,https://www.beforward.jp/daihatsu/mira-es/cd335986/id/15307882/,https://image-cdn.beforward.jp/medium/202606/15307882/CD335986_49a231.jpg?w=200,1,2026-07-22 12:48:11.230783
BE FORWARD,CE145218,2021 DAIHATSU HIJET CARGO,Daihatsu,Hijet Cargo,2021.0,110538.0,660.0,Petrol,Automatic,Sedan,556716.0,3730.0,5370.0,Mombasa,USD,Nagoya,https://www.beforward.jp/daihatsu/hijet-cargo/ce145218/id/16026533/,https://image-cdn.beforward.jp/medium/202607/16026533/CE145218_204fbceb.jpg?w=200,1,2026-07-22 12:48:11.230783
BE FORWARD,CC626311,2018 DAIHATSU HIJET TRUCK,Daihatsu,Hijet Truck,2018.0,67412.0,660.0,Petrol,Manual,Pickup,1070149.0,7170.0,9027.0,Mombasa,USD,Kyushu,https://www.beforward.jp/daihatsu/hijet-truck/cc626311/id/14647536/,https://image-cdn.beforward.jp/medium/202603/14647536/CC626311_1dc9c1fc.jpg?w=200,1,2026-07-22 12:48:11.230783
BE FORWARD,CE145098,2018 DAIHATSU MOVE CANBUS,Daihatsu,Move Canbus,2018.0,38290.0,660.0,Petrol,Cvt,Van,768657.0,5150.0,6647.0,Mombasa,USD,Kyushu,https://www.beforward.jp/daihatsu/move-canbus/ce145098/id/16026412/,https://image-cdn.beforward.jp/medium/202607/16026412/CE145098_204fa4ea.jpg?w=200,1,2026-07-22 12:48:11.230783
BE FORWARD,CE145076,2025 DAIHATSU HIJET TRUCK,Daihatsu,Hijet Truck,2025.0,7305.0,660.0,Petrol,Cvt,Pickup,1155224.0,7740.0,,,USD,Osaka,https://www.beforward.jp/daihatsu/hijet-truck/ce145076/id/16026388/,https://image-cdn.beforward.jp/medium/202607/16026388/CE145076_204f9f79.jpg?w=200,1,2026-07-22 12:48:11.230783
BE FORWARD,CE145075,2019 DAIHATSU HIJET CARGO,Daihatsu,Hijet Cargo,2019.0,61787.0,660.0,Petrol,Automatic,Sedan,580597.0,3890.0,,,USD,Osaka,https://www.beforward.jp/daihatsu/hijet-cargo/ce145075/id/16026387/,https://image-cdn.beforward.jp/medium/202607/16026387/CE145075_204f9f65.jpg?w=200,1,2026-07-22 12:48:11.230783
BE FORWARD,CE145016,2020 DAIHATSU HIJET CARGO,Daihatsu,Hijet Cargo,2020.0,244729.0,660.0,Petrol,Manual,Sedan,655224.0,4390.0,,,USD,Kyushu,https://www.beforward.jp/daihatsu/hijet-cargo/ce145016/id/16026325/,https://image-cdn.beforward.jp/medium/202607/16026325/CE145016_204f8801.jpg?w=200,1,2026-07-22 12:48:11.230783
BE FORWARD,CE144101,2018 DAIHATSU HIJET CARGO,Daihatsu,Hijet Cargo,2018.0,118970.0,660.0,Petrol,Automatic,Sedan,462687.0,3100.0,,,USD,Kyushu,https://www.beforward.jp/daihatsu/hijet-cargo/ce144101/id/16025480/,https://image-cdn.beforward.jp/medium/202607/16025480/CE144101_204f5f3f.jpg?w=200,1,2026-07-22 12:48:11.230783
BE FORWARD,CE145065,2020 DAIHATSU MIRA ES,Daihatsu,Mira Es,2020.0,10873.0,660.0,Petrol,Cvt,Sedan,798507.0,5350.0,6884.0,Mombasa,USD,Yokohama,https://www.beforward.jp/daihatsu/mira-es/ce145065/id/16026377/,https://image-cdn.beforward.jp/medium/202607/16026377/CE145065_204f99dd.jpg?w=200,1,2026-07-22 12:48:11.230783
BE FORWARD,CE145024,2025 DAIHATSU TANTO,Daihatsu,Tanto,2025.0,3854.0,660.0,Petrol,Cvt,Sedan,1444776.0,9680.0,11221.0,Mombasa,USD,Yokohama,https://www.beforward.jp/daihatsu/tanto/ce145024/id/16026333/,https://image-cdn.beforward.jp/medium/202607/16026333/CE145024_204f88fd.jpg?w=200,1,2026-07-22 12:48:11.230783
BE FORWARD,CE145007,2022 DAIHATSU TANTO,Daihatsu,Tanto,2022.0,41120.0,660.0,Petrol,Cvt,Sedan,1341791.0,8990.0,10560.0,Mombasa,USD,Yokohama,https://www.beforward.jp/daihatsu/tanto/ce145007/id/16026315/,https://image-cdn.beforward.jp/medium/202607/16026315/CE145007_204f8266.jpg?w=200,1,2026-07-22 12:48:11.230783
BE FORWARD,CE144803,2021 DAIHATSU TANTO,Daihatsu,Tanto,2021.0,48000.0,660.0,Petrol,Cvt,Sedan,1537313.0,10300.0,12025.0,Mombasa,USD,Hokkaido,https://www.beforward.jp/daihatsu/tanto/ce144803/id/16026109/,https://image-cdn.beforward.jp/medium/202607/16026109/CE144803_204f7021.jpg?w=200,1,2026-07-22 12:48:11.230783
BE FORWARD,CE144104,2018 DAIHATSU HIJET CARGO,Daihatsu,Hijet Cargo,2018.0,147287.0,660.0,Petrol,Automatic,Sedan,414925.0,2780.0,4420.0,Mombasa,USD,Kyushu,https://www.beforward.jp/daihatsu/hijet-cargo/ce144104/id/16025483/,https://image-cdn.beforward.jp/medium/202607/16025483/CE144104_204f5f53.jpg?w=200,1,2026-07-22 12:48:11.230783
BE FORWARD,CE144106,2020 DAIHATSU HIJET CARGO,Daihatsu,Hijet Cargo,2020.0,107085.0,660.0,Petrol,Automatic,Sedan,510448.0,3420.0,5063.0,Mombasa,USD,Kyushu,https://www.beforward.jp/daihatsu/hijet-cargo/ce144106/id/16025485/,https://image-cdn.beforward.jp/medium/202607/16025485/CE144106_204f5f67.jpg?w=200,1,2026-07-22 12:48:11.230783
BE FORWARD,CE144152,2022 DAIHATSU MOVE,Daihatsu,Move,2022.0,55905.0,660.0,Petrol,Cvt,Sedan,914925.0,6130.0,7808.0,Mombasa,USD,Yokohama,https://www.beforward.jp/daihatsu/move/ce144152/id/16025531/,https://image-cdn.beforward.jp/medium/202607/16025531/CE144152_204f60cd.jpg?w=200,1,2026-07-22 12:48:11.230783
BE FORWARD,CE144162,2019 DAIHATSU TANTO,Daihatsu,Tanto,2019.0,92000.0,660.0,Petrol,Cvt,Sedan,626866.0,4200.0,5754.0,Mombasa,USD,Kyushu,https://www.beforward.jp/daihatsu/tanto/ce144162/id/16025541/,https://image-cdn.beforward.jp/medium/202607/16025541/CE144162_204f6145.jpg?w=200,1,2026-07-22 12:48:11.230783
BE FORWARD,CE144008,2025 DAIHATSU HIJET CARGO,Daihatsu,Hijet Cargo,2025.0,16478.0,660.0,Petrol,Cvt,Sedan,1282090.0,8590.0,10371.0,Mombasa,USD,Kobe,https://www.beforward.jp/daihatsu/hijet-cargo/ce144008/id/16025386/,https://image-cdn.beforward.jp/medium/202607/16025386/CE144008_204f547d.jpg?w=200,1,2026-07-22 12:48:11.230783
BE FORWARD,CD578623,2020 DAIHATSU TAFT,Daihatsu,Taft,2020.0,54.0,660.0,Petrol,Cvt,Sedan,1222388.0,8190.0,9668.0,Mombasa,USD,Nagoya,https://www.beforward.jp/daihatsu/taft/cd578623/id/15534058/,https://image-cdn.beforward.jp/medium/202606/15534058/CD578623_1f63bde5.jpg?w=200,1,2026-07-22 12:48:11.230783
BE FORWARD,CE143728,2023 DAIHATSU MOVE CANBUS,Daihatsu,Move Canbus,2023.0,15163.0,660.0,Petrol,Cvt,Van,1495522.0,10020.0,11549.0,Mombasa,USD,Nagoya,https://www.beforward.jp/daihatsu/move-canbus/ce143728/id/16025295/,https://image-cdn.beforward.jp/medium/202607/16025295/CE143728_204f3722.jpg?w=200,1,2026-07-22 12:48:11.230783
BE FORWARD,CE143716,2018 DAIHATSU MOVE,Daihatsu,Move,2018.0,30716.0,660.0,Petrol,Cvt,Sedan,605970.0,4060.0,5529.0,Mombasa,USD,Nagoya,https://www.beforward.jp/daihatsu/move/ce143716/id/16025280/,https://image-cdn.beforward.jp/medium/202607/16025280/CE143716_204f301c.jpg?w=200,1,2026-07-22 12:48:11.230783
BE FORWARD,CE143700,2021 DAIHATSU TANTO,Daihatsu,Tanto,2021.0,97069.0,660.0,Petrol,Cvt,Sedan,597015.0,4000.0,5570.0,Mombasa,USD,Osaka,https://www.beforward.jp/daihatsu/tanto/ce143700/id/16025261/,https://image-cdn.beforward.jp/medium/202607/16025261/CE143700_204f27c7.jpg?w=200,1,2026-07-22 12:48:11.230783
BE FORWARD,CE143703,2022 DAIHATSU TANTO,Daihatsu,Tanto,2022.0,39359.0,660.0,Petrol,Cvt,Sedan,914925.0,6130.0,7736.0,Mombasa,USD,Yokohama,https://www.beforward.jp/daihatsu/tanto/ce143703/id/16025264/,https://image-cdn.beforward.jp/medium/202607/16025264/CE143703_204f29ef.jpg?w=200,1,2026-07-22 12:48:11.230783
BE FORWARD,CE143704,2019 DAIHATSU MIRA ES,Daihatsu,Mira Es,2019.0,26327.0,660.0,Petrol,Cvt,Sedan,565672.0,3790.0,5217.0,Mombasa,USD,Yokohama,https://www.beforward.jp/daihatsu/mira-es/ce143704/id/16025265/,https://image-cdn.beforward.jp/medium/202607/16025265/CE143704_204f2a03.jpg?w=200,1,2026-07-22 12:48:11.230783
BE FORWARD,CE143705,2021 DAIHATSU TANTO,Daihatsu,Tanto,2021.0,40778.0,660.0,Petrol,Cvt,Sedan,722388.0,4840.0,6446.0,Mombasa,USD,Yokohama,https://www.beforward.jp/daihatsu/tanto/ce143705/id/16025266/,https://image-cdn.beforward.jp/medium/202607/16025266/CE143705_204f2a17.jpg?w=200,1,2026-07-22 12:48:11.230783
BE FORWARD,CE143707,2018 DAIHATSU TANTO,Daihatsu,Tanto,2018.0,33194.0,660.0,Petrol,Cvt,Sedan,819403.0,5490.0,7067.0,Mombasa,USD,Yokohama,https://www.beforward.jp/daihatsu/tanto/ce143707/id/16025268/,https://image-cdn.beforward.jp/medium/202607/16025268/CE143707_204f2a3f.jpg?w=200,1,2026-07-22 12:48:11.230783
BE FORWARD,CD412464,2022 DAIHATSU TAFT,Daihatsu,Taft,2022.0,27000.0,660.0,Petrol,Cvt,Sedan,1397015.0,9360.0,10865.0,Mombasa,USD,Yokohama,https://www.beforward.jp/daihatsu/taft/cd412464/id/15366929/,https://image-cdn.beforward.jp/medium/202606/15366929/CD412464_1f2c3a70.jpg?w=200,1,2026-07-22 12:48:11.230783
BE FORWARD,CE143669,2018 DAIHATSU WAKE,Daihatsu,Wake,2018.0,25500.0,660.0,Petrol,Cvt,Sedan,1250746.0,8380.0,10117.0,Mombasa,USD,Yokohama,https://www.beforward.jp/daihatsu/wake/ce143669/id/16025218/,https://image-cdn.beforward.jp/medium/202607/16025218/CE143669_204f1b21.jpg?w=200,1,2026-07-22 12:48:11.230783
BE FORWARD,CE143593,2020 DAIHATSU HIJET TRUCK,Daihatsu,Hijet Truck,2020.0,45150.0,660.0,Petrol,Automatic,Pickup,674627.0,4520.0,,,USD,Kobe,https://www.beforward.jp/daihatsu/hijet-truck/ce143593/id/16025124/,https://image-cdn.beforward.jp/medium/202607/16025124/CE143593_204f11ce.jpg?w=200,1,2026-07-22 12:48:11.230783
BE FORWARD,CE143541,2019 DAIHATSU HIJET CARGO,Daihatsu,Hijet Cargo,2019.0,24200.0,660.0,Petrol,Automatic,Sedan,771642.0,5170.0,,,USD,Kyushu,https://www.beforward.jp/daihatsu/hijet-cargo/ce143541/id/16025060/,https://image-cdn.beforward.jp/medium/202607/16025060/CE143541_204f0b6d.jpg?w=200,1,2026-07-22 12:48:11.230783
BE FORWARD,CE143571,2025 DAIHATSU MOVE,Daihatsu,Move,2025.0,4070.0,660.0,Petrol,Cvt,Sedan,1617910.0,10840.0,12387.0,Mombasa,USD,Nagoya,https://www.beforward.jp/daihatsu/move/ce143571/id/16025096/,https://image-cdn.beforward.jp/medium/202607/16025096/CE143571_204f0f46.jpg?w=200,1,2026-07-22 12:48:11.230783
BE FORWARD,CE066973,2018 DAIHATSU MIRA ES,Daihatsu,Mira Es,2018.0,58000.0,660.0,Petrol,Cvt,Sedan,595522.0,3990.0,5379.0,Mombasa,USD,Yokohama,https://www.beforward.jp/daihatsu/mira-es/ce066973/id/15948030/,https://image-cdn.beforward.jp/medium/202607/15948030/CE066973_202736d4.jpg?w=200,1,2026-07-22 12:48:11.230783
BE FORWARD,CE143546,2019 DAIHATSU TANTO,Daihatsu,Tanto,2019.0,66363.0,660.0,Petrol,Cvt,Sedan,732836.0,4910.0,6568.0,Mombasa,USD,Kyushu,https://www.beforward.jp/daihatsu/tanto/ce143546/id/16025065/,https://image-cdn.beforward.jp/medium/202607/16025065/CE143546_204f0bb4.jpg?w=200,1,2026-07-22 12:48:11.230783
BE FORWARD,CE143525,2018 DAIHATSU MOVE CANBUS,Daihatsu,Move Canbus,2018.0,67950.0,660.0,Petrol,Cvt,Van,838806.0,5620.0,7153.0,Mombasa,USD,Yokohama,https://www.beforward.jp/daihatsu/move-canbus/ce143525/id/16025037/,https://image-cdn.beforward.jp/medium/202607/16025037/CE143525_204f05e0.jpg?w=200,1,2026-07-22 12:48:11.230783
BE FORWARD,CE143496,2018 DAIHATSU MIRA ES,Daihatsu,Mira Es,2018.0,43000.0,660.0,Petrol,Cvt,Sedan,605970.0,4060.0,5543.0,Mombasa,USD,Kobe,https://www.beforward.jp/daihatsu/mira-es/ce143496/id/16025003/,https://image-cdn.beforward.jp/medium/202607/16025003/CE143496_204effa3.jpg?w=200,1,2026-07-22 12:48:11.230783
BE FORWARD,CE143500,2025 DAIHATSU TANTO,Daihatsu,Tanto,2025.0,13.0,660.0,Petrol,Cvt,Sedan,1685075.0,11290.0,12867.0,Mombasa,USD,Yokohama,https://www.beforward.jp/daihatsu/tanto/ce143500/id/16025007/,https://image-cdn.beforward.jp/medium/202607/16025007/CE143500_204f006b.jpg?w=200,1,2026-07-22 12:48:11.230783
BE FORWARD,CE143501,2025 DAIHATSU TANTO,Daihatsu,Tanto,2025.0,6.0,660.0,Petrol,Cvt,Sedan,1685075.0,11290.0,12867.0,Mombasa,USD,Yokohama,https://www.beforward.jp/daihatsu/tanto/ce143501/id/16025008/,https://image-cdn.beforward.jp/medium/202607/16025008/CE143501_204f007f.jpg?w=200,1,2026-07-22 12:48:11.230783
BE FORWARD,CE062793,2026 DAIHATSU ATRAI RS,Daihatsu,Atrai Rs,2026.0,9.0,658.0,Petrol,Cvt,Sedan,2022388.0,13550.0,15208.0,Mombasa,USD,Kyushu,https://www.beforward.jp/daihatsu/atrai/ce062793/id/15943243/,https://image-cdn.beforward.jp/medium/202607/15943243/CE062793_20251d79.jpg?w=200,1,2026-07-22 12:48:11.230783
BE FORWARD,CD755271,2022 DAIHATSU HIJET TRUCK,Daihatsu,Hijet Truck,2022.0,15540.0,658.0,Petrol,Cvt,Pickup,1444776.0,9680.0,11465.0,Mombasa,USD,Kyushu,https://www.beforward.jp/daihatsu/hijet-truck/cd755271/id/15712585/,https://image-cdn.beforward.jp/medium/202606/15712585/CD755271_1fb0df22.jpg?w=200,1,2026-07-22 12:48:11.230783
BE FORWARD,CE143457,2018 DAIHATSU TANTO,Daihatsu,Tanto,2018.0,104394.0,660.0,Petrol,Cvt,Sedan,607463.0,4070.0,5741.0,Mombasa,USD,Yokohama,https://www.beforward.jp/daihatsu/tanto/ce143457/id/16024960/,https://image-cdn.beforward.jp/medium/202607/16024960/CE143457_204ef979.jpg?w=200,1,2026-07-22 12:48:11.230783
BE FORWARD,CE143463,2023 DAIHATSU ATRAI,Daihatsu,Atrai,2023.0,24673.0,660.0,Petrol,Cvt,Sedan,1502985.0,10070.0,11708.0,Mombasa,USD,Nagoya,https://www.beforward.jp/daihatsu/atrai/ce143463/id/16024966/,https://image-cdn.beforward.jp/medium/202607/16024966/CE143463_204ef9eb.jpg?w=200,1,2026-07-22 12:48:11.230783
BE FORWARD,CE011486,2018 MAZDA DEMIO 13S NOBLE CRIMSON,Mazda,Demio 13S Noble Crimson,2018.0,112508.0,290.0,Petrol,Automatic,Hatchback,658209.0,4410.0,6253.0,Mombasa,USD,Yokohama,https://www.beforward.jp/mazda/demio/ce011486/id/15917411/,https://image-cdn.beforward.jp/medium/202607/15917411/CE011486_2ed335.jpg?w=200,1,2026-07-22 12:48:11.230783
BE FORWARD,CD884317,2020 MAZDA FAMILIA VAN,Mazda,Familia Van,2020.0,107975.0,490.0,Petrol,Automatic,Van,697015.0,4670.0,6567.0,Mombasa,USD,Kyushu,https://www.beforward.jp/mazda/familia-van/cd884317/id/15854059/,https://image-cdn.beforward.jp/medium/202607/15854059/CD884317_a8191e.jpg?w=200,1,2026-07-22 12:48:11.230783
BE FORWARD,CE051388,2023 MAZDA CX-60 XD S PACKAGE,Mazda,Cx-60 Xd S Package,2023.0,35113.0,280.0,Diesel,Automatic,Sedan,1920896.0,12870.0,15230.0,Mombasa,USD,Yokohama,https://www.beforward.jp/mazda/cx-60/ce051388/id/15948194/,https://image-cdn.beforward.jp/medium/202607/15948194/CE051388_ad979c.jpg?w=200,1,2026-07-22 12:48:11.230783
BE FORWARD,CE076293,2021 MAZDA MAZDA2 15S,Mazda,Mazda2 15S,2021.0,124178.0,490.0,Petrol,Automatic,Sedan,755224.0,5060.0,6810.0,Mombasa,USD,Nagoya,https://www.beforward.jp/mazda/mazda2/ce076293/id/15959143/,https://image-cdn.beforward.jp/medium/202607/15959143/CE076293_247b7f.jpg?w=200,1,2026-07-22 12:48:11.230783
BE FORWARD,CE081971,2019 MAZDA BONGO BRAWNY VAN GL,Mazda,Bongo Brawny Van Gl,2019.0,268429.0,990.0,Petrol,Automatic,Van,1159701.0,7770.0,10274.0,Mombasa,USD,Yokohama,https://www.beforward.jp/mazda/bongo-brawny-van/ce081971/id/15971276/,https://image-cdn.beforward.jp/medium/202607/15971276/CE081971_d8bda4.jpg?w=200,1,2026-07-22 12:48:11.230783
BE FORWARD,CD908271,2021 MAZDA CX-8 XD L PACKAGE,Mazda,Cx-8 Xd L Package,2021.0,144040.0,180.0,Diesel,Automatic,Sedan,1270149.0,8510.0,10975.0,Mombasa,USD,Kobe,https://www.beforward.jp/mazda/cx-8/cd908271/id/15890429/,https://image-cdn.beforward.jp/medium/202607/15890429/CD908271_0fb38a.jpg?w=200,1,2026-07-22 12:48:11.230783
BE FORWARD,CD884795,2018 MAZDA CX-5 XD PROACTIVE,Mazda,Cx-5 Xd Proactive,2018.0,133119.0,180.0,Diesel,Automatic,Suv,1062687.0,7120.0,9432.0,Mombasa,USD,Yokohama,https://www.beforward.jp/mazda/cx-5/cd884795/id/15849908/,https://image-cdn.beforward.jp/medium/202607/15849908/CD884795_b5ae5b.jpg?w=200,1,2026-07-22 12:48:11.230783
BE FORWARD,CE061783,2019 MAZDA DEMIO 15C,Mazda,Demio 15C,2019.0,167722.0,490.0,Petrol,Automatic,Hatchback,629851.0,4220.0,5986.0,Mombasa,USD,Nagoya,https://www.beforward.jp/mazda/demio/ce061783/id/15946865/,https://image-cdn.beforward.jp/medium/202607/15946865/CE061783_c928df.jpg?w=200,1,2026-07-22 12:48:11.230783
BE FORWARD,CD884999,2018 MAZDA ATENZA 20S,Mazda,Atenza 20S,2018.0,41050.0,990.0,Petrol,Automatic,Sedan,841791.0,5640.0,7745.0,Mombasa,USD,Yokohama,https://www.beforward.jp/mazda/atenza/cd884999/id/15856898/,https://image-cdn.beforward.jp/medium/202607/15856898/CD884999_7134dd.jpg?w=200,1,2026-07-22 12:48:11.230783
BE FORWARD,CE076807,2018 MAZDA BONGO VAN DX,Mazda,Bongo Van Dx,2018.0,226962.0,790.0,Petrol,Automatic,Van,461194.0,3090.0,5321.0,Mombasa,USD,Yokohama,https://www.beforward.jp/mazda/bongo-van/ce076807/id/15961636/,https://image-cdn.beforward.jp/medium/202607/15961636/CE076807_2f83ed.jpg?w=200,1,2026-07-22 12:48:11.230783
BE FORWARD,CD864651,2018 MAZDA BONGO TRUCK DX,Mazda,Bongo Truck Dx,2018.0,247808.0,790.0,Petrol,Automatic,Pickup,532836.0,3570.0,6021.0,Mombasa,USD,Osaka,https://www.beforward.jp/mazda/bongo-truck/cd864651/id/15824263/,https://image-cdn.beforward.jp/medium/202607/15824263/CD864651_a6e216.jpg?w=200,1,2026-07-22 12:48:11.230783
BE FORWARD,CD865330,2018 MAZDA BONGO TRUCK DX,Mazda,Bongo Truck Dx,2018.0,65356.0,790.0,Petrol,Automatic,Pickup,629851.0,4220.0,7387.0,Mombasa,USD,Osaka,https://www.beforward.jp/mazda/bongo-truck/cd865330/id/15827495/,https://image-cdn.beforward.jp/medium/202607/15827495/CD865330_892bff.jpg?w=200,1,2026-07-22 12:48:11.230783
BE FORWARD,CD864876,2018 MAZDA CX-3 XD PROACTIVE,Mazda,Cx-3 Xd Proactive,2018.0,192380.0,490.0,Diesel,Automatic,Suv,705970.0,4730.0,6720.0,Mombasa,USD,Kyushu,https://www.beforward.jp/mazda/cx-3/cd864876/id/15828094/,https://image-cdn.beforward.jp/medium/202607/15828094/CD864876_32e39c.JPG?w=200,1,2026-07-22 12:48:11.230783
BE FORWARD,CE068308,2018 MAZDA FAMILIA VAN DX,Mazda,Familia Van Dx,2018.0,49896.0,490.0,Petrol,Automatic,Van,437313.0,2930.0,4804.0,Mombasa,USD,Osaka,https://www.beforward.jp/mazda/familia-van/ce068308/id/15959093/,https://image-cdn.beforward.jp/medium/202607/15959093/CE068308_d00485.jpg?w=200,1,2026-07-22 12:48:11.230783
BE FORWARD,CE076275,2018 MAZDA CX-8 XD L PACKAGE,Mazda,Cx-8 Xd L Package,2018.0,139617.0,180.0,Diesel,Automatic,Sedan,1111940.0,7450.0,9830.0,Mombasa,USD,Nagoya,https://www.beforward.jp/mazda/cx-8/ce076275/id/15959259/,https://image-cdn.beforward.jp/medium/202607/15959259/CE076275_1ee0c4.jpg?w=200,1,2026-07-22 12:48:11.230783
BE FORWARD,CD869816,2022 MAZDA CX-5 XD SMART EDITION,Mazda,Cx-5 Xd Smart Edition,2022.0,37368.0,180.0,Diesel,Automatic,Suv,1640299.0,10990.0,13247.0,Mombasa,USD,Yokohama,https://www.beforward.jp/mazda/cx-5/cd869816/id/15840521/,https://image-cdn.beforward.jp/medium/202607/15840521/CD869816_46f233.jpg?w=200,1,2026-07-22 12:48:11.230783
BE FORWARD,CD890507,2022 MAZDA CX-5 XD EXCLUSIVE MODE,Mazda,Cx-5 Xd Exclusive Mode,2022.0,195126.0,180.0,Diesel,Automatic,Suv,1449254.0,9710.0,11967.0,Mombasa,USD,Yokohama,https://www.beforward.jp/mazda/cx-5/cd890507/id/15856150/,https://image-cdn.beforward.jp/medium/202607/15856150/CD890507_84a9da.jpg?w=200,1,2026-07-22 12:48:11.230783
BE FORWARD,CD865331,2020 MAZDA BONGO TRUCK DX,Mazda,Bongo Truck Dx,2020.0,35469.0,790.0,Petrol,Automatic,Pickup,794030.0,5320.0,8519.0,Mombasa,USD,Osaka,https://www.beforward.jp/mazda/bongo-truck/cd865331/id/15826879/,https://image-cdn.beforward.jp/medium/202607/15826879/CD865331_e1c91f.jpg?w=200,1,2026-07-22 12:48:11.230783
BE FORWARD,CD822888,2018 MAZDA DEMIO XD TOURING,Mazda,Demio Xd Touring,2018.0,129415.0,490.0,Diesel,Automatic,Wagon,476119.0,3190.0,5031.0,Mombasa,USD,Kyushu,https://www.beforward.jp/mazda/demio/cd822888/id/15800188/,https://image-cdn.beforward.jp/medium/202607/15800188/CD822888_297275.jpg?w=200,1,2026-07-22 12:48:11.230783
BE FORWARD,CD865048,2022 MAZDA CX-5 20S SMART EDITION,Mazda,Cx-5 20S Smart Edition,2022.0,95665.0,990.0,Petrol,Automatic,Suv,1602985.0,10740.0,12997.0,Mombasa,USD,Yokohama,https://www.beforward.jp/mazda/cx-5/cd865048/id/15825858/,https://image-cdn.beforward.jp/medium/202607/15825858/CD865048_bfac0b.jpg?w=200,1,2026-07-22 12:48:11.230783
BE FORWARD,CD865050,2022 MAZDA CX-5 20S SMART EDITION,Mazda,Cx-5 20S Smart Edition,2022.0,94226.0,990.0,Petrol,Automatic,Suv,1602985.0,10740.0,12997.0,Mombasa,USD,Yokohama,https://www.beforward.jp/mazda/cx-5/cd865050/id/15827159/,https://image-cdn.beforward.jp/medium/202607/15827159/CD865050_1d09a7.jpg?w=200,1,2026-07-22 12:48:11.230783
BE FORWARD,CD822917,2018 MAZDA CX-8 XD PROACTIVE,Mazda,Cx-8 Xd Proactive,2018.0,130894.0,180.0,Diesel,Automatic,Sedan,1014925.0,6800.0,9342.0,Mombasa,USD,Kyushu,https://www.beforward.jp/mazda/cx-8/cd822917/id/15799973/,https://image-cdn.beforward.jp/medium/202607/15799973/CD822917_c87cb9.JPG?w=200,1,2026-07-22 12:48:11.230783
BE FORWARD,CD904721,2020 MAZDA MAZDA3 SEDAN XD PROACTIVE,Mazda,Mazda3 Sedan Xd Proactive,2020.0,294919.0,750.0,Diesel,Automatic,Sedan,677612.0,4540.0,6483.0,Mombasa,USD,Nagoya,https://www.beforward.jp/mazda/mazda3-sedan/cd904721/id/15879080/,https://image-cdn.beforward.jp/medium/202607/15879080/CD904721_f51736.jpg?w=200,1,2026-07-22 12:48:11.230783
BE FORWARD,CD869371,2020 MAZDA BONGO VAN DX,Mazda,Bongo Van Dx,2020.0,158520.0,790.0,Petrol,Automatic,Van,619403.0,4150.0,6414.0,Mombasa,USD,Osaka,https://www.beforward.jp/mazda/bongo-van/cd869371/id/15842027/,https://image-cdn.beforward.jp/medium/202607/15842027/CD869371_6e29cd.JPG?w=200,1,2026-07-22 12:48:11.230783
BE FORWARD,CD864985,2018 MAZDA DEMIO 13S TOURING,Mazda,Demio 13S Touring,2018.0,92418.0,290.0,Petrol,Automatic,Wagon,629851.0,4220.0,6061.0,Mombasa,USD,Kyushu,https://www.beforward.jp/mazda/demio/cd864985/id/15827013/,https://image-cdn.beforward.jp/medium/202607/15827013/CD864985_0ae82e.jpg?w=200,1,2026-07-22 12:48:11.230783
BE FORWARD,CD898011,2018 MAZDA DEMIO XD,Mazda,Demio Xd,2018.0,207314.0,490.0,Diesel,Automatic,Hatchback,408955.0,2740.0,4561.0,Mombasa,USD,Yokohama,https://www.beforward.jp/mazda/demio/cd898011/id/15880257/,https://image-cdn.beforward.jp/medium/202607/15880257/CD898011_c3e8ce.jpg?w=200,1,2026-07-22 12:48:11.230783
BE FORWARD,CD822695,2020 MAZDA BONGO BRAWNY VAN DX,Mazda,Bongo Brawny Van Dx,2020.0,120460.0,990.0,Petrol,Automatic,Van,1226866.0,8220.0,10690.0,Mombasa,USD,Kobe,https://www.beforward.jp/mazda/bongo-brawny-van/cd822695/id/15799722/,https://image-cdn.beforward.jp/medium/202607/15799722/CD822695_e684fa.JPG?w=200,1,2026-07-22 12:48:11.230783
BE FORWARD,CD865332,2019 MAZDA BONGO TRUCK DX,Mazda,Bongo Truck Dx,2019.0,61604.0,790.0,Petrol,Automatic,Pickup,802985.0,5380.0,8579.0,Mombasa,USD,Osaka,https://www.beforward.jp/mazda/bongo-truck/cd865332/id/15826917/,https://image-cdn.beforward.jp/medium/202607/15826917/CD865332_057974.jpg?w=200,1,2026-07-22 12:48:11.230783
BE FORWARD,CD865295,2020 MAZDA BONGO TRUCK DX,Mazda,Bongo Truck Dx,2020.0,78358.0,790.0,Petrol,Manual,Pickup,822388.0,5510.0,7877.0,Mombasa,USD,Kobe,https://www.beforward.jp/mazda/bongo-truck/cd865295/id/15827688/,https://image-cdn.beforward.jp/medium/202607/15827688/CD865295_52f82e.jpg?w=200,1,2026-07-22 12:48:11.230783
BE FORWARD,CD869902,2018 MAZDA CX-8 XD PROACTIVE,Mazda,Cx-8 Xd Proactive,2018.0,133982.0,180.0,Diesel,Automatic,Van,1016418.0,6810.0,9278.0,Mombasa,USD,Osaka,https://www.beforward.jp/mazda/cx-8/cd869902/id/15841544/,https://image-cdn.beforward.jp/medium/202607/15841544/CD869902_b83661.jpg?w=200,1,2026-07-22 12:48:11.230783
BE FORWARD,CD822417,2018 MAZDA CX-5 XD PROACTIVE,Mazda,Cx-5 Xd Proactive,2018.0,228859.0,180.0,Diesel,Automatic,Suv,1043284.0,6990.0,9278.0,Mombasa,USD,Osaka,https://www.beforward.jp/mazda/cx-5/cd822417/id/15801174/,https://image-cdn.beforward.jp/medium/202607/15801174/CD822417_5ce698.jpg?w=200,1,2026-07-22 12:48:11.230783
BE FORWARD,CD804091,2020 MAZDA FAMILIA VAN,Mazda,Familia Van,2020.0,146002.0,490.0,Petrol,Automatic,Van,679104.0,4550.0,6447.0,Mombasa,USD,Kyushu,https://www.beforward.jp/mazda/familia-van/cd804091/id/15765502/,https://image-cdn.beforward.jp/medium/202607/15765502/CD804091_399c46.JPG?w=200,1,2026-07-22 12:48:11.230783
BE FORWARD,CD908197,2018 MITSUBISHI CANTER,Mitsubishi,Canter,2018.0,304114.0,990.0,Diesel,Manual,Sedan,1062687.0,7120.0,11890.0,Mombasa,USD,Yokohama,https://www.beforward.jp/mitsubishi/canter/cd908197/id/15889489/,https://image-cdn.beforward.jp/medium/202607/15889489/CD908197_733cdc.jpg?w=200,1,2026-07-22 12:48:11.230783
BE FORWARD,CD884971,2018 MITSUBISHI EK WAGON E,Mitsubishi,Ek Wagon E,2018.0,113665.0,650.0,Petrol,Automatic,Wagon,283582.0,1900.0,3453.0,Mombasa,USD,Kyushu,https://www.beforward.jp/mitsubishi/ek-wagon/cd884971/id/15850381/,https://image-cdn.beforward.jp/medium/202607/15850381/CD884971_853e14.jpg?w=200,1,2026-07-22 12:48:11.230783
BE FORWARD,CE050065,2021 MITSUBISHI OUTLANDER PHEV G PLUS PACKAGE,Mitsubishi,Outlander Phev G Plus Package,2021.0,70324.0,350.0,Petrol,Automatic,Suv,1516418.0,10160.0,12511.0,Mombasa,USD,Yokohama,https://www.beforward.jp/mitsubishi/outlander-phev/ce050065/id/15942538/,https://image-cdn.beforward.jp/medium/202607/15942538/CE050065_7f2e73.jpg?w=200,1,2026-07-22 12:48:11.230783
BE FORWARD,CD869910,2019 MITSUBISHI MIRAGE M AS&G,Mitsubishi,Mirage M As&G,2019.0,159329.0,190.0,Petrol,Automatic,Hatchback,389552.0,2610.0,4327.0,Mombasa,USD,Osaka,https://www.beforward.jp/mitsubishi/mirage/cd869910/id/15842071/,https://image-cdn.beforward.jp/medium/202607/15842071/CD869910_96f4f5.jpg?w=200,1,2026-07-22 12:48:11.230783
BE FORWARD,CD878271,2019 MITSUBISHI EK WAGON M,Mitsubishi,Ek Wagon M,2019.0,151560.0,650.0,Petrol,Automatic,Wagon,307463.0,2060.0,3647.0,Mombasa,USD,Yokohama,https://www.beforward.jp/mitsubishi/ek-wagon/cd878271/id/15841804/,https://image-cdn.beforward.jp/medium/202607/15841804/CD878271_27e53c.jpg?w=200,1,2026-07-22 12:48:11.230783
BE FORWARD,CD884907,2018 MITSUBISHI MIRAGE M AS&G,Mitsubishi,Mirage M As&G,2018.0,162562.0,190.0,Petrol,Automatic,Hatchback,307463.0,2060.0,3735.0,Mombasa,USD,Yokohama,https://www.beforward.jp/mitsubishi/mirage/cd884907/id/15853153/,https://image-cdn.beforward.jp/medium/202607/15853153/CD884907_4882ff.jpg?w=200,1,2026-07-22 12:48:11.230783
BE FORWARD,CD890757,2020 MITSUBISHI MIRAGE G,Mitsubishi,Mirage G,2020.0,272579.0,190.0,Petrol,Automatic,Hatchback,374627.0,2510.0,4185.0,Mombasa,USD,Yokohama,https://www.beforward.jp/mitsubishi/mirage/cd890757/id/15855920/,https://image-cdn.beforward.jp/medium/202607/15855920/CD890757_dc9e85.jpg?w=200,1,2026-07-22 12:48:11.230783
BE FORWARD,CD884738,2019 MITSUBISHI MINICAB TRUCK M,Mitsubishi,Minicab Truck M,2019.0,123977.0,650.0,Petrol,Manual,Pickup,485075.0,3250.0,4831.0,Mombasa,USD,Nagoya,https://www.beforward.jp/mitsubishi/minicab-truck/cd884738/id/15852665/,https://image-cdn.beforward.jp/medium/202607/15852665/CD884738_c95939.jpg?w=200,1,2026-07-22 12:48:11.230783
BE FORWARD,CD884739,2018 MITSUBISHI MINICAB TRUCK MINORI,Mitsubishi,Minicab Truck Minori,2018.0,117847.0,650.0,Petrol,Manual,Pickup,465672.0,3120.0,4701.0,Mombasa,USD,Nagoya,https://www.beforward.jp/mitsubishi/minicab-truck/cd884739/id/15852802/,https://image-cdn.beforward.jp/medium/202607/15852802/CD884739_3c1db6.jpg?w=200,1,2026-07-22 12:48:11.230783
BE FORWARD,CD797055,2019 MITSUBISHI MIRAGE G AS&G,Mitsubishi,Mirage G As&G,2019.0,166960.0,190.0,Petrol,Automatic,Hatchback,347761.0,2330.0,4071.0,Mombasa,USD,Yokohama,https://www.beforward.jp/mitsubishi/mirage/cd797055/id/15765364/,https://image-cdn.beforward.jp/medium/202607/15765364/CD797055_951006.JPG?w=200,1,2026-07-22 12:48:11.230783
BE FORWARD,CD704274,2019 MITSUBISHI MIRAGE,Mitsubishi,Mirage,2019.0,115706.0,190.0,Petrol,Automatic,Hatchback,370149.0,2480.0,4271.0,Mombasa,USD,Kyushu,https://www.beforward.jp/mitsubishi/mirage/cd704274/id/15670744/,https://image-cdn.beforward.jp/medium/202607/15670744/CD704274_25038b.JPG?w=200,1,2026-07-22 12:48:11.230783
BE FORWARD,CD697790,2019 MITSUBISHI DELICA VAN,Mitsubishi,Delica Van,2019.0,206119.0,590.0,Petrol,Automatic,Van,532836.0,3570.0,5817.0,Mombasa,USD,Kyushu,https://www.beforward.jp/mitsubishi/delica-van/cd697790/id/15661501/,https://image-cdn.beforward.jp/medium/202607/15661501/CD697790_a3fd98.JPG?w=200,1,2026-07-22 12:48:11.230783
BE FORWARD,CD647359,2019 MITSUBISHI MIRAGE,Mitsubishi,Mirage,2019.0,47293.0,190.0,Petrol,Automatic,Hatchback,405970.0,2720.0,4461.0,Mombasa,USD,Yokohama,https://www.beforward.jp/mitsubishi/mirage/cd647359/id/15630730/,https://image-cdn.beforward.jp/medium/202606/15630730/CD647359_f1b8af.JPG?w=200,1,2026-07-22 12:48:11.230783
BE FORWARD,CD908003,2019 SUBARU IMPREZA G4 2.0I-L EYESIGHT,Subaru,Impreza G4 2.0I-L Eyesight,2019.0,28377.0,990.0,Petrol,Automatic,Sedan,822388.0,5510.0,7504.0,Mombasa,USD,Yokohama,https://www.beforward.jp/subaru/impreza-g4/cd908003/id/15891494/,https://image-cdn.beforward.jp/medium/202607/15891494/CD908003_c96f5f.jpg?w=200,1,2026-07-22 12:48:11.230783
BE FORWARD,CD907934,2018 SUBARU FORESTER 2.0XT EYESIGHT ADVANCED SAFETY P,Subaru,Forester 2.0Xt Eyesight Advanced Safety P,2018.0,90412.0,990.0,Petrol,Automatic,Van,1197015.0,8020.0,10232.0,Mombasa,USD,Nagoya,https://www.beforward.jp/subaru/forester/cd907934/id/15892379/,https://image-cdn.beforward.jp/medium/202607/15892379/CD907934_3d8fb7.jpg?w=200,1,2026-07-22 12:48:11.230783
BE FORWARD,CD898248,2021 SUBARU PLEO PLUS,Subaru,Pleo Plus,2021.0,167414.0,650.0,Petrol,Automatic,Sedan,273134.0,1830.0,3272.0,Mombasa,USD,Yokohama,https://www.beforward.jp/subaru/pleo-plus/cd898248/id/15885018/,https://image-cdn.beforward.jp/medium/202607/15885018/CD898248_e7966e.jpg?w=200,1,2026-07-22 12:48:11.230783
BE FORWARD,CD898251,2021 SUBARU PLEO PLUS,Subaru,Pleo Plus,2021.0,121399.0,650.0,Petrol,Automatic,Sedan,301493.0,2020.0,3462.0,Mombasa,USD,Yokohama,https://www.beforward.jp/subaru/pleo-plus/cd898251/id/15885439/,https://image-cdn.beforward.jp/medium/202607/15885439/CD898251_03ef96.jpg?w=200,1,2026-07-22 12:48:11.230783
BE FORWARD,CD898141,2018 SUBARU IMPREZA SPORTS 1.6I-L EYESIGHT,Subaru,Impreza Sports 1.6I-L Eyesight,2018.0,182119.0,590.0,Petrol,Automatic,Sedan,398507.0,2670.0,4619.0,Mombasa,USD,Yokohama,https://www.beforward.jp/subaru/impreza-sports/cd898141/id/15879602/,https://image-cdn.beforward.jp/medium/202607/15879602/CD898141_d062cf.jpg?w=200,1,2026-07-22 12:48:11.230783
BE FORWARD,CD884581,2022 SUBARU XV HYBRID 2.0E-L EYESIGHT,Subaru,Xv Hybrid 2.0E-L Eyesight,2022.0,135200.0,990.0,Petrol,Automatic,Sedan,983582.0,6590.0,8704.0,Mombasa,USD,Yokohama,https://www.beforward.jp/subaru/xv-hybrid/cd884581/id/15856171/,https://image-cdn.beforward.jp/medium/202607/15856171/CD884581_1aefce.JPG?w=200,1,2026-07-22 12:48:11.230783
BE FORWARD,CD898246,2021 SUBARU PLEO PLUS,Subaru,Pleo Plus,2021.0,176219.0,650.0,Petrol,Automatic,Sedan,331343.0,2220.0,3655.0,Mombasa,USD,Yokohama,https://www.beforward.jp/subaru/pleo-plus/cd898246/id/15884788/,https://image-cdn.beforward.jp/medium/202607/15884788/CD898246_07c4ef.jpg?w=200,1,2026-07-22 12:48:11.230783
BE FORWARD,CD898265,2020 SUBARU PLEO PLUS F SMART ASSIST,Subaru,Pleo Plus F Smart Assist,2020.0,109673.0,650.0,Petrol,Automatic,Sedan,355224.0,2380.0,3822.0,Mombasa,USD,Yokohama,https://www.beforward.jp/subaru/pleo-plus/cd898265/id/15884710/,https://image-cdn.beforward.jp/medium/202607/15884710/CD898265_897efe.jpg?w=200,1,2026-07-22 12:48:11.230783
BE FORWARD,CD891304,2021 SUBARU LEVORG,Subaru,Levorg,2021.0,150030.0,790.0,Petrol,Automatic,Wagon,947761.0,6350.0,8429.0,Mombasa,USD,Yokohama,https://www.beforward.jp/subaru/levorg/cd891304/id/15857025/,https://image-cdn.beforward.jp/medium/202607/15857025/CD891304_f4b86e.jpg?w=200,1,2026-07-22 12:48:11.230783
BE FORWARD,CD884577,2020 SUBARU IMPREZA SPORTS 1.6I-L EYESIGHT,Subaru,Impreza Sports 1.6I-L Eyesight,2020.0,45467.0,590.0,Petrol,Automatic,Sedan,629851.0,4220.0,6238.0,Mombasa,USD,Yokohama,https://www.beforward.jp/subaru/impreza-sports/cd884577/id/15856110/,https://image-cdn.beforward.jp/medium/202607/15856110/CD884577_cf96a5.jpg?w=200,1,2026-07-22 12:48:11.230783
BE FORWARD,CD898143,2018 SUBARU FORESTER HYBRID ADVANCE,Subaru,Forester Hybrid Advance,2018.0,146161.0,990.0,Petrol,Automatic,Van,1300000.0,8710.0,10978.0,Mombasa,USD,Yokohama,https://www.beforward.jp/subaru/forester/cd898143/id/15879618/,https://image-cdn.beforward.jp/medium/202607/15879618/CD898143_ea6693.jpg?w=200,1,2026-07-22 12:48:11.230783
BE FORWARD,CD890410,2018 SUBARU IMPREZA SPORTS 1.6I-L EYESIGHT,Subaru,Impreza Sports 1.6I-L Eyesight,2018.0,82329.0,590.0,Petrol,Automatic,Sedan,485075.0,3250.0,5199.0,Mombasa,USD,Yokohama,https://www.beforward.jp/subaru/impreza-sports/cd890410/id/15855872/,https://image-cdn.beforward.jp/medium/202607/15855872/CD890410_2dcfe3.jpg?w=200,1,2026-07-22 12:48:11.230783
BE FORWARD,CD689769,2018 SUBARU IMPREZA SPORTS 2.0I-L EYESIGHT,Subaru,Impreza Sports 2.0I-L Eyesight,2018.0,156150.0,990.0,Petrol,Automatic,Sedan,522388.0,3500.0,5515.0,Mombasa,USD,Yokohama,https://www.beforward.jp/subaru/impreza-sports/cd689769/id/15657776/,https://image-cdn.beforward.jp/medium/202606/15657776/CD689769_cfb4b5.JPG?w=200,1,2026-07-22 12:48:11.230783
BE FORWARD,CD884686,2018 SUBARU IMPREZA SPORTS 1.6I-L EYESIGHT,Subaru,Impreza Sports 1.6I-L Eyesight,2018.0,163768.0,590.0,Petrol,Automatic,Sedan,417910.0,2800.0,4736.0,Mombasa,USD,Nagoya,https://www.beforward.jp/subaru/impreza-sports/cd884686/id/15856012/,https://image-cdn.beforward.jp/medium/202607/15856012/CD884686_4c4a57.jpg?w=200,1,2026-07-22 12:48:11.230783
BE FORWARD,CD884883,2019 SUBARU FORESTER PREMIUM,Subaru,Forester Premium,2019.0,194752.0,490.0,Petrol,Automatic,Suv,1207463.0,8090.0,10424.0,Mombasa,USD,Yokohama,https://www.beforward.jp/subaru/forester/cd884883/id/15851172/,https://image-cdn.beforward.jp/medium/202607/15851172/CD884883_f94bcf.jpg?w=200,1,2026-07-22 12:48:11.230783
BE FORWARD,CD864830,2018 SUBARU SAMBAR TRANSPORTER SMART ASSIST,Subaru,Sambar Transporter Smart Assist,2018.0,198917.0,650.0,Petrol,Automatic,Sedan,301493.0,2020.0,3725.0,Mombasa,USD,Kyushu,https://www.beforward.jp/subaru/sambar/cd864830/id/15826911/,https://image-cdn.beforward.jp/medium/202607/15826911/CD864830_567cb2.JPG?w=200,1,2026-07-22 12:48:11.230783
BE FORWARD,CD878265,2021 SUBARU IMPREZA SPORTS 1.6I-L EYESIGHT,Subaru,Impreza Sports 1.6I-L Eyesight,2021.0,112076.0,590.0,Petrol,Automatic,Sedan,802985.0,5380.0,7398.0,Mombasa,USD,Yokohama,https://www.beforward.jp/subaru/impreza-sports/cd878265/id/15841715/,https://image-cdn.beforward.jp/medium/202607/15841715/CD878265_5481bd.jpg?w=200,1,2026-07-22 12:48:11.230783
BE FORWARD,CD865058,2019 SUBARU IMPREZA SPORTS 2.0I-L EYESIGHT,Subaru,Impreza Sports 2.0I-L Eyesight,2019.0,253259.0,990.0,Petrol,Automatic,Sedan,461194.0,3090.0,5105.0,Mombasa,USD,Yokohama,https://www.beforward.jp/subaru/impreza-sports/cd865058/id/15827250/,https://image-cdn.beforward.jp/medium/202607/15827250/CD865058_8435c0.JPG?w=200,1,2026-07-22 12:48:11.230783
BE FORWARD,CD870198,2018 SUBARU IMPREZA SPORTS 1.6I-L EYESIGHT,Subaru,Impreza Sports 1.6I-L Eyesight,2018.0,202970.0,590.0,Petrol,Automatic,Sedan,389552.0,2610.0,4625.0,Mombasa,USD,Yokohama,https://www.beforward.jp/subaru/impreza-sports/cd870198/id/15840333/,https://image-cdn.beforward.jp/medium/202607/15840333/CD870198_b66245.JPG?w=200,1,2026-07-22 12:48:11.230783
BE FORWARD,CD864724,2018 SUBARU SAMBAR VC TURBO SA,Subaru,Sambar Vc Turbo Sa,2018.0,202708.0,650.0,Petrol,Automatic,Sedan,283582.0,1900.0,3553.0,Mombasa,USD,Osaka,https://www.beforward.jp/subaru/sambar/cd864724/id/15827509/,https://image-cdn.beforward.jp/medium/202607/15827509/CD864724_0b2197.jpg?w=200,1,2026-07-22 12:48:11.230783
BE FORWARD,CD782707,2019 SUBARU XV 2.0I-L EYESIGHT,Subaru,Xv 2.0I-L Eyesight,2019.0,178251.0,990.0,Petrol,Automatic,Sedan,822388.0,5510.0,7618.0,Mombasa,USD,Yokohama,https://www.beforward.jp/subaru/xv/cd782707/id/15752431/,https://image-cdn.beforward.jp/medium/202607/15752431/CD782707_fe8cfb.JPG?w=200,1,2026-07-22 12:48:11.230783
BE FORWARD,CD808027,2019 SUBARU IMPREZA SPORTS 1.6I-L EYESIGHT,Subaru,Impreza Sports 1.6I-L Eyesight,2019.0,96479.0,590.0,Petrol,Automatic,Sedan,832836.0,5580.0,7522.0,Mombasa,USD,Osaka,https://www.beforward.jp/subaru/impreza-sports/cd808027/id/15795807/,https://image-cdn.beforward.jp/medium/202607/15795807/CD808027_01347d.JPG?w=200,1,2026-07-22 12:48:11.230783
BE FORWARD,CD803545,2019 SUBARU LEGACY B4,Subaru,Legacy B4,2019.0,239496.0,490.0,Petrol,Automatic,Sedan,619403.0,4150.0,6337.0,Mombasa,USD,Yokohama,https://www.beforward.jp/subaru/legacy-b4/cd803545/id/15764672/,https://image-cdn.beforward.jp/medium/202607/15764672/CD803545_ced8bb.jpg?w=200,1,2026-07-22 12:48:11.230783
BE FORWARD,CD789443,2019 SUBARU LEGACY B4,Subaru,Legacy B4,2019.0,117284.0,490.0,Petrol,Automatic,Sedan,725373.0,4860.0,7066.0,Mombasa,USD,Yokohama,https://www.beforward.jp/subaru/legacy-b4/cd789443/id/15752683/,https://image-cdn.beforward.jp/medium/202607/15752683/CD789443_c7cc13.jpg?w=200,1,2026-07-22 12:48:11.230783
BE FORWARD,CD716536,2018 SUBARU LEGACY B4,Subaru,Legacy B4,2018.0,127191.0,490.0,Petrol,Automatic,Sedan,576119.0,3860.0,6066.0,Mombasa,USD,Yokohama,https://www.beforward.jp/subaru/legacy-b4/cd716536/id/15687500/,https://image-cdn.beforward.jp/medium/202606/15687500/CD716536_d6df99.JPG?w=200,1,2026-07-22 12:48:11.230783
BE FORWARD,CD740105,2018 SUBARU JUSTY G SMART ASSIST,Subaru,Justy G Smart Assist,2018.0,133070.0,990.0,Petrol,Automatic,Sedan,255224.0,1710.0,3538.0,Mombasa,USD,Yokohama,https://www.beforward.jp/subaru/justy/cd740105/id/15714252/,https://image-cdn.beforward.jp/medium/202607/15714252/CD740105_3781a5.JPG?w=200,1,2026-07-22 12:48:11.230783
BE FORWARD,CD740088,2018 SUBARU OUTBACK,Subaru,Outback,2018.0,178897.0,490.0,Petrol,Automatic,Suv,504478.0,3380.0,5628.0,Mombasa,USD,Osaka,https://www.beforward.jp/subaru/outback/cd740088/id/15714425/,https://image-cdn.beforward.jp/medium/202607/15714425/CD740088_3dc5d7.JPG?w=200,1,2026-07-22 12:48:11.230783
BE FORWARD,CD249444,2018 SUBARU LEVORG 1.6GT EYESIGHT,Subaru,Levorg 1.6Gt Eyesight,2018.0,291261.0,590.0,Petrol,Automatic,Wagon,217910.0,1460.0,3546.0,Mombasa,USD,Kyushu,https://www.beforward.jp/subaru/levorg/cd249444/id/15234745/,https://image-cdn.beforward.jp/medium/202606/15234745/CD249444_c9a87e.JPG?w=200,1,2026-07-22 12:48:11.230783
BE FORWARD,CD622733,2021 SUBARU STELLA L SMART ASSIST,Subaru,Stella L Smart Assist,2021.0,68944.0,650.0,Petrol,Automatic,Sedan,256716.0,1720.0,3301.0,Mombasa,USD,Yokohama,https://www.beforward.jp/subaru/stella/cd622733/id/15588418/,https://image-cdn.beforward.jp/medium/202606/15588418/CD622733_fecd5c.JPG?w=200,1,2026-07-22 12:48:11.230783
BE FORWARD,CD527794,2020 SUBARU XV 1.6I-L EYESIGHT,Subaru,Xv 1.6I-L Eyesight,2020.0,198400.0,590.0,Petrol,Automatic,Sedan,686567.0,4600.0,6695.0,Mombasa,USD,Yokohama,https://www.beforward.jp/subaru/xv/cd527794/id/15496222/,https://image-cdn.beforward.jp/medium/202606/15496222/CD527794_c2b790.JPG?w=200,1,2026-07-22 12:48:11.230783
BE FORWARD,CD605852,2020 SUBARU FORESTER TOURING,Subaru,Forester Touring,2020.0,161704.0,490.0,Petrol,Automatic,Suv,1026866.0,6880.0,9193.0,Mombasa,USD,Kyushu,https://www.beforward.jp/subaru/forester/cd605852/id/15567280/,https://image-cdn.beforward.jp/medium/202607/15567280/CD605852_fbeb8e.JPG?w=200,1,2026-07-22 12:48:11.230783
BE FORWARD,CD611396,2018 SUBARU IMPREZA SPORTS 1.6I-L EYESIGHT,Subaru,Impreza Sports 1.6I-L Eyesight,2018.0,79640.0,590.0,Petrol,Automatic,Sedan,373134.0,2500.0,4515.0,Mombasa,USD,Yokohama,https://www.beforward.jp/subaru/impreza-sports/cd611396/id/15577274/,https://image-cdn.beforward.jp/medium/202606/15577274/CD611396_8779ef.JPG?w=200,1,2026-07-22 12:48:11.230783
BE FORWARD,CD222355,2021 SUBARU IMPREZA SPORTS 1.6I-L EYESIGHT,Subaru,Impreza Sports 1.6I-L Eyesight,2021.0,124949.0,590.0,Petrol,Automatic,Sedan,420896.0,2820.0,4838.0,Mombasa,USD,Yokohama,https://www.beforward.jp/subaru/impreza-sports/cd222355/id/15188278/,https://image-cdn.beforward.jp/medium/202605/15188278/CD222355_9a2708.JPG?w=200,1,2026-07-22 12:48:11.230783
BE FORWARD,CD869869,2018 ISUZU ELF TRUCK,Isuzu,Elf Truck,2018.0,347000.0,990.0,Diesel,Semi At,Pickup,947761.0,6350.0,8835.0,Mombasa,USD,Yokohama,https://www.beforward.jp/isuzu/elf-truck/cd869869/id/15841948/,https://image-cdn.beforward.jp/medium/202607/15841948/CD869869_180f4e.JPG?w=200,1,2026-07-22 12:48:11.230783
BE FORWARD,CD807768,2019 ISUZU ELF TRUCK,Isuzu,Elf Truck,2019.0,635000.0,990.0,Diesel,Semi At,Pickup,870149.0,5830.0,10259.0,Mombasa,USD,Osaka,https://www.beforward.jp/isuzu/elf-truck/cd807768/id/15779280/,https://image-cdn.beforward.jp/medium/202607/15779280/CD807768_b510a4.JPG?w=200,1,2026-07-22 12:48:11.230783
BE FORWARD,CD314831,2018 ISUZU ELF TRUCK,Isuzu,Elf Truck,2018.0,616000.0,990.0,Diesel,Semi At,Pickup,602985.0,4040.0,11835.0,Mombasa,USD,Kyushu,https://www.beforward.jp/isuzu/elf-truck/cd314831/id/15276647/,https://image-cdn.beforward.jp/medium/202607/15276647/CD314831_7ff7d2.jpg?w=200,1,2026-07-22 12:48:11.230783
BE FORWARD,CD548712,2021 ISUZU ELF TRUCK HYBRID,Isuzu,Elf Truck Hybrid,2021.0,502000.0,990.0,Diesel,Semi At,Pickup,465672.0,3120.0,10832.0,Mombasa,USD,Kyushu,https://www.beforward.jp/isuzu/elf-truck/cd548712/id/15506811/,https://image-cdn.beforward.jp/medium/202606/15506811/CD548712_c2599e.JPG?w=200,1,2026-07-22 12:48:11.230783
BE FORWARD,CE144743,2019 ISUZU ELF TRUCK,Isuzu,Elf Truck,2019.0,87881.0,0.0,Petrol,Automatic,Pickup,2331343.0,15620.0,,,USD,Yokohama,https://www.beforward.jp/isuzu/elf-truck/ce144743/id/16026049/,https://image-cdn.beforward.jp/medium/202607/16026049/CE144743_204f6c61.jpg?w=200,1,2026-07-22 12:48:11.230783
BE FORWARD,CE145147,2022 ISUZU D-MAX 1.9 ISUZU DOUBLE CAB,Isuzu,D-Max 1.9 Isuzu Double Cab,2022.0,24000.0,898.0,Petrol,Manual,Pickup,2620896.0,17560.0,,,USD,Thailand,https://www.beforward.jp/isuzu/d-max/ce145147/id/16026462/,https://image-cdn.beforward.jp/medium/202607/16026462/CE145147_204bcdb3.jpg?w=200,1,2026-07-22 12:48:11.230783
BE FORWARD,CD548713,2021 ISUZU ELF TRUCK HYBRID,Isuzu,Elf Truck Hybrid,2021.0,503000.0,990.0,Diesel,Semi At,Pickup,453731.0,3040.0,10752.0,Mombasa,USD,Kyushu,https://www.beforward.jp/isuzu/elf-truck/cd548713/id/15506836/,https://image-cdn.beforward.jp/medium/202606/15506836/CD548713_d67a02.JPG?w=200,1,2026-07-22 12:48:11.230783
BE FORWARD,CD548714,2021 ISUZU ELF TRUCK HYBRID,Isuzu,Elf Truck Hybrid,2021.0,506000.0,990.0,Diesel,Semi At,Pickup,453731.0,3040.0,10752.0,Mombasa,USD,Kyushu,https://www.beforward.jp/isuzu/elf-truck/cd548714/id/15506886/,https://image-cdn.beforward.jp/medium/202606/15506886/CD548714_b16357.JPG?w=200,1,2026-07-22 12:48:11.230783
BE FORWARD,CE144105,2020 ISUZU D-MAX 1.9 DOUBLE CAB,Isuzu,D-Max 1.9 Double Cab,2020.0,172000.0,898.0,Diesel,Automatic,Pickup,3038806.0,20360.0,23004.0,Mombasa,USD,Thailand,https://www.beforward.jp/isuzu/d-max/ce144105/id/16025484/,https://image-cdn.beforward.jp/medium/202607/16025484/CE144105_204a26d8.jpg?w=200,1,2026-07-22 12:48:11.230783
BE FORWARD,CD739764,2021 ISUZU ELF TRUCK,Isuzu,Elf Truck,2021.0,196400.0,0.0,Diesel,Automatic,Pickup,2359701.0,15810.0,23557.0,Mombasa,USD,Yokohama,https://www.beforward.jp/isuzu/elf-truck/cd739764/id/15697162/,https://image-cdn.beforward.jp/medium/202606/15697162/CD739764_1fadff1b.jpg?w=200,1,2026-07-22 12:48:11.230783
BE FORWARD,CD689458,2021 ISUZU ELF TRUCK,Isuzu,Elf Truck,2021.0,206600.0,0.0,Diesel,Automatic,Pickup,2264179.0,15170.0,22809.0,Mombasa,USD,Yokohama,https://www.beforward.jp/isuzu/elf-truck/cd689458/id/15646788/,https://image-cdn.beforward.jp/medium/202606/15646788/CD689458_1f95bbd5.jpg?w=200,1,2026-07-22 12:48:11.230783
BE FORWARD,CD768578,2020 ISUZU ELF TRUCK,Isuzu,Elf Truck,2020.0,163500.0,0.0,Diesel,Automatic,Pickup,2264179.0,15170.0,23739.0,Mombasa,USD,Yokohama,https://www.beforward.jp/isuzu/elf-truck/cd768578/id/15726214/,https://image-cdn.beforward.jp/medium/202606/15726214/CD768578_1fbcd9fd.jpg?w=200,1,2026-07-22 12:48:11.230783
BE FORWARD,CD527221,2020 ISUZU ELF TRUCK,Isuzu,Elf Truck,2020.0,329800.0,0.0,Diesel,Automatic,Pickup,1926866.0,12910.0,20924.0,Mombasa,USD,Yokohama,https://www.beforward.jp/isuzu/elf-truck/cd527221/id/15483164/,https://image-cdn.beforward.jp/medium/202606/15483164/CD527221_1f4bbb96.jpg?w=200,1,2026-07-22 12:48:11.230783
BE FORWARD,CD511318,2021 ISUZU ELF TRUCK,Isuzu,Elf Truck,2021.0,308000.0,0.0,Diesel,Automatic,Pickup,1879104.0,12590.0,20337.0,Mombasa,USD,Yokohama,https://www.beforward.jp/isuzu/elf-truck/cd511318/id/15467294/,https://image-cdn.beforward.jp/medium/202606/15467294/CD511318_1f44b609.jpg?w=200,1,2026-07-22 12:48:11.230783
BE FORWARD,CE143451,2019 ISUZU ELF TRUCK,Isuzu,Elf Truck,2019.0,168969.0,0.0,Petrol,Automatic,Pickup,2119403.0,14200.0,,,USD,Yokohama,https://www.beforward.jp/isuzu/elf-truck/ce143451/id/16024954/,https://image-cdn.beforward.jp/medium/202607/16024954/CE143451_204ef8f2.jpg?w=200,1,2026-07-22 12:48:11.230783
BE FORWARD,CE136477,2018 ISUZU ELF TRUCK,Isuzu,Elf Truck,2018.0,158884.0,990.0,Petrol,Manual,Pickup,1849254.0,12390.0,,,USD,Yokohama,https://www.beforward.jp/isuzu/elf-truck/ce136477/id/16017858/,https://image-cdn.beforward.jp/medium/202607/16017858/CE136477_204d9fd2.jpg?w=200,1,2026-07-22 12:48:11.230783
BE FORWARD,CE136194,2019 ISUZU ELF TRUCK,Isuzu,Elf Truck,2019.0,21680.0,0.0,Petrol,Automatic,Pickup,3274627.0,21940.0,,,USD,Yokohama,https://www.beforward.jp/isuzu/elf-truck/ce136194/id/16017560/,https://image-cdn.beforward.jp/medium/202607/16017560/CE136194_204d6214.jpg?w=200,1,2026-07-22 12:48:11.230783
BE FORWARD,CE143446,2025 ISUZU D-MAX 3.0 DMAX SINGLE CAB,Isuzu,D-Max 3.0 Dmax Single Cab,2025.0,2600.0,999.0,Diesel,Manual,Pickup,3338806.0,22370.0,25026.0,Mombasa,USD,Thailand,https://www.beforward.jp/isuzu/d-max/ce143446/id/16024947/,https://image-cdn.beforward.jp/medium/202607/16024947/CE143446_2033b73f.jpg?w=200,1,2026-07-22 12:48:11.230783
BE FORWARD,CE143440,2020 ISUZU D-MAX 1.9 DMAX SMART CAB,Isuzu,D-Max 1.9 Dmax Smart Cab,2020.0,40000.0,898.0,Diesel,Manual,Pickup,2294030.0,15370.0,18026.0,Mombasa,USD,Thailand,https://www.beforward.jp/isuzu/d-max/ce143440/id/16024941/,https://image-cdn.beforward.jp/medium/202607/16024941/CE143440_20491917.jpg?w=200,1,2026-07-22 12:48:11.230783
BE FORWARD,CE143438,2021 ISUZU MU-X 3.0 MU-X SUV,Isuzu,Mu-X 3.0 Mu-X Suv,2021.0,141686.0,999.0,Diesel,Automatic,Suv,5016418.0,33610.0,36082.0,Mombasa,USD,Thailand,https://www.beforward.jp/isuzu/mu-x/ce143438/id/16024937/,https://image-cdn.beforward.jp/medium/202607/16024937/CE143438_20491939.jpg?w=200,1,2026-07-22 12:48:11.230783
BE FORWARD,CE143328,2020 ISUZU D-MAX 1.9 DMAX DOUBLE CAB,Isuzu,D-Max 1.9 Dmax Double Cab,2020.0,52958.0,898.0,Diesel,Manual,Pickup,2531343.0,16960.0,19616.0,Mombasa,USD,Thailand,https://www.beforward.jp/isuzu/d-max/ce143328/id/16024820/,https://image-cdn.beforward.jp/medium/202607/16024820/CE143328_204921b0.jpg?w=200,1,2026-07-22 12:48:11.230783
BE FORWARD,CE143232,2019 ISUZU D-MAX 1.9 DMAX DOUBLE CAB,Isuzu,D-Max 1.9 Dmax Double Cab,2019.0,60000.0,898.0,Diesel,Manual,Pickup,2294030.0,15370.0,18026.0,Mombasa,USD,Thailand,https://www.beforward.jp/isuzu/d-max/ce143232/id/16024722/,https://image-cdn.beforward.jp/medium/202607/16024722/CE143232_20492523.jpg?w=200,1,2026-07-22 12:48:11.230783
BE FORWARD,CE141943,2021 ISUZU D-MAX 1.9 DOUBLE CAB,Isuzu,D-Max 1.9 Double Cab,2021.0,69800.0,898.0,Diesel,Manual,Pickup,2895522.0,19400.0,22080.0,Mombasa,USD,Thailand,https://www.beforward.jp/isuzu/d-max/ce141943/id/16023410/,https://image-cdn.beforward.jp/medium/202607/16023410/CE141943_204ec9b2.jpg?w=200,1,2026-07-22 12:48:11.230783
BE FORWARD,CE139323,2023 ISUZU D-MAX 1.9 DOUBLE CAB,Isuzu,D-Max 1.9 Double Cab,2023.0,73500.0,898.0,Diesel,Manual,Pickup,3386567.0,22690.0,25395.0,Mombasa,USD,Thailand,https://www.beforward.jp/isuzu/d-max/ce139323/id/16020775/,https://image-cdn.beforward.jp/medium/202607/16020775/CE139323_204dcca2.jpg?w=200,1,2026-07-22 12:48:11.230783
BE FORWARD,CE138963,2020 ISUZU D-MAX 1.9 DOUBLE CAB,Isuzu,D-Max 1.9 Double Cab,2020.0,82900.0,898.0,Diesel,Manual,Pickup,2864179.0,19190.0,21895.0,Mombasa,USD,Thailand,https://www.beforward.jp/isuzu/d-max/ce138963/id/16020415/,https://image-cdn.beforward.jp/medium/202607/16020415/CE138963_204dd368.jpg?w=200,1,2026-07-22 12:48:11.230783
BE FORWARD,CE138351,2021 ISUZU D-MAX 1.9 DOUBLE CAB,Isuzu,D-Max 1.9 Double Cab,2021.0,71400.0,898.0,Diesel,Automatic,Pickup,3465672.0,23220.0,25925.0,Mombasa,USD,Thailand,https://www.beforward.jp/isuzu/d-max/ce138351/id/16019801/,https://image-cdn.beforward.jp/medium/202607/16019801/CE138351_204ddd2e.jpg?w=200,1,2026-07-22 12:48:11.230783
BE FORWARD,CE138334,2019 ISUZU D-MAX 3.0 DOUBLE CAB,Isuzu,D-Max 3.0 Double Cab,2019.0,131000.0,999.0,Diesel,Automatic,Pickup,2737313.0,18340.0,21045.0,Mombasa,USD,Thailand,https://www.beforward.jp/isuzu/d-max/ce138334/id/16019783/,https://image-cdn.beforward.jp/medium/202607/16019783/CE138334_204e1e34.jpg?w=200,1,2026-07-22 12:48:11.230783
BE FORWARD,CE136069,2019 ISUZU ELF TRUCK,Isuzu,Elf Truck,2019.0,138384.0,990.0,Diesel,Manual,Pickup,5759701.0,38590.0,43803.0,Mombasa,USD,Kobe,https://www.beforward.jp/isuzu/elf-truck/ce136069/id/16017435/,https://image-cdn.beforward.jp/medium/202607/16017435/CE136069_204d5139.jpg?w=200,1,2026-07-22 12:48:11.230783
BE FORWARD,CE133305,2019 ISUZU ELF TRUCK,Isuzu,Elf Truck,2019.0,72000.0,0.0,Diesel,Manual,Pickup,3659701.0,24520.0,33183.0,Mombasa,USD,Yokohama,https://www.beforward.jp/isuzu/elf-truck/ce133305/id/16014756/,https://image-cdn.beforward.jp/medium/202607/16014756/CE133305_204ba3b7.jpg?w=200,1,2026-07-22 12:48:11.230783
BE FORWARD,CE132964,2019 ISUZU ELF TRUCK,Isuzu,Elf Truck,2019.0,59333.0,0.0,Diesel,Automatic,Pickup,2311940.0,15490.0,18033.0,Mombasa,USD,Yokohama,https://www.beforward.jp/isuzu/elf-truck/ce132964/id/16014408/,https://image-cdn.beforward.jp/medium/202607/16014408/CE132964_204b85e4.jpg?w=200,1,2026-07-22 12:48:11.230783
BE FORWARD,CE130930,2020 ISUZU ELF TRUCK 3T,Isuzu,Elf Truck 3T,2020.0,58085.0,0.0,Diesel,Manual,Pickup,4074627.0,27300.0,29908.0,Mombasa,USD,Osaka,https://www.beforward.jp/isuzu/elf-truck/ce130930/id/16012359/,https://image-cdn.beforward.jp/medium/202607/16012359/CE130930_204abe32.jpg?w=200,1,2026-07-22 12:48:11.230783
BE FORWARD,CE130681,2018 ISUZU ELF TRUCK,Isuzu,Elf Truck,2018.0,282500.0,0.0,Diesel,Manual,Pickup,3102985.0,20790.0,30093.0,Mombasa,USD,Kobe,https://www.beforward.jp/isuzu/elf-truck/ce130681/id/16012105/,https://image-cdn.beforward.jp/medium/202607/16012105/CE130681_204a58b2.jpg?w=200,1,2026-07-22 12:48:11.230783
BE FORWARD,CE130665,2019 ISUZU D-MAX 3.0 V-CROSS SMART CAB,Isuzu,D-Max 3.0 V-Cross Smart Cab,2019.0,51000.0,999.0,Diesel,Manual,Pickup,2389552.0,16010.0,18666.0,Mombasa,USD,Thailand,https://www.beforward.jp/isuzu/d-max/ce130665/id/16012089/,https://image-cdn.beforward.jp/medium/202607/16012089/CE130665_204a54d2.jpg?w=200,1,2026-07-22 12:48:11.230783
BE FORWARD,CE130505,2024 ISUZU ELF TRUCK,Isuzu,Elf Truck,2024.0,75847.0,0.0,Petrol,Manual,Pickup,3900000.0,26130.0,,,USD,Yokohama,https://www.beforward.jp/isuzu/elf-truck/ce130505/id/16011926/,https://image-cdn.beforward.jp/medium/202607/16011926/CE130505_204a1c92.jpg?w=200,1,2026-07-22 12:48:11.230783
BE FORWARD,CE130511,2021 ISUZU FORWARD,Isuzu,Forward,2021.0,31159.0,200.0,Petrol,Manual,Sedan,4767164.0,31940.0,,,USD,Yokohama,https://www.beforward.jp/isuzu/forward/ce130511/id/16011932/,https://image-cdn.beforward.jp/medium/202607/16011932/CE130511_204a1d61.jpg?w=200,1,2026-07-22 12:48:11.230783
BE FORWARD,CE130588,2021 ISUZU D-MAX 1.9 DOUBLE CAB,Isuzu,D-Max 1.9 Double Cab,2021.0,47000.0,898.0,Diesel,Automatic,Pickup,2777612.0,18610.0,21278.0,Mombasa,USD,Thailand,https://www.beforward.jp/isuzu/d-max/ce130588/id/16012011/,https://image-cdn.beforward.jp/medium/202607/16012011/CE130588_204a2d2f.jpg?w=200,1,2026-07-22 12:48:11.230783
BE FORWARD,CE130542,2023 ISUZU D-MAX 1.9 HI-LANDER DOUBLE CAB,Isuzu,D-Max 1.9 Hi-Lander Double Cab,2023.0,70700.0,898.0,Diesel,Manual,Pickup,3417910.0,22900.0,25556.0,Mombasa,USD,Thailand,https://www.beforward.jp/isuzu/d-max/ce130542/id/16011964/,https://image-cdn.beforward.jp/medium/202607/16011964/CE130542_204a27ab.jpg?w=200,1,2026-07-22 12:48:11.230783
BE FORWARD,CE130512,2018 ISUZU ELF TRUCK,Isuzu,Elf Truck,2018.0,7571.0,0.0,Diesel,Automatic,Pickup,4189552.0,28070.0,34852.0,Mombasa,USD,Yokohama,https://www.beforward.jp/isuzu/elf-truck/ce130512/id/16011933/,https://image-cdn.beforward.jp/medium/202607/16011933/CE130512_204a1d75.jpg?w=200,1,2026-07-22 12:48:11.230783
BE FORWARD,CE130514,2020 ISUZU ELF TRUCK,Isuzu,Elf Truck,2020.0,27212.0,0.0,Diesel,Automatic,Pickup,3707463.0,24840.0,27484.0,Mombasa,USD,Yokohama,https://www.beforward.jp/isuzu/elf-truck/ce130514/id/16011935/,https://image-cdn.beforward.jp/medium/202607/16011935/CE130514_204a1db2.jpg?w=200,1,2026-07-22 12:48:11.230783
BE FORWARD,CE130424,2022 ISUZU D-MAX 3.0 HI-LANDER DOUBLE CAB,Isuzu,D-Max 3.0 Hi-Lander Double Cab,2022.0,70400.0,999.0,Diesel,Manual,Pickup,3528358.0,23640.0,26296.0,Mombasa,USD,Thailand,https://www.beforward.jp/isuzu/d-max/ce130424/id/16011845/,https://image-cdn.beforward.jp/medium/202607/16011845/CE130424_204a0bc1.jpg?w=200,1,2026-07-22 12:48:11.230783
BE FORWARD,CC361124,2022 ISUZU D-MAX,Isuzu,D-Max,2022.0,86000.0,900.0,Petrol,Automatic,Pickup,2904478.0,19460.0,22044.0,Mombasa,USD,Thailand,https://www.beforward.jp/isuzu/d-max/cc361124/id/14379998/,https://image-cdn.beforward.jp/medium/202603/14379998/CC361124_1d39bcb3.jpg?w=200,1,2026-07-22 12:48:11.230783
BE FORWARD,CC405126,2023 ISUZU D-MAX,Isuzu,D-Max,2023.0,12919.0,898.0,Diesel,Automatic,Pickup,3761194.0,25200.0,27792.0,Mombasa,USD,Thailand,https://www.beforward.jp/isuzu/d-max/cc405126/id/14424817/,https://image-cdn.beforward.jp/medium/202603/14424817/CC405126_1d53c53a.jpg?w=200,1,2026-07-22 12:48:11.230783
BE FORWARD,CC772893,2024 ISUZU D-MAX,Isuzu,D-Max,2024.0,3058.0,900.0,Diesel,Manual,Pickup,2907463.0,19480.0,22064.0,Mombasa,USD,Thailand,https://www.beforward.jp/isuzu/d-max/cc772893/id/14793808/,https://image-cdn.beforward.jp/medium/202604/14793808/CC772893_1e0d00e1.jpg?w=200,1,2026-07-22 12:48:11.230783
BE FORWARD,CC842453,2018 ISUZU MU-X,Isuzu,Mu-X,2018.0,149675.0,0.0,Diesel,Automatic,Van,3007463.0,20150.0,22600.0,Mombasa,USD,Thailand,https://www.beforward.jp/isuzu/mu-x/cc842453/id/14864970/,https://image-cdn.beforward.jp/medium/202604/14864970/CC842453_1e1d4767.jpg?w=200,1,2026-07-22 12:48:11.230783
BE FORWARD,CD373312,2021 ISUZU D-MAX,Isuzu,D-Max,2021.0,116286.0,900.0,Diesel,Automatic,Pickup,2613433.0,17510.0,20106.0,Mombasa,USD,Thailand,https://www.beforward.jp/isuzu/d-max/cd373312/id/15327445/,https://image-cdn.beforward.jp/medium/202605/15327445/CD373312_1ed397a8.jpg?w=200,1,2026-07-22 12:48:11.230783
BE FORWARD,CD325558,2021 ISUZU MU-X 1.9 ELEGANT 2WD,Isuzu,Mu-X 1.9 Elegant 2Wd,2021.0,162399.0,898.0,Diesel,Automatic,Van,4031343.0,27010.0,29494.0,Mombasa,USD,Thailand,https://www.beforward.jp/isuzu/mu-x/cd325558/id/15279827/,https://image-cdn.beforward.jp/medium/202605/15279827/CD325558_1eed883b.jpg?w=200,1,2026-07-22 12:48:11.230783
BE FORWARD,CD351959,2022 ISUZU D-MAX,Isuzu,D-Max,2022.0,42134.0,898.0,Diesel,Manual,Pickup,2355224.0,15780.0,18156.0,Mombasa,USD,Thailand,https://www.beforward.jp/isuzu/d-max/cd351959/id/15305646/,https://image-cdn.beforward.jp/medium/202605/15305646/CD351959_1eedf092.jpg?w=200,1,2026-07-22 12:48:11.230783
BE FORWARD,CD394671,2020 ISUZU D-MAX,Isuzu,D-Max,2020.0,93600.0,898.0,Diesel,Automatic,Pickup,2158209.0,14460.0,17104.0,Mombasa,USD,Thailand,https://www.beforward.jp/isuzu/d-max/cd394671/id/15349434/,https://image-cdn.beforward.jp/medium/202605/15349434/CD394671_1f0bd9ee.jpg?w=200,1,2026-07-22 12:48:11.230783
BE FORWARD,CD621389,2019 ISUZU D-MAX,Isuzu,D-Max,2019.0,104936.0,999.0,Diesel,Automatic,Pickup,2759701.0,18490.0,21146.0,Mombasa,USD,Thailand,https://www.beforward.jp/isuzu/d-max/cd621389/id/15577988/,https://image-cdn.beforward.jp/medium/202606/15577988/CD621389_1f195cbd.jpg?w=200,1,2026-07-22 12:48:11.230783
BE FORWARD,CD459965,2024 ISUZU D-MAX,Isuzu,D-Max,2024.0,4229.0,898.0,Diesel,Automatic,Pickup,4162687.0,27890.0,30498.0,Mombasa,USD,Thailand,https://www.beforward.jp/isuzu/d-max/cd459965/id/15415032/,https://image-cdn.beforward.jp/medium/202606/15415032/CD459965_1f2c6c99.jpg?w=200,1,2026-07-22 12:48:11.230783
BE FORWARD,CD596107,2022 ISUZU MU-X,Isuzu,Mu-X,2022.0,56114.0,900.0,Diesel,Automatic,Van,4668657.0,31280.0,33797.0,Mombasa,USD,Thailand,https://www.beforward.jp/isuzu/mu-x/cd596107/id/15552705/,https://image-cdn.beforward.jp/medium/202606/15552705/CD596107_1f6c8f5a.jpg?w=200,1,2026-07-22 12:48:11.230783
BE FORWARD,CB471901,2019 ISUZU FORWARD,Isuzu,Forward,2019.0,392179.0,190.0,Petrol,Manual,Sedan,3611940.0,24200.0,,,USD,Yokohama,https://www.beforward.jp/isuzu/forward/cb471901/id/13532517/,https://image-cdn.beforward.jp/medium/202602/13532517/CB471901_1cee107b.jpg?w=200,1,2026-07-22 12:48:11.230783
BE FORWARD,CD394677,2018 ISUZU D-MAX,Isuzu,D-Max,2018.0,122700.0,898.0,Diesel,Manual,Pickup,2004478.0,13430.0,16086.0,Mombasa,USD,Thailand,https://www.beforward.jp/isuzu/d-max/cd394677/id/15349440/,https://image-cdn.beforward.jp/medium/202605/15349440/CD394677_1f0c24ec.jpg?w=200,1,2026-07-22 12:48:11.230783
BE FORWARD,CE128662,2020 ISUZU D-MAX 1.9 DOUBLE CAB,Isuzu,D-Max 1.9 Double Cab,2020.0,40900.0,898.0,Diesel,Manual,Pickup,3005970.0,20140.0,22784.0,Mombasa,USD,Thailand,https://www.beforward.jp/isuzu/d-max/ce128662/id/16010132/,https://image-cdn.beforward.jp/medium/202607/16010132/CE128662_20493380.jpg?w=200,1,2026-07-22 12:48:11.230783
BE FORWARD,CE128453,2019 ISUZU D-MAX 1.9 HI-LANDER DOUBLE CAB,Isuzu,D-Max 1.9 Hi-Lander Double Cab,2019.0,37000.0,898.0,Diesel,Manual,Pickup,2200000.0,14740.0,17396.0,Mombasa,USD,Thailand,https://www.beforward.jp/isuzu/d-max/ce128453/id/16009923/,https://image-cdn.beforward.jp/medium/202607/16009923/CE128453_20491f6e.jpg?w=200,1,2026-07-22 12:48:11.230783
BE FORWARD,CE128381,2021 ISUZU D-MAX 1.9 DOUBLE CAB,Isuzu,D-Max 1.9 Double Cab,2021.0,57000.0,898.0,Diesel,Automatic,Pickup,3162687.0,21190.0,23858.0,Mombasa,USD,Thailand,https://www.beforward.jp/isuzu/d-max/ce128381/id/16009851/,https://image-cdn.beforward.jp/medium/202607/16009851/CE128381_2048dc15.jpg?w=200,1,2026-07-22 12:48:11.230783
BE FORWARD,CE127634,2022 ISUZU D-MAX,Isuzu,D-Max,2022.0,45583.0,898.0,Diesel,Manual,Pickup,2856716.0,19140.0,21712.0,Mombasa,USD,Thailand,https://www.beforward.jp/isuzu/d-max/ce127634/id/16009064/,https://image-cdn.beforward.jp/medium/202607/16009064/CE127634_2034722e.jpg?w=200,1,2026-07-22 12:48:11.230783
BE FORWARD,CE127636,2025 ISUZU MU-X,Isuzu,Mu-X,2025.0,76724.0,999.0,Diesel,Automatic,Van,6622388.0,44370.0,46876.0,Mombasa,USD,Thailand,https://www.beforward.jp/isuzu/mu-x/ce127636/id/16009066/,https://image-cdn.beforward.jp/medium/202607/16009066/CE127636_2038f63a.jpg?w=200,1,2026-07-22 12:48:11.230783
BE FORWARD,CE127639,2021 ISUZU D-MAX,Isuzu,D-Max,2021.0,94123.0,898.0,Diesel,Automatic,Pickup,3408955.0,22840.0,25412.0,Mombasa,USD,Thailand,https://www.beforward.jp/isuzu/d-max/ce127639/id/16009069/,https://image-cdn.beforward.jp/medium/202607/16009069/CE127639_20396a1a.jpg?w=200,1,2026-07-22 12:48:11.230783
BE FORWARD,CE127650,2021 ISUZU D-MAX,Isuzu,D-Max,2021.0,266263.0,898.0,Diesel,Automatic,Pickup,2623881.0,17580.0,20164.0,Mombasa,USD,Thailand,https://www.beforward.jp/isuzu/d-max/ce127650/id/16009080/,https://image-cdn.beforward.jp/medium/202607/16009080/CE127650_20429c4e.jpg?w=200,1,2026-07-22 12:48:11.230783
BE FORWARD,CE127176,2019 ISUZU ELF TRUCK 4WD,Isuzu,Elf Truck 4Wd,2019.0,122000.0,0.0,Diesel,Manual,Pickup,3880597.0,26000.0,35176.0,Mombasa,USD,Nagoya,https://www.beforward.jp/isuzu/elf-truck/ce127176/id/16008597/,https://image-cdn.beforward.jp/medium/202607/16008597/CE127176_2047eb31.jpg?w=200,1,2026-07-22 12:48:11.230783
BE FORWARD,CC799683,2018 ISUZU ELF TRUCK,Isuzu,Elf Truck,2018.0,120930.0,0.0,Diesel,Manual,Pickup,2040299.0,13670.0,19050.0,Mombasa,USD,Yokohama,https://www.beforward.jp/isuzu/elf-truck/cc799683/id/14821995/,https://image-cdn.beforward.jp/medium/202607/14821995/CC799683_2046d18e.jpg?w=200,1,2026-07-22 12:48:11.230783
BE FORWARD,CE120042,2018 ISUZU ELF TRUCK,Isuzu,Elf Truck,2018.0,31959.0,0.0,Petrol,Automatic,Pickup,6259701.0,41940.0,,,USD,Yokohama,https://www.beforward.jp/isuzu/elf-truck/ce120042/id/16001394/,https://image-cdn.beforward.jp/medium/202607/16001394/CE120042_20434a18.jpg?w=200,1,2026-07-22 12:48:11.230783
BE FORWARD,CE119450,2019 ISUZU ELF TRUCK,Isuzu,Elf Truck,2019.0,160995.0,0.0,Petrol,Automatic,Pickup,1444776.0,9680.0,,,USD,Kobe,https://www.beforward.jp/isuzu/elf-truck/ce119450/id/16000785/,https://image-cdn.beforward.jp/medium/202607/16000785/CE119450_2042b571.jpg?w=200,1,2026-07-22 12:48:11.230783
BE FORWARD,CE122571,2021 ISUZU D-MAX 1.9 CAB,Isuzu,D-Max 1.9 Cab,2021.0,73300.0,898.0,Diesel,Automatic,Pickup,2974627.0,19930.0,22635.0,Mombasa,USD,Thailand,https://www.beforward.jp/isuzu/d-max/ce122571/id/16003966/,https://image-cdn.beforward.jp/medium/202607/16003966/CE122571_2043646d.jpg?w=200,1,2026-07-22 12:48:11.230783
BE FORWARD,CE122531,2021 ISUZU D-MAX 1.9 DOUBLE CAB,Isuzu,D-Max 1.9 Double Cab,2021.0,217000.0,898.0,Diesel,Manual,Pickup,2926866.0,19610.0,22315.0,Mombasa,USD,Thailand,https://www.beforward.jp/isuzu/d-max/ce122531/id/16003926/,https://image-cdn.beforward.jp/medium/202607/16003926/CE122531_20437d03.jpg?w=200,1,2026-07-22 12:48:11.230783
BE FORWARD,CE122523,2021 ISUZU MU-X 3.0,Isuzu,Mu-X 3.0,2021.0,99500.0,999.0,Diesel,Automatic,Van,4429851.0,29680.0,32152.0,Mombasa,USD,Thailand,https://www.beforward.jp/isuzu/mu-x/ce122523/id/16003918/,https://image-cdn.beforward.jp/medium/202607/16003918/CE122523_204382b9.jpg?w=200,1,2026-07-22 12:48:11.230783
BE FORWARD,CE121987,2021 ISUZU D-MAX 1.9 DMAX DOUBLE CAB,Isuzu,D-Max 1.9 Dmax Double Cab,2021.0,49000.0,898.0,Diesel,Manual,Pickup,2674627.0,17920.0,20576.0,Mombasa,USD,Thailand,https://www.beforward.jp/isuzu/d-max/ce121987/id/16003375/,https://image-cdn.beforward.jp/medium/202607/16003375/CE121987_2043e1db.jpg?w=200,1,2026-07-22 12:48:11.230783
BE FORWARD,CE121873,2022 ISUZU D-MAX 3.0 DMAX DOUBLE CAB,Isuzu,D-Max 3.0 Dmax Double Cab,2022.0,90700.0,999.0,Diesel,Automatic,Pickup,4177612.0,27990.0,30646.0,Mombasa,USD,Thailand,https://www.beforward.jp/isuzu/d-max/ce121873/id/16003260/,https://image-cdn.beforward.jp/medium/202607/16003260/CE121873_2043f867.jpg?w=200,1,2026-07-22 12:48:11.230783
BE FORWARD,CE121704,2019 ISUZU D-MAX 1.9 DMAX DOUBLE CAB,Isuzu,D-Max 1.9 Dmax Double Cab,2019.0,94000.0,898.0,Diesel,Manual,Pickup,2674627.0,17920.0,20576.0,Mombasa,USD,Thailand,https://www.beforward.jp/isuzu/d-max/ce121704/id/16003089/,https://image-cdn.beforward.jp/medium/202607/16003089/CE121704_20440e5b.jpg?w=200,1,2026-07-22 12:48:11.230783
BE FORWARD,CE121083,2022 ISUZU D-MAX 1.9 DMAX SMART CAB,Isuzu,D-Max 1.9 Dmax Smart Cab,2022.0,45000.0,898.0,Diesel,Automatic,Pickup,2120896.0,14210.0,16866.0,Mombasa,USD,Thailand,https://www.beforward.jp/isuzu/d-max/ce121083/id/16002454/,https://image-cdn.beforward.jp/medium/202607/16002454/CE121083_2043035c.jpg?w=200,1,2026-07-22 12:48:11.230783
BE FORWARD,CE120077,2022 ISUZU D-MAX 3.0 ISUZU DOUBLE CAB,Isuzu,D-Max 3.0 Isuzu Double Cab,2022.0,190000.0,999.0,Diesel,Automatic,Pickup,4271642.0,28620.0,31276.0,Mombasa,USD,Thailand,https://www.beforward.jp/isuzu/d-max/ce120077/id/16001429/,https://image-cdn.beforward.jp/medium/202607/16001429/CE120077_203a6112.jpg?w=200,1,2026-07-22 12:48:11.230783
BE FORWARD,CE120001,2019 ISUZU D-MAX 3.0 DOUBLE CAB,Isuzu,D-Max 3.0 Double Cab,2019.0,66000.0,999.0,Diesel,Manual,Pickup,2926866.0,19610.0,22254.0,Mombasa,USD,Thailand,https://www.beforward.jp/isuzu/d-max/ce120001/id/16001351/,https://image-cdn.beforward.jp/medium/202607/16001351/CE120001_204337f3.jpg?w=200,1,2026-07-22 12:48:11.230783
BE FORWARD,CE119733,2024 ISUZU D-MAX 1.9 DOUBLE CAB,Isuzu,D-Max 1.9 Double Cab,2024.0,25838.0,898.0,Diesel,Automatic,Pickup,3940299.0,26400.0,29044.0,Mombasa,USD,Thailand,https://www.beforward.jp/isuzu/d-max/ce119733/id/16001099/,https://image-cdn.beforward.jp/medium/202607/16001099/CE119733_2042f2da.jpg?w=200,1,2026-07-22 12:48:11.230783
BE FORWARD,CE119681,2021 ISUZU D-MAX 1.9 CAB,Isuzu,D-Max 1.9 Cab,2021.0,47000.0,898.0,Diesel,Manual,Pickup,2595522.0,17390.0,20046.0,Mombasa,USD,Thailand,https://www.beforward.jp/isuzu/d-max/ce119681/id/16001042/,https://image-cdn.beforward.jp/medium/202607/16001042/CE119681_2042edfe.jpg?w=200,1,2026-07-22 12:48:11.230783
BE FORWARD,CE119350,2022 ISUZU D-MAX 1.9 HI-LANDER DOUBLE CAB,Isuzu,D-Max 1.9 Hi-Lander Double Cab,2022.0,41000.0,898.0,Diesel,Manual,Pickup,3243284.0,21730.0,24386.0,Mombasa,USD,Thailand,https://www.beforward.jp/isuzu/d-max/ce119350/id/16000652/,https://image-cdn.beforward.jp/medium/202607/16000652/CE119350_20429911.jpg?w=200,1,2026-07-22 12:48:11.230783
BE FORWARD,CE118688,2020 ISUZU D-MAX 1.9 HI-LANDER DOUBLE CAB,Isuzu,D-Max 1.9 Hi-Lander Double Cab,2020.0,62000.0,898.0,Diesel,Manual,Pickup,2991045.0,20040.0,22696.0,Mombasa,USD,Thailand,https://www.beforward.jp/isuzu/d-max/ce118688/id/15999829/,https://image-cdn.beforward.jp/medium/202607/15999829/CE118688_2042749b.jpg?w=200,1,2026-07-22 12:48:11.230783
BE FORWARD,CE144999,2025 LEXUS NX,Lexus,Nx,2025.0,4000.0,400.0,Petrol,Automatic,Sedan,7107463.0,47620.0,,,USD,Kyushu,https://www.beforward.jp/lexus/nx/ce144999/id/16026307/,https://image-cdn.beforward.jp/medium/202607/16026307/CE144999_204f7bca.jpg?w=200,1,2026-07-22 12:48:11.230783
BE FORWARD,CE143727,2019 LEXUS NX,Lexus,Nx,2019.0,101187.0,500.0,Petrol,Cvt,Sedan,2725373.0,18260.0,,,USD,Kyushu,https://www.beforward.jp/lexus/nx/ce143727/id/16025294/,https://image-cdn.beforward.jp/medium/202607/16025294/CE143727_204f36f2.jpg?w=200,1,2026-07-22 12:48:11.230783
BE FORWARD,CE143670,2025 LEXUS GX,Lexus,Gx,2025.0,500.0,500.0,Petrol,Automatic,Sedan,15580597.0,104390.0,,,USD,Osaka,https://www.beforward.jp/lexus/gx/ce143670/id/16025219/,https://image-cdn.beforward.jp/medium/202607/16025219/CE143670_204f1b35.jpg?w=200,1,2026-07-22 12:48:11.230783
BE FORWARD,CE143673,2021 LEXUS LS,Lexus,Ls,2021.0,13000.0,500.0,Petrol,Automatic,Sedan,7598507.0,50910.0,,,USD,Osaka,https://www.beforward.jp/lexus/ls/ce143673/id/16025222/,https://image-cdn.beforward.jp/medium/202607/16025222/CE143673_204f1b71.jpg?w=200,1,2026-07-22 12:48:11.230783
BE FORWARD,CD331760,2022 LEXUS LX LX600,Lexus,Lx Lx600,2022.0,22070.0,440.0,Petrol,Automatic,Van,11783582.0,78950.0,81801.0,Mombasa,USD,Nagoya,https://www.beforward.jp/lexus/lx/cd331760/id/15303949/,https://image-cdn.beforward.jp/medium/202605/15303949/CD331760_eb67fe.JPG?w=200,1,2026-07-22 12:48:11.230783
BE FORWARD,CE143644,2018 LEXUS NX,Lexus,Nx,2018.0,67000.0,500.0,Petrol,Cvt,Sedan,3467164.0,23230.0,,,USD,Osaka,https://www.beforward.jp/lexus/nx/ce143644/id/16025183/,https://image-cdn.beforward.jp/medium/202607/16025183/CE143644_204f1615.jpg?w=200,1,2026-07-22 12:48:11.230783
BE FORWARD,CE140661,2019 LEXUS UX UX250HF,Lexus,Ux Ux250Hf,2019.0,21010.0,986.0,Petrol,Cvt,Sedan,3179104.0,21300.0,,,USD,Nagoya,https://www.beforward.jp/lexus/ux/ce140661/id/16022117/,https://image-cdn.beforward.jp/medium/202607/16022117/CE140661_203c7a9f.jpg?w=200,1,2026-07-22 12:48:11.230783
BE FORWARD,CE140683,2020 LEXUS RX RX450HF,Lexus,Rx Rx450Hf,2020.0,15730.0,456.0,Petrol,Cvt,Sedan,4285075.0,28710.0,,,USD,Kyushu,https://www.beforward.jp/lexus/rx/ce140683/id/16022139/,https://image-cdn.beforward.jp/medium/202607/16022139/CE140683_203c7dc9.jpg?w=200,1,2026-07-22 12:48:11.230783
BE FORWARD,CE140698,2023 LEXUS RX RX500HF,Lexus,Rx Rx500Hf,2023.0,45950.0,393.0,Petrol,Automatic,Suv,5874627.0,39360.0,,,USD,Nagoya,https://www.beforward.jp/lexus/rx/ce140698/id/16022154/,https://image-cdn.beforward.jp/medium/202607/16022154/CE140698_203c8017.jpg?w=200,1,2026-07-22 12:48:11.230783
BE FORWARD,CE139735,2022 LEXUS RX RX450HF,Lexus,Rx Rx450Hf,2022.0,18387.0,456.0,Petrol,Cvt,Sedan,5007463.0,33550.0,,,USD,Yokohama,https://www.beforward.jp/lexus/rx/ce139735/id/16021189/,https://image-cdn.beforward.jp/medium/202607/16021189/CE139735_203fda87.jpg?w=200,1,2026-07-22 12:48:11.230783
BE FORWARD,CE143645,2021 LEXUS LS,Lexus,Ls,2021.0,121000.0,500.0,Petrol,Cvt,Sedan,5392537.0,36130.0,38377.0,Mombasa,USD,Osaka,https://www.beforward.jp/lexus/ls/ce143645/id/16025184/,https://image-cdn.beforward.jp/medium/202607/16025184/CE143645_204f1629.jpg?w=200,1,2026-07-22 12:48:11.230783
BE FORWARD,CE143648,2018 LEXUS GS,Lexus,Gs,2018.0,40000.0,500.0,Petrol,Cvt,Sedan,2985075.0,20000.0,22088.0,Mombasa,USD,Osaka,https://www.beforward.jp/lexus/gs/ce143648/id/16025187/,https://image-cdn.beforward.jp/medium/202607/16025187/CE143648_204f1665.jpg?w=200,1,2026-07-22 12:48:11.230783
BE FORWARD,CE063071,2019 LEXUS NX NX300HL,Lexus,Nx Nx300Hl,2019.0,20030.0,493.0,Petrol,Cvt,Suv,2889552.0,19360.0,21572.0,Mombasa,USD,Nagoya,https://www.beforward.jp/lexus/nx/ce063071/id/15943528/,https://image-cdn.beforward.jp/medium/202607/15943528/CE063071_20253cb3.jpg?w=200,1,2026-07-22 12:48:11.230783
BE FORWARD,CD621656,2021 LEXUS NX NX300HL,Lexus,Nx Nx300Hl,2021.0,36930.0,493.0,Petrol,Cvt,Suv,3465672.0,23220.0,25442.0,Mombasa,USD,Yokohama,https://www.beforward.jp/lexus/nx/cd621656/id/15578322/,https://image-cdn.beforward.jp/medium/202606/15578322/CD621656_1f7580b4.jpg?w=200,1,2026-07-22 12:48:11.230783
BE FORWARD,CD491167,2023 LEXUS UX UX250HF,Lexus,Ux Ux250Hf,2023.0,27755.0,986.0,Petrol,Cvt,Sedan,3794030.0,25420.0,27486.0,Mombasa,USD,Yokohama,https://www.beforward.jp/lexus/ux/cd491167/id/15446398/,https://image-cdn.beforward.jp/medium/202606/15446398/CD491167_1f3749b2.jpg?w=200,1,2026-07-22 12:48:11.230783
BE FORWARD,CD437594,2019 LEXUS NX NX300HI,Lexus,Nx Nx300Hi,2019.0,30970.0,493.0,Petrol,Cvt,Suv,3119403.0,20900.0,23122.0,Mombasa,USD,Yokohama,https://www.beforward.jp/lexus/nx/cd437594/id/15392385/,https://image-cdn.beforward.jp/medium/202606/15392385/CD437594_1f21bdfb.jpg?w=200,1,2026-07-22 12:48:11.230783
BE FORWARD,CE143458,2025 LEXUS LM,Lexus,Lm,2025.0,21269.0,400.0,Petrol,Automatic,Sedan,12565672.0,84190.0,87067.0,Mombasa,USD,Yokohama,https://www.beforward.jp/lexus/lm/ce143458/id/16024961/,https://image-cdn.beforward.jp/medium/202607/16024961/CE143458_204ef98d.jpg?w=200,1,2026-07-22 12:48:11.230783
BE FORWARD,CE139523,2021 LEXUS RC RC300HF,Lexus,Rc Rc300Hf,2021.0,41400.0,493.0,Petrol,Cvt,Sedan,3544776.0,23750.0,25699.0,Mombasa,USD,Osaka,https://www.beforward.jp/lexus/rc/ce139523/id/16020977/,https://image-cdn.beforward.jp/medium/202607/16020977/CE139523_203c8974.jpg?w=200,1,2026-07-22 12:48:11.230783
BE FORWARD,CE139606,2020 LEXUS LEXUS OTHERS LC500,Lexus,Lexus Others Lc500,2020.0,18900.0,968.0,Petrol,Automatic,Sedan,11449254.0,76710.0,78696.0,Mombasa,USD,Osaka,https://www.beforward.jp/lexus/lexus-others/ce139606/id/16021060/,https://image-cdn.beforward.jp/medium/202607/16021060/CE139606_203fc9fd.jpg?w=200,1,2026-07-22 12:48:11.230783
BE FORWARD,CE139817,2023 LEXUS NX NX450HL,Lexus,Nx Nx450Hl,2023.0,18211.0,487.0,Petrol,Cvt,Sedan,4814925.0,32260.0,,,USD,Hokkaido,https://www.beforward.jp/lexus/nx/ce139817/id/16021271/,https://image-cdn.beforward.jp/medium/202607/16021271/CE139817_203fe55c.jpg?w=200,1,2026-07-22 12:48:11.230783
BE FORWARD,CE139818,2020 LEXUS NX NX300I,Lexus,Nx Nx300I,2020.0,56077.0,998.0,Petrol,Automatic,Suv,2744776.0,18390.0,,,USD,Nagoya,https://www.beforward.jp/lexus/nx/ce139818/id/16021272/,https://image-cdn.beforward.jp/medium/202607/16021272/CE139818_203fe57a.jpg?w=200,1,2026-07-22 12:48:11.230783
BE FORWARD,CE139957,2023 LEXUS NX NX450HF,Lexus,Nx Nx450Hf,2023.0,14952.0,487.0,Petrol,Cvt,Sedan,5152239.0,34520.0,,,USD,Yokohama,https://www.beforward.jp/lexus/nx/ce139957/id/16021411/,https://image-cdn.beforward.jp/medium/202607/16021411/CE139957_203ff798.jpg?w=200,1,2026-07-22 12:48:11.230783
BE FORWARD,CE139958,2018 LEXUS NX NX300HF,Lexus,Nx Nx300Hf,2018.0,76530.0,493.0,Petrol,Cvt,Suv,2744776.0,18390.0,,,USD,Kyoto,https://www.beforward.jp/lexus/nx/ce139958/id/16021412/,https://image-cdn.beforward.jp/medium/202607/16021412/CE139958_203ff7b6.jpg?w=200,1,2026-07-22 12:48:11.230783
BE FORWARD,CE140098,2025 LEXUS NX NX350HL,Lexus,Nx Nx350Hl,2025.0,11670.0,487.0,Petrol,Cvt,Suv,5441791.0,36460.0,,,USD,Osaka,https://www.beforward.jp/lexus/nx/ce140098/id/16021554/,https://image-cdn.beforward.jp/medium/202607/16021554/CE140098_204009f9.jpg?w=200,1,2026-07-22 12:48:11.230783
BE FORWARD,CE140266,2024 LEXUS LBX,Lexus,Lbx,2024.0,18460.0,490.0,Petrol,Cvt,Sedan,3949254.0,26460.0,,,USD,Yokohama,https://www.beforward.jp/lexus/lbx/ce140266/id/16021722/,https://image-cdn.beforward.jp/medium/202607/16021722/CE140266_20475dd7.jpg?w=200,1,2026-07-22 12:48:11.230783
BE FORWARD,CE139844,2024 LEXUS IS IS500F,Lexus,Is Is500F,2024.0,8987.0,968.0,Petrol,Automatic,Sedan,8041791.0,53880.0,56021.0,Mombasa,USD,Yokohama,https://www.beforward.jp/lexus/is/ce139844/id/16021298/,https://image-cdn.beforward.jp/medium/202607/16021298/CE139844_203fe901.jpg?w=200,1,2026-07-22 12:48:11.230783
BE FORWARD,CE140378,2019 LEXUS ES ES300HL,Lexus,Es Es300Hl,2019.0,59130.0,487.0,Petrol,Cvt,Sedan,3226866.0,21620.0,23759.0,Mombasa,USD,Nagoya,https://www.beforward.jp/lexus/es/ce140378/id/16021834/,https://image-cdn.beforward.jp/medium/202607/16021834/CE140378_20476d08.jpg?w=200,1,2026-07-22 12:48:11.230783
BE FORWARD,CE140501,2024 LEXUS NX NX350HF,Lexus,Nx Nx350Hf,2024.0,35011.0,487.0,Petrol,Cvt,Suv,4719403.0,31620.0,33962.0,Mombasa,USD,Kyushu,https://www.beforward.jp/lexus/nx/ce140501/id/16021957/,https://image-cdn.beforward.jp/medium/202607/16021957/CE140501_20477f81.jpg?w=200,1,2026-07-22 12:48:11.230783
BE FORWARD,CE140515,2021 LEXUS RX RX450HF,Lexus,Rx Rx450Hf,2021.0,35893.0,456.0,Petrol,Cvt,Sedan,4671642.0,31300.0,33866.0,Mombasa,USD,Hokkaido,https://www.beforward.jp/lexus/rx/ce140515/id/16021971/,https://image-cdn.beforward.jp/medium/202607/16021971/CE140515_204781dc.jpg?w=200,1,2026-07-22 12:48:11.230783
BE FORWARD,CE140540,2025 LEXUS LBX,Lexus,Lbx,2025.0,3660.0,490.0,Petrol,Cvt,Sedan,3900000.0,26130.0,28085.0,Mombasa,USD,Yokohama,https://www.beforward.jp/lexus/lbx/ce140540/id/16021996/,https://image-cdn.beforward.jp/medium/202607/16021996/CE140540_20478521.jpg?w=200,1,2026-07-22 12:48:11.230783
BE FORWARD,CE138447,2020 LEXUS NX NX300F,Lexus,Nx Nx300F,2020.0,32530.0,998.0,Petrol,Automatic,Suv,3179104.0,21300.0,23532.0,Mombasa,USD,Yokohama,https://www.beforward.jp/lexus/nx/ce138447/id/16019897/,https://image-cdn.beforward.jp/medium/202607/16019897/CE138447_20479736.jpg?w=200,1,2026-07-22 12:48:11.230783
BE FORWARD,CE138532,2019 LEXUS ES ES300HF,Lexus,Es Es300Hf,2019.0,12530.0,487.0,Petrol,Cvt,Sedan,4074627.0,27300.0,29543.0,Mombasa,USD,Yokohama,https://www.beforward.jp/lexus/es/ce138532/id/16019982/,https://image-cdn.beforward.jp/medium/202607/16019982/CE138532_2047a2c9.jpg?w=200,1,2026-07-22 12:48:11.230783
BE FORWARD,CE138608,2018 LEXUS ES ES300HF,Lexus,Es Es300Hf,2018.0,75615.0,487.0,Petrol,Cvt,Sedan,2985075.0,20000.0,22268.0,Mombasa,USD,Kobe,https://www.beforward.jp/lexus/es/ce138608/id/16020058/,https://image-cdn.beforward.jp/medium/202607/16020058/CE138608_2047acc4.jpg?w=200,1,2026-07-22 12:48:11.230783
BE FORWARD,CE138703,2019 LEXUS NX NX300HI,Lexus,Nx Nx300Hi,2019.0,29664.0,493.0,Petrol,Cvt,Suv,3226866.0,21620.0,23852.0,Mombasa,USD,Yokohama,https://www.beforward.jp/lexus/nx/ce138703/id/16020154/,https://image-cdn.beforward.jp/medium/202607/16020154/CE138703_204cbb74.jpg?w=200,1,2026-07-22 12:48:11.230783
BE FORWARD,CE138755,2020 LEXUS RX RX450HL,Lexus,Rx Rx450Hl,2020.0,43560.0,456.0,Petrol,Cvt,Sedan,4083582.0,27360.0,29797.0,Mombasa,USD,Nagoya,https://www.beforward.jp/lexus/rx/ce138755/id/16020206/,https://image-cdn.beforward.jp/medium/202607/16020206/CE138755_204cc15f.jpg?w=200,1,2026-07-22 12:48:11.230783
BE FORWARD,CE138822,2018 LEXUS RX RX450HL,Lexus,Rx Rx450Hl,2018.0,49640.0,456.0,Petrol,Cvt,Sedan,3819403.0,25590.0,28001.0,Mombasa,USD,Osaka,https://www.beforward.jp/lexus/rx/ce138822/id/16020274/,https://image-cdn.beforward.jp/medium/202607/16020274/CE138822_204cc8c1.jpg?w=200,1,2026-07-22 12:48:11.230783
BE FORWARD,CE138922,2023 LEXUS NX NX350HF,Lexus,Nx Nx350Hf,2023.0,15190.0,487.0,Petrol,Cvt,Suv,5104478.0,34200.0,36438.0,Mombasa,USD,Osaka,https://www.beforward.jp/lexus/nx/ce138922/id/16020374/,https://image-cdn.beforward.jp/medium/202607/16020374/CE138922_204cd4c8.jpg?w=200,1,2026-07-22 12:48:11.230783
BE FORWARD,CE138977,2024 LEXUS LBX,Lexus,Lbx,2024.0,16550.0,490.0,Petrol,Cvt,Sedan,4044776.0,27100.0,29045.0,Mombasa,USD,Kyushu,https://www.beforward.jp/lexus/lbx/ce138977/id/16020429/,https://image-cdn.beforward.jp/medium/202607/16020429/CE138977_204cda88.jpg?w=200,1,2026-07-22 12:48:11.230783
BE FORWARD,CE139019,2019 LEXUS NX NX300F,Lexus,Nx Nx300F,2019.0,62600.0,998.0,Petrol,Automatic,Suv,2841791.0,19040.0,,,USD,Nagoya,https://www.beforward.jp/lexus/nx/ce139019/id/16020471/,https://image-cdn.beforward.jp/medium/202607/16020471/CE139019_204cdf4d.jpg?w=200,1,2026-07-22 12:48:11.230783
BE FORWARD,CE139179,2019 LEXUS UX UX200C,Lexus,Ux Ux200C,2019.0,13220.0,986.0,Petrol,Cvt,Sedan,2552239.0,17100.0,,,USD,Yokohama,https://www.beforward.jp/lexus/ux/ce139179/id/16020631/,https://image-cdn.beforward.jp/medium/202607/16020631/CE139179_204cef5c.jpg?w=200,1,2026-07-22 12:48:11.230783
BE FORWARD,CE139095,2020 LEXUS ES ES300HF,Lexus,Es Es300Hf,2020.0,12840.0,487.0,Petrol,Cvt,Sedan,3900000.0,26130.0,28243.0,Mombasa,USD,Yokohama,https://www.beforward.jp/lexus/es/ce139095/id/16020547/,https://image-cdn.beforward.jp/medium/202607/16020547/CE139095_204ce746.jpg?w=200,1,2026-07-22 12:48:11.230783
BE FORWARD,CE139368,2024 LEXUS RX RX350HL,Lexus,Rx Rx350Hl,2024.0,5269.0,487.0,Petrol,Cvt,Suv,5634328.0,37750.0,40211.0,Mombasa,USD,Yokohama,https://www.beforward.jp/lexus/rx/ce139368/id/16020820/,https://image-cdn.beforward.jp/medium/202607/16020820/CE139368_204d0375.jpg?w=200,1,2026-07-22 12:48:11.230783
BE FORWARD,CE139419,2023 LEXUS NX NX350HF,Lexus,Nx Nx350Hf,2023.0,24720.0,487.0,Petrol,Cvt,Suv,5392537.0,36130.0,38368.0,Mombasa,USD,Osaka,https://www.beforward.jp/lexus/nx/ce139419/id/16020871/,https://image-cdn.beforward.jp/medium/202607/16020871/CE139419_204d0969.jpg?w=200,1,2026-07-22 12:48:11.230783
BE FORWARD,CE139420,2021 LEXUS IS IS300HL,Lexus,Is Is300Hl,2021.0,41208.0,493.0,Petrol,Cvt,Sedan,3659701.0,24520.0,26541.0,Mombasa,USD,Kyushu,https://www.beforward.jp/lexus/is/ce139420/id/16020872/,https://image-cdn.beforward.jp/medium/202607/16020872/CE139420_204d0987.jpg?w=200,1,2026-07-22 12:48:11.230783
BE FORWARD,CE135959,2019 LEXUS ES,Lexus,Es,2019.0,31000.0,500.0,Petrol,Automatic,Sedan,3086567.0,20680.0,22818.0,Mombasa,USD,Yokohama,https://www.beforward.jp/lexus/es/ce135959/id/16017325/,https://image-cdn.beforward.jp/medium/202607/16017325/CE135959_204d4421.jpg?w=200,1,2026-07-22 12:48:11.230783
BE FORWARD,CE136041,2022 LEXUS RX RX300F4WD,Lexus,Rx Rx300F4Wd,2022.0,42100.0,0.0,Petrol,Automatic,Suv,5180597.0,34710.0,37213.0,Mombasa,USD,Yokohama,https://www.beforward.jp/lexus/rx/ce136041/id/16017407/,https://image-cdn.beforward.jp/medium/202607/16017407/CE136041_204d4ccd.jpg?w=200,1,2026-07-22 12:48:11.230783
BE FORWARD,CE136047,2021 LEXUS RX 450HFSR,Lexus,Rx 450Hfsr,2021.0,53500.0,500.0,Petrol,Automatic,Sedan,4313433.0,28900.0,31342.0,Mombasa,USD,Yokohama,https://www.beforward.jp/lexus/rx/ce136047/id/16017413/,https://image-cdn.beforward.jp/medium/202607/16017413/CE136047_204d4e16.jpg?w=200,1,2026-07-22 12:48:11.230783
BE FORWARD,CE136110,2019 LEXUS RX RX450HLSR12.3,Lexus,Rx Rx450Hlsr12.3,2019.0,50000.0,500.0,Petrol,Automatic,Sedan,4025373.0,26970.0,29474.0,Mombasa,USD,Kyushu,https://www.beforward.jp/lexus/rx/ce136110/id/16017476/,https://image-cdn.beforward.jp/medium/202607/16017476/CE136110_204d568b.jpg?w=200,1,2026-07-22 12:48:11.230783
BE FORWARD,CE136149,2020 LEXUS RX 300FM3LE,Lexus,Rx 300Fm3Le,2020.0,15800.0,0.0,Petrol,Automatic,Sedan,3832836.0,25680.0,28180.0,Mombasa,USD,Kobe,https://www.beforward.jp/lexus/rx/ce136149/id/16017515/,https://image-cdn.beforward.jp/medium/202607/16017515/CE136149_204d5c51.jpg?w=200,1,2026-07-22 12:48:11.230783
BE FORWARD,CE136274,2020 LEXUS NX 4WDVER.L,Lexus,Nx 4Wdver.L,2020.0,54607.0,500.0,Petrol,Automatic,Sedan,2861194.0,19170.0,21368.0,Mombasa,USD,Yokohama,https://www.beforward.jp/lexus/nx/ce136274/id/16017640/,https://image-cdn.beforward.jp/medium/202607/16017640/CE136274_204d6ae0.jpg?w=200,1,2026-07-22 12:48:11.230783
BE FORWARD,CE135015,2023 LEXUS RX,Lexus,Rx,2023.0,25000.0,400.0,Petrol,Automatic,Sedan,6250746.0,41880.0,,,USD,Nagoya,https://www.beforward.jp/lexus/rx/ce135015/id/16016409/,https://image-cdn.beforward.jp/medium/202607/16016409/CE135015_204c977e.jpg?w=200,1,2026-07-22 12:48:11.230783
BE FORWARD,CE135031,2023 LEXUS NX,Lexus,Nx,2023.0,50000.0,500.0,Petrol,Automatic,Sedan,4767164.0,31940.0,,,USD,Nagoya,https://www.beforward.jp/lexus/nx/ce135031/id/16016425/,https://image-cdn.beforward.jp/medium/202607/16016425/CE135031_204c98f3.jpg?w=200,1,2026-07-22 12:48:11.230783
BE FORWARD,CE135038,2023 LEXUS NX,Lexus,Nx,2023.0,51000.0,500.0,Petrol,Automatic,Sedan,4565672.0,30590.0,,,USD,Yokohama,https://www.beforward.jp/lexus/nx/ce135038/id/16016432/,https://image-cdn.beforward.jp/medium/202607/16016432/CE135038_204c9986.jpg?w=200,1,2026-07-22 12:48:11.230783
BE FORWARD,CE134789,2019 LEXUS ES,Lexus,Es,2019.0,87000.0,500.0,Petrol,Automatic,Sedan,2850746.0,19100.0,21296.0,Mombasa,USD,Kobe,https://www.beforward.jp/lexus/es/ce134789/id/16016266/,https://image-cdn.beforward.jp/medium/202607/16016266/CE134789_204c8998.jpg?w=200,1,2026-07-22 12:48:11.230783
BE FORWARD,CE134986,2021 LEXUS IS,Lexus,Is,2021.0,19000.0,500.0,Petrol,Automatic,Sedan,4141791.0,27750.0,29750.0,Mombasa,USD,Yokohama,https://www.beforward.jp/lexus/is/ce134986/id/16016380/,https://image-cdn.beforward.jp/medium/202607/16016380/CE134986_204c9454.jpg?w=200,1,2026-07-22 12:48:11.230783
BE FORWARD,CE135041,2019 LEXUS NX,Lexus,Nx,2019.0,19000.0,500.0,Petrol,Automatic,Sedan,3283582.0,22000.0,24211.0,Mombasa,USD,Yokohama,https://www.beforward.jp/lexus/nx/ce135041/id/16016435/,https://image-cdn.beforward.jp/medium/202607/16016435/CE135041_204c99c5.jpg?w=200,1,2026-07-22 12:48:11.230783
BE FORWARD,CE135325,2018 LEXUS LS,Lexus,Ls,2018.0,42650.0,500.0,Petrol,Cvt,Sedan,4685075.0,31390.0,33639.0,Mombasa,USD,Kyushu,https://www.beforward.jp/lexus/ls/ce135325/id/16016691/,https://image-cdn.beforward.jp/medium/202607/16016691/CE135325_204cf69c.jpg?w=200,1,2026-07-22 12:48:11.230783
BE FORWARD,CE135440,2025 LEXUS RX,Lexus,Rx,2025.0,22000.0,400.0,Petrol,Automatic,Sedan,6510448.0,43620.0,46056.0,Mombasa,USD,Osaka,https://www.beforward.jp/lexus/rx/ce135440/id/16016806/,https://image-cdn.beforward.jp/medium/202607/16016806/CE135440_204d1606.jpg?w=200,1,2026-07-22 12:48:11.230783
BE FORWARD,CE135586,2020 LEXUS LS,Lexus,Ls,2020.0,160507.0,500.0,Petrol,Automatic,Sedan,3355224.0,22480.0,24821.0,Mombasa,USD,Kobe,https://www.beforward.jp/lexus/ls/ce135586/id/16016952/,https://image-cdn.beforward.jp/medium/202607/16016952/CE135586_204d22b4.jpg?w=200,1,2026-07-22 12:48:11.230783
BE FORWARD,CB509532,2022 LEXUS IS,Lexus,Is,2022.0,73691.0,500.0,Petrol,Automatic,Sedan,3395522.0,22750.0,24786.0,Mombasa,USD,Yokohama,https://www.beforward.jp/lexus/is/cb509532/id/13570694/,https://image-cdn.beforward.jp/medium/202607/13570694/CB509532_1fc694ce.jpg?w=200,1,2026-07-22 12:48:11.230783
BE FORWARD,CD826809,2019 LEXUS UX,Lexus,Ux,2019.0,42246.0,0.0,Petrol,Automatic,Sedan,2870149.0,19230.0,21260.0,Mombasa,USD,Nagoya,https://www.beforward.jp/lexus/ux/cd826809/id/15783792/,https://image-cdn.beforward.jp/medium/202607/15783792/CD826809_1fd6f039.JPG?w=200,1,2026-07-22 12:48:11.230783
BE FORWARD,CC678015,2018 LEXUS UX,Lexus,Ux,2018.0,98819.0,0.0,Petrol,Automatic,Sedan,2022388.0,13550.0,15580.0,Mombasa,USD,Kyushu,https://www.beforward.jp/lexus/ux/cc678015/id/14699664/,https://image-cdn.beforward.jp/medium/202604/14699664/CC678015_1de2ca52.JPG?w=200,1,2026-07-22 12:48:11.230783
BE FORWARD,CE133830,2024 LEXUS RX,Lexus,Rx,2024.0,15344.0,400.0,Petrol,Automatic,Sedan,6982090.0,46780.0,49241.0,Mombasa,USD,Yokohama,https://www.beforward.jp/lexus/rx/ce133830/id/16015298/,https://image-cdn.beforward.jp/medium/202607/16015298/CE133830_204be55a.JPG?w=200,1,2026-07-22 12:48:11.230783
BE FORWARD,CE133850,2019 LEXUS UX,Lexus,Ux,2019.0,30120.0,0.0,Petrol,Automatic,Sedan,3047761.0,20420.0,22544.0,Mombasa,USD,Kobe,https://www.beforward.jp/lexus/ux/ce133850/id/16015318/,https://image-cdn.beforward.jp/medium/202607/16015318/CE133850_204be848.JPG?w=200,1,2026-07-22 12:48:11.230783
BE FORWARD,CE133878,2018 LEXUS RX,Lexus,Rx,2018.0,107736.0,0.0,Petrol,Automatic,Sedan,2476119.0,16590.0,19090.0,Mombasa,USD,Kobe,https://www.beforward.jp/lexus/rx/ce133878/id/16015346/,https://image-cdn.beforward.jp/medium/202607/16015346/CE133878_204beced.JPG?w=200,1,2026-07-22 12:48:11.230783
BE FORWARD,CE134016,2022 LEXUS RX,Lexus,Rx,2022.0,37344.0,0.0,Petrol,Automatic,Sedan,4237313.0,28390.0,,,USD,Kobe,https://www.beforward.jp/lexus/rx/ce134016/id/16015484/,https://image-cdn.beforward.jp/medium/202607/16015484/CE134016_204c004a.JPG?w=200,1,2026-07-22 12:48:11.230783
BE FORWARD,CE134037,2023 LEXUS NX,Lexus,Nx,2023.0,32110.0,500.0,Petrol,Automatic,Sedan,4911940.0,32910.0,,,USD,Yokohama,https://www.beforward.jp/lexus/nx/ce134037/id/16015505/,https://image-cdn.beforward.jp/medium/202607/16015505/CE134037_204c033e.JPG?w=200,1,2026-07-22 12:48:11.230783
BE FORWARD,CE134170,2023 LEXUS NX,Lexus,Nx,2023.0,40127.0,500.0,Petrol,Automatic,Sedan,4146269.0,27780.0,,,USD,Kyushu,https://www.beforward.jp/lexus/nx/ce134170/id/16015639/,https://image-cdn.beforward.jp/medium/202607/16015639/CE134170_204c17cb.JPG?w=200,1,2026-07-22 12:48:11.230783
BE FORWARD,CE133428,2019 LEXUS RX,Lexus,Rx,2019.0,95064.0,0.0,Petrol,Automatic,Sedan,3082090.0,20650.0,,,USD,Osaka,https://www.beforward.jp/lexus/rx/ce133428/id/16014885/,https://image-cdn.beforward.jp/medium/202607/16014885/CE133428_204bafd2.jpg?w=200,1,2026-07-22 12:48:11.230783
BE FORWARD,CE134341,2020 LEXUS CT,Lexus,Ct,2020.0,18068.0,800.0,Petrol,Automatic,Sedan,2752239.0,18440.0,20378.0,Mombasa,USD,Yokohama,https://www.beforward.jp/lexus/ct/ce134341/id/16015813/,https://image-cdn.beforward.jp/medium/202607/16015813/CE134341_204c3170.JPG?w=200,1,2026-07-22 12:48:11.230783
BE FORWARD,CE137865,2020 LEXUS RX 450HF,Lexus,Rx 450Hf,2020.0,57000.0,500.0,Petrol,Automatic,Sedan,3655224.0,24490.0,26922.0,Mombasa,USD,Kyushu,https://www.beforward.jp/lexus/rx/ce137865/id/16019301/,https://image-cdn.beforward.jp/medium/202607/16019301/CE137865_204e337d.jpg?w=200,1,2026-07-22 12:48:11.230783
BE FORWARD,CE138270,2023 LEXUS NX 250L,Lexus,Nx 250L,2023.0,43000.0,500.0,Petrol,Automatic,Sedan,4410448.0,29550.0,31913.0,Mombasa,USD,Yokohama,https://www.beforward.jp/lexus/nx/ce138270/id/16019715/,https://image-cdn.beforward.jp/medium/202607/16019715/CE138270_204e51ae.jpg?w=200,1,2026-07-22 12:48:11.230783
BE FORWARD,CE139013,2023 LEXUS RC 300HF,Lexus,Rc 300Hf,2023.0,24000.0,500.0,Petrol,Automatic,Sedan,4897015.0,32810.0,34790.0,Mombasa,USD,Yokohama,https://www.beforward.jp/lexus/rc/ce139013/id/16020465/,https://image-cdn.beforward.jp/medium/202607/16020465/CE139013_204e6ba9.jpg?w=200,1,2026-07-22 12:48:11.230783
BE FORWARD,CE139144,2020 LEXUS RX 450HL,Lexus,Rx 450Hl,2020.0,54000.0,500.0,Petrol,Automatic,Sedan,4217910.0,28260.0,30666.0,Mombasa,USD,Kyushu,https://www.beforward.jp/lexus/rx/ce139144/id/16020596/,https://image-cdn.beforward.jp/medium/202607/16020596/CE139144_204e6fa0.jpg?w=200,1,2026-07-22 12:48:11.230783
BE FORWARD,CE139457,2024 LEXUS IS 300HF,Lexus,Is 300Hf,2024.0,41000.0,500.0,Petrol,Automatic,Sedan,4483582.0,30040.0,32029.0,Mombasa,USD,Yokohama,https://www.beforward.jp/lexus/is/ce139457/id/16020909/,https://image-cdn.beforward.jp/medium/202607/16020909/CE139457_204e7829.jpg?w=200,1,2026-07-22 12:48:11.230783
BE FORWARD,CE140077,2023 LEXUS NX 350HL,Lexus,Nx 350Hl,2023.0,36000.0,500.0,Petrol,Automatic,Sedan,4814925.0,32260.0,34587.0,Mombasa,USD,Kyoto,https://www.beforward.jp/lexus/nx/ce140077/id/16021532/,https://image-cdn.beforward.jp/medium/202607/16021532/CE140077_204e85d3.jpg?w=200,1,2026-07-22 12:48:11.230783
BE FORWARD,CE140450,2023 LEXUS NX 350HL,Lexus,Nx 350Hl,2023.0,18000.0,500.0,Petrol,Automatic,Sedan,4579104.0,30680.0,33007.0,Mombasa,USD,Kobe,https://www.beforward.jp/lexus/nx/ce140450/id/16021906/,https://image-cdn.beforward.jp/medium/202607/16021906/CE140450_204e8c8f.jpg?w=200,1,2026-07-22 12:48:11.230783
BE FORWARD,CE133429,2021 LEXUS IS,Lexus,Is,2021.0,29586.0,0.0,Petrol,Automatic,Sedan,2967164.0,19880.0,21880.0,Mombasa,USD,Osaka,https://www.beforward.jp/lexus/is/ce133429/id/16014886/,https://image-cdn.beforward.jp/medium/202607/16014886/CE133429_204bafe6.jpg?w=200,1,2026-07-22 12:48:11.230783
BE FORWARD,CE133341,2024 LEXUS LBX,Lexus,Lbx,2024.0,17782.0,500.0,Petrol,Cvt,Sedan,4228358.0,28330.0,30395.0,Mombasa,USD,Kobe,https://www.beforward.jp/lexus/lbx/ce133341/id/16014796/,https://image-cdn.beforward.jp/medium/202607/16014796/CE133341_204ba76d.jpg?w=200,1,2026-07-22 12:48:11.230783
BE FORWARD,CE133312,2019 LEXUS LEXUS OTHERS,Lexus,Lexus Others,2019.0,38000.0,0.0,Petrol,Cvt,Sedan,2456716.0,16460.0,18493.0,Mombasa,USD,Osaka,https://www.beforward.jp/lexus/lexus-others/ce133312/id/16014763/,https://image-cdn.beforward.jp/medium/202607/16014763/CE133312_204ba480.jpg?w=200,1,2026-07-22 12:48:11.230783
BE FORWARD,CE133294,2020 LEXUS NX,Lexus,Nx,2020.0,76113.0,500.0,Petrol,Cvt,Sedan,3716418.0,24900.0,27134.0,Mombasa,USD,Yokohama,https://www.beforward.jp/lexus/nx/ce133294/id/16014744/,https://image-cdn.beforward.jp/medium/202607/16014744/CE133294_204ba1fd.jpg?w=200,1,2026-07-22 12:48:11.230783
BE FORWARD,CE133248,2021 LEXUS NX,Lexus,Nx,2021.0,58282.0,500.0,Petrol,Cvt,Sedan,2894030.0,19390.0,,,USD,Kyushu,https://www.beforward.jp/lexus/nx/ce133248/id/16014698/,https://image-cdn.beforward.jp/medium/202607/16014698/CE133248_204b9d7e.jpg?w=200,1,2026-07-22 12:48:11.230783
BE FORWARD,CE133146,2023 LEXUS NX,Lexus,Nx,2023.0,18279.0,400.0,Petrol,Automatic,Sedan,6549254.0,43880.0,,,USD,Yokohama,https://www.beforward.jp/lexus/nx/ce133146/id/16014592/,https://image-cdn.beforward.jp/medium/202607/16014592/CE133146_204b94ad.jpg?w=200,1,2026-07-22 12:48:11.230783
BE FORWARD,CE132314,2023 LEXUS RX,Lexus,Rx,2023.0,32594.0,500.0,Petrol,Cvt,Sedan,5680597.0,38060.0,,,USD,Nagoya,https://www.beforward.jp/lexus/rx/ce132314/id/16013752/,https://image-cdn.beforward.jp/medium/202607/16013752/CE132314_204b4efd.jpg?w=200,1,2026-07-22 12:48:11.230783
BE FORWARD,CD719652,2023 LEXUS NX F,Lexus,Nx F,2023.0,17455.0,500.0,Petrol,Automatic,Sedan,4940299.0,33100.0,,,USD,Kobe,https://www.beforward.jp/lexus/nx/cd719652/id/15676810/,https://image-cdn.beforward.jp/medium/202606/15676810/CD719652_1fa3e3d0.jpg?w=200,1,2026-07-22 12:48:11.230783
BE FORWARD,CE132879,2018 LEXUS CT,Lexus,Ct,2018.0,76764.0,800.0,Petrol,Cvt,Sedan,2388060.0,16000.0,17867.0,Mombasa,USD,Kyushu,https://www.beforward.jp/lexus/ct/ce132879/id/16014321/,https://image-cdn.beforward.jp/medium/202607/16014321/CE132879_204b7de0.jpg?w=200,1,2026-07-22 12:48:11.230783
BE FORWARD,CE131925,2023 LEXUS RC F,Lexus,Rc F,2023.0,2030.0,0.0,Petrol,Automatic,Sedan,8470149.0,56750.0,58733.0,Mombasa,USD,Yokohama,https://www.beforward.jp/lexus/rc-f/ce131925/id/16013362/,https://image-cdn.beforward.jp/medium/202607/16013362/CE131925_204b3184.jpg?w=200,1,2026-07-22 12:48:11.230783
BE FORWARD,CE131308,2018 LEXUS CT,Lexus,Ct,2018.0,56000.0,800.0,Petrol,Cvt,Sedan,1346269.0,9020.0,10897.0,Mombasa,USD,Yokohama,https://www.beforward.jp/lexus/ct/ce131308/id/16012740/,https://image-cdn.beforward.jp/medium/202607/16012740/CE131308_204ae4a4.jpg?w=200,1,2026-07-22 12:48:11.230783
BE FORWARD,CE130854,2018 LEXUS GS,Lexus,Gs,2018.0,98221.0,500.0,Petrol,Cvt,Sedan,2976119.0,19940.0,22064.0,Mombasa,USD,Yokohama,https://www.beforward.jp/lexus/gs/ce130854/id/16012281/,https://image-cdn.beforward.jp/medium/202607/16012281/CE130854_204aa5d1.jpg?w=200,1,2026-07-22 12:48:11.230783
BE FORWARD,CD824407,2024 LEXUS NX,Lexus,Nx,2024.0,38847.0,500.0,Petrol,Automatic,Sedan,4122388.0,27620.0,,,USD,Nagoya,https://www.beforward.jp/lexus/nx/cd824407/id/15781383/,https://image-cdn.beforward.jp/medium/202607/15781383/CD824407_1fd5f5eb.jpg?w=200,1,2026-07-22 12:48:11.230783
BE FORWARD,CD440084,2023 LEXUS NX F,Lexus,Nx F,2023.0,17042.0,500.0,Petrol,Automatic,Sedan,5037313.0,33750.0,,,USD,Nagoya,https://www.beforward.jp/lexus/nx/cd440084/id/15395550/,https://image-cdn.beforward.jp/medium/202607/15395550/CD440084_204a9a61.jpg?w=200,1,2026-07-22 12:48:11.230783
BE FORWARD,CD050870,2021 LEXUS UX 300EL,Lexus,Ux 300El,2021.0,63139.0,,Petrol,Automatic,Sedan,2244776.0,15040.0,,,USD,Yokohama,https://www.beforward.jp/lexus/ux/cd050870/id/15002221/,https://image-cdn.beforward.jp/medium/202604/15002221/CD050870_1e6b286b.jpg?w=200,1,2026-07-22 12:48:11.230783
BE FORWARD,CE131012,2019 LEXUS NX I,Lexus,Nx I,2019.0,48099.0,0.0,Petrol,Automatic,Sedan,2532836.0,16970.0,,,USD,Nagoya,https://www.beforward.jp/lexus/nx/ce131012/id/16012442/,https://image-cdn.beforward.jp/medium/202607/16012442/CE131012_204ac66e.jpg?w=200,1,2026-07-22 12:48:11.230783
BE FORWARD,CE131210,2023 LEXUS NX,Lexus,Nx,2023.0,10028.0,500.0,Petrol,Automatic,Sedan,3928358.0,26320.0,,,USD,Yokohama,https://www.beforward.jp/lexus/nx/ce131210/id/16012641/,https://image-cdn.beforward.jp/medium/202607/16012641/CE131210_204ada70.jpg?w=200,1,2026-07-22 12:48:11.230783
BE FORWARD,CE131337,2023 LEXUS LX LX600,Lexus,Lx Lx600,2023.0,19433.0,500.0,Petrol,Automatic,Sedan,11922388.0,79880.0,,,USD,Yokohama,https://www.beforward.jp/lexus/lx/ce131337/id/16012772/,https://image-cdn.beforward.jp/medium/202607/16012772/CE131337_204ae843.jpg?w=200,1,2026-07-22 12:48:11.230783
BE FORWARD,CE130824,2018 LEXUS LS,Lexus,Ls,2018.0,41209.0,500.0,Petrol,Automatic,Sedan,5286567.0,35420.0,37703.0,Mombasa,USD,Yokohama,https://www.beforward.jp/lexus/ls/ce130824/id/16012249/,https://image-cdn.beforward.jp/medium/202607/16012249/CE130824_204a966d.jpg?w=200,1,2026-07-22 12:48:11.230783
BE FORWARD,CC572559,2021 LEXUS ES ES300HF,Lexus,Es Es300Hf,2021.0,25500.0,500.0,Petrol,Automatic,Sedan,4102985.0,27490.0,29618.0,Mombasa,USD,Kyushu,https://www.beforward.jp/lexus/es/cc572559/id/14593341/,https://image-cdn.beforward.jp/medium/202606/14593341/CC572559_1fbdc28e.jpg?w=200,1,2026-07-22 12:48:11.230783
BE FORWARD,CC421919,2019 LEXUS ES ES300HL,Lexus,Es Es300Hl,2019.0,43052.0,500.0,Petrol,Automatic,Sedan,2801493.0,18770.0,20976.0,Mombasa,USD,Kyushu,https://www.beforward.jp/lexus/es/cc421919/id/14441499/,https://image-cdn.beforward.jp/medium/202607/14441499/CC421919_204a7af5.jpg?w=200,1,2026-07-22 12:48:11.230783
BE FORWARD,CB362976,2019 LEXUS ES ES300HF,Lexus,Es Es300Hf,2019.0,41276.0,500.0,Petrol,Automatic,Sedan,3517910.0,23570.0,25776.0,Mombasa,USD,Kyushu,https://www.beforward.jp/lexus/es/cb362976/id/13421862/,https://image-cdn.beforward.jp/medium/202604/13421862/CB362976_1e25ff06.jpg?w=200,1,2026-07-22 12:48:11.230783
BE FORWARD,CE131606,2024 LEXUS NX F,Lexus,Nx F,2024.0,26875.0,500.0,Petrol,Automatic,Sedan,5355224.0,35880.0,38149.0,Mombasa,USD,Yokohama,https://www.beforward.jp/lexus/nx/ce131606/id/16013041/,https://image-cdn.beforward.jp/medium/202607/16013041/CE131606_204b07e4.jpg?w=200,1,2026-07-22 12:48:11.230783
BE FORWARD,CE131733,2020 LEXUS RX 300FM3,Lexus,Rx 300Fm3,2020.0,15800.0,0.0,Petrol,Automatic,Sedan,3832836.0,25680.0,28180.0,Mombasa,USD,Kobe,https://www.beforward.jp/lexus/rx/ce131733/id/16013169/,https://image-cdn.beforward.jp/medium/202607/16013169/CE131733_204b1bb5.jpg?w=200,1,2026-07-22 12:48:11.230783
BE FORWARD,CD890699,2019 BMW X1 X DRIVE 18D X LINE,Bmw,X1 X Drive 18D X Line,2019.0,80475.0,990.0,Diesel,Automatic,Suv,1328358.0,8900.0,11080.0,Mombasa,USD,Yokohama,https://www.beforward.jp/bmw/x1/cd890699/id/15855748/,https://image-cdn.beforward.jp/medium/202607/15855748/CD890699_67fbf7.JPG?w=200,1,2026-07-22 12:48:11.230783
BE FORWARD,CD908325,2018 BMW 5 SERIES 523I LUXURY,Bmw,5 Series 523I Luxury,2018.0,108760.0,990.0,Petrol,Automatic,Sedan,1207463.0,8090.0,10313.0,Mombasa,USD,Kobe,https://www.beforward.jp/bmw/5-series/cd908325/id/15891784/,https://image-cdn.beforward.jp/medium/202607/15891784/CD908325_5bc744.jpg?w=200,1,2026-07-22 12:48:11.230783
BE FORWARD,CD908328,2019 BMW 3 SERIES 320D X DRIVE M SPORT,Bmw,3 Series 320D X Drive M Sport,2019.0,119217.0,990.0,Diesel,Automatic,Sedan,1732836.0,11610.0,13671.0,Mombasa,USD,Kobe,https://www.beforward.jp/bmw/3-series/cd908328/id/15892060/,https://image-cdn.beforward.jp/medium/202607/15892060/CD908328_579840.jpg?w=200,1,2026-07-22 12:48:11.230783
BE FORWARD,CD898315,2019 BMW X3 X DRIVE 20D X LINE,Bmw,X3 X Drive 20D X Line,2019.0,107087.0,990.0,Diesel,Automatic,Suv,1626866.0,10900.0,13273.0,Mombasa,USD,Kobe,https://www.beforward.jp/bmw/x3/cd898315/id/15886798/,https://image-cdn.beforward.jp/medium/202607/15886798/CD898315_558833.JPG?w=200,1,2026-07-22 12:48:11.230783
BE FORWARD,CD904835,2019 BMW X3 X DRIVE 20D X LINE SELECT PKG,Bmw,X3 X Drive 20D X Line Select Pkg,2019.0,87064.0,990.0,Diesel,Automatic,Suv,2547761.0,17070.0,19365.0,Mombasa,USD,Nagoya,https://www.beforward.jp/bmw/x3/cd904835/id/15879872/,https://image-cdn.beforward.jp/medium/202607/15879872/CD904835_ecfa63.jpg?w=200,1,2026-07-22 12:48:11.230783
BE FORWARD,CD890680,2020 BMW X2 X DRIVE 20I M SPORT,Bmw,X2 X Drive 20I M Sport,2020.0,85052.0,990.0,Petrol,Automatic,Sedan,1332836.0,8930.0,10938.0,Mombasa,USD,Yokohama,https://www.beforward.jp/bmw/x2/cd890680/id/15854987/,https://image-cdn.beforward.jp/medium/202607/15854987/CD890680_6b903c.jpg?w=200,1,2026-07-22 12:48:11.230783
BE FORWARD,CD904743,2018 BMW X1 X DRIVE 18D X LINE,Bmw,X1 X Drive 18D X Line,2018.0,141658.0,990.0,Diesel,Automatic,Suv,822388.0,5510.0,7578.0,Mombasa,USD,Nagoya,https://www.beforward.jp/bmw/x1/cd904743/id/15879102/,https://image-cdn.beforward.jp/medium/202607/15879102/CD904743_16f1a8.jpg?w=200,1,2026-07-22 12:48:11.230783
BE FORWARD,CD857949,2020 BMW X5 X DRIVE 35D M SPORT AIRSUS,Bmw,X5 X Drive 35D M Sport Airsus,2020.0,53606.0,990.0,Diesel,Automatic,Suv,4077612.0,27320.0,30039.0,Mombasa,USD,Yokohama,https://www.beforward.jp/bmw/x5/cd857949/id/15825562/,https://image-cdn.beforward.jp/medium/202607/15825562/CD857949_7786ac.JPG?w=200,1,2026-07-22 12:48:11.230783
BE FORWARD,CD890671,2019 BMW X3 M40D SELECT PACKAGE HIGHLINE PKG,Bmw,X3 M40D Select Package Highline Pkg,2019.0,93055.0,990.0,Diesel,Automatic,Suv,2889552.0,19360.0,21701.0,Mombasa,USD,Yokohama,https://www.beforward.jp/bmw/x3/cd890671/id/15854822/,https://image-cdn.beforward.jp/medium/202607/15854822/CD890671_93b0d8.jpg?w=200,1,2026-07-22 12:48:11.230783
BE FORWARD,CD890683,2018 BMW 1 SERIES 118D STYLE PARKING SUPPORT PKG,Bmw,1 Series 118D Style Parking Support Pkg,2018.0,128066.0,990.0,Diesel,Automatic,Sedan,629851.0,4220.0,6085.0,Mombasa,USD,Yokohama,https://www.beforward.jp/bmw/1-series/cd890683/id/15855026/,https://image-cdn.beforward.jp/medium/202607/15855026/CD890683_0457ed.jpg?w=200,1,2026-07-22 12:48:11.230783
BE FORWARD,CD884678,2019 BMW MINI CLUBMAN CLUBMAN,Bmw,Mini Clubman Clubman,2019.0,181183.0,490.0,Petrol,Automatic,Sedan,582090.0,3900.0,5789.0,Mombasa,USD,Nagoya,https://www.beforward.jp/bmw/mini-clubman/cd884678/id/15855911/,https://image-cdn.beforward.jp/medium/202607/15855911/CD884678_d5e1d9.jpg?w=200,1,2026-07-22 12:48:11.230783
BE FORWARD,CD822735,2018 BMW 2 SERIES 218D ACTIVE TOURER,Bmw,2 Series 218D Active Tourer,2018.0,122890.0,990.0,Diesel,Automatic,Sedan,397015.0,2660.0,4696.0,Mombasa,USD,Kobe,https://www.beforward.jp/bmw/2-series/cd822735/id/15801259/,https://image-cdn.beforward.jp/medium/202607/15801259/CD822735_c152bd.jpg?w=200,1,2026-07-22 12:48:11.230783
BE FORWARD,CD807601,2018 BMW MINI ONE,Bmw,Mini One,2018.0,117872.0,190.0,Petrol,Automatic,Sedan,301493.0,2020.0,3739.0,Mombasa,USD,Nagoya,https://www.beforward.jp/bmw/mini/cd807601/id/15779595/,https://image-cdn.beforward.jp/medium/202607/15779595/CD807601_e73d0e.jpg?w=200,1,2026-07-22 12:48:11.230783
BE FORWARD,CD776429,2019 BMW M5 M5 COMFORT PACKAGE,Bmw,M5 M5 Comfort Package,2019.0,74275.0,390.0,Petrol,Automatic,Sedan,4885075.0,32730.0,35021.0,Mombasa,USD,Yokohama,https://www.beforward.jp/bmw/m5/cd776429/id/15737431/,https://image-cdn.beforward.jp/medium/202607/15737431/CD776429_888101.JPG?w=200,1,2026-07-22 12:48:11.230783
BE FORWARD,CD724598,2018 BMW X3 X DRIVE 20I M SPORT HI-LINE PKG,Bmw,X3 X Drive 20I M Sport Hi-Line Pkg,2018.0,105350.0,990.0,Petrol,Automatic,Suv,1458209.0,9770.0,12177.0,Mombasa,USD,Yokohama,https://www.beforward.jp/bmw/x3/cd724598/id/15684720/,https://image-cdn.beforward.jp/medium/202607/15684720/CD724598_5006ef.JPG?w=200,1,2026-07-22 12:48:11.230783
BE FORWARD,CD647752,2020 BMW MINI COOPER D,Bmw,Mini Cooper D,2020.0,103478.0,490.0,Diesel,Automatic,Sedan,467164.0,3130.0,4848.0,Mombasa,USD,Kyushu,https://www.beforward.jp/bmw/mini/cd647752/id/15630388/,https://image-cdn.beforward.jp/medium/202607/15630388/CD647752_2e845f.JPG?w=200,1,2026-07-22 12:48:11.230783
BE FORWARD,CE144790,2020 BMW X1,Bmw,X1,2020.0,38000.0,0.0,Petrol,Automatic,Suv,2253731.0,15100.0,,,USD,Yokohama,https://www.beforward.jp/bmw/x1/ce144790/id/16026096/,https://image-cdn.beforward.jp/medium/202607/16026096/CE144790_204f6f40.jpg?w=200,1,2026-07-22 12:48:11.230783
BE FORWARD,CE139513,2020 BMW X1 XDRIVE18DX,Bmw,X1 Xdrive18Dx,2020.0,42560.0,995.0,Petrol,Automatic,Suv,2264179.0,15170.0,,,USD,Yokohama,https://www.beforward.jp/bmw/x1/ce139513/id/16020967/,https://image-cdn.beforward.jp/medium/202607/16020967/CE139513_203c882d.jpg?w=200,1,2026-07-22 12:48:11.230783
BE FORWARD,CE139554,2020 BMW X4 XDRIVE20DM,Bmw,X4 Xdrive20Dm,2020.0,64870.0,995.0,Petrol,Automatic,Sedan,2744776.0,18390.0,,,USD,Hokkaido,https://www.beforward.jp/bmw/x4/ce139554/id/16021008/,https://image-cdn.beforward.jp/medium/202607/16021008/CE139554_203c8d11.jpg?w=200,1,2026-07-22 12:48:11.230783
BE FORWARD,CE140117,2021 BMW X5 XDRIVE35DM,Bmw,X5 Xdrive35Dm,2021.0,32880.0,992.0,Petrol,Automatic,Suv,4237313.0,28390.0,,,USD,Yokohama,https://www.beforward.jp/bmw/x5/ce140117/id/16021573/,https://image-cdn.beforward.jp/medium/202607/16021573/CE140117_20400c51.jpg?w=200,1,2026-07-22 12:48:11.230783
BE FORWARD,CE143521,2020 BMW MINI,Bmw,Mini,2020.0,49409.0,500.0,Diesel,Automatic,Sedan,1464179.0,9810.0,11579.0,Mombasa,USD,Yokohama,https://www.beforward.jp/bmw/mini/ce143521/id/16025033/,https://image-cdn.beforward.jp/medium/202607/16025033/CE143521_204f057d.jpg?w=200,1,2026-07-22 12:48:11.230783
BE FORWARD,CE143526,2020 BMW 3 SERIES,Bmw,3 Series,2020.0,49958.0,0.0,Petrol,Automatic,Sedan,3756716.0,25170.0,27201.0,Mombasa,USD,Yokohama,https://www.beforward.jp/bmw/3-series/ce143526/id/16025038/,https://image-cdn.beforward.jp/medium/202607/16025038/CE143526_204f05f4.jpg?w=200,1,2026-07-22 12:48:11.230783
BE FORWARD,CE143528,2025 BMW M4,Bmw,M4,2025.0,17100.0,0.0,Petrol,Automatic,Sedan,10516418.0,70460.0,72518.0,Mombasa,USD,Nagoya,https://www.beforward.jp/bmw/m4/ce143528/id/16025040/,https://image-cdn.beforward.jp/medium/202607/16025040/CE143528_204f061c.jpg?w=200,1,2026-07-22 12:48:11.230783
BE FORWARD,CD269025,2018 BMW MINI,Bmw,Mini,2018.0,46995.0,500.0,Petrol,Automatic,Sedan,1435821.0,9620.0,11677.0,Mombasa,USD,Kobe,https://www.beforward.jp/bmw/mini/cd269025/id/15221818/,https://image-cdn.beforward.jp/medium/202606/15221818/CD269025_1f6cfb2b.jpg?w=200,1,2026-07-22 12:48:11.230783
BE FORWARD,CE141669,2018 BMW MINI,Bmw,Mini,2018.0,71471.0,500.0,Petrol,Automatic,Sedan,1059701.0,7100.0,9099.0,Mombasa,USD,Yokohama,https://www.beforward.jp/bmw/mini/ce141669/id/16023134/,https://image-cdn.beforward.jp/medium/202607/16023134/CE141669_204ec5f8.jpg?w=200,1,2026-07-22 12:48:11.230783
BE FORWARD,CE140568,2018 BMW MINI,Bmw,Mini,2018.0,62384.0,500.0,Diesel,Automatic,Sedan,1086567.0,7280.0,9243.0,Mombasa,USD,Nagoya,https://www.beforward.jp/bmw/mini/ce140568/id/16022024/,https://image-cdn.beforward.jp/medium/202607/16022024/CE140568_204e904e.jpg?w=200,1,2026-07-22 12:48:11.230783
BE FORWARD,CE139514,2022 BMW 1 SERIES 118I,Bmw,1 Series 118I,2022.0,32100.0,499.0,Petrol,Automatic,Sedan,1686567.0,11300.0,13172.0,Mombasa,USD,Osaka,https://www.beforward.jp/bmw/1-series/ce139514/id/16020968/,https://image-cdn.beforward.jp/medium/202607/16020968/CE139514_203c884b.jpg?w=200,1,2026-07-22 12:48:11.230783
BE FORWARD,CE139284,2019 BMW MINI,Bmw,Mini,2019.0,59200.0,0.0,Petrol,Automatic,Sedan,1541791.0,10330.0,12411.0,Mombasa,USD,Kobe,https://www.beforward.jp/bmw/mini/ce139284/id/16020736/,https://image-cdn.beforward.jp/medium/202607/16020736/CE139284_204e7267.jpg?w=200,1,2026-07-22 12:48:11.230783
BE FORWARD,CE135880,2022 BMW X1 X18DX4WD,Bmw,X1 X18Dx4Wd,2022.0,29000.0,0.0,Petrol,Automatic,Suv,2562687.0,17170.0,,,USD,Kobe,https://www.beforward.jp/bmw/x1/ce135880/id/16017246/,https://image-cdn.beforward.jp/medium/202607/16017246/CE135880_204d3a92.jpg?w=200,1,2026-07-22 12:48:11.230783
BE FORWARD,CE135831,2024 BMW MINI C3DCTAIS,Bmw,Mini C3Dctais,2024.0,8000.0,500.0,Petrol,Automatic,Sedan,3053731.0,20460.0,22165.0,Mombasa,USD,Yokohama,https://www.beforward.jp/bmw/mini/ce135831/id/16017197/,https://image-cdn.beforward.jp/medium/202607/16017197/CE135831_204d36a9.jpg?w=200,1,2026-07-22 12:48:11.230783
BE FORWARD,CE135835,2023 BMW MINI SD5,Bmw,Mini Sd5,2023.0,27000.0,0.0,Diesel,Automatic,Sedan,2956716.0,19810.0,21544.0,Mombasa,USD,Yokohama,https://www.beforward.jp/bmw/mini/ce135835/id/16017201/,https://image-cdn.beforward.jp/medium/202607/16017201/CE135835_204d36e2.jpg?w=200,1,2026-07-22 12:48:11.230783
BE FORWARD,CE135836,2025 BMW MINI C3DCTAIS,Bmw,Mini C3Dctais,2025.0,1000.0,500.0,Petrol,Automatic,Sedan,2956716.0,19810.0,21515.0,Mombasa,USD,Yokohama,https://www.beforward.jp/bmw/mini/ce135836/id/16017202/,https://image-cdn.beforward.jp/medium/202607/16017202/CE135836_204d36f5.jpg?w=200,1,2026-07-22 12:48:11.230783
BE FORWARD,CE135838,2025 BMW MINI C5DCTAIS,Bmw,Mini C5Dctais,2025.0,50.0,500.0,Petrol,Automatic,Sedan,3486567.0,23360.0,25131.0,Mombasa,USD,Yokohama,https://www.beforward.jp/bmw/mini/ce135838/id/16017204/,https://image-cdn.beforward.jp/medium/202607/16017204/CE135838_204d3721.jpg?w=200,1,2026-07-22 12:48:11.230783
BE FORWARD,CE135852,2022 BMW MINI S5DCTAIS,Bmw,Mini S5Dctais,2022.0,10000.0,0.0,Petrol,Automatic,Sedan,3400000.0,22780.0,24514.0,Mombasa,USD,Yokohama,https://www.beforward.jp/bmw/mini/ce135852/id/16017218/,https://image-cdn.beforward.jp/medium/202607/16017218/CE135852_204d3811.jpg?w=200,1,2026-07-22 12:48:11.230783
BE FORWARD,CE135855,2021 BMW 5 SERIES 523DX,Bmw,5 Series 523Dx,2021.0,87000.0,0.0,Diesel,Automatic,Sedan,2194030.0,14700.0,16892.0,Mombasa,USD,Yokohama,https://www.beforward.jp/bmw/5-series/ce135855/id/16017221/,https://image-cdn.beforward.jp/medium/202607/16017221/CE135855_204d384d.jpg?w=200,1,2026-07-22 12:48:11.230783
BE FORWARD,CE135864,2022 BMW MINI S3DCTAIS,Bmw,Mini S3Dctais,2022.0,18000.0,0.0,Petrol,Automatic,Sedan,2340299.0,15680.0,17358.0,Mombasa,USD,Yokohama,https://www.beforward.jp/bmw/mini/ce135864/id/16017230/,https://image-cdn.beforward.jp/medium/202607/16017230/CE135864_204d3904.jpg?w=200,1,2026-07-22 12:48:11.230783
BE FORWARD,CE136059,2018 BMW 1 SERIES 118DM,Bmw,1 Series 118Dm,2018.0,62050.0,0.0,Diesel,Automatic,Sedan,1520896.0,10190.0,12155.0,Mombasa,USD,Kobe,https://www.beforward.jp/bmw/1-series/ce136059/id/16017425/,https://image-cdn.beforward.jp/medium/202607/16017425/CE136059_204d4fd1.jpg?w=200,1,2026-07-22 12:48:11.230783
BE FORWARD,CE136081,2023 BMW M3 CS,Bmw,M3 Cs,2023.0,12153.0,990.0,Petrol,Automatic,Sedan,14808955.0,99220.0,101463.0,Mombasa,USD,Kobe,https://www.beforward.jp/bmw/m3/ce136081/id/16017447/,https://image-cdn.beforward.jp/medium/202607/16017447/CE136081_204d5299.jpg?w=200,1,2026-07-22 12:48:11.230783
BE FORWARD,CE136099,2023 BMW MINI CLUBMAN DED,Bmw,Mini Clubman Ded,2023.0,19400.0,0.0,Diesel,Automatic,Sedan,3582090.0,24000.0,25892.0,Mombasa,USD,Yokohama,https://www.beforward.jp/bmw/mini-clubman/ce136099/id/16017465/,https://image-cdn.beforward.jp/medium/202607/16017465/CE136099_204d54f2.jpg?w=200,1,2026-07-22 12:48:11.230783
BE FORWARD,CE136214,2025 BMW 2 SERIES 220DM,Bmw,2 Series 220Dm,2025.0,2059.0,0.0,Diesel,Automatic,Sedan,4025373.0,26970.0,28876.0,Mombasa,USD,Yokohama,https://www.beforward.jp/bmw/2-series/ce136214/id/16017580/,https://image-cdn.beforward.jp/medium/202607/16017580/CE136214_204d647d.jpg?w=200,1,2026-07-22 12:48:11.230783
BE FORWARD,CE134530,2020 BMW 3 SERIES,Bmw,3 Series,2020.0,37654.0,0.0,Petrol,Automatic,Sedan,2523881.0,16910.0,18931.0,Mombasa,USD,Nagoya,https://www.beforward.jp/bmw/3-series/ce134530/id/16016007/,https://image-cdn.beforward.jp/medium/202607/16016007/CE134530_204c6551.jpg?w=200,1,2026-07-22 12:48:11.230783
BE FORWARD,CE134014,2023 BMW 3 SERIES,Bmw,3 Series,2023.0,19231.0,0.0,Petrol,Automatic,Sedan,3447761.0,23100.0,,,USD,Yokohama,https://www.beforward.jp/bmw/3-series/ce134014/id/16015482/,https://image-cdn.beforward.jp/medium/202607/16015482/CE134014_204c0005.JPG?w=200,1,2026-07-22 12:48:11.230783
BE FORWARD,CE134620,2022 BMW X3,Bmw,X3,2022.0,69000.0,0.0,Petrol,Automatic,Suv,3188060.0,21360.0,,,USD,Nagoya,https://www.beforward.jp/bmw/x3/ce134620/id/16016097/,https://image-cdn.beforward.jp/medium/202607/16016097/CE134620_204c76c8.jpg?w=200,1,2026-07-22 12:48:11.230783
BE FORWARD,CE134812,2021 BMW X3,Bmw,X3,2021.0,42000.0,0.0,Petrol,Automatic,Suv,3544776.0,23750.0,,,USD,Nagoya,https://www.beforward.jp/bmw/x3/ce134812/id/16016289/,https://image-cdn.beforward.jp/medium/202607/16016289/CE134812_204c8bef.jpg?w=200,1,2026-07-22 12:48:11.230783
BE FORWARD,CE135546,2018 BMW X2,Bmw,X2,2018.0,13620.0,0.0,Petrol,Automatic,Sedan,1750746.0,11730.0,,,USD,Osaka,https://www.beforward.jp/bmw/x2/ce135546/id/16016912/,https://image-cdn.beforward.jp/medium/202607/16016912/CE135546_204d1f41.jpg?w=200,1,2026-07-22 12:48:11.230783
BE FORWARD,CE134791,2018 BMW 5 SERIES,Bmw,5 Series,2018.0,67000.0,0.0,Diesel,Automatic,Sedan,2283582.0,15300.0,17487.0,Mombasa,USD,Nagoya,https://www.beforward.jp/bmw/5-series/ce134791/id/16016268/,https://image-cdn.beforward.jp/medium/202607/16016268/CE134791_204c89be.jpg?w=200,1,2026-07-22 12:48:11.230783
BE FORWARD,CE134993,2020 BMW 3 SERIES,Bmw,3 Series,2020.0,43000.0,0.0,Diesel,Automatic,Sedan,2658209.0,17810.0,19831.0,Mombasa,USD,Nagoya,https://www.beforward.jp/bmw/3-series/ce134993/id/16016387/,https://image-cdn.beforward.jp/medium/202607/16016387/CE134993_204c950a.jpg?w=200,1,2026-07-22 12:48:11.230783
BE FORWARD,CE134994,2021 BMW 3 SERIES,Bmw,3 Series,2021.0,33000.0,0.0,Diesel,Automatic,Sedan,2774627.0,18590.0,20747.0,Mombasa,USD,Nagoya,https://www.beforward.jp/bmw/3-series/ce134994/id/16016388/,https://image-cdn.beforward.jp/medium/202607/16016388/CE134994_204c951f.jpg?w=200,1,2026-07-22 12:48:11.230783
BE FORWARD,CE135454,2021 BMW 8 SERIES,Bmw,8 Series,2021.0,36355.0,0.0,Petrol,Automatic,Sedan,5037313.0,33750.0,35904.0,Mombasa,USD,Osaka,https://www.beforward.jp/bmw/8-series/ce135454/id/16016820/,https://image-cdn.beforward.jp/medium/202607/16016820/CE135454_204d17a3.jpg?w=200,1,2026-07-22 12:48:11.230783
BE FORWARD,CE135744,2019 BMW 3 SERIES,Bmw,3 Series,2019.0,6800.0,990.0,Petrol,Automatic,Sedan,3235821.0,21680.0,23653.0,Mombasa,USD,Osaka,https://www.beforward.jp/bmw/3-series/ce135744/id/16017110/,https://image-cdn.beforward.jp/medium/202607/16017110/CE135744_204d2ea6.jpg?w=200,1,2026-07-22 12:48:11.230783
BE FORWARD,CE086540,2021 BMW X5,Bmw,X5,2021.0,18555.0,0.0,Diesel,Automatic,Suv,4998507.0,33490.0,36115.0,Mombasa,USD,Yokohama,https://www.beforward.jp/bmw/x5/ce086540/id/15967413/,https://image-cdn.beforward.jp/medium/202607/15967413/CE086540_20318602.JPG?w=200,1,2026-07-22 12:48:11.230783
BE FORWARD,CE133793,2019 BMW M2,Bmw,M2,2019.0,51719.0,0.0,Petrol,Manual,Sedan,4959701.0,33230.0,35166.0,Mombasa,USD,Yokohama,https://www.beforward.jp/bmw/m2/ce133793/id/16015261/,https://image-cdn.beforward.jp/medium/202607/16015261/CE133793_204be0ab.JPG?w=200,1,2026-07-22 12:48:11.230783
BE FORWARD,CE133991,2025 BMW X1,Bmw,X1,2025.0,11496.0,500.0,Petrol,Automatic,Suv,4141791.0,27750.0,29855.0,Mombasa,USD,Yokohama,https://www.beforward.jp/bmw/x1/ce133991/id/16015459/,https://image-cdn.beforward.jp/medium/202607/16015459/CE133991_204bfd12.JPG?w=200,1,2026-07-22 12:48:11.230783
BE FORWARD,CE134051,2018 BMW 1 SERIES,Bmw,1 Series,2018.0,61626.0,0.0,Diesel,Automatic,Sedan,1232836.0,8260.0,10106.0,Mombasa,USD,Yokohama,https://www.beforward.jp/bmw/1-series/ce134051/id/16015519/,https://image-cdn.beforward.jp/medium/202607/16015519/CE134051_204c052e.JPG?w=200,1,2026-07-22 12:48:11.230783
BE FORWARD,CE134244,2021 BMW MINI,Bmw,Mini,2021.0,45889.0,0.0,Diesel,Automatic,Sedan,2292537.0,15360.0,17058.0,Mombasa,USD,Yokohama,https://www.beforward.jp/bmw/mini/ce134244/id/16015715/,https://image-cdn.beforward.jp/medium/202607/16015715/CE134244_204c235b.JPG?w=200,1,2026-07-22 12:48:11.230783
BE FORWARD,CE133425,2024 BMW X4,Bmw,X4,2024.0,18411.0,0.0,Petrol,Automatic,Sedan,4314925.0,28910.0,,,USD,Osaka,https://www.beforward.jp/bmw/x4/ce133425/id/16014882/,https://image-cdn.beforward.jp/medium/202607/16014882/CE133425_204baf96.jpg?w=200,1,2026-07-22 12:48:11.230783
BE FORWARD,CE133292,2021 BMW X1,Bmw,X1,2021.0,45975.0,0.0,Petrol,Automatic,Suv,2744776.0,18390.0,,,USD,Nagoya,https://www.beforward.jp/bmw/x1/ce133292/id/16014742/,https://image-cdn.beforward.jp/medium/202607/16014742/CE133292_204ba15d.jpg?w=200,1,2026-07-22 12:48:11.230783
BE FORWARD,CE130933,2020 BMW X1,Bmw,X1,2020.0,20232.0,0.0,Petrol,Automatic,Suv,2494030.0,16710.0,,,USD,Yokohama,https://www.beforward.jp/bmw/x1/ce130933/id/16012362/,https://image-cdn.beforward.jp/medium/202607/16012362/CE130933_204abe7b.jpg?w=200,1,2026-07-22 12:48:11.230783
BE FORWARD,CE133713,2021 BMW MINI SDCT,Bmw,Mini Sdct,2021.0,72900.0,990.0,Petrol,Automatic,Sedan,1868657.0,12520.0,14250.0,Mombasa,USD,Kobe,https://www.beforward.jp/bmw/mini/ce133713/id/16015175/,https://image-cdn.beforward.jp/medium/202607/16015175/CE133713_204bceee.jpg?w=200,1,2026-07-22 12:48:11.230783
BE FORWARD,CE138267,2019 BMW X3 M40D4WD,Bmw,X3 M40D4Wd,2019.0,70000.0,0.0,Diesel,Automatic,Suv,2868657.0,19220.0,21539.0,Mombasa,USD,Nagoya,https://www.beforward.jp/bmw/x3/ce138267/id/16019712/,https://image-cdn.beforward.jp/medium/202607/16019712/CE138267_204e50a4.jpg?w=200,1,2026-07-22 12:48:11.230783
BE FORWARD,CE138305,2020 BMW X4 M40I4WD,Bmw,X4 M40I4Wd,2020.0,51000.0,0.0,Petrol,Automatic,Sedan,4035821.0,27040.0,29414.0,Mombasa,USD,Kobe,https://www.beforward.jp/bmw/x4/ce138305/id/16019752/,https://image-cdn.beforward.jp/medium/202607/16019752/CE138305_204e5890.jpg?w=200,1,2026-07-22 12:48:11.230783
BE FORWARD,CE139475,2022 BMW X1 X18DX4WD,Bmw,X1 X18Dx4Wd,2022.0,27000.0,0.0,Diesel,Automatic,Suv,2831343.0,18970.0,21238.0,Mombasa,USD,Yokohama,https://www.beforward.jp/bmw/x1/ce139475/id/16020929/,https://image-cdn.beforward.jp/medium/202607/16020929/CE139475_204e7ab3.jpg?w=200,1,2026-07-22 12:48:11.230783
BE FORWARD,CE139479,2020 BMW MINI SD,Bmw,Mini Sd,2020.0,29000.0,0.0,Diesel,Automatic,Sedan,1623881.0,10880.0,12519.0,Mombasa,USD,Osaka,https://www.beforward.jp/bmw/mini/ce139479/id/16020933/,https://image-cdn.beforward.jp/medium/202607/16020933/CE139479_204e7b6c.jpg?w=200,1,2026-07-22 12:48:11.230783
BE FORWARD,CE133324,2020 BMW 2 SERIES,Bmw,2 Series,2020.0,63918.0,0.0,Diesel,Automatic,Sedan,1561194.0,10460.0,12345.0,Mombasa,USD,Osaka,https://www.beforward.jp/bmw/2-series/ce133324/id/16014777/,https://image-cdn.beforward.jp/medium/202607/16014777/CE133324_204ba5a3.jpg?w=200,1,2026-07-22 12:48:11.230783
BE FORWARD,CE131911,2020 BMW 2 SERIES,Bmw,2 Series,2020.0,110483.0,0.0,Petrol,Automatic,Sedan,1734328.0,11620.0,13505.0,Mombasa,USD,Osaka,https://www.beforward.jp/bmw/2-series/ce131911/id/16013347/,https://image-cdn.beforward.jp/medium/202607/16013347/CE131911_204b2e0b.jpg?w=200,1,2026-07-22 12:48:11.230783
BE FORWARD,CD872802,2021 BMW 1 SERIES 118D,Bmw,1 Series 118D,2021.0,30981.0,0.0,Diesel,Automatic,Sedan,1714925.0,11490.0,13607.0,Mombasa,USD,Nagoya,https://www.beforward.jp/bmw/1-series/cd872802/id/15830482/,https://image-cdn.beforward.jp/medium/202607/15830482/CD872802_2022946a.jpg?w=200,1,2026-07-22 12:48:11.230783
BE FORWARD,CD890658,2019 AUDI Q2 HASHTAG PASSION,Audi,Q2 Hashtag Passion,2019.0,154635.0,990.0,Petrol,Automatic,Sedan,1376119.0,9220.0,11221.0,Mombasa,USD,Yokohama,https://www.beforward.jp/audi/q2/cd890658/id/15854967/,https://image-cdn.beforward.jp/medium/202607/15854967/CD890658_bec984.JPG?w=200,1,2026-07-22 12:48:11.230783
BE FORWARD,CD904761,2018 AUDI A3 SEDAN 2.0 TFSI QUATTRO,Audi,A3 Sedan 2.0 Tfsi Quattro,2018.0,206926.0,980.0,Petrol,Automatic,Sedan,688060.0,4610.0,6451.0,Mombasa,USD,Nagoya,https://www.beforward.jp/audi/a3-sedan/cd904761/id/15879435/,https://image-cdn.beforward.jp/medium/202607/15879435/CD904761_2ce86d.jpg?w=200,1,2026-07-22 12:48:11.230783
BE FORWARD,CD588378,2019 AUDI Q5 40TDI QUATTRO SPORT,Audi,Q5 40Tdi Quattro Sport,2019.0,133202.0,960.0,Diesel,Automatic,Sedan,1419403.0,9510.0,11900.0,Mombasa,USD,Yokohama,https://www.beforward.jp/audi/q5/cd588378/id/15554682/,https://image-cdn.beforward.jp/medium/202607/15554682/CD588378_1ac177.JPG?w=200,1,2026-07-22 12:48:11.230783
BE FORWARD,CD459211,2019 AUDI Q5 40TDI QUATTRO SPORT S LINE PKG,Audi,Q5 40Tdi Quattro Sport S Line Pkg,2019.0,148790.0,960.0,Diesel,Automatic,Sedan,1516418.0,10160.0,12477.0,Mombasa,USD,Osaka,https://www.beforward.jp/audi/q5/cd459211/id/15423817/,https://image-cdn.beforward.jp/medium/202606/15423817/CD459211_d8509d.JPG?w=200,1,2026-07-22 12:48:11.230783
BE FORWARD,CD453578,2021 AUDI Q3 35TDI QUATTRO ADVANCED,Audi,Q3 35Tdi Quattro Advanced,2021.0,109916.0,960.0,Diesel,Automatic,Van,1456716.0,9760.0,11972.0,Mombasa,USD,Yokohama,https://www.beforward.jp/audi/q3/cd453578/id/15412756/,https://image-cdn.beforward.jp/medium/202606/15412756/CD453578_3c0b17.JPG?w=200,1,2026-07-22 12:48:11.230783
BE FORWARD,CE144787,2021 AUDI Q3,Audi,Q3,2021.0,77022.0,500.0,Petrol,Automatic,Sedan,3032836.0,20320.0,,,USD,Yokohama,https://www.beforward.jp/audi/q3/ce144787/id/16026093/,https://image-cdn.beforward.jp/medium/202607/16026093/CE144787_204f6f3a.jpg?w=200,1,2026-07-22 12:48:11.230783
BE FORWARD,CE140811,2024 AUDI Q3,Audi,Q3,2024.0,7300.0,500.0,Petrol,Automatic,Sedan,3601493.0,24130.0,,,USD,Yokohama,https://www.beforward.jp/audi/q3/ce140811/id/16022271/,https://image-cdn.beforward.jp/medium/202607/16022271/CE140811_204e9d95.jpg?w=200,1,2026-07-22 12:48:11.230783
BE FORWARD,CE140545,2019 AUDI Q5,Audi,Q5,2019.0,40472.0,0.0,Petrol,Automatic,Sedan,2128358.0,14260.0,,,USD,Yokohama,https://www.beforward.jp/audi/q5/ce140545/id/16022001/,https://image-cdn.beforward.jp/medium/202607/16022001/CE140545_204e8f5f.jpg?w=200,1,2026-07-22 12:48:11.230783
BE FORWARD,CE138529,2019 AUDI Q2 30TFSI,Audi,Q2 30Tfsi,2019.0,23750.0,999.0,Petrol,Automatic,Sedan,1946269.0,13040.0,,,USD,Yokohama,https://www.beforward.jp/audi/q2/ce138529/id/16019979/,https://image-cdn.beforward.jp/medium/202607/16019979/CE138529_204fdf90.jpg?w=200,1,2026-07-22 12:48:11.230783
BE FORWARD,CE138590,2018 AUDI Q2,Audi,Q2,2018.0,93336.0,999.0,Petrol,Automatic,Sedan,1204478.0,8070.0,,,USD,Yokohama,https://www.beforward.jp/audi/q2/ce138590/id/16020040/,https://image-cdn.beforward.jp/medium/202607/16020040/CE138590_2047aab9.jpg?w=200,1,2026-07-22 12:48:11.230783
BE FORWARD,CE143737,2025 AUDI E- TRON,Audi,E- Tron,2025.0,21400.0,,Electric,Automatic,Sedan,6276119.0,42050.0,,,USD,Osaka,https://www.beforward.jp/audi/e-tron/ce143737/id/16025304/,https://image-cdn.beforward.jp/medium/202607/16025304/CE143737_204f37f6.jpg?w=200,1,2026-07-22 12:48:11.230783
BE FORWARD,CE142632,2018 AUDI A3 SEDAN,Audi,A3 Sedan,2018.0,29547.0,400.0,Petrol,Automatic,Sedan,1868657.0,12520.0,14371.0,Mombasa,USD,Nagoya,https://www.beforward.jp/audi/a3-sedan/ce142632/id/16024108/,https://image-cdn.beforward.jp/medium/202607/16024108/CE142632_204ed820.jpg?w=200,1,2026-07-22 12:48:11.230783
BE FORWARD,CE140584,2020 AUDI A6 55TFSIS,Audi,A6 55Tfsis,2020.0,57830.0,994.0,Petrol,Automatic,Sedan,2697015.0,18070.0,20370.0,Mombasa,USD,Hokkaido,https://www.beforward.jp/audi/a6/ce140584/id/16022040/,https://image-cdn.beforward.jp/medium/202607/16022040/CE140584_20428a6f.jpg?w=200,1,2026-07-22 12:48:11.230783
BE FORWARD,CE140585,2019 AUDI A5 40TFSI,Audi,A5 40Tfsi,2019.0,31600.0,984.0,Petrol,Automatic,Sedan,1974627.0,13230.0,15194.0,Mombasa,USD,Osaka,https://www.beforward.jp/audi/a5/ce140585/id/16022041/,https://image-cdn.beforward.jp/medium/202607/16022041/CE140585_2039733f.jpg?w=200,1,2026-07-22 12:48:11.230783
BE FORWARD,CE139333,2023 AUDI Q5 40TDI,Audi,Q5 40Tdi,2023.0,15900.0,968.0,Diesel,Automatic,Sedan,3659701.0,24520.0,26830.0,Mombasa,USD,Nagoya,https://www.beforward.jp/audi/q5/ce139333/id/16020785/,https://image-cdn.beforward.jp/medium/202607/16020785/CE139333_204cffe2.jpg?w=200,1,2026-07-22 12:48:11.230783
BE FORWARD,CE135718,2018 AUDI A6 2.0TFSISPKG,Audi,A6 2.0Tfsispkg,2018.0,86628.0,0.0,Petrol,Automatic,Sedan,1714925.0,11490.0,13652.0,Mombasa,USD,Yokohama,https://www.beforward.jp/audi/a6/ce135718/id/16017084/,https://image-cdn.beforward.jp/medium/202607/16017084/CE135718_204d2d95.jpg?w=200,1,2026-07-22 12:48:11.230783
BE FORWARD,CE135830,2022 AUDI Q3 35TFSI,Audi,Q3 35Tfsi,2022.0,35179.0,500.0,Petrol,Automatic,Sedan,3014925.0,20200.0,22383.0,Mombasa,USD,Yokohama,https://www.beforward.jp/audi/q3/ce135830/id/16017196/,https://image-cdn.beforward.jp/medium/202607/16017196/CE135830_204d368a.jpg?w=200,1,2026-07-22 12:48:11.230783
BE FORWARD,CE136080,2021 AUDI A1 TFSISB,Audi,A1 Tfsisb,2021.0,38750.0,0.0,Petrol,Automatic,Sedan,2098507.0,14060.0,15931.0,Mombasa,USD,Kobe,https://www.beforward.jp/audi/a1/ce136080/id/16017446/,https://image-cdn.beforward.jp/medium/202607/16017446/CE136080_204d527a.jpg?w=200,1,2026-07-22 12:48:11.230783
BE FORWARD,CE134197,2019 AUDI A5,Audi,A5,2019.0,54880.0,0.0,Petrol,Automatic,Sedan,1985075.0,13300.0,,,USD,Niigata,https://www.beforward.jp/audi/a5/ce134197/id/16015667/,https://image-cdn.beforward.jp/medium/202607/16015667/CE134197_204c1bea.JPG?w=200,1,2026-07-22 12:48:11.230783
BE FORWARD,CE134250,2020 AUDI A7,Audi,A7,2020.0,51664.0,0.0,Petrol,Automatic,Sedan,2916418.0,19540.0,,,USD,Kyushu,https://www.beforward.jp/audi/a7/ce134250/id/16015721/,https://image-cdn.beforward.jp/medium/202607/16015721/CE134250_204c244e.JPG?w=200,1,2026-07-22 12:48:11.230783
BE FORWARD,CE135025,2023 AUDI Q5,Audi,Q5,2023.0,49000.0,0.0,Petrol,Automatic,Sedan,3776119.0,25300.0,,,USD,Nagoya,https://www.beforward.jp/audi/q5/ce135025/id/16016419/,https://image-cdn.beforward.jp/medium/202607/16016419/CE135025_204c986b.jpg?w=200,1,2026-07-22 12:48:11.230783
BE FORWARD,CE134332,2021 AUDI Q3,Audi,Q3,2021.0,23434.0,500.0,Petrol,Automatic,Sedan,3352239.0,22460.0,,,USD,Yokohama,https://www.beforward.jp/audi/q3/ce134332/id/16015803/,https://image-cdn.beforward.jp/medium/202607/16015803/CE134332_204c2fff.JPG?w=200,1,2026-07-22 12:48:11.230783
BE FORWARD,CE133349,2022 AUDI Q3,Audi,Q3,2022.0,37700.0,500.0,Petrol,Automatic,Sedan,3302985.0,22130.0,,,USD,Yokohama,https://www.beforward.jp/audi/q3/ce133349/id/16014804/,https://image-cdn.beforward.jp/medium/202607/16014804/CE133349_204ba82a.jpg?w=200,1,2026-07-22 12:48:11.230783
BE FORWARD,CE134991,2021 AUDI A3,Audi,A3,2021.0,40000.0,0.0,Petrol,Automatic,Sedan,2108955.0,14130.0,16034.0,Mombasa,USD,Nagoya,https://www.beforward.jp/audi/a3/ce134991/id/16016385/,https://image-cdn.beforward.jp/medium/202607/16016385/CE134991_204c94e0.jpg?w=200,1,2026-07-22 12:48:11.230783
BE FORWARD,CE134997,2021 AUDI A8,Audi,A8,2021.0,51000.0,0.0,Petrol,Automatic,Sedan,3226866.0,21620.0,24002.0,Mombasa,USD,Nagoya,https://www.beforward.jp/audi/a8/ce134997/id/16016391/,https://image-cdn.beforward.jp/medium/202607/16016391/CE134997_204c955e.jpg?w=200,1,2026-07-22 12:48:11.230783
BE FORWARD,CE135436,2020 AUDI S8,Audi,S8,2020.0,9900.0,0.0,Petrol,Automatic,Sedan,6220896.0,41680.0,44010.0,Mombasa,USD,Yokohama,https://www.beforward.jp/audi/s8/ce135436/id/16016802/,https://image-cdn.beforward.jp/medium/202607/16016802/CE135436_204d15c3.jpg?w=200,1,2026-07-22 12:48:11.230783
BE FORWARD,CE135528,2018 AUDI A6,Audi,A6,2018.0,86628.0,0.0,Petrol,Automatic,Sedan,1714925.0,11490.0,13652.0,Mombasa,USD,Yokohama,https://www.beforward.jp/audi/a6/ce135528/id/16016894/,https://image-cdn.beforward.jp/medium/202607/16016894/CE135528_204d1e38.jpg?w=200,1,2026-07-22 12:48:11.230783
BE FORWARD,CE135743,2020 AUDI A6,Audi,A6,2020.0,40000.0,980.0,Petrol,Automatic,Sedan,2465672.0,16520.0,18618.0,Mombasa,USD,Osaka,https://www.beforward.jp/audi/a6/ce135743/id/16017109/,https://image-cdn.beforward.jp/medium/202607/16017109/CE135743_204d2e7c.jpg?w=200,1,2026-07-22 12:48:11.230783
BE FORWARD,CE138308,2023 AUDI Q3 35TFSI,Audi,Q3 35Tfsi,2023.0,17000.0,500.0,Petrol,Automatic,Sedan,3264179.0,21870.0,23996.0,Mombasa,USD,Nagoya,https://www.beforward.jp/audi/q3/ce138308/id/16019755/,https://image-cdn.beforward.jp/medium/202607/16019755/CE138308_204e599e.jpg?w=200,1,2026-07-22 12:48:11.230783
BE FORWARD,CE139291,2018 AUDI TT S,Audi,Tt S,2018.0,73000.0,800.0,Petrol,Automatic,Sedan,1723881.0,11550.0,13473.0,Mombasa,USD,Kobe,https://www.beforward.jp/audi/tt/ce139291/id/16020742/,https://image-cdn.beforward.jp/medium/202607/16020742/CE139291_204e72fe.jpg?w=200,1,2026-07-22 12:48:11.230783
BE FORWARD,CE139526,2022 AUDI Q5 40TDIS4WD,Audi,Q5 40Tdis4Wd,2022.0,23000.0,0.0,Petrol,Automatic,Sedan,3592537.0,24070.0,26366.0,Mombasa,USD,Yokohama,https://www.beforward.jp/audi/q5/ce139526/id/16020980/,https://image-cdn.beforward.jp/medium/202607/16020980/CE139526_204e7d77.jpg?w=200,1,2026-07-22 12:48:11.230783
BE FORWARD,CE133348,2021 AUDI A3 SEDAN,Audi,A3 Sedan,2021.0,27400.0,990.0,Petrol,Automatic,Sedan,1994030.0,13360.0,15266.0,Mombasa,USD,Yokohama,https://www.beforward.jp/audi/a3-sedan/ce133348/id/16014803/,https://image-cdn.beforward.jp/medium/202607/16014803/CE133348_204ba816.jpg?w=200,1,2026-07-22 12:48:11.230783
BE FORWARD,CD513609,2023 AUDI Q5,Audi,Q5,2023.0,30047.0,0.0,Petrol,Automatic,Sedan,3785075.0,25360.0,,,USD,Nagoya,https://www.beforward.jp/audi/q5/cd513609/id/15469427/,https://image-cdn.beforward.jp/medium/202606/15469427/CD513609_1f7cf5fb.jpg?w=200,1,2026-07-22 12:48:11.230783
BE FORWARD,CE131160,2024 AUDI Q5 S,Audi,Q5 S,2024.0,53.0,0.0,Petrol,Automatic,Sedan,4507463.0,30200.0,,,USD,Nagoya,https://www.beforward.jp/audi/q5/ce131160/id/16012590/,https://image-cdn.beforward.jp/medium/202607/16012590/CE131160_204ad582.jpg?w=200,1,2026-07-22 12:48:11.230783
BE FORWARD,CE131205,2025 AUDI Q7 50TDIS,Audi,Q7 50Tdis,2025.0,22257.0,0.0,Petrol,Automatic,Sedan,6288060.0,42130.0,,,USD,Nagoya,https://www.beforward.jp/audi/q7/ce131205/id/16012636/,https://image-cdn.beforward.jp/medium/202607/16012636/CE131205_204ada0f.jpg?w=200,1,2026-07-22 12:48:11.230783
BE FORWARD,CE131232,2024 AUDI Q3 35TFSIS,Audi,Q3 35Tfsis,2024.0,6951.0,500.0,Petrol,Automatic,Sedan,3640299.0,24390.0,,,USD,Yokohama,https://www.beforward.jp/audi/q3/ce131232/id/16012663/,https://image-cdn.beforward.jp/medium/202607/16012663/CE131232_204add01.jpg?w=200,1,2026-07-22 12:48:11.230783
BE FORWARD,CE131234,2025 AUDI Q7 50TDIS,Audi,Q7 50Tdis,2025.0,7655.0,0.0,Petrol,Automatic,Sedan,6914925.0,46330.0,,,USD,Yokohama,https://www.beforward.jp/audi/q7/ce131234/id/16012665/,https://image-cdn.beforward.jp/medium/202607/16012665/CE131234_204add43.jpg?w=200,1,2026-07-22 12:48:11.230783
BE FORWARD,CE131236,2025 AUDI Q5 TDI150KW,Audi,Q5 Tdi150Kw,2025.0,8524.0,0.0,Petrol,Automatic,Sedan,5952239.0,39880.0,,,USD,Yokohama,https://www.beforward.jp/audi/q5/ce131236/id/16012667/,https://image-cdn.beforward.jp/medium/202607/16012667/CE131236_204add85.jpg?w=200,1,2026-07-22 12:48:11.230783
BE FORWARD,CE131809,2022 AUDI TT,Audi,Tt,2022.0,33342.0,480.0,Petrol,Automatic,Sedan,9865672.0,66100.0,67603.0,Mombasa,USD,South Africa,https://www.beforward.jp/audi/tt/ce131809/id/16013245/,https://image-cdn.beforward.jp/medium/202607/16013245/CE131809_204a01e1.jpg?w=200,1,2026-07-22 12:48:11.230783
BE FORWARD,CD856123,2022 AUDI A3 30TFSI,Audi,A3 30Tfsi,2022.0,22965.0,0.0,Petrol,Automatic,Sedan,2002985.0,13420.0,15324.0,Mombasa,USD,Yokohama,https://www.beforward.jp/audi/a3/cd856123/id/15814456/,https://image-cdn.beforward.jp/medium/202607/15814456/CD856123_204aad1f.jpg?w=200,1,2026-07-22 12:48:11.230783
BE FORWARD,CD872596,2023 AUDI A4 35TFSI,Audi,A4 35Tfsi,2023.0,27261.0,984.0,Petrol,Automatic,Sedan,2195522.0,14710.0,16694.0,Mombasa,USD,Nagoya,https://www.beforward.jp/audi/a4/cd872596/id/15830273/,https://image-cdn.beforward.jp/medium/202607/15830273/CD872596_1fec3a89.jpg?w=200,1,2026-07-22 12:48:11.230783
BE FORWARD,CD461400,2021 AUDI A1 25TFSI,Audi,A1 25Tfsi,2021.0,14014.0,0.0,Petrol,Automatic,Sedan,1801493.0,12070.0,13786.0,Mombasa,USD,Nagoya,https://www.beforward.jp/audi/a1/cd461400/id/15416553/,https://image-cdn.beforward.jp/medium/202606/15416553/CD461400_1f8328a3.jpg?w=200,1,2026-07-22 12:48:11.230783
BE FORWARD,CE131159,2024 AUDI A4 35TFSIS,Audi,A4 35Tfsis,2024.0,28511.0,0.0,Petrol,Automatic,Sedan,2822388.0,18910.0,20897.0,Mombasa,USD,Nagoya,https://www.beforward.jp/audi/a4/ce131159/id/16012589/,https://image-cdn.beforward.jp/medium/202607/16012589/CE131159_204ad56b.jpg?w=200,1,2026-07-22 12:48:11.230783
BE FORWARD,CE131175,2024 AUDI A7 40TDIS,Audi,A7 40Tdis,2024.0,36218.0,0.0,Diesel,Automatic,Sedan,4700000.0,31490.0,33600.0,Mombasa,USD,Nagoya,https://www.beforward.jp/audi/a7/ce131175/id/16012605/,https://image-cdn.beforward.jp/medium/202607/16012605/CE131175_204ad6f2.jpg?w=200,1,2026-07-22 12:48:11.230783
BE FORWARD,CE131233,2025 AUDI A5 TFSIE-HVS,Audi,A5 Tfsie-Hvs,2025.0,485.0,0.0,Diesel,Automatic,Sedan,6047761.0,40520.0,42623.0,Mombasa,USD,Yokohama,https://www.beforward.jp/audi/a5/ce131233/id/16012664/,https://image-cdn.beforward.jp/medium/202607/16012664/CE131233_204add22.jpg?w=200,1,2026-07-22 12:48:11.230783
BE FORWARD,CE131235,2021 AUDI A6 40TDISP,Audi,A6 40Tdisp,2021.0,36986.0,0.0,Diesel,Automatic,Sedan,3400000.0,22780.0,24922.0,Mombasa,USD,Yokohama,https://www.beforward.jp/audi/a6/ce131235/id/16012666/,https://image-cdn.beforward.jp/medium/202607/16012666/CE131235_204add64.jpg?w=200,1,2026-07-22 12:48:11.230783
BE FORWARD,CE131247,2025 AUDI Q5 TDI150KW,Audi,Q5 Tdi150Kw,2025.0,2960.0,0.0,Diesel,Automatic,Sedan,6095522.0,40840.0,43155.0,Mombasa,USD,Yokohama,https://www.beforward.jp/audi/q5/ce131247/id/16012678/,https://image-cdn.beforward.jp/medium/202607/16012678/CE131247_204ade92.jpg?w=200,1,2026-07-22 12:48:11.230783
BE FORWARD,CE131252,2025 AUDI RS3 SPORTBACK,Audi,Rs3 Sportback,2025.0,1049.0,500.0,Petrol,Automatic,Sedan,7202985.0,48260.0,50197.0,Mombasa,USD,Yokohama,https://www.beforward.jp/audi/rs3-sportback/ce131252/id/16012683/,https://image-cdn.beforward.jp/medium/202607/16012683/CE131252_204adf07.jpg?w=200,1,2026-07-22 12:48:11.230783
BE FORWARD,CE131258,2021 AUDI A3 1ST,Audi,A3 1St,2021.0,38373.0,0.0,Petrol,Automatic,Sedan,2100000.0,14070.0,15984.0,Mombasa,USD,Yokohama,https://www.beforward.jp/audi/a3/ce131258/id/16012689/,https://image-cdn.beforward.jp/medium/202607/16012689/CE131258_204adfb4.jpg?w=200,1,2026-07-22 12:48:11.230783
BE FORWARD,CE131414,2023 AUDI A4 35TDIS,Audi,A4 35Tdis,2023.0,26368.0,0.0,Diesel,Automatic,Sedan,2870149.0,19230.0,21250.0,Mombasa,USD,Yokohama,https://www.beforward.jp/audi/a4/ce131414/id/16012849/,https://image-cdn.beforward.jp/medium/202607/16012849/CE131414_204af0d7.jpg?w=200,1,2026-07-22 12:48:11.230783
BE FORWARD,CE131479,2023 AUDI Q8 55TFSIS,Audi,Q8 55Tfsis,2023.0,29054.0,0.0,Petrol,Automatic,Sedan,5759701.0,38590.0,41155.0,Mombasa,USD,Yokohama,https://www.beforward.jp/audi/q8/ce131479/id/16012914/,https://image-cdn.beforward.jp/medium/202607/16012914/CE131479_204af85e.jpg?w=200,1,2026-07-22 12:48:11.230783
BE FORWARD,CE131602,2023 AUDI Q5 40TDIS,Audi,Q5 40Tdis,2023.0,24262.0,0.0,Diesel,Automatic,Sedan,3620896.0,24260.0,26578.0,Mombasa,USD,Yokohama,https://www.beforward.jp/audi/q5/ce131602/id/16013037/,https://image-cdn.beforward.jp/medium/202607/16013037/CE131602_204b077e.jpg?w=200,1,2026-07-22 12:48:11.230783
BE FORWARD,CE131609,2024 AUDI Q4 E-TRON 40,Audi,Q4 E-Tron 40,2024.0,11276.0,,Electric,Automatic,Sedan,3207463.0,21490.0,,,USD,Yokohama,https://www.beforward.jp/audi/q4-e-tron/ce131609/id/16013044/,https://image-cdn.beforward.jp/medium/202607/16013044/CE131609_204b0832.jpg?w=200,1,2026-07-22 12:48:11.230783
BE FORWARD,CE131610,2022 AUDI A4 35TFSI,Audi,A4 35Tfsi,2022.0,28736.0,0.0,Petrol,Automatic,Sedan,2388060.0,16000.0,18028.0,Mombasa,USD,Yokohama,https://www.beforward.jp/audi/a4/ce131610/id/16013045/,https://image-cdn.beforward.jp/medium/202607/16013045/CE131610_204b0853.jpg?w=200,1,2026-07-22 12:48:11.230783
BE FORWARD,CE131643,2024 AUDI Q8 55TFSIS,Audi,Q8 55Tfsis,2024.0,6667.0,0.0,Petrol,Automatic,Sedan,6220896.0,41680.0,,,USD,Yokohama,https://www.beforward.jp/audi/q8/ce131643/id/16013079/,https://image-cdn.beforward.jp/medium/202607/16013079/CE131643_204b0b14.jpg?w=200,1,2026-07-22 12:48:11.230783
BE FORWARD,CE131682,2023 AUDI E- TRON 55S,Audi,E- Tron 55S,2023.0,7696.0,,Petrol,Automatic,Sedan,4700000.0,31490.0,,,USD,Yokohama,https://www.beforward.jp/audi/e-tron/ce131682/id/16013118/,https://image-cdn.beforward.jp/medium/202607/16013118/CE131682_204b1237.jpg?w=200,1,2026-07-22 12:48:11.230783
BE FORWARD,CE131697,2022 AUDI Q5 40TDIS,Audi,Q5 40Tdis,2022.0,19424.0,0.0,Petrol,Automatic,Sedan,3543284.0,23740.0,,,USD,Nagoya,https://www.beforward.jp/audi/q5/ce131697/id/16013133/,https://image-cdn.beforward.jp/medium/202607/16013133/CE131697_204b1630.jpg?w=200,1,2026-07-22 12:48:11.230783
BE FORWARD,CE131772,2020 AUDI Q7 55TFSIS,Audi,Q7 55Tfsis,2020.0,39408.0,0.0,Petrol,Automatic,Sedan,4217910.0,28260.0,,,USD,Yokohama,https://www.beforward.jp/audi/q7/ce131772/id/16013208/,https://image-cdn.beforward.jp/medium/202607/16013208/CE131772_204b208b.jpg?w=200,1,2026-07-22 12:48:11.230783
BE FORWARD,CE131782,2025 AUDI Q5 TDI150KW,Audi,Q5 Tdi150Kw,2025.0,8243.0,0.0,Petrol,Automatic,Sedan,6095522.0,40840.0,,,USD,Yokohama,https://www.beforward.jp/audi/q5/ce131782/id/16013218/,https://image-cdn.beforward.jp/medium/202607/16013218/CE131782_204b2192.jpg?w=200,1,2026-07-22 12:48:11.230783
BE FORWARD,CE131828,2024 AUDI Q3 35TFSIS,Audi,Q3 35Tfsis,2024.0,26000.0,500.0,Petrol,Automatic,Sedan,3062687.0,20520.0,,,USD,Yokohama,https://www.beforward.jp/audi/q3/ce131828/id/16013264/,https://image-cdn.beforward.jp/medium/202607/16013264/CE131828_204b25ab.jpg?w=200,1,2026-07-22 12:48:11.230783
BE FORWARD,CE131616,2021 AUDI A5 40TDI,Audi,A5 40Tdi,2021.0,38705.0,0.0,Diesel,Automatic,Sedan,2861194.0,19170.0,21104.0,Mombasa,USD,Osaka,https://www.beforward.jp/audi/a5/ce131616/id/16013051/,https://image-cdn.beforward.jp/medium/202607/16013051/CE131616_204b0904.jpg?w=200,1,2026-07-22 12:48:11.230783
BE FORWARD,CE131646,2023 AUDI E- TRON 55S,Audi,E- Tron 55S,2023.0,13682.0,,Electric,Automatic,Sedan,4700000.0,31490.0,,,USD,Yokohama,https://www.beforward.jp/audi/e-tron/ce131646/id/16013082/,https://image-cdn.beforward.jp/medium/202607/16013082/CE131646_204b0b60.jpg?w=200,1,2026-07-22 12:48:11.230783
BE FORWARD,CE131652,2023 AUDI TT,Audi,Tt,2023.0,3074.0,0.0,Petrol,Automatic,Sedan,5373134.0,36000.0,37798.0,Mombasa,USD,Yokohama,https://www.beforward.jp/audi/tt/ce131652/id/16013088/,https://image-cdn.beforward.jp/medium/202607/16013088/CE131652_204b0c84.jpg?w=200,1,2026-07-22 12:48:11.230783
BE FORWARD,CE131704,2022 AUDI A6 40TDISP,Audi,A6 40Tdisp,2022.0,20505.0,0.0,Diesel,Automatic,Sedan,3929851.0,26330.0,28476.0,Mombasa,USD,Yokohama,https://www.beforward.jp/audi/a6/ce131704/id/16013140/,https://image-cdn.beforward.jp/medium/202607/16013140/CE131704_204b184c.jpg?w=200,1,2026-07-22 12:48:11.230783
BE FORWARD,CE131740,2021 AUDI A6 40TDISP,Audi,A6 40Tdisp,2021.0,16788.0,0.0,Diesel,Automatic,Sedan,3688060.0,24710.0,26852.0,Mombasa,USD,Yokohama,https://www.beforward.jp/audi/a6/ce131740/id/16013176/,https://image-cdn.beforward.jp/medium/202607/16013176/CE131740_204b1ca3.jpg?w=200,1,2026-07-22 12:48:11.230783
BE FORWARD,CE131741,2022 AUDI A4 45TFSI,Audi,A4 45Tfsi,2022.0,28589.0,0.0,Petrol,Automatic,Sedan,2532836.0,16970.0,18998.0,Mombasa,USD,Yokohama,https://www.beforward.jp/audi/a4/ce131741/id/16013177/,https://image-cdn.beforward.jp/medium/202607/16013177/CE131741_204b1cc2.jpg?w=200,1,2026-07-22 12:48:11.230783
BE FORWARD,CE131755,2024 AUDI A6 40TDIS,Audi,A6 40Tdis,2024.0,9483.0,0.0,Diesel,Automatic,Sedan,5470149.0,36650.0,38787.0,Mombasa,USD,Yokohama,https://www.beforward.jp/audi/a6/ce131755/id/16013191/,https://image-cdn.beforward.jp/medium/202607/16013191/CE131755_204b1e97.jpg?w=200,1,2026-07-22 12:48:11.230783
BE FORWARD,CE131762,2024 AUDI A1 25TFSI,Audi,A1 25Tfsi,2024.0,7397.0,0.0,Petrol,Automatic,Sedan,2292537.0,15360.0,17100.0,Mombasa,USD,Yokohama,https://www.beforward.jp/audi/a1/ce131762/id/16013198/,https://image-cdn.beforward.jp/medium/202607/16013198/CE131762_204b1f72.jpg?w=200,1,2026-07-22 12:48:11.230783
BE FORWARD,CE131764,2021 AUDI RS4 PKG,Audi,Rs4 Pkg,2021.0,16975.0,900.0,Petrol,Automatic,Sedan,7870149.0,52730.0,54785.0,Mombasa,USD,Nagoya,https://www.beforward.jp/audi/rs4/ce131764/id/16013200/,https://image-cdn.beforward.jp/medium/202607/16013200/CE131764_204b1fa4.jpg?w=200,1,2026-07-22 12:48:11.230783
BE FORWARD,CE131775,2021 AUDI A3 SEDAN 30TFSI,Audi,A3 Sedan 30Tfsi,2021.0,11354.0,0.0,Petrol,Automatic,Sedan,2002985.0,13420.0,15362.0,Mombasa,USD,Yokohama,https://www.beforward.jp/audi/a3-sedan/ce131775/id/16013211/,https://image-cdn.beforward.jp/medium/202607/16013211/CE131775_204b20e2.jpg?w=200,1,2026-07-22 12:48:11.230783
BE FORWARD,CE131783,2023 AUDI TT,Audi,Tt,2023.0,7380.0,0.0,Petrol,Automatic,Sedan,5567164.0,37300.0,39098.0,Mombasa,USD,Yokohama,https://www.beforward.jp/audi/tt/ce131783/id/16013219/,https://image-cdn.beforward.jp/medium/202607/16013219/CE131783_204b21b3.jpg?w=200,1,2026-07-22 12:48:11.230783
BE FORWARD,CE131830,2022 AUDI A4 35TDIS,Audi,A4 35Tdis,2022.0,23000.0,0.0,Diesel,Automatic,Sedan,3380597.0,22650.0,24668.0,Mombasa,USD,Nagoya,https://www.beforward.jp/audi/a4/ce131830/id/16013266/,https://image-cdn.beforward.jp/medium/202607/16013266/CE131830_204b25ec.jpg?w=200,1,2026-07-22 12:48:11.230783
BE FORWARD,CE131832,2025 AUDI A5 TFSIS,Audi,A5 Tfsis,2025.0,1059.0,0.0,Petrol,Automatic,Sedan,5180597.0,34710.0,36813.0,Mombasa,USD,Yokohama,https://www.beforward.jp/audi/a5/ce131832/id/16013268/,https://image-cdn.beforward.jp/medium/202607/16013268/CE131832_204b261a.jpg?w=200,1,2026-07-22 12:48:11.230783
BE FORWARD,CE131837,2023 AUDI A3 SEDAN 40TFSIS,Audi,A3 Sedan 40Tfsis,2023.0,13000.0,0.0,Petrol,Automatic,Sedan,3216418.0,21550.0,23584.0,Mombasa,USD,Hokkaido,https://www.beforward.jp/audi/a3-sedan/ce131837/id/16013273/,https://image-cdn.beforward.jp/medium/202607/16013273/CE131837_204b2683.jpg?w=200,1,2026-07-22 12:48:11.230783
BE FORWARD,CC817680,2021 AUDI A3,Audi,A3,2021.0,33552.0,0.0,Petrol,Automatic,Sedan,2071642.0,13880.0,,,USD,Nagoya,https://www.beforward.jp/audi/a3/cc817680/id/14839079/,https://image-cdn.beforward.jp/medium/202604/14839079/CC817680_1e231099.JPG?w=200,1,2026-07-22 12:48:11.230783
BE FORWARD,CE128372,2022 AUDI Q3,Audi,Q3,2022.0,35000.0,500.0,Petrol,Automatic,Sedan,3505970.0,23490.0,,,USD,Nagoya,https://www.beforward.jp/audi/q3/ce128372/id/16009842/,https://image-cdn.beforward.jp/medium/202607/16009842/CE128372_20491529.jpg?w=200,1,2026-07-22 12:48:11.230783
BE FORWARD,CE127514,2021 AUDI Q2 1ST,Audi,Q2 1St,2021.0,34358.0,500.0,Petrol,Automatic,Sedan,2485075.0,16650.0,,,USD,Yokohama,https://www.beforward.jp/audi/q2/ce127514/id/16008935/,https://image-cdn.beforward.jp/medium/202607/16008935/CE127514_2048101c.jpg?w=200,1,2026-07-22 12:48:11.230783
BE FORWARD,CE127523,2019 AUDI Q5 2.040TDI,Audi,Q5 2.040Tdi,2019.0,44461.0,0.0,Petrol,Automatic,Sedan,2128358.0,14260.0,,,USD,Yokohama,https://www.beforward.jp/audi/q5/ce127523/id/16008944/,https://image-cdn.beforward.jp/medium/202607/16008944/CE127523_2048110e.jpg?w=200,1,2026-07-22 12:48:11.230783
BE FORWARD,CE130189,2018 AUDI A4,Audi,A4,2018.0,42000.0,0.0,Petrol,Automatic,Sedan,1908955.0,12790.0,14804.0,Mombasa,USD,Yokohama,https://www.beforward.jp/audi/a4/ce130189/id/16011656/,https://image-cdn.beforward.jp/medium/202607/16011656/CE130189_2049c360.jpg?w=200,1,2026-07-22 12:48:11.230783
BE FORWARD,CE127201,2019 AUDI A6 55TFSIQUATTROSLINE,Audi,A6 55Tfsiquattrosline,2019.0,85256.0,0.0,Petrol,Automatic,Sedan,2147761.0,14390.0,16572.0,Mombasa,USD,Yokohama,https://www.beforward.jp/audi/a6/ce127201/id/16008622/,https://image-cdn.beforward.jp/medium/202607/16008622/CE127201_2047ee5b.jpg?w=200,1,2026-07-22 12:48:11.230783
BE FORWARD,CD918187,2020 AUDI Q5,Audi,Q5,2020.0,26589.0,0.0,Diesel,Automatic,Sedan,2697015.0,18070.0,20348.0,Mombasa,USD,Osaka,https://www.beforward.jp/audi/q5/cd918187/id/15875692/,https://image-cdn.beforward.jp/medium/202607/15875692/CD918187_2001b354.JPG?w=200,1,2026-07-22 12:48:11.230783
BE FORWARD,CD827206,2022 AUDI Q3,Audi,Q3,2022.0,16882.0,0.0,Diesel,Automatic,Sedan,2649254.0,17750.0,19850.0,Mombasa,USD,Osaka,https://www.beforward.jp/audi/q3/cd827206/id/15784189/,https://image-cdn.beforward.jp/medium/202607/15784189/CD827206_1fd72e6e.JPG?w=200,1,2026-07-22 12:48:11.230783
BE FORWARD,CC614405,2025 AUDI A5,Audi,A5,2025.0,4691.0,0.0,Petrol,Automatic,Sedan,4189552.0,28070.0,,,USD,Nagoya,https://www.beforward.jp/audi/a5/cc614405/id/14635323/,https://image-cdn.beforward.jp/medium/202603/14635323/CC614405_1dc5e815.JPG?w=200,1,2026-07-22 12:48:11.230783
BE FORWARD,CE124622,2023 AUDI A4,Audi,A4,2023.0,18000.0,0.0,Petrol,Automatic,Sedan,3144776.0,21070.0,,,USD,Nagoya,https://www.beforward.jp/audi/a4/ce124622/id/16006038/,https://image-cdn.beforward.jp/medium/202607/16006038/CE124622_20463125.JPG?w=200,1,2026-07-22 12:48:11.230783
BE FORWARD,CE124694,2022 AUDI A4,Audi,A4,2022.0,45153.0,0.0,Petrol,Automatic,Sedan,3283582.0,22000.0,,,USD,Yokohama,https://www.beforward.jp/audi/a4/ce124694/id/16006110/,https://image-cdn.beforward.jp/medium/202607/16006110/CE124694_20463c4e.JPG?w=200,1,2026-07-22 12:48:11.230783
BE FORWARD,CE124977,2018 AUDI A4,Audi,A4,2018.0,59962.0,400.0,Petrol,Automatic,Sedan,2119403.0,14200.0,,,USD,Kobe,https://www.beforward.jp/audi/a4/ce124977/id/16006393/,https://image-cdn.beforward.jp/medium/202607/16006393/CE124977_20466a83.JPG?w=200,1,2026-07-22 12:48:11.230783
BE FORWARD,CE124999,2018 AUDI A4,Audi,A4,2018.0,64771.0,400.0,Petrol,Automatic,Sedan,1974627.0,13230.0,,,USD,Yokohama,https://www.beforward.jp/audi/a4/ce124999/id/16006415/,https://image-cdn.beforward.jp/medium/202607/16006415/CE124999_20466dff.JPG?w=200,1,2026-07-22 12:48:11.230783
BE FORWARD,CE124297,2019 AUDI Q8,Audi,Q8,2019.0,42464.0,0.0,Petrol,Automatic,Sedan,4334328.0,29040.0,31699.0,Mombasa,USD,Yokohama,https://www.beforward.jp/audi/q8/ce124297/id/16005713/,https://image-cdn.beforward.jp/medium/202607/16005713/CE124297_2045ff12.JPG?w=200,1,2026-07-22 12:48:11.230783
BE FORWARD,CE124592,2018 AUDI A1,Audi,A1,2018.0,58659.0,0.0,Petrol,Automatic,Sedan,752239.0,5040.0,6760.0,Mombasa,USD,Nagoya,https://www.beforward.jp/audi/a1/ce124592/id/16006008/,https://image-cdn.beforward.jp/medium/202607/16006008/CE124592_20462c9d.JPG?w=200,1,2026-07-22 12:48:11.230783
BE FORWARD,CE124614,2021 AUDI Q3,Audi,Q3,2021.0,50723.0,500.0,Petrol,Automatic,Sedan,2523881.0,16910.0,19010.0,Mombasa,USD,Osaka,https://www.beforward.jp/audi/q3/ce124614/id/16006030/,https://image-cdn.beforward.jp/medium/202607/16006030/CE124614_20462f8e.JPG?w=200,1,2026-07-22 12:48:11.230783
BE FORWARD,CE124795,2019 AUDI A4 ALLROAD QUATTRO,Audi,A4 Allroad Quattro,2019.0,25672.0,0.0,Petrol,Automatic,Sedan,2225373.0,14910.0,17131.0,Mombasa,USD,Hokkaido,https://www.beforward.jp/audi/a4-allroad-quattro/ce124795/id/16006211/,https://image-cdn.beforward.jp/medium/202607/16006211/CE124795_20464ca5.JPG?w=200,1,2026-07-22 12:48:11.230783
BE FORWARD,CE124837,2021 AUDI Q3,Audi,Q3,2021.0,47769.0,0.0,Diesel,Automatic,Sedan,3211940.0,21520.0,23735.0,Mombasa,USD,Kobe,https://www.beforward.jp/audi/q3/ce124837/id/16006253/,https://image-cdn.beforward.jp/medium/202607/16006253/CE124837_20465388.JPG?w=200,1,2026-07-22 12:48:11.230783
BE FORWARD,CE125039,2019 AUDI TT,Audi,Tt,2019.0,16000.0,0.0,Petrol,Automatic,Sedan,3371642.0,22590.0,24455.0,Mombasa,USD,Yokohama,https://www.beforward.jp/audi/tt/ce125039/id/16006455/,https://image-cdn.beforward.jp/medium/202607/16006455/CE125039_204673f2.JPG?w=200,1,2026-07-22 12:48:11.230783
BE FORWARD,CE125096,2023 AUDI Q5,Audi,Q5,2023.0,41000.0,0.0,Diesel,Automatic,Sedan,3659701.0,24520.0,26834.0,Mombasa,USD,Yokohama,https://www.beforward.jp/audi/q5/ce125096/id/16006512/,https://image-cdn.beforward.jp/medium/202607/16006512/CE125096_20467d69.JPG?w=200,1,2026-07-22 12:48:11.230783
BE FORWARD,CE125108,2024 AUDI Q3,Audi,Q3,2024.0,21890.0,0.0,Diesel,Automatic,Sedan,3871642.0,25940.0,28155.0,Mombasa,USD,Hokkaido,https://www.beforward.jp/audi/q3/ce125108/id/16006524/,https://image-cdn.beforward.jp/medium/202607/16006524/CE125108_20467f6b.JPG?w=200,1,2026-07-22 12:48:11.230783
BE FORWARD,CE123953,2024 AUDI S3 2.54WD,Audi,S3 2.54Wd,2024.0,11934.0,480.0,Petrol,Automatic,Sedan,5961194.0,39940.0,41834.0,Mombasa,USD,Osaka,https://www.beforward.jp/audi/s3/ce123953/id/16005362/,https://image-cdn.beforward.jp/medium/202607/16005362/CE123953_2045bceb.jpg?w=200,1,2026-07-22 12:48:11.230783
BE FORWARD,CE123431,2020 AUDI Q3,Audi,Q3,2020.0,56000.0,0.0,Diesel,Automatic,Sedan,2619403.0,17550.0,19676.0,Mombasa,USD,Kyushu,https://www.beforward.jp/audi/q3/ce123431/id/16004838/,https://image-cdn.beforward.jp/medium/202607/16004838/CE123431_20456f22.jpg?w=200,1,2026-07-22 12:48:11.230783
BE FORWARD,CE121529,2018 AUDI Q7,Audi,Q7,2018.0,77000.0,0.0,Petrol,Automatic,Sedan,2485075.0,16650.0,,,USD,Yokohama,https://www.beforward.jp/audi/q7/ce121529/id/16002913/,https://image-cdn.beforward.jp/medium/202607/16002913/CE121529_2044232a.jpg?w=200,1,2026-07-22 12:48:11.230783
BE FORWARD,CE121696,2024 AUDI Q3 35TFSIS,Audi,Q3 35Tfsis,2024.0,5889.0,500.0,Petrol,Automatic,Sedan,3592537.0,24070.0,,,USD,Osaka,https://www.beforward.jp/audi/q3/ce121696/id/16003081/,https://image-cdn.beforward.jp/medium/202607/16003081/CE121696_20443e1a.jpg?w=200,1,2026-07-22 12:48:11.230783
BE FORWARD,CE121701,2024 AUDI Q7 50TDIS,Audi,Q7 50Tdis,2024.0,16743.0,0.0,Petrol,Automatic,Sedan,6086567.0,40780.0,,,USD,Osaka,https://www.beforward.jp/audi/q7/ce121701/id/16003086/,https://image-cdn.beforward.jp/medium/202607/16003086/CE121701_20443e82.jpg?w=200,1,2026-07-22 12:48:11.230783
BE FORWARD,CE121702,2024 AUDI Q3 35TDIS,Audi,Q3 35Tdis,2024.0,4071.0,0.0,Petrol,Automatic,Sedan,3813433.0,25550.0,,,USD,Osaka,https://www.beforward.jp/audi/q3/ce121702/id/16003087/,https://image-cdn.beforward.jp/medium/202607/16003087/CE121702_20443e98.jpg?w=200,1,2026-07-22 12:48:11.230783
BE FORWARD,CE121705,2024 AUDI Q4 E-TRON 45S,Audi,Q4 E-Tron 45S,2024.0,8378.0,,Petrol,Automatic,Sedan,3737313.0,25040.0,,,USD,Osaka,https://www.beforward.jp/audi/q4-e-tron/ce121705/id/16003090/,https://image-cdn.beforward.jp/medium/202607/16003090/CE121705_20443ec3.jpg?w=200,1,2026-07-22 12:48:11.230783
BE FORWARD,CE121796,2023 AUDI Q7,Audi,Q7,2023.0,11776.0,0.0,Petrol,Automatic,Sedan,6038806.0,40460.0,,,USD,Osaka,https://www.beforward.jp/audi/q7/ce121796/id/16003183/,https://image-cdn.beforward.jp/medium/202607/16003183/CE121796_204448ff.jpg?w=200,1,2026-07-22 12:48:11.230783
BE FORWARD,CE121361,2022 AUDI TT,Audi,Tt,2022.0,28037.0,0.0,Petrol,Automatic,Sedan,4429851.0,29680.0,31484.0,Mombasa,USD,Yokohama,https://www.beforward.jp/audi/tt/ce121361/id/16002745/,https://image-cdn.beforward.jp/medium/202607/16002745/CE121361_204404db.jpg?w=200,1,2026-07-22 12:48:11.230783
BE FORWARD,CE121129,2021 AUDI A5,Audi,A5,2021.0,33000.0,0.0,Diesel,Automatic,Sedan,3352239.0,22460.0,24394.0,Mombasa,USD,Osaka,https://www.beforward.jp/audi/a5/ce121129/id/16002508/,https://image-cdn.beforward.jp/medium/202607/16002508/CE121129_2043a3f8.jpg?w=200,1,2026-07-22 12:48:11.230783
BE FORWARD,CE121709,2024 AUDI A4 40TDIS,Audi,A4 40Tdis,2024.0,8789.0,0.0,Diesel,Automatic,Sedan,3688060.0,24710.0,26697.0,Mombasa,USD,Osaka,https://www.beforward.jp/audi/a4/ce121709/id/16003094/,https://image-cdn.beforward.jp/medium/202607/16003094/CE121709_20443f35.jpg?w=200,1,2026-07-22 12:48:11.230783
BE FORWARD,CE121712,2023 AUDI A8 55TFSI,Audi,A8 55Tfsi,2023.0,10787.0,0.0,Petrol,Automatic,Sedan,5662687.0,37940.0,40281.0,Mombasa,USD,Osaka,https://www.beforward.jp/audi/a8/ce121712/id/16003099/,https://image-cdn.beforward.jp/medium/202607/16003099/CE121712_20443f7e.jpg?w=200,1,2026-07-22 12:48:11.230783
BE FORWARD,CE121877,2025 AUDI A5 TFSI,Audi,A5 Tfsi,2025.0,9452.0,0.0,Petrol,Automatic,Sedan,4295522.0,28780.0,30883.0,Mombasa,USD,Yokohama,https://www.beforward.jp/audi/a5/ce121877/id/16003264/,https://image-cdn.beforward.jp/medium/202607/16003264/CE121877_2044528a.jpg?w=200,1,2026-07-22 12:48:11.230783
BE FORWARD,CE121878,2023 AUDI RS6,Audi,Rs6,2023.0,14754.0,0.0,Petrol,Automatic,Sedan,14040299.0,94070.0,96349.0,Mombasa,USD,Yokohama,https://www.beforward.jp/audi/rs6/ce121878/id/16003265/,https://image-cdn.beforward.jp/medium/202607/16003265/CE121878_2044529f.jpg?w=200,1,2026-07-22 12:48:11.230783
BE FORWARD,CE121879,2020 AUDI E- TRON 551ST,Audi,E- Tron 551St,2020.0,15208.0,,Electric,Automatic,Sedan,2677612.0,17940.0,,,USD,Yokohama,https://www.beforward.jp/audi/e-tron/ce121879/id/16003266/,https://image-cdn.beforward.jp/medium/202607/16003266/CE121879_204452b4.jpg?w=200,1,2026-07-22 12:48:11.230783
BE FORWARD,CE121880,2023 AUDI A8 55TFSI,Audi,A8 55Tfsi,2023.0,30168.0,0.0,Petrol,Automatic,Sedan,4507463.0,30200.0,32577.0,Mombasa,USD,Yokohama,https://www.beforward.jp/audi/a8/ce121880/id/16003267/,https://image-cdn.beforward.jp/medium/202607/16003267/CE121880_204452c7.jpg?w=200,1,2026-07-22 12:48:11.230783
BE FORWARD,CE121930,2025 AUDI Q6,Audi,Q6,2025.0,4534.0,,Electric,Automatic,Sedan,6047761.0,40520.0,,,USD,Yokohama,https://www.beforward.jp/audi/q6/ce121930/id/16003317/,https://image-cdn.beforward.jp/medium/202607/16003317/CE121930_20445790.jpg?w=200,1,2026-07-22 12:48:11.230783
BE FORWARD,CE121931,2025 AUDI A3 30TFSIS,Audi,A3 30Tfsis,2025.0,6319.0,500.0,Petrol,Automatic,Sedan,3447761.0,23100.0,24974.0,Mombasa,USD,Osaka,https://www.beforward.jp/audi/a3/ce121931/id/16003318/,https://image-cdn.beforward.jp/medium/202607/16003318/CE121931_204457cb.jpg?w=200,1,2026-07-22 12:48:11.230783
BE FORWARD,CE122030,2024 AUDI A7 45TFSIS,Audi,A7 45Tfsis,2024.0,10317.0,0.0,Petrol,Automatic,Sedan,5662687.0,37940.0,40050.0,Mombasa,USD,Osaka,https://www.beforward.jp/audi/a7/ce122030/id/16003418/,https://image-cdn.beforward.jp/medium/202607/16003418/CE122030_2044639d.jpg?w=200,1,2026-07-22 12:48:11.230783
BE FORWARD,CE122035,2021 AUDI A4 35TDIS,Audi,A4 35Tdis,2021.0,38324.0,0.0,Diesel,Automatic,Sedan,2629851.0,17620.0,19616.0,Mombasa,USD,Osaka,https://www.beforward.jp/audi/a4/ce122035/id/16003423/,https://image-cdn.beforward.jp/medium/202607/16003423/CE122035_204463e2.jpg?w=200,1,2026-07-22 12:48:11.230783
BE FORWARD,CE122061,2025 AUDI A5 TFSI,Audi,A5 Tfsi,2025.0,5883.0,0.0,Petrol,Automatic,Sedan,4295522.0,28780.0,30883.0,Mombasa,USD,Yokohama,https://www.beforward.jp/audi/a5/ce122061/id/16003449/,https://image-cdn.beforward.jp/medium/202607/16003449/CE122061_204467b1.jpg?w=200,1,2026-07-22 12:48:11.230783
BE FORWARD,CE122064,2023 AUDI A4 35TDIS,Audi,A4 35Tdis,2023.0,13318.0,0.0,Diesel,Automatic,Sedan,3255224.0,21810.0,23830.0,Mombasa,USD,Yokohama,https://www.beforward.jp/audi/a4/ce122064/id/16003452/,https://image-cdn.beforward.jp/medium/202607/16003452/CE122064_204467dd.jpg?w=200,1,2026-07-22 12:48:11.230783
BE FORWARD,CE122109,2023 AUDI Q8 55TFSIS,Audi,Q8 55Tfsis,2023.0,19889.0,0.0,Petrol,Automatic,Sedan,5749254.0,38520.0,41049.0,Mombasa,USD,Osaka,https://www.beforward.jp/audi/q8/ce122109/id/16003497/,https://image-cdn.beforward.jp/medium/202607/16003497/CE122109_20446da5.jpg?w=200,1,2026-07-22 12:48:11.230783
BE FORWARD,CE122166,2019 AUDI A4 40TFSI,Audi,A4 40Tfsi,2019.0,51556.0,0.0,Petrol,Automatic,Sedan,2080597.0,13940.0,15971.0,Mombasa,USD,Yokohama,https://www.beforward.jp/audi/a4/ce122166/id/16003554/,https://image-cdn.beforward.jp/medium/202607/16003554/CE122166_2044768a.jpg?w=200,1,2026-07-22 12:48:11.230783
BE FORWARD,CE139518,2021 VOLKSWAGEN TIGUAN TDI4R,Volkswagen,Tiguan Tdi4R,2021.0,45500.0,968.0,Petrol,Automatic,Sedan,2697015.0,18070.0,,,USD,Yokohama,https://www.beforward.jp/volkswagen/tiguan/ce139518/id/16020972/,https://image-cdn.beforward.jp/medium/202607/16020972/CE139518_203fc484.jpg?w=200,1,2026-07-22 12:48:11.230783
BE FORWARD,CE134631,2022 VOLKSWAGEN T-ROC,Volkswagen,T-Roc,2022.0,38000.0,0.0,Petrol,Automatic,Sedan,2407463.0,16130.0,,,USD,Nagoya,https://www.beforward.jp/volkswagen/t-roc/ce134631/id/16016108/,https://image-cdn.beforward.jp/medium/202607/16016108/CE134631_204c786b.jpg?w=200,1,2026-07-22 12:48:11.230783
BE FORWARD,CE134721,2023 VOLKSWAGEN T-ROC,Volkswagen,T-Roc,2023.0,29000.0,0.0,Petrol,Automatic,Sedan,2370149.0,15880.0,,,USD,Nagoya,https://www.beforward.jp/volkswagen/t-roc/ce134721/id/16016198/,https://image-cdn.beforward.jp/medium/202607/16016198/CE134721_204c82b0.jpg?w=200,1,2026-07-22 12:48:11.230783
BE FORWARD,CE135094,2021 VOLKSWAGEN T-CROSS,Volkswagen,T-Cross,2021.0,46600.0,0.0,Petrol,Automatic,Sedan,1929851.0,12930.0,,,USD,Kyushu,https://www.beforward.jp/volkswagen/t-cross/ce135094/id/16016471/,https://image-cdn.beforward.jp/medium/202607/16016471/CE135094_204c9c96.jpg?w=200,1,2026-07-22 12:48:11.230783
BE FORWARD,CE135332,2022 VOLKSWAGEN T-ROC,Volkswagen,T-Roc,2022.0,33800.0,0.0,Petrol,Automatic,Sedan,2580597.0,17290.0,,,USD,Osaka,https://www.beforward.jp/volkswagen/t-roc/ce135332/id/16016698/,https://image-cdn.beforward.jp/medium/202607/16016698/CE135332_204cfb15.jpg?w=200,1,2026-07-22 12:48:11.230783
BE FORWARD,CD898306,2018 VOLKSWAGEN TIGUAN TDI 4MOTION HIGHLINE,Volkswagen,Tiguan Tdi 4Motion Highline,2018.0,158782.0,960.0,Diesel,Automatic,Sedan,1168657.0,7830.0,10073.0,Mombasa,USD,Kobe,https://www.beforward.jp/volkswagen/tiguan/cd898306/id/15885223/,https://image-cdn.beforward.jp/medium/202607/15885223/CD898306_9f4145.JPG?w=200,1,2026-07-22 12:48:11.230783
BE FORWARD,CD619778,2018 VOLKSWAGEN GOLF ALLTRACK TSI 4MOTION,Volkswagen,Golf Alltrack Tsi 4Motion,2018.0,152926.0,790.0,Petrol,Automatic,Sedan,364179.0,2440.0,4548.0,Mombasa,USD,Yokohama,https://www.beforward.jp/volkswagen/golf-alltrack/cd619778/id/15578683/,https://image-cdn.beforward.jp/medium/202607/15578683/CD619778_70dc4a.JPG?w=200,1,2026-07-22 12:48:11.230783
BE FORWARD,CD528166,2019 VOLKSWAGEN TIGUAN TDI 4MOTION HIGHLINE,Volkswagen,Tiguan Tdi 4Motion Highline,2019.0,83960.0,960.0,Diesel,Automatic,Sedan,1747761.0,11710.0,13987.0,Mombasa,USD,Yokohama,https://www.beforward.jp/volkswagen/tiguan/cd528166/id/15497875/,https://image-cdn.beforward.jp/medium/202606/15497875/CD528166_2f0720.JPG?w=200,1,2026-07-22 12:48:11.230783
BE FORWARD,CE140008,2022 VOLKSWAGEN GOLF VARIANT ETSI,Volkswagen,Golf Variant Etsi,2022.0,24050.0,999.0,Petrol,Automatic,Sedan,1974627.0,13230.0,15248.0,Mombasa,USD,Yokohama,https://www.beforward.jp/volkswagen/golf-variant/ce140008/id/16021462/,https://image-cdn.beforward.jp/medium/202607/16021462/CE140008_203ffe79.jpg?w=200,1,2026-07-22 12:48:11.230783
BE FORWARD,CE139364,2019 VOLKSWAGEN THE BEETLE,Volkswagen,The Beetle,2019.0,67500.0,197.0,Petrol,Automatic,Sedan,1252239.0,8390.0,10286.0,Mombasa,USD,Osaka,https://www.beforward.jp/volkswagen/the-beetle/ce139364/id/16020816/,https://image-cdn.beforward.jp/medium/202607/16020816/CE139364_204d031b.jpg?w=200,1,2026-07-22 12:48:11.230783
BE FORWARD,CE133987,2022 VOLKSWAGEN T-CROSS,Volkswagen,T-Cross,2022.0,44777.0,0.0,Petrol,Automatic,Sedan,1820896.0,12200.0,,,USD,Yokohama,https://www.beforward.jp/volkswagen/t-cross/ce133987/id/16015455/,https://image-cdn.beforward.jp/medium/202607/16015455/CE133987_204bfc72.JPG?w=200,1,2026-07-22 12:48:11.230783
BE FORWARD,CD903505,2022 VOLKSWAGEN GOLF GTI,Volkswagen,Golf Gti,2022.0,25250.0,0.0,Petrol,Automatic,Sedan,2937313.0,19680.0,,,USD,Yokohama,https://www.beforward.jp/volkswagen/golf-gti/cd903505/id/15861743/,https://image-cdn.beforward.jp/medium/202607/15861743/CD903505_1ff976f9.JPG?w=200,1,2026-07-22 12:48:11.230783
BE FORWARD,CE133893,2020 VOLKSWAGEN POLO,Volkswagen,Polo,2020.0,44502.0,0.0,Petrol,Automatic,Sedan,1252239.0,8390.0,,,USD,Yokohama,https://www.beforward.jp/volkswagen/polo/ce133893/id/16015361/,https://image-cdn.beforward.jp/medium/202607/16015361/CE133893_204bef68.JPG?w=200,1,2026-07-22 12:48:11.230783
BE FORWARD,CE134233,2022 VOLKSWAGEN GOLF,Volkswagen,Golf,2022.0,17984.0,0.0,Petrol,Automatic,Sedan,1859701.0,12460.0,,,USD,Kyushu,https://www.beforward.jp/volkswagen/golf/ce134233/id/16015704/,https://image-cdn.beforward.jp/medium/202607/16015704/CE134233_204c213d.JPG?w=200,1,2026-07-22 12:48:11.230783
BE FORWARD,CE135465,2024 VOLKSWAGEN GOLF VARIANT,Volkswagen,Golf Variant,2024.0,7000.0,960.0,Diesel,Automatic,Sedan,2485075.0,16650.0,18726.0,Mombasa,USD,Kobe,https://www.beforward.jp/volkswagen/golf-variant/ce135465/id/16016831/,https://image-cdn.beforward.jp/medium/202607/16016831/CE135465_204d189c.jpg?w=200,1,2026-07-22 12:48:11.230783
BE FORWARD,CE134478,2019 VOLKSWAGEN UP! GTI,Volkswagen,Up! Gti,2019.0,52000.0,990.0,Petrol,Manual,Sedan,1426866.0,9560.0,11116.0,Mombasa,USD,Nagoya,https://www.beforward.jp/volkswagen/up-/ce134478/id/16015955/,https://image-cdn.beforward.jp/medium/202607/16015955/CE134478_204c5650.JPG?w=200,1,2026-07-22 12:48:11.230783
BE FORWARD,CE133301,2019 VOLKSWAGEN POLO,Volkswagen,Polo,2019.0,118281.0,0.0,Petrol,Automatic,Sedan,771642.0,5170.0,6928.0,Mombasa,USD,Kyushu,https://www.beforward.jp/volkswagen/polo/ce133301/id/16014752/,https://image-cdn.beforward.jp/medium/202607/16014752/CE133301_204ba324.jpg?w=200,1,2026-07-22 12:48:11.230783
BE FORWARD,CE132139,2019 VOLKSWAGEN TOUAREG AUTOMATIC DIESEL,Volkswagen,Touareg Automatic Diesel,2019.0,44161.0,0.0,Diesel,Automatic,Sedan,5392537.0,36130.0,39042.0,Mombasa,USD,United Kingdom,https://www.beforward.jp/volkswagen/touareg/ce132139/id/16013577/,https://image-cdn.beforward.jp/medium/202607/16013577/CE132139_204b2b59.jpg?w=200,1,2026-07-22 12:48:11.230783
BE FORWARD,CE132141,2019 VOLKSWAGEN TOUAREG AUTOMATIC DIESEL,Volkswagen,Touareg Automatic Diesel,2019.0,53366.0,0.0,Diesel,Automatic,Sedan,6595522.0,44190.0,47102.0,Mombasa,USD,United Kingdom,https://www.beforward.jp/volkswagen/touareg/ce132141/id/16013579/,https://image-cdn.beforward.jp/medium/202607/16013579/CE132141_204b2b81.jpg?w=200,1,2026-07-22 12:48:11.230783
BE FORWARD,CE131254,2020 VOLKSWAGEN T-CROSS TSI1ST,Volkswagen,T-Cross Tsi1St,2020.0,30000.0,0.0,Petrol,Automatic,Sedan,1405970.0,9420.0,,,USD,Kyushu,https://www.beforward.jp/volkswagen/t-cross/ce131254/id/16012685/,https://image-cdn.beforward.jp/medium/202607/16012685/CE131254_204adf40.jpg?w=200,1,2026-07-22 12:48:11.230783
BE FORWARD,CE131319,2021 VOLKSWAGEN T-ROC TDI,Volkswagen,T-Roc Tdi,2021.0,33613.0,0.0,Petrol,Automatic,Sedan,2002985.0,13420.0,,,USD,Nagoya,https://www.beforward.jp/volkswagen/t-roc/ce131319/id/16012751/,https://image-cdn.beforward.jp/medium/202607/16012751/CE131319_204ae62b.jpg?w=200,1,2026-07-22 12:48:11.230783
BE FORWARD,CE131675,2021 VOLKSWAGEN TIGUAN TSIR,Volkswagen,Tiguan Tsir,2021.0,78489.0,500.0,Petrol,Automatic,Sedan,3255224.0,21810.0,,,USD,Osaka,https://www.beforward.jp/volkswagen/tiguan/ce131675/id/16013111/,https://image-cdn.beforward.jp/medium/202607/16013111/CE131675_204b1057.jpg?w=200,1,2026-07-22 12:48:11.230783
BE FORWARD,CE131821,2023 VOLKSWAGEN T-CROSS TSI,Volkswagen,T-Cross Tsi,2023.0,19400.0,0.0,Petrol,Automatic,Sedan,2158209.0,14460.0,,,USD,Nagoya,https://www.beforward.jp/volkswagen/t-cross/ce131821/id/16013257/,https://image-cdn.beforward.jp/medium/202607/16013257/CE131821_204b2501.jpg?w=200,1,2026-07-22 12:48:11.230783
BE FORWARD,CE131823,2025 VOLKSWAGEN T-CROSS TSIR,Volkswagen,T-Cross Tsir,2025.0,6300.0,0.0,Petrol,Automatic,Sedan,2677612.0,17940.0,,,USD,Nagoya,https://www.beforward.jp/volkswagen/t-cross/ce131823/id/16013259/,https://image-cdn.beforward.jp/medium/202607/16013259/CE131823_204b251b.jpg?w=200,1,2026-07-22 12:48:11.230783
BE FORWARD,CE131824,2021 VOLKSWAGEN T-ROC TSI,Volkswagen,T-Roc Tsi,2021.0,18300.0,500.0,Petrol,Automatic,Sedan,2158209.0,14460.0,,,USD,Nagoya,https://www.beforward.jp/volkswagen/t-roc/ce131824/id/16013260/,https://image-cdn.beforward.jp/medium/202607/16013260/CE131824_204b2558.jpg?w=200,1,2026-07-22 12:48:11.230783
BE FORWARD,CE131587,2020 VOLKSWAGEN GOLF TOURAN COMFORTLINE,Volkswagen,Golf Touran Comfortline,2020.0,32264.0,400.0,Petrol,Automatic,Van,2253731.0,15100.0,17266.0,Mombasa,USD,Osaka,https://www.beforward.jp/volkswagen/golf-touran/ce131587/id/16013022/,https://image-cdn.beforward.jp/medium/202607/16013022/CE131587_204b05d4.jpg?w=200,1,2026-07-22 12:48:11.230783
BE FORWARD,CE131846,2022 VOLKSWAGEN T-ROC TDI,Volkswagen,T-Roc Tdi,2022.0,22200.0,0.0,Diesel,Automatic,Sedan,2331343.0,15620.0,17620.0,Mombasa,USD,Nagoya,https://www.beforward.jp/volkswagen/t-roc/ce131846/id/16013282/,https://image-cdn.beforward.jp/medium/202607/16013282/CE131846_204b273b.jpg?w=200,1,2026-07-22 12:48:11.230783
BE FORWARD,CE131848,2025 VOLKSWAGEN ID.4,Volkswagen,Id.4,2025.0,2700.0,,Electric,Automatic,Sedan,3447761.0,23100.0,,,USD,Nagoya,https://www.beforward.jp/volkswagen/id-4/ce131848/id/16013284/,https://image-cdn.beforward.jp/medium/202607/16013284/CE131848_204b2755.jpg?w=200,1,2026-07-22 12:48:11.230783
BE FORWARD,CE131849,2023 VOLKSWAGEN T-ROC TDIR,Volkswagen,T-Roc Tdir,2023.0,16500.0,0.0,Diesel,Automatic,Sedan,2947761.0,19750.0,21750.0,Mombasa,USD,Nagoya,https://www.beforward.jp/volkswagen/t-roc/ce131849/id/16013285/,https://image-cdn.beforward.jp/medium/202607/16013285/CE131849_204b2758.jpg?w=200,1,2026-07-22 12:48:11.230783
BE FORWARD,CE131851,2023 VOLKSWAGEN TIGUAN TSI4R,Volkswagen,Tiguan Tsi4R,2023.0,16000.0,0.0,Petrol,Automatic,Sedan,3823881.0,25620.0,27836.0,Mombasa,USD,Nagoya,https://www.beforward.jp/volkswagen/tiguan/ce131851/id/16013287/,https://image-cdn.beforward.jp/medium/202607/16013287/CE131851_204b278c.jpg?w=200,1,2026-07-22 12:48:11.230783
BE FORWARD,CE131859,2023 VOLKSWAGEN T-ROC TDI,Volkswagen,T-Roc Tdi,2023.0,7900.0,0.0,Diesel,Automatic,Sedan,2417910.0,16200.0,18204.0,Mombasa,USD,Nagoya,https://www.beforward.jp/volkswagen/t-roc/ce131859/id/16013295/,https://image-cdn.beforward.jp/medium/202607/16013295/CE131859_204b285a.jpg?w=200,1,2026-07-22 12:48:11.230783
BE FORWARD,CE130114,2019 VOLKSWAGEN AMAROK AUTOMATIC DIESEL,Volkswagen,Amarok Automatic Diesel,2019.0,47631.0,0.0,Diesel,Automatic,Sedan,5988060.0,40120.0,43032.0,Mombasa,USD,United Kingdom,https://www.beforward.jp/volkswagen/amarok/ce130114/id/16011580/,https://image-cdn.beforward.jp/medium/202607/16011580/CE130114_20494557.jpg?w=200,1,2026-07-22 12:48:11.230783
BE FORWARD,CE130013,2018 VOLKSWAGEN VOLKSWAGEN OTHERS,Volkswagen,Volkswagen Others,2018.0,45823.0,0.0,Petrol,Automatic,Sedan,1550746.0,10390.0,12214.0,Mombasa,USD,Kobe,https://www.beforward.jp/volkswagen/volkswagen-others/ce130013/id/16011491/,https://image-cdn.beforward.jp/medium/202607/16011491/CE130013_203cc9be.jpg?w=200,1,2026-07-22 12:48:11.230783
BE FORWARD,CE128737,2025 VOLKSWAGEN T-ROC,Volkswagen,T-Roc,2025.0,6289.0,0.0,Petrol,Automatic,Sedan,3370149.0,22580.0,,,USD,Nagoya,https://www.beforward.jp/volkswagen/t-roc/ce128737/id/16010209/,https://image-cdn.beforward.jp/medium/202607/16010209/CE128737_20495582.jpg?w=200,1,2026-07-22 12:48:11.230783
BE FORWARD,CE127261,2023 VOLKSWAGEN T-ROC R4WD,Volkswagen,T-Roc R4Wd,2023.0,34640.0,0.0,Petrol,Automatic,Sedan,2964179.0,19860.0,,,USD,Kobe,https://www.beforward.jp/volkswagen/t-roc/ce127261/id/16008682/,https://image-cdn.beforward.jp/medium/202607/16008682/CE127261_2047f694.jpg?w=200,1,2026-07-22 12:48:11.230783
BE FORWARD,CE126698,2025 VOLKSWAGEN T-CROSS,Volkswagen,T-Cross,2025.0,12700.0,0.0,Petrol,Automatic,Sedan,2580597.0,17290.0,,,USD,Osaka,https://www.beforward.jp/volkswagen/t-cross/ce126698/id/16008119/,https://image-cdn.beforward.jp/medium/202607/16008119/CE126698_2047c334.jpg?w=200,1,2026-07-22 12:48:11.230783
BE FORWARD,CE124579,2018 VOLKSWAGEN TIGUAN,Volkswagen,Tiguan,2018.0,43329.0,400.0,Petrol,Automatic,Sedan,2465672.0,16520.0,,,USD,Nagoya,https://www.beforward.jp/volkswagen/tiguan/ce124579/id/16005995/,https://image-cdn.beforward.jp/medium/202607/16005995/CE124579_20462aa4.JPG?w=200,1,2026-07-22 12:48:11.230783
BE FORWARD,CE124799,2022 VOLKSWAGEN T-ROC,Volkswagen,T-Roc,2022.0,61457.0,0.0,Petrol,Automatic,Sedan,1819403.0,12190.0,,,USD,Nagoya,https://www.beforward.jp/volkswagen/t-roc/ce124799/id/16006215/,https://image-cdn.beforward.jp/medium/202607/16006215/CE124799_20464d40.JPG?w=200,1,2026-07-22 12:48:11.230783
BE FORWARD,CE124980,2019 VOLKSWAGEN TIGUAN,Volkswagen,Tiguan,2019.0,90862.0,0.0,Petrol,Automatic,Sedan,1589552.0,10650.0,,,USD,Yokohama,https://www.beforward.jp/volkswagen/tiguan/ce124980/id/16006396/,https://image-cdn.beforward.jp/medium/202607/16006396/CE124980_20466af5.JPG?w=200,1,2026-07-22 12:48:11.230783
BE FORWARD,CC553581,2024 VOLKSWAGEN GOLF VARIANT,Volkswagen,Golf Variant,2024.0,9398.0,0.0,Petrol,Automatic,Sedan,2204478.0,14770.0,16747.0,Mombasa,USD,Nagoya,https://www.beforward.jp/volkswagen/golf-variant/cc553581/id/14573572/,https://image-cdn.beforward.jp/medium/202607/14573572/CC553581_20495546.jpg?w=200,1,2026-07-22 12:48:11.230783
BE FORWARD,CE127260,2022 VOLKSWAGEN ARTEON 2.0TSI4R,Volkswagen,Arteon 2.0Tsi4R,2022.0,25743.0,0.0,Petrol,Automatic,Sedan,3798507.0,25450.0,27631.0,Mombasa,USD,Kyushu,https://www.beforward.jp/volkswagen/arteon/ce127260/id/16008681/,https://image-cdn.beforward.jp/medium/202607/16008681/CE127260_2047f675.jpg?w=200,1,2026-07-22 12:48:11.230783
BE FORWARD,CE126694,2021 VOLKSWAGEN ARTEON,Volkswagen,Arteon,2021.0,30200.0,0.0,Petrol,Automatic,Sedan,3350746.0,22450.0,24527.0,Mombasa,USD,Osaka,https://www.beforward.jp/volkswagen/arteon/ce126694/id/16008115/,https://image-cdn.beforward.jp/medium/202607/16008115/CE126694_2047c2d6.jpg?w=200,1,2026-07-22 12:48:11.230783
BE FORWARD,CE126695,2018 VOLKSWAGEN POLO,Volkswagen,Polo,2018.0,8200.0,200.0,Petrol,Automatic,Sedan,1194030.0,8000.0,9734.0,Mombasa,USD,Osaka,https://www.beforward.jp/volkswagen/polo/ce126695/id/16008116/,https://image-cdn.beforward.jp/medium/202607/16008116/CE126695_2047c2eb.jpg?w=200,1,2026-07-22 12:48:11.230783
BE FORWARD,CE126697,2018 VOLKSWAGEN ARTEON,Volkswagen,Arteon,2018.0,28900.0,0.0,Petrol,Automatic,Sedan,2446269.0,16390.0,18453.0,Mombasa,USD,Osaka,https://www.beforward.jp/volkswagen/arteon/ce126697/id/16008118/,https://image-cdn.beforward.jp/medium/202607/16008118/CE126697_2047c31f.jpg?w=200,1,2026-07-22 12:48:11.230783
BE FORWARD,CE126699,2019 VOLKSWAGEN GOLF,Volkswagen,Golf,2019.0,42400.0,200.0,Petrol,Automatic,Sedan,1520896.0,10190.0,12045.0,Mombasa,USD,Osaka,https://www.beforward.jp/volkswagen/golf/ce126699/id/16008120/,https://image-cdn.beforward.jp/medium/202607/16008120/CE126699_2047c349.jpg?w=200,1,2026-07-22 12:48:11.230783
BE FORWARD,CE126776,2019 VOLKSWAGEN GOLF R,Volkswagen,Golf R,2019.0,33130.0,200.0,Petrol,Automatic,Sedan,2755224.0,18460.0,20401.0,Mombasa,USD,Kobe,https://www.beforward.jp/volkswagen/golf-r/ce126776/id/16008197/,https://image-cdn.beforward.jp/medium/202607/16008197/CE126776_2047c8c5.jpg?w=200,1,2026-07-22 12:48:11.230783
BE FORWARD,CE074677,2021 VOLKSWAGEN GOLF TOURAN,Volkswagen,Golf Touran,2021.0,85443.0,0.0,Diesel,Automatic,Van,1405970.0,9420.0,12347.0,Mombasa,USD,Kobe,https://www.beforward.jp/volkswagen/golf-touran/ce074677/id/15955672/,https://image-cdn.beforward.jp/medium/202607/15955672/CE074677_202afbc5.JPG?w=200,1,2026-07-22 12:48:11.230783
BE FORWARD,CD918404,2019 VOLKSWAGEN SHARAN,Volkswagen,Sharan,2019.0,110964.0,0.0,Diesel,Automatic,Van,1397015.0,9360.0,11827.0,Mombasa,USD,Osaka,https://www.beforward.jp/volkswagen/sharan/cd918404/id/15875910/,https://image-cdn.beforward.jp/medium/202607/15875910/CD918404_2001d655.JPG?w=200,1,2026-07-22 12:48:11.230783
BE FORWARD,CC838398,2018 VOLKSWAGEN GOLF R VARIANT,Volkswagen,Golf R Variant,2018.0,46000.0,0.0,Petrol,Automatic,Sedan,2234328.0,14970.0,16955.0,Mombasa,USD,Yokohama,https://www.beforward.jp/volkswagen/golf-r-variant/cc838398/id/14861114/,https://image-cdn.beforward.jp/medium/202604/14861114/CC838398_1e2d2053.JPG?w=200,1,2026-07-22 12:48:11.230783
BE FORWARD,CE124956,2022 VOLKSWAGEN GOLF VARIANT,Volkswagen,Golf Variant,2022.0,16959.0,0.0,Petrol,Automatic,Sedan,1916418.0,12840.0,14817.0,Mombasa,USD,Osaka,https://www.beforward.jp/volkswagen/golf-variant/ce124956/id/16006372/,https://image-cdn.beforward.jp/medium/202607/16006372/CE124956_204666f7.JPG?w=200,1,2026-07-22 12:48:11.230783
BE FORWARD,CE125024,2018 VOLKSWAGEN POLO,Volkswagen,Polo,2018.0,85665.0,0.0,Petrol,Automatic,Sedan,992537.0,6650.0,8420.0,Mombasa,USD,Yokohama,https://www.beforward.jp/volkswagen/polo/ce125024/id/16006440/,https://image-cdn.beforward.jp/medium/202607/16006440/CE125024_204671f0.JPG?w=200,1,2026-07-22 12:48:11.230783
BE FORWARD,CE121186,2019 VOLKSWAGEN PASSAT ALLTRACK,Volkswagen,Passat Alltrack,2019.0,97000.0,0.0,Petrol,Automatic,Sedan,1589552.0,10650.0,,,USD,Hokkaido,https://www.beforward.jp/volkswagen/passat-alltrack/ce121186/id/16002567/,https://image-cdn.beforward.jp/medium/202607/16002567/CE121186_205001cf.jpg?w=200,1,2026-07-22 12:48:11.230783
BE FORWARD,CE124031,2019 VOLKSWAGEN TOUAREG AUTOMATIC PETROL,Volkswagen,Touareg Automatic Petrol,2019.0,76879.0,0.0,Petrol,Automatic,Sedan,6817910.0,45680.0,,,USD,United Kingdom,https://www.beforward.jp/volkswagen/touareg/ce124031/id/16005442/,https://image-cdn.beforward.jp/medium/202607/16005442/CE124031_2045622f.jpg?w=200,1,2026-07-22 12:48:11.230783
BE FORWARD,CE124032,2019 VOLKSWAGEN TOUAREG AUTOMATIC DIESEL,Volkswagen,Touareg Automatic Diesel,2019.0,82000.0,0.0,Diesel,Automatic,Sedan,4679104.0,31350.0,34262.0,Mombasa,USD,United Kingdom,https://www.beforward.jp/volkswagen/touareg/ce124032/id/16005443/,https://image-cdn.beforward.jp/medium/202607/16005443/CE124032_204563b0.jpg?w=200,1,2026-07-22 12:48:11.230783
BE FORWARD,CD158968,2025 VOLKSWAGEN GOLF VARIANT,Volkswagen,Golf Variant,2025.0,2885.0,500.0,Petrol,Automatic,Sedan,2731343.0,18300.0,20374.0,Mombasa,USD,Yokohama,https://www.beforward.jp/volkswagen/golf-variant/cd158968/id/15112003/,https://image-cdn.beforward.jp/medium/202605/15112003/CD158968_1ea6a33d.jpg?w=200,1,2026-07-22 12:48:11.230783
BE FORWARD,CE121206,2019 VOLKSWAGEN UP!,Volkswagen,Up!,2019.0,35422.0,0.0,Petrol,Manual,Sedan,1664179.0,11150.0,12848.0,Mombasa,USD,Yokohama,https://www.beforward.jp/volkswagen/up-/ce121206/id/16002587/,https://image-cdn.beforward.jp/medium/202607/16002587/CE121206_2043c779.jpg?w=200,1,2026-07-22 12:48:11.230783
BE FORWARD,CE121743,2025 VOLKSWAGEN GOLF R,Volkswagen,Golf R,2025.0,2961.0,0.0,Petrol,Automatic,Sedan,5517910.0,36970.0,38815.0,Mombasa,USD,Osaka,https://www.beforward.jp/volkswagen/golf-r/ce121743/id/16003130/,https://image-cdn.beforward.jp/medium/202607/16003130/CE121743_20444326.jpg?w=200,1,2026-07-22 12:48:11.230783
BE FORWARD,CE121829,2019 VOLKSWAGEN UP!,Volkswagen,Up!,2019.0,13298.0,0.0,Petrol,Automatic,Sedan,1377612.0,9230.0,10798.0,Mombasa,USD,Osaka,https://www.beforward.jp/volkswagen/up-/ce121829/id/16003216/,https://image-cdn.beforward.jp/medium/202607/16003216/CE121829_204abbb2.jpg?w=200,1,2026-07-22 12:48:11.230783
BE FORWARD,CE121910,2025 VOLKSWAGEN PASSAT WAGON ETSI,Volkswagen,Passat Wagon Etsi,2025.0,13164.0,500.0,Petrol,Automatic,Wagon,3400000.0,22780.0,24812.0,Mombasa,USD,Osaka,https://www.beforward.jp/volkswagen/passat-wagon/ce121910/id/16003297/,https://image-cdn.beforward.jp/medium/202607/16003297/CE121910_20445519.jpg?w=200,1,2026-07-22 12:48:11.230783
BE FORWARD,BR375276,2018 VOLKSWAGEN UP!,Volkswagen,Up!,2018.0,2070.0,0.0,Petrol,Manual,Sedan,2080597.0,13940.0,15594.0,Mombasa,USD,Kobe,https://www.beforward.jp/volkswagen/up-/br375276/id/6778600/,https://image-cdn.beforward.jp/medium/202607/6778600/BR375276_2042c2a1.jpg?w=200,1,2026-07-22 12:48:11.230783
BE FORWARD,BM887391,2020 VOLKSWAGEN PASSAT VARIANT,Volkswagen,Passat Variant,2020.0,16995.0,0.0,Diesel,Automatic,Sedan,1771642.0,11870.0,14247.0,Mombasa,USD,Toyama,https://www.beforward.jp/volkswagen/passat-variant/bm887391/id/4367887/,https://image-cdn.beforward.jp/medium/202607/4367887/BM887391_20427f28.jpg?w=200,1,2026-07-22 12:48:11.230783
BE FORWARD,CE115704,2020 VOLKSWAGEN T-CROSS TSI1ST,Volkswagen,T-Cross Tsi1St,2020.0,5419.0,0.0,Petrol,Automatic,Sedan,1828358.0,12250.0,,,USD,Yokohama,https://www.beforward.jp/volkswagen/t-cross/ce115704/id/15996305/,https://image-cdn.beforward.jp/medium/202607/15996305/CE115704_20402cdb.jpg?w=200,1,2026-07-22 12:48:11.230783
BE FORWARD,CE115716,2018 VOLKSWAGEN TIGUAN TSI,Volkswagen,Tiguan Tsi,2018.0,25142.0,400.0,Petrol,Automatic,Sedan,2253731.0,15100.0,,,USD,Yokohama,https://www.beforward.jp/volkswagen/tiguan/ce115716/id/15996317/,https://image-cdn.beforward.jp/medium/202607/15996317/CE115716_20402de4.jpg?w=200,1,2026-07-22 12:48:11.230783
BE FORWARD,CC479198,2020 VOLKSWAGEN T-CROSS,Volkswagen,T-Cross,2020.0,33400.0,0.0,Petrol,Automatic,Sedan,1570149.0,10520.0,,,USD,Yokohama,https://www.beforward.jp/volkswagen/t-cross/cc479198/id/14497788/,https://image-cdn.beforward.jp/medium/202606/14497788/CC479198_1f178de9.jpg?w=200,1,2026-07-22 12:48:11.230783
BE FORWARD,CE116304,2023 VOLKSWAGEN T-CROSS,Volkswagen,T-Cross,2023.0,8495.0,0.0,Petrol,Automatic,Sedan,2128358.0,14260.0,,,USD,Nagoya,https://www.beforward.jp/volkswagen/t-cross/ce116304/id/15996905/,https://image-cdn.beforward.jp/medium/202607/15996905/CE116304_20406835.jpg?w=200,1,2026-07-22 12:48:11.230783
BE FORWARD,CD834642,2020 VOLKSWAGEN T-ROC,Volkswagen,T-Roc,2020.0,99000.0,0.0,Petrol,Automatic,Sedan,1589552.0,10650.0,,,USD,Yokohama,https://www.beforward.jp/volkswagen/t-roc/cd834642/id/15791650/,https://image-cdn.beforward.jp/medium/202607/15791650/CD834642_1fdb9baa.jpg?w=200,1,2026-07-22 12:48:11.230783
BE FORWARD,CE116158,2023 VOLKSWAGEN GOLF GTI,Volkswagen,Golf Gti,2023.0,5300.0,0.0,Petrol,Automatic,Sedan,3832836.0,25680.0,27525.0,Mombasa,USD,Osaka,https://www.beforward.jp/volkswagen/golf-gti/ce116158/id/15996759/,https://image-cdn.beforward.jp/medium/202607/15996759/CE116158_20405be5.jpg?w=200,1,2026-07-22 12:48:11.230783
BE FORWARD,CE116378,2026 VOLKSWAGEN POLO,Volkswagen,Polo,2026.0,2000.0,0.0,Petrol,Automatic,Sedan,2532836.0,16970.0,18712.0,Mombasa,USD,Osaka,https://www.beforward.jp/volkswagen/polo/ce116378/id/15996981/,https://image-cdn.beforward.jp/medium/202607/15996981/CE116378_20406e4a.jpg?w=200,1,2026-07-22 12:48:11.230783
BE FORWARD,CD743368,2019 VOLKSWAGEN POLO,Volkswagen,Polo,2019.0,37403.0,0.0,Petrol,Automatic,Sedan,1204478.0,8070.0,9804.0,Mombasa,USD,Nagoya,https://www.beforward.jp/volkswagen/polo/cd743368/id/15700437/,https://image-cdn.beforward.jp/medium/202606/15700437/CD743368_1fafc786.JPG?w=200,1,2026-07-22 12:48:11.230783
BE FORWARD,CE114495,2019 VOLKSWAGEN TOUAREG AUTOMATIC DIESEL,Volkswagen,Touareg Automatic Diesel,2019.0,71000.0,0.0,Diesel,Automatic,Sedan,5174627.0,34670.0,37582.0,Mombasa,USD,United Kingdom,https://www.beforward.jp/volkswagen/touareg/ce114495/id/15995082/,https://image-cdn.beforward.jp/medium/202607/15995082/CE114495_203f18c5.jpg?w=200,1,2026-07-22 12:48:11.230783
BE FORWARD,CE114497,2019 VOLKSWAGEN TOUAREG AUTOMATIC DIESEL,Volkswagen,Touareg Automatic Diesel,2019.0,95179.0,0.0,Diesel,Automatic,Sedan,5364179.0,35940.0,38852.0,Mombasa,USD,United Kingdom,https://www.beforward.jp/volkswagen/touareg/ce114497/id/15995084/,https://image-cdn.beforward.jp/medium/202607/15995084/CE114497_203f19f2.jpg?w=200,1,2026-07-22 12:48:11.230783
BE FORWARD,CE114127,2024 VOLKSWAGEN TIGUAN,Volkswagen,Tiguan,2024.0,8800.0,500.0,Petrol,Automatic,Sedan,3997015.0,26780.0,29033.0,Mombasa,USD,Kobe,https://www.beforward.jp/volkswagen/tiguan/ce114127/id/15994710/,https://image-cdn.beforward.jp/medium/202607/15994710/CE114127_203f0420.jpg?w=200,1,2026-07-22 12:48:11.230783
BE FORWARD,CE113388,2019 VOLKSWAGEN GOLF TSI,Volkswagen,Golf Tsi,2019.0,63651.0,200.0,Petrol,Automatic,Sedan,1502985.0,10070.0,11968.0,Mombasa,USD,Yokohama,https://www.beforward.jp/volkswagen/golf/ce113388/id/15993971/,https://image-cdn.beforward.jp/medium/202607/15993971/CE113388_203eb6b7.jpg?w=200,1,2026-07-22 12:48:11.230783
BE FORWARD,CE112075,2022 VOLKSWAGEN TIGUAN,Volkswagen,Tiguan,2022.0,29986.0,0.0,Petrol,Automatic,Sedan,4044776.0,27100.0,,,USD,Yokohama,https://www.beforward.jp/volkswagen/tiguan/ce112075/id/15992652/,https://image-cdn.beforward.jp/medium/202607/15992652/CE112075_203e00de.jpg?w=200,1,2026-07-22 12:48:11.230783
BE FORWARD,CE110067,2021 VOLKSWAGEN T-ROC,Volkswagen,T-Roc,2021.0,25700.0,0.0,Petrol,Automatic,Sedan,1771642.0,11870.0,,,USD,Osaka,https://www.beforward.jp/volkswagen/t-roc/ce110067/id/15990640/,https://image-cdn.beforward.jp/medium/202607/15990640/CE110067_203cc86c.jpg?w=200,1,2026-07-22 12:48:11.230783
BE FORWARD,CE110073,2021 VOLKSWAGEN TIGUAN,Volkswagen,Tiguan,2021.0,25300.0,500.0,Petrol,Automatic,Sedan,4120896.0,27610.0,,,USD,Osaka,https://www.beforward.jp/volkswagen/tiguan/ce110073/id/15990646/,https://image-cdn.beforward.jp/medium/202607/15990646/CE110073_203cc8da.jpg?w=200,1,2026-07-22 12:48:11.230783
BE FORWARD,CE110078,2021 VOLKSWAGEN T-CROSS,Volkswagen,T-Cross,2021.0,36200.0,0.0,Petrol,Automatic,Sedan,1713433.0,11480.0,,,USD,Osaka,https://www.beforward.jp/volkswagen/t-cross/ce110078/id/15990651/,https://image-cdn.beforward.jp/medium/202607/15990651/CE110078_203cc940.jpg?w=200,1,2026-07-22 12:48:11.230783
BE FORWARD,CE110079,2018 VOLKSWAGEN TIGUAN,Volkswagen,Tiguan,2018.0,32400.0,400.0,Petrol,Automatic,Sedan,2773134.0,18580.0,,,USD,Osaka,https://www.beforward.jp/volkswagen/tiguan/ce110079/id/15990652/,https://image-cdn.beforward.jp/medium/202607/15990652/CE110079_203cc955.jpg?w=200,1,2026-07-22 12:48:11.230783
BE FORWARD,CE113488,2019 VOLKSWAGEN GOLF TSI,Volkswagen,Golf Tsi,2019.0,48771.0,400.0,Petrol,Automatic,Sedan,1635821.0,10960.0,12919.0,Mombasa,USD,Yokohama,https://www.beforward.jp/volkswagen/golf/ce113488/id/15994071/,https://image-cdn.beforward.jp/medium/202607/15994071/CE113488_203ec04a.jpg?w=200,1,2026-07-22 12:48:11.230783
BE FORWARD,CE113808,2020 VOLKSWAGEN POLO TSI,Volkswagen,Polo Tsi,2020.0,25000.0,0.0,Petrol,Automatic,Sedan,1550746.0,10390.0,12286.0,Mombasa,USD,Hokkaido,https://www.beforward.jp/volkswagen/polo/ce113808/id/15994391/,https://image-cdn.beforward.jp/medium/202607/15994391/CE113808_203ee330.jpg?w=200,1,2026-07-22 12:48:11.230783
BE FORWARD,CE112165,2019 VOLKSWAGEN UP!,Volkswagen,Up!,2019.0,23605.0,0.0,Petrol,Automatic,Sedan,910448.0,6100.0,7694.0,Mombasa,USD,Kyushu,https://www.beforward.jp/volkswagen/up-/ce112165/id/15992743/,https://image-cdn.beforward.jp/medium/202607/15992743/CE112165_203e097b.jpg?w=200,1,2026-07-22 12:48:11.230783
BE FORWARD,CE109405,2019 VOLKSWAGEN GOLF,Volkswagen,Golf,2019.0,6900.0,400.0,Petrol,Automatic,Sedan,2156716.0,14450.0,16305.0,Mombasa,USD,Osaka,https://www.beforward.jp/volkswagen/golf/ce109405/id/15989978/,https://image-cdn.beforward.jp/medium/202607/15989978/CE109405_203c30f2.jpg?w=200,1,2026-07-22 12:48:11.230783
BE FORWARD,CE110069,2018 VOLKSWAGEN GOLF TOURAN,Volkswagen,Golf Touran,2018.0,34500.0,400.0,Petrol,Automatic,Van,1992537.0,13350.0,15516.0,Mombasa,USD,Osaka,https://www.beforward.jp/volkswagen/golf-touran/ce110069/id/15990642/,https://image-cdn.beforward.jp/medium/202607/15990642/CE110069_203cc8a0.jpg?w=200,1,2026-07-22 12:48:11.230783
BE FORWARD,CE110075,2018 VOLKSWAGEN UP!,Volkswagen,Up!,2018.0,53200.0,0.0,Petrol,Automatic,Sedan,750746.0,5030.0,6590.0,Mombasa,USD,Osaka,https://www.beforward.jp/volkswagen/up-/ce110075/id/15990648/,https://image-cdn.beforward.jp/medium/202607/15990648/CE110075_203cc8f7.jpg?w=200,1,2026-07-22 12:48:11.230783
BE FORWARD,CE110076,2019 VOLKSWAGEN GOLF VARIANT,Volkswagen,Golf Variant,2019.0,52400.0,200.0,Petrol,Automatic,Sedan,1328358.0,8900.0,10872.0,Mombasa,USD,Osaka,https://www.beforward.jp/volkswagen/golf-variant/ce110076/id/15990649/,https://image-cdn.beforward.jp/medium/202607/15990649/CE110076_203cc90c.jpg?w=200,1,2026-07-22 12:48:11.230783
BE FORWARD,CE110080,2025 VOLKSWAGEN T-CROSS,Volkswagen,T-Cross,2025.0,1900.0,0.0,Petrol,Automatic,Sedan,2734328.0,18320.0,20202.0,Mombasa,USD,Osaka,https://www.beforward.jp/volkswagen/t-cross/ce110080/id/15990653/,https://image-cdn.beforward.jp/medium/202607/15990653/CE110080_203cc96a.jpg?w=200,1,2026-07-22 12:48:11.230783
BE FORWARD,CE110081,2025 VOLKSWAGEN T-CROSS,Volkswagen,T-Cross,2025.0,7900.0,0.0,Petrol,Automatic,Sedan,2773134.0,18580.0,20462.0,Mombasa,USD,Osaka,https://www.beforward.jp/volkswagen/t-cross/ce110081/id/15990654/,https://image-cdn.beforward.jp/medium/202607/15990654/CE110081_203cc97f.jpg?w=200,1,2026-07-22 12:48:11.230783
BE FORWARD,CE110082,2025 VOLKSWAGEN T-ROC,Volkswagen,T-Roc,2025.0,9200.0,500.0,Petrol,Automatic,Sedan,3119403.0,20900.0,22878.0,Mombasa,USD,Osaka,https://www.beforward.jp/volkswagen/t-roc/ce110082/id/15990655/,https://image-cdn.beforward.jp/medium/202607/15990655/CE110082_203cc994.jpg?w=200,1,2026-07-22 12:48:11.230783
BE FORWARD,CE107636,2021 VOLKSWAGEN POLO,Volkswagen,Polo,2021.0,77492.0,500.0,Petrol,Automatic,Sedan,1461194.0,9790.0,11564.0,Mombasa,USD,Yokohama,https://www.beforward.jp/volkswagen/polo/ce107636/id/15988203/,https://image-cdn.beforward.jp/medium/202607/15988203/CE107636_203afdcf.JPG?w=200,1,2026-07-22 12:48:11.230783
BE FORWARD,CE107905,2019 VOLKSWAGEN TIGUAN,Volkswagen,Tiguan,2019.0,49059.0,0.0,Petrol,Automatic,Sedan,2649254.0,17750.0,,,USD,Yokohama,https://www.beforward.jp/volkswagen/tiguan/ce107905/id/15988472/,https://image-cdn.beforward.jp/medium/202607/15988472/CE107905_203b278c.JPG?w=200,1,2026-07-22 12:48:11.230783
BE FORWARD,CE108061,2020 VOLKSWAGEN T-CROSS,Volkswagen,T-Cross,2020.0,81153.0,0.0,Petrol,Automatic,Sedan,1435821.0,9620.0,,,USD,Kobe,https://www.beforward.jp/volkswagen/t-cross/ce108061/id/15988628/,https://image-cdn.beforward.jp/medium/202607/15988628/CE108061_203b4018.JPG?w=200,1,2026-07-22 12:48:11.230783
BE FORWARD,CE106968,2019 VOLKSWAGEN TOUAREG AUTOMATIC DIESEL,Volkswagen,Touareg Automatic Diesel,2019.0,115000.0,0.0,Diesel,Automatic,Sedan,4477612.0,30000.0,32912.0,Mombasa,USD,United Kingdom,https://www.beforward.jp/volkswagen/touareg/ce106968/id/15987532/,https://image-cdn.beforward.jp/medium/202607/15987532/CE106968_203a91a6.jpg?w=200,1,2026-07-22 12:48:11.230783
BE FORWARD,CE106969,2019 VOLKSWAGEN TOUAREG AUTOMATIC DIESEL,Volkswagen,Touareg Automatic Diesel,2019.0,60865.0,0.0,Diesel,Automatic,Sedan,5444776.0,36480.0,39392.0,Mombasa,USD,United Kingdom,https://www.beforward.jp/volkswagen/touareg/ce106969/id/15987533/,https://image-cdn.beforward.jp/medium/202607/15987533/CE106969_203a93f0.jpg?w=200,1,2026-07-22 12:48:11.230783
BE FORWARD,CE106971,2019 VOLKSWAGEN TOUAREG AUTOMATIC DIESEL,Volkswagen,Touareg Automatic Diesel,2019.0,98153.0,0.0,Diesel,Automatic,Sedan,4982090.0,33380.0,36292.0,Mombasa,USD,United Kingdom,https://www.beforward.jp/volkswagen/touareg/ce106971/id/15987535/,https://image-cdn.beforward.jp/medium/202607/15987535/CE106971_203a941c.jpg?w=200,1,2026-07-22 12:48:11.230783
BE FORWARD,CE106501,2019 VOLKSWAGEN GOLF,Volkswagen,Golf,2019.0,56593.0,200.0,Petrol,Automatic,Sedan,1383582.0,9270.0,11255.0,Mombasa,USD,Yokohama,https://www.beforward.jp/volkswagen/golf/ce106501/id/15987062/,https://image-cdn.beforward.jp/medium/202607/15987062/CE106501_203a6ff5.jpg?w=200,1,2026-07-22 12:48:11.230783
BE FORWARD,CE106245,2021 VOLKSWAGEN GOLF,Volkswagen,Golf,2021.0,9400.0,0.0,Petrol,Automatic,Sedan,2205970.0,14780.0,16741.0,Mombasa,USD,Kobe,https://www.beforward.jp/volkswagen/golf/ce106245/id/15986803/,https://image-cdn.beforward.jp/medium/202607/15986803/CE106245_203a5572.jpg?w=200,1,2026-07-22 12:48:11.230783
BE FORWARD,CE104496,2024 VOLKSWAGEN PASSAT VARIANT,Volkswagen,Passat Variant,2024.0,6540.0,0.0,Diesel,Automatic,Sedan,3650746.0,24460.0,26730.0,Mombasa,USD,Kobe,https://www.beforward.jp/volkswagen/passat-variant/ce104496/id/15985054/,https://image-cdn.beforward.jp/medium/202607/15985054/CE104496_2039a636.jpg?w=200,1,2026-07-22 12:48:11.230783
BE FORWARD,CE145148,2022 FORD EVEREST 2.0 SPORT SUV,Ford,Everest 2.0 Sport Suv,2022.0,40000.0,996.0,Petrol,Automatic,Suv,4625373.0,30990.0,,,USD,Thailand,https://www.beforward.jp/ford/everest/ce145148/id/16026463/,https://image-cdn.beforward.jp/medium/202607/16026463/CE145148_204fb3cc.jpg?w=200,1,2026-07-22 12:48:11.230783
BE FORWARD,CE145145,2024 FORD RANGER 2.0 FORD XLS SMART CAB,Ford,Ranger 2.0 Ford Xls Smart Cab,2024.0,90000.0,996.0,Petrol,Automatic,Pickup,2443284.0,16370.0,,,USD,Thailand,https://www.beforward.jp/ford/ranger/ce145145/id/16026460/,https://image-cdn.beforward.jp/medium/202607/16026460/CE145145_204bc968.jpg?w=200,1,2026-07-22 12:48:11.230783
BE FORWARD,CE145142,2023 FORD RANGER 2.0 SPORT DOUBLE CAB,Ford,Ranger 2.0 Sport Double Cab,2023.0,33000.0,996.0,Petrol,Automatic,Pickup,3480597.0,23320.0,,,USD,Thailand,https://www.beforward.jp/ford/ranger/ce145142/id/16026457/,https://image-cdn.beforward.jp/medium/202607/16026457/CE145142_204fab8e.jpg?w=200,1,2026-07-22 12:48:11.230783
BE FORWARD,CE145113,2018 FORD RANGER 2.2 FORD XL+ SMART CAB,Ford,Ranger 2.2 Ford Xl+ Smart Cab,2018.0,87600.0,198.0,Diesel,Manual,Pickup,1553731.0,10410.0,12978.0,Mombasa,USD,Thailand,https://www.beforward.jp/ford/ranger/ce145113/id/16026427/,https://image-cdn.beforward.jp/medium/202607/16026427/CE145113_204bab9c.jpg?w=200,1,2026-07-22 12:48:11.230783
BE FORWARD,CE145101,2025 FORD RANGER 2.0 FORD XLS DOUBLE CAB,Ford,Ranger 2.0 Ford Xls Double Cab,2025.0,27000.0,996.0,Diesel,Automatic,Pickup,3734328.0,25020.0,27965.0,Mombasa,USD,Thailand,https://www.beforward.jp/ford/ranger/ce145101/id/16026415/,https://image-cdn.beforward.jp/medium/202607/16026415/CE145101_204a1720.jpg?w=200,1,2026-07-22 12:48:11.230783
BE FORWARD,CE145012,2019 FORD EVEREST 2.0 EVEREST TURBO TREND SUV,Ford,Everest 2.0 Everest Turbo Trend Suv,2019.0,173000.0,996.0,Diesel,Automatic,Suv,2746269.0,18400.0,38968.0,Mombasa,USD,Thailand,https://www.beforward.jp/ford/everest/ce145012/id/16026321/,https://image-cdn.beforward.jp/medium/202607/16026321/CE145012_204f868f.jpg?w=200,1,2026-07-22 12:48:11.230783
BE FORWARD,CE144682,2019 FORD EVEREST 2.0 EVEREST TITANIUM PLUS,Ford,Everest 2.0 Everest Titanium Plus,2019.0,144000.0,996.0,Diesel,Automatic,Van,3473134.0,23270.0,25742.0,Mombasa,USD,Thailand,https://www.beforward.jp/ford/everest/ce144682/id/16025988/,https://image-cdn.beforward.jp/medium/202607/16025988/CE144682_204f6a10.jpg?w=200,1,2026-07-22 12:48:11.230783
BE FORWARD,CE144017,2024 FORD RAPTOR 2.0 DOUBLE CAB RAPTOR,Ford,Raptor 2.0 Double Cab Raptor,2024.0,41400.0,996.0,Diesel,Automatic,Sedan,6313433.0,42300.0,44916.0,Mombasa,USD,Thailand,https://www.beforward.jp/ford/raptor/ce144017/id/16025395/,https://image-cdn.beforward.jp/medium/202607/16025395/CE144017_204f3d58.jpg?w=200,1,2026-07-22 12:48:11.230783
BE FORWARD,CE144007,2023 FORD RAPTOR 2.0 DOUBLE CAB RAPTOR,Ford,Raptor 2.0 Double Cab Raptor,2023.0,45450.0,996.0,Diesel,Automatic,Sedan,7040299.0,47170.0,50115.0,Mombasa,USD,Thailand,https://www.beforward.jp/ford/raptor/ce144007/id/16025385/,https://image-cdn.beforward.jp/medium/202607/16025385/CE144007_204f0d3b.jpg?w=200,1,2026-07-22 12:48:11.230783
BE FORWARD,CE144004,2022 FORD EVEREST 2.0 EVEREST TITANIUM PLUS,Ford,Everest 2.0 Everest Titanium Plus,2022.0,111000.0,996.0,Petrol,Automatic,Sedan,4153731.0,27830.0,,,USD,Thailand,https://www.beforward.jp/ford/everest/ce144004/id/16025382/,https://image-cdn.beforward.jp/medium/202607/16025382/CE144004_204f51c5.jpg?w=200,1,2026-07-22 12:48:11.230783
BE FORWARD,CE143893,2022 FORD RANGER 2.0 WILDTRAK DOUBLE CAB,Ford,Ranger 2.0 Wildtrak Double Cab,2022.0,97000.0,996.0,Petrol,Automatic,Pickup,4517910.0,30270.0,,,USD,Thailand,https://www.beforward.jp/ford/ranger/ce143893/id/16025373/,https://image-cdn.beforward.jp/medium/202607/16025373/CE143893_204f4e1f.jpg?w=200,1,2026-07-22 12:48:11.230783
BE FORWARD,CE143863,2019 FORD EVEREST 2.0 EVEREST TITANIUM PLUS,Ford,Everest 2.0 Everest Titanium Plus,2019.0,45000.0,996.0,Petrol,Automatic,Sedan,3995522.0,26770.0,,,USD,Thailand,https://www.beforward.jp/ford/everest/ce143863/id/16025340/,https://image-cdn.beforward.jp/medium/202607/16025340/CE143863_204f43a1.jpg?w=200,1,2026-07-22 12:48:11.230783
BE FORWARD,CE143555,2019 FORD RANGER 2.0 FORD WILDTRAK DOUBLE CAB,Ford,Ranger 2.0 Ford Wildtrak Double Cab,2019.0,80000.0,996.0,Petrol,Automatic,Pickup,2671642.0,17900.0,,,USD,Thailand,https://www.beforward.jp/ford/ranger/ce143555/id/16025077/,https://image-cdn.beforward.jp/medium/202607/16025077/CE143555_204ef82e.jpg?w=200,1,2026-07-22 12:48:11.230783
BE FORWARD,CE143518,2019 FORD RANGER 2.0 WILDTRAK DOUBLE CAB,Ford,Ranger 2.0 Wildtrak Double Cab,2019.0,61000.0,996.0,Petrol,Automatic,Pickup,3141791.0,21050.0,,,USD,Thailand,https://www.beforward.jp/ford/ranger/ce143518/id/16025029/,https://image-cdn.beforward.jp/medium/202607/16025029/CE143518_204f031f.jpg?w=200,1,2026-07-22 12:48:11.230783
BE FORWARD,CE143511,2021 FORD EVEREST 2.0 EVEREST SUV,Ford,Everest 2.0 Everest Suv,2021.0,112000.0,996.0,Diesel,Automatic,Suv,4319403.0,28940.0,31412.0,Mombasa,USD,Thailand,https://www.beforward.jp/ford/everest/ce143511/id/16025018/,https://image-cdn.beforward.jp/medium/202607/16025018/CE143511_203393bf.jpg?w=200,1,2026-07-22 12:48:11.230783
BE FORWARD,CE143484,2021 FORD RANGER 2.2 FORD XL SMART CAB,Ford,Ranger 2.2 Ford Xl Smart Cab,2021.0,44000.0,198.0,Diesel,Manual,Pickup,2126866.0,14250.0,16818.0,Mombasa,USD,Thailand,https://www.beforward.jp/ford/ranger/ce143484/id/16024989/,https://image-cdn.beforward.jp/medium/202607/16024989/CE143484_20433e66.jpg?w=200,1,2026-07-22 12:48:11.230783
BE FORWARD,CE143427,2019 FORD RANGER 2.0 WILDTRAK DOUBLE CAB,Ford,Ranger 2.0 Wildtrak Double Cab,2019.0,55000.0,996.0,Diesel,Automatic,Pickup,3046269.0,20410.0,22978.0,Mombasa,USD,Thailand,https://www.beforward.jp/ford/ranger/ce143427/id/16024926/,https://image-cdn.beforward.jp/medium/202607/16024926/CE143427_204ef22b.jpg?w=200,1,2026-07-22 12:48:11.230783
BE FORWARD,CE143422,2020 FORD RANGER 2.0 RANGER DOUBLE CAB,Ford,Ranger 2.0 Ranger Double Cab,2020.0,30000.0,996.0,Diesel,Automatic,Pickup,2135821.0,14310.0,16878.0,Mombasa,USD,Thailand,https://www.beforward.jp/ford/ranger/ce143422/id/16024920/,https://image-cdn.beforward.jp/medium/202607/16024920/CE143422_20491f62.jpg?w=200,1,2026-07-22 12:48:11.230783
BE FORWARD,CE143420,2020 FORD EVEREST 2.0 EVEREST SUV,Ford,Everest 2.0 Everest Suv,2020.0,42000.0,996.0,Diesel,Automatic,Suv,3638806.0,24380.0,26852.0,Mombasa,USD,Thailand,https://www.beforward.jp/ford/everest/ce143420/id/16024918/,https://image-cdn.beforward.jp/medium/202607/16024918/CE143420_20491f7d.jpg?w=200,1,2026-07-22 12:48:11.230783
BE FORWARD,CE143387,2018 FORD EVEREST 2.0 EVEREST TITANIUM PLUS,Ford,Everest 2.0 Everest Titanium Plus,2018.0,51000.0,996.0,Diesel,Automatic,Van,4825373.0,32330.0,34802.0,Mombasa,USD,Thailand,https://www.beforward.jp/ford/everest/ce143387/id/16024881/,https://image-cdn.beforward.jp/medium/202607/16024881/CE143387_204eed81.jpg?w=200,1,2026-07-22 12:48:11.230783
BE FORWARD,CE143284,2022 FORD RANGER 2.2 RANGER DOUBLE CAB,Ford,Ranger 2.2 Ranger Double Cab,2022.0,40000.0,198.0,Diesel,Automatic,Pickup,3022388.0,20250.0,24358.0,Mombasa,USD,Thailand,https://www.beforward.jp/ford/ranger/ce143284/id/16024775/,https://image-cdn.beforward.jp/medium/202607/16024775/CE143284_2049227c.jpg?w=200,1,2026-07-22 12:48:11.230783
BE FORWARD,CE142644,2021 FORD RANGER 2.2 FORD SINGLE CAB,Ford,Ranger 2.2 Ford Single Cab,2021.0,94000.0,198.0,Diesel,Manual,Pickup,1362687.0,9130.0,11698.0,Mombasa,USD,Thailand,https://www.beforward.jp/ford/ranger/ce142644/id/16024121/,https://image-cdn.beforward.jp/medium/202607/16024121/CE142644_204311d8.jpg?w=200,1,2026-07-22 12:48:11.230783
BE FORWARD,CE142363,2018 FORD RAPTOR 2.0 DOUBLE CAB,Ford,Raptor 2.0 Double Cab,2018.0,51000.0,996.0,Diesel,Automatic,Sedan,4580597.0,30690.0,33991.0,Mombasa,USD,Thailand,https://www.beforward.jp/ford/raptor/ce142363/id/16023836/,https://image-cdn.beforward.jp/medium/202607/16023836/CE142363_204ed0c1.jpg?w=200,1,2026-07-22 12:48:11.230783
BE FORWARD,CE141658,2023 FORD EVEREST 2.0 EVEREST TURBO SPORT,Ford,Everest 2.0 Everest Turbo Sport,2023.0,25000.0,996.0,Petrol,Automatic,Sedan,6479104.0,43410.0,,,USD,Thailand,https://www.beforward.jp/ford/everest/ce141658/id/16023121/,https://image-cdn.beforward.jp/medium/202607/16023121/CE141658_204ec07c.jpg?w=200,1,2026-07-22 12:48:11.230783
BE FORWARD,CE141655,2024 FORD EVEREST 2.0 EVEREST TURBO SPORT,Ford,Everest 2.0 Everest Turbo Sport,2024.0,28000.0,996.0,Petrol,Automatic,Sedan,6771642.0,45370.0,,,USD,Thailand,https://www.beforward.jp/ford/everest/ce141655/id/16023116/,https://image-cdn.beforward.jp/medium/202607/16023116/CE141655_204ebc2d.jpg?w=200,1,2026-07-22 12:48:11.230783
BE FORWARD,CE139467,2022 FORD RANGER 2.0 WILDTRAK DOUBLE CAB,Ford,Ranger 2.0 Wildtrak Double Cab,2022.0,49000.0,996.0,Petrol,Automatic,Pickup,3861194.0,25870.0,,,USD,Thailand,https://www.beforward.jp/ford/ranger/ce139467/id/16020920/,https://image-cdn.beforward.jp/medium/202607/16020920/CE139467_204dc6b6.jpg?w=200,1,2026-07-22 12:48:11.230783
BE FORWARD,CE138345,2022 FORD RANGER 2.0 SPORT DOUBLE CAB,Ford,Ranger 2.0 Sport Double Cab,2022.0,26000.0,996.0,Diesel,Automatic,Pickup,4256716.0,28520.0,31497.0,Mombasa,USD,Thailand,https://www.beforward.jp/ford/ranger/ce138345/id/16019795/,https://image-cdn.beforward.jp/medium/202607/16019795/CE138345_204e178f.jpg?w=200,1,2026-07-22 12:48:11.230783
BE FORWARD,CE130663,2023 FORD RANGER 2.2 SPORT SMART CAB,Ford,Ranger 2.2 Sport Smart Cab,2023.0,58000.0,198.0,Petrol,Manual,Pickup,2025373.0,13570.0,,,USD,Thailand,https://www.beforward.jp/ford/ranger/ce130663/id/16012087/,https://image-cdn.beforward.jp/medium/202607/16012087/CE130663_204a4c87.jpg?w=200,1,2026-07-22 12:48:11.230783
BE FORWARD,CE130626,2021 FORD RANGER 2.2 XLT DOUBLE CAB,Ford,Ranger 2.2 Xlt Double Cab,2021.0,48000.0,198.0,Petrol,Automatic,Pickup,2753731.0,18450.0,,,USD,Thailand,https://www.beforward.jp/ford/ranger/ce130626/id/16012050/,https://image-cdn.beforward.jp/medium/202607/16012050/CE130626_204a46a6.jpg?w=200,1,2026-07-22 12:48:11.230783
BE FORWARD,CE130595,2023 FORD EVEREST 2.0 EVEREST TITANIUM PLUS,Ford,Everest 2.0 Everest Titanium Plus,2023.0,65000.0,996.0,Petrol,Automatic,Sedan,4858209.0,32550.0,,,USD,Thailand,https://www.beforward.jp/ford/everest/ce130595/id/16012018/,https://image-cdn.beforward.jp/medium/202607/16012018/CE130595_204a3bec.jpg?w=200,1,2026-07-22 12:48:11.230783
BE FORWARD,CE130586,2019 FORD EVEREST 2.0 EVEREST TITANIUM PLUS,Ford,Everest 2.0 Everest Titanium Plus,2019.0,35000.0,996.0,Diesel,Automatic,Van,3070149.0,20570.0,23042.0,Mombasa,USD,Thailand,https://www.beforward.jp/ford/everest/ce130586/id/16012009/,https://image-cdn.beforward.jp/medium/202607/16012009/CE130586_204a38bc.jpg?w=200,1,2026-07-22 12:48:11.230783
BE FORWARD,CE130546,2018 FORD EVEREST 3.2 EVEREST TITANIUM PLUS,Ford,Everest 3.2 Everest Titanium Plus,2018.0,170000.0,198.0,Diesel,Automatic,Van,2847761.0,19080.0,21552.0,Mombasa,USD,Thailand,https://www.beforward.jp/ford/everest/ce130546/id/16011969/,https://image-cdn.beforward.jp/medium/202607/16011969/CE130546_204a2c94.jpg?w=200,1,2026-07-22 12:48:11.230783
BE FORWARD,CC756330,2019 FORD RANGER,Ford,Ranger,2019.0,158411.0,996.0,Diesel,Automatic,Pickup,2952239.0,19780.0,22198.0,Mombasa,USD,Thailand,https://www.beforward.jp/ford/ranger/cc756330/id/14777971/,https://image-cdn.beforward.jp/medium/202604/14777971/CC756330_1e051719.jpg?w=200,1,2026-07-22 12:48:11.230783
BE FORWARD,CC772897,2023 FORD RANGER,Ford,Ranger,2023.0,83341.0,0.0,Diesel,Automatic,Pickup,3359701.0,22510.0,25296.0,Mombasa,USD,Thailand,https://www.beforward.jp/ford/ranger/cc772897/id/14793813/,https://image-cdn.beforward.jp/medium/202604/14793813/CC772897_1e0d3f70.jpg?w=200,1,2026-07-22 12:48:11.230783
BE FORWARD,CD015277,2023 FORD EVEREST,Ford,Everest,2023.0,85105.0,996.0,Diesel,Automatic,Van,6522388.0,43700.0,46253.0,Mombasa,USD,Thailand,https://www.beforward.jp/ford/everest/cd015277/id/14966783/,https://image-cdn.beforward.jp/medium/202604/14966783/CD015277_1e59f6d3.jpg?w=200,1,2026-07-22 12:48:11.230783
BE FORWARD,CD048423,2024 FORD RAPTOR,Ford,Raptor,2024.0,58693.0,956.0,Petrol,Automatic,Sedan,6873134.0,46050.0,49027.0,Mombasa,USD,Thailand,https://www.beforward.jp/ford/raptor/cd048423/id/15000215/,https://image-cdn.beforward.jp/medium/202604/15000215/CD048423_1e6a227d.jpg?w=200,1,2026-07-22 12:48:11.230783
BE FORWARD,CD206341,2021 FORD RANGER,Ford,Ranger,2021.0,78507.0,998.0,Diesel,Automatic,Pickup,3326866.0,22290.0,25279.0,Mombasa,USD,Thailand,https://www.beforward.jp/ford/ranger/cd206341/id/15159859/,https://image-cdn.beforward.jp/medium/202605/15159859/CD206341_1eadff59.jpg?w=200,1,2026-07-22 12:48:11.230783
BE FORWARD,CD351976,2022 FORD EVEREST,Ford,Everest,2022.0,66265.0,0.0,Diesel,Automatic,Van,3805970.0,25500.0,27968.0,Mombasa,USD,Thailand,https://www.beforward.jp/ford/everest/cd351976/id/15305664/,https://image-cdn.beforward.jp/medium/202605/15305664/CD351976_1ef677d7.jpg?w=200,1,2026-07-22 12:48:11.230783
BE FORWARD,CD351983,2024 FORD RANGER,Ford,Ranger,2024.0,27561.0,0.0,Diesel,Automatic,Pickup,3510448.0,23520.0,26306.0,Mombasa,USD,Thailand,https://www.beforward.jp/ford/ranger/cd351983/id/15305672/,https://image-cdn.beforward.jp/medium/202605/15305672/CD351983_1ef693c6.jpg?w=200,1,2026-07-22 12:48:11.230783
BE FORWARD,CD447024,2024 FORD EVEREST,Ford,Everest,2024.0,27402.0,996.0,Diesel,Automatic,Van,7549254.0,50580.0,53086.0,Mombasa,USD,Thailand,https://www.beforward.jp/ford/everest/cd447024/id/15402333/,https://image-cdn.beforward.jp/medium/202606/15402333/CD447024_1f0bf5b2.jpg?w=200,1,2026-07-22 12:48:11.230783
BE FORWARD,CD447197,2024 FORD EVEREST,Ford,Everest,2024.0,37458.0,996.0,Diesel,Automatic,Van,6705970.0,44930.0,47436.0,Mombasa,USD,Thailand,https://www.beforward.jp/ford/everest/cd447197/id/15402541/,https://image-cdn.beforward.jp/medium/202606/15402541/CD447197_1f0c2ea8.jpg?w=200,1,2026-07-22 12:48:11.230783
BE FORWARD,CD402939,2022 FORD RANGER,Ford,Ranger,2022.0,53888.0,996.0,Diesel,Manual,Pickup,3007463.0,20150.0,22887.0,Mombasa,USD,Thailand,https://www.beforward.jp/ford/ranger/cd402939/id/15357766/,https://image-cdn.beforward.jp/medium/202605/15357766/CD402939_1f10b636.jpg?w=200,1,2026-07-22 12:48:11.230783
BE FORWARD,CD445739,2022 FORD RANGER,Ford,Ranger,2022.0,82841.0,0.0,Diesel,Automatic,Pickup,3510448.0,23520.0,26634.0,Mombasa,USD,Thailand,https://www.beforward.jp/ford/ranger/cd445739/id/15400892/,https://image-cdn.beforward.jp/medium/202606/15400892/CD445739_1f269301.jpg?w=200,1,2026-07-22 12:48:11.230783
BE FORWARD,CD850985,2020 FORD RANGER,Ford,Ranger,2020.0,178211.0,996.0,Diesel,Automatic,Pickup,2810448.0,18830.0,21311.0,Mombasa,USD,Thailand,https://www.beforward.jp/ford/ranger/cd850985/id/15808958/,https://image-cdn.beforward.jp/medium/202607/15808958/CD850985_1fe00e80.png?w=200,1,2026-07-22 12:48:11.230783
BE FORWARD,CD872221,2024 FORD RANGER,Ford,Ranger,2024.0,38937.0,0.0,Diesel,Manual,Pickup,2205970.0,14780.0,17566.0,Mombasa,USD,Thailand,https://www.beforward.jp/ford/ranger/cd872221/id/15829885/,https://image-cdn.beforward.jp/medium/202607/15829885/CD872221_1feba21f.jpg?w=200,1,2026-07-22 12:48:11.230783
BE FORWARD,CD896553,2019 FORD RANGER 2.0 WILDTRAK DOUBLE CAB,Ford,Ranger 2.0 Wildtrak Double Cab,2019.0,46000.0,996.0,Diesel,Automatic,Pickup,2658209.0,17810.0,20378.0,Mombasa,USD,Thailand,https://www.beforward.jp/ford/ranger/cd896553/id/15854186/,https://image-cdn.beforward.jp/medium/202607/15854186/CD896553_1ff5fbfc.jpg?w=200,1,2026-07-22 12:48:11.230783
BE FORWARD,CE128868,2023 FORD EVEREST PLATINUM FULL OPTION AUSTRALIAN,Ford,Everest Platinum Full Option Australian,2023.0,17749.0,0.0,Petrol,Automatic,Sedan,5813433.0,38950.0,,,USD,Dubai,https://www.beforward.jp/ford/everest/ce128868/id/16010342/,https://image-cdn.beforward.jp/medium/202607/16010342/CE128868_20497348.jpg?w=200,1,2026-07-22 12:48:11.230783
BE FORWARD,CE128790,2022 FORD RANGER 2.0 FORD WILDTRAK DOUBLE CAB,Ford,Ranger 2.0 Ford Wildtrak Double Cab,2022.0,40000.0,996.0,Petrol,Automatic,Pickup,3679104.0,24650.0,,,USD,Thailand,https://www.beforward.jp/ford/ranger/ce128790/id/16010262/,https://image-cdn.beforward.jp/medium/202607/16010262/CE128790_203dfbe4.jpg?w=200,1,2026-07-22 12:48:11.230783
BE FORWARD,CE128772,2019 FORD RAPTOR 2.0 FORD RAPTOR DOUBLE CAB,Ford,Raptor 2.0 Ford Raptor Double Cab,2019.0,80000.0,996.0,Petrol,Automatic,Sedan,3437313.0,23030.0,,,USD,Thailand,https://www.beforward.jp/ford/raptor/ce128772/id/16010244/,https://image-cdn.beforward.jp/medium/202607/16010244/CE128772_203dfd75.jpg?w=200,1,2026-07-22 12:48:11.230783
BE FORWARD,CD540407,2022 FORD RANGER,Ford,Ranger,2022.0,19000.0,996.0,Petrol,Manual,Pickup,2107463.0,14120.0,,,USD,Thailand,https://www.beforward.jp/ford/ranger/cd540407/id/15496239/,https://image-cdn.beforward.jp/medium/202606/15496239/CD540407_1f4bfbd1.jpg?w=200,1,2026-07-22 12:48:11.230783
BE FORWARD,CD540415,2018 FORD RANGER,Ford,Ranger,2018.0,150800.0,198.0,Petrol,Manual,Pickup,1605970.0,10760.0,,,USD,Thailand,https://www.beforward.jp/ford/ranger/cd540415/id/15496247/,https://image-cdn.beforward.jp/medium/202606/15496247/CD540415_1f4c7885.jpg?w=200,1,2026-07-22 12:48:11.230783
BE FORWARD,CD402033,2020 FORD RAPTOR 2.0 RAPTOP DOUBLE CAB 4WD,Ford,Raptor 2.0 Raptop Double Cab 4Wd,2020.0,152926.0,996.0,Diesel,Automatic,Sedan,3749254.0,25120.0,28053.0,Mombasa,USD,Thailand,https://www.beforward.jp/ford/raptor/cd402033/id/15356771/,https://image-cdn.beforward.jp/medium/202605/15356771/CD402033_1f1058e4.jpg?w=200,1,2026-07-22 12:48:11.230783
BE FORWARD,CE011227,2023 FORD RANGER,Ford,Ranger,2023.0,58458.0,996.0,Diesel,Automatic,Pickup,2807463.0,18810.0,21596.0,Mombasa,USD,Thailand,https://www.beforward.jp/ford/ranger/ce011227/id/15891804/,https://image-cdn.beforward.jp/medium/202607/15891804/CE011227_2007e055.jpg?w=200,1,2026-07-22 12:48:11.230783
BE FORWARD,CE062121,2018 FORD RANGER,Ford,Ranger,2018.0,43889.0,198.0,Diesel,Manual,Pickup,1752239.0,11740.0,14642.0,Mombasa,USD,Thailand,https://www.beforward.jp/ford/ranger/ce062121/id/15942428/,https://image-cdn.beforward.jp/medium/202607/15942428/CE062121_201a09bc.jpeg?w=200,1,2026-07-22 12:48:11.230783
BE FORWARD,CE128562,2021 FORD RANGER 2.0 RAPTOR DOUBLE CAB,Ford,Ranger 2.0 Raptor Double Cab,2021.0,62500.0,996.0,Diesel,Automatic,Pickup,3717910.0,24910.0,27855.0,Mombasa,USD,Thailand,https://www.beforward.jp/ford/ranger/ce128562/id/16010032/,https://image-cdn.beforward.jp/medium/202607/16010032/CE128562_204927b1.jpg?w=200,1,2026-07-22 12:48:11.230783
BE FORWARD,CE128503,2019 FORD RANGER 2.0 FORD WILDTRAK DOUBLE CAB,Ford,Ranger 2.0 Ford Wildtrak Double Cab,2019.0,80000.0,996.0,Diesel,Automatic,Pickup,2689552.0,18020.0,20588.0,Mombasa,USD,Thailand,https://www.beforward.jp/ford/ranger/ce128503/id/16009973/,https://image-cdn.beforward.jp/medium/202607/16009973/CE128503_203e5fe3.jpg?w=200,1,2026-07-22 12:48:11.230783
BE FORWARD,CE128495,2020 FORD RANGER 2.0 FORD WILDTRAK DOUBLE CAB,Ford,Ranger 2.0 Ford Wildtrak Double Cab,2020.0,60000.0,996.0,Diesel,Automatic,Pickup,2941791.0,19710.0,22278.0,Mombasa,USD,Thailand,https://www.beforward.jp/ford/ranger/ce128495/id/16009965/,https://image-cdn.beforward.jp/medium/202607/16009965/CE128495_203e70b1.jpg?w=200,1,2026-07-22 12:48:11.230783
BE FORWARD,CE128471,2019 FORD RANGER 2.2 FORD XLT DOUBLE CAB,Ford,Ranger 2.2 Ford Xlt Double Cab,2019.0,51000.0,198.0,Diesel,Manual,Pickup,2522388.0,16900.0,19468.0,Mombasa,USD,Thailand,https://www.beforward.jp/ford/ranger/ce128471/id/16009941/,https://image-cdn.beforward.jp/medium/202607/16009941/CE128471_20425c84.jpg?w=200,1,2026-07-22 12:48:11.230783
BE FORWARD,CE128423,2019 FORD RANGER 2.0 WILDTRAK RANGER DOUBLE CAB,Ford,Ranger 2.0 Wildtrak Ranger Double Cab,2019.0,132500.0,996.0,Diesel,Automatic,Pickup,2643284.0,17710.0,20496.0,Mombasa,USD,Thailand,https://www.beforward.jp/ford/ranger/ce128423/id/16009893/,https://image-cdn.beforward.jp/medium/202607/16009893/CE128423_20491b57.jpg?w=200,1,2026-07-22 12:48:11.230783
BE FORWARD,CE128393,2023 FORD RANGER 2.0 WILDTRAK DOUBLE CAB,Ford,Ranger 2.0 Wildtrak Double Cab,2023.0,96000.0,996.0,Diesel,Automatic,Pickup,4383582.0,29370.0,32403.0,Mombasa,USD,Thailand,https://www.beforward.jp/ford/ranger/ce128393/id/16009863/,https://image-cdn.beforward.jp/medium/202607/16009863/CE128393_20339c86.jpg?w=200,1,2026-07-22 12:48:11.230783
BE FORWARD,CE128358,2020 FORD RANGER 2.2 FORD XLT DOUBLE CAB,Ford,Ranger 2.2 Ford Xlt Double Cab,2020.0,145000.0,198.0,Diesel,Automatic,Pickup,1907463.0,12780.0,15348.0,Mombasa,USD,Thailand,https://www.beforward.jp/ford/ranger/ce128358/id/16009827/,https://image-cdn.beforward.jp/medium/202607/16009827/CE128358_204320d3.jpg?w=200,1,2026-07-22 12:48:11.230783
BE FORWARD,CE128209,2019 FORD RANGER 2.2 XL+ SMART CAB,Ford,Ranger 2.2 Xl+ Smart Cab,2019.0,92000.0,198.0,Diesel,Manual,Pickup,2168657.0,14530.0,17098.0,Mombasa,USD,Thailand,https://www.beforward.jp/ford/ranger/ce128209/id/16009678/,https://image-cdn.beforward.jp/medium/202607/16009678/CE128209_2048f77a.jpg?w=200,1,2026-07-22 12:48:11.230783
BE FORWARD,CE128207,2022 FORD RANGER 2.2 FORD XLT DOUBLE CAB,Ford,Ranger 2.2 Ford Xlt Double Cab,2022.0,79000.0,198.0,Diesel,Automatic,Pickup,3179104.0,21300.0,23868.0,Mombasa,USD,Thailand,https://www.beforward.jp/ford/ranger/ce128207/id/16009676/,https://image-cdn.beforward.jp/medium/202607/16009676/CE128207_204351e1.jpg?w=200,1,2026-07-22 12:48:11.230783
BE FORWARD,CD645644,2019 FORD RANGER 2.0 RANGE DOUBLE CAB,Ford,Ranger 2.0 Range Double Cab,2019.0,72500.0,996.0,Diesel,Automatic,Pickup,2768657.0,18550.0,21118.0,Mombasa,USD,Thailand,https://www.beforward.jp/ford/ranger/cd645644/id/15602420/,https://image-cdn.beforward.jp/medium/202606/15602420/CD645644_1f8207f2.jpg?w=200,1,2026-07-22 12:48:11.230783
BE FORWARD,CE127637,2022 FORD RANGER,Ford,Ranger,2022.0,47525.0,198.0,Diesel,Automatic,Pickup,3007463.0,20150.0,22787.0,Mombasa,USD,Thailand,https://www.beforward.jp/ford/ranger/ce127637/id/16009067/,https://image-cdn.beforward.jp/medium/202607/16009067/CE127637_203963d6.jpg?w=200,1,2026-07-22 12:48:11.230783
BE FORWARD,CE122371,2020 FORD RANGER 2.2 XLT DOUBLE CAB,Ford,Ranger 2.2 Xlt Double Cab,2020.0,157000.0,198.0,Diesel,Automatic,Pickup,3197015.0,21420.0,23988.0,Mombasa,USD,Thailand,https://www.beforward.jp/ford/ranger/ce122371/id/16003763/,https://image-cdn.beforward.jp/medium/202607/16003763/CE122371_2043a171.jpg?w=200,1,2026-07-22 12:48:11.230783
BE FORWARD,CE122368,2018 FORD EVEREST 2.2 EVEREST,Ford,Everest 2.2 Everest,2018.0,326900.0,198.0,Diesel,Automatic,Van,2816418.0,18870.0,21338.0,Mombasa,USD,Thailand,https://www.beforward.jp/ford/everest/ce122368/id/16003760/,https://image-cdn.beforward.jp/medium/202607/16003760/CE122368_2043d6e3.jpg?w=200,1,2026-07-22 12:48:11.230783
BE FORWARD,CE122352,2019 FORD EVEREST 2.0 EVEREST,Ford,Everest 2.0 Everest,2019.0,157000.0,996.0,Diesel,Automatic,Van,3149254.0,21100.0,23568.0,Mombasa,USD,Thailand,https://www.beforward.jp/ford/everest/ce122352/id/16003744/,https://image-cdn.beforward.jp/medium/202607/16003744/CE122352_2043e6ff.jpg?w=200,1,2026-07-22 12:48:11.230783
BE FORWARD,CE122334,2019 FORD EVEREST 2.0 EVEREST,Ford,Everest 2.0 Everest,2019.0,200000.0,996.0,Diesel,Automatic,Van,2895522.0,19400.0,21868.0,Mombasa,USD,Thailand,https://www.beforward.jp/ford/everest/ce122334/id/16003725/,https://image-cdn.beforward.jp/medium/202607/16003725/CE122334_2043f5b1.jpg?w=200,1,2026-07-22 12:48:11.230783
BE FORWARD,CE122322,2020 FORD EVEREST 2.0 EVEREST,Ford,Everest 2.0 Everest,2020.0,118600.0,996.0,Petrol,Automatic,Sedan,3559701.0,23850.0,,,USD,Thailand,https://www.beforward.jp/ford/everest/ce122322/id/16003713/,https://image-cdn.beforward.jp/medium/202607/16003713/CE122322_20441852.jpg?w=200,1,2026-07-22 12:48:11.230783
BE FORWARD,CE122046,2018 FORD EVEREST 2.0 EVEREST,Ford,Everest 2.0 Everest,2018.0,50000.0,996.0,Petrol,Automatic,Sedan,3465672.0,23220.0,,,USD,Thailand,https://www.beforward.jp/ford/everest/ce122046/id/16003434/,https://image-cdn.beforward.jp/medium/202607/16003434/CE122046_2043dc02.jpg?w=200,1,2026-07-22 12:48:11.230783
BE FORWARD,CE122033,2020 FORD EVEREST 2.0 EVEREST,Ford,Everest 2.0 Everest,2020.0,48000.0,996.0,Petrol,Automatic,Sedan,2832836.0,18980.0,,,USD,Thailand,https://www.beforward.jp/ford/everest/ce122033/id/16003421/,https://image-cdn.beforward.jp/medium/202607/16003421/CE122033_2043dc38.jpg?w=200,1,2026-07-22 12:48:11.230783
BE FORWARD,CE121735,2021 FORD RAPTOR 2.0 RAPTOR DOUBLE CAB,Ford,Raptor 2.0 Raptor Double Cab,2021.0,21420.0,996.0,Diesel,Automatic,Sedan,5601493.0,37530.0,40475.0,Mombasa,USD,Thailand,https://www.beforward.jp/ford/raptor/ce121735/id/16003122/,https://image-cdn.beforward.jp/medium/202607/16003122/CE121735_20440b0a.jpg?w=200,1,2026-07-22 12:48:11.230783
BE FORWARD,CE121719,2018 FORD RANGER 2.2 WILDTRAK DOUBLE CAB,Ford,Ranger 2.2 Wildtrak Double Cab,2018.0,58000.0,198.0,Diesel,Automatic,Pickup,2880597.0,19300.0,21868.0,Mombasa,USD,Thailand,https://www.beforward.jp/ford/ranger/ce121719/id/16003106/,https://image-cdn.beforward.jp/medium/202607/16003106/CE121719_20440c9e.jpg?w=200,1,2026-07-22 12:48:11.230783
BE FORWARD,CD578531,2018 FORD RANGER 2.2 WILDTRAK DOUBLE CAB,Ford,Ranger 2.2 Wildtrak Double Cab,2018.0,58700.0,198.0,Diesel,Automatic,Pickup,3401493.0,22790.0,25358.0,Mombasa,USD,Thailand,https://www.beforward.jp/ford/ranger/cd578531/id/15533966/,https://image-cdn.beforward.jp/medium/202606/15533966/CD578531_1f63a97f.jpg?w=200,1,2026-07-22 12:48:11.230783
BE FORWARD,CE121219,2023 FORD EVEREST 2.0 EVEREST,Ford,Everest 2.0 Everest,2023.0,48000.0,996.0,Diesel,Automatic,Van,5505970.0,36890.0,39362.0,Mombasa,USD,Thailand,https://www.beforward.jp/ford/everest/ce121219/id/16002600/,https://image-cdn.beforward.jp/medium/202607/16002600/CE121219_2043c175.jpg?w=200,1,2026-07-22 12:48:11.230783
BE FORWARD,CE121203,2020 FORD RANGER 2.0 WILDTRAK DOUBLE CAB,Ford,Ranger 2.0 Wildtrak Double Cab,2020.0,49000.0,996.0,Diesel,Automatic,Pickup,2420896.0,16220.0,18788.0,Mombasa,USD,Thailand,https://www.beforward.jp/ford/ranger/ce121203/id/16002584/,https://image-cdn.beforward.jp/medium/202607/16002584/CE121203_2043cb0d.jpg?w=200,1,2026-07-22 12:48:11.230783
BE FORWARD,CE121171,2023 FORD RANGER 2.0 WILDTRAK DOUBLE CAB,Ford,Ranger 2.0 Wildtrak Double Cab,2023.0,46000.0,996.0,Diesel,Automatic,Pickup,3797015.0,25440.0,28008.0,Mombasa,USD,Thailand,https://www.beforward.jp/ford/ranger/ce121171/id/16002551/,https://image-cdn.beforward.jp/medium/202607/16002551/CE121171_2043a810.jpg?w=200,1,2026-07-22 12:48:11.230783
BE FORWARD,CE121069,2021 FORD EVEREST 2.0 EVEREST,Ford,Everest 2.0 Everest,2021.0,24000.0,996.0,Diesel,Automatic,Van,4588060.0,30740.0,33212.0,Mombasa,USD,Thailand,https://www.beforward.jp/ford/everest/ce121069/id/16002440/,https://image-cdn.beforward.jp/medium/202607/16002440/CE121069_20430617.jpg?w=200,1,2026-07-22 12:48:11.230783
BE FORWARD,CE121067,2022 FORD EVEREST 2.0 EVEREST,Ford,Everest 2.0 Everest,2022.0,76000.0,996.0,Diesel,Automatic,Van,6867164.0,46010.0,48482.0,Mombasa,USD,Thailand,https://www.beforward.jp/ford/everest/ce121067/id/16002438/,https://image-cdn.beforward.jp/medium/202607/16002438/CE121067_20431403.jpg?w=200,1,2026-07-22 12:48:11.230783
BE FORWARD,CE121057,2018 FORD RANGER 2.2 FORD XL SMART CAB,Ford,Ranger 2.2 Ford Xl Smart Cab,2018.0,120000.0,198.0,Diesel,Manual,Pickup,1328358.0,8900.0,11468.0,Mombasa,USD,Thailand,https://www.beforward.jp/ford/ranger/ce121057/id/16002428/,https://image-cdn.beforward.jp/medium/202607/16002428/CE121057_203dcf3c.jpg?w=200,1,2026-07-22 12:48:11.230783
BE FORWARD,CE121045,2019 FORD RANGER 2.2 FORD XLT SMART CAB,Ford,Ranger 2.2 Ford Xlt Smart Cab,2019.0,80000.0,198.0,Diesel,Manual,Pickup,1511940.0,10130.0,12698.0,Mombasa,USD,Thailand,https://www.beforward.jp/ford/ranger/ce121045/id/16002415/,https://image-cdn.beforward.jp/medium/202607/16002415/CE121045_203dcd19.jpg?w=200,1,2026-07-22 12:48:11.230783
BE FORWARD,CE121004,2018 FORD RANGER 2.2 FORD WILDTRAK DOUBLE CAB,Ford,Ranger 2.2 Ford Wildtrak Double Cab,2018.0,140000.0,198.0,Diesel,Automatic,Pickup,2197015.0,14720.0,17288.0,Mombasa,USD,Thailand,https://www.beforward.jp/ford/ranger/ce121004/id/16002374/,https://image-cdn.beforward.jp/medium/202607/16002374/CE121004_203dc7fc.jpg?w=200,1,2026-07-22 12:48:11.230783
BE FORWARD,CE120108,2023 FORD RANGER 2.0 WILDTRAK DOUBLE CAB,Ford,Ranger 2.0 Wildtrak Double Cab,2023.0,76808.0,996.0,Diesel,Automatic,Pickup,4359701.0,29210.0,31778.0,Mombasa,USD,Thailand,https://www.beforward.jp/ford/ranger/ce120108/id/16001460/,https://image-cdn.beforward.jp/medium/202607/16001460/CE120108_2043583b.jpg?w=200,1,2026-07-22 12:48:11.230783
BE FORWARD,CE120103,2023 FORD RANGER 2.0 WILDTRAK DOUBLE CAB,Ford,Ranger 2.0 Wildtrak Double Cab,2023.0,77000.0,996.0,Diesel,Automatic,Pickup,3995522.0,26770.0,29338.0,Mombasa,USD,Thailand,https://www.beforward.jp/ford/ranger/ce120103/id/16001455/,https://image-cdn.beforward.jp/medium/202607/16001455/CE120103_20435317.jpg?w=200,1,2026-07-22 12:48:11.230783
BE FORWARD,CE120072,2020 FORD RANGER 2.2 FORD XLT DOUBLE CAB,Ford,Ranger 2.2 Ford Xlt Double Cab,2020.0,50000.0,198.0,Diesel,Manual,Pickup,2146269.0,14380.0,16948.0,Mombasa,USD,Thailand,https://www.beforward.jp/ford/ranger/ce120072/id/16001424/,https://image-cdn.beforward.jp/medium/202607/16001424/CE120072_203a5f0c.jpg?w=200,1,2026-07-22 12:48:11.230783
BE FORWARD,CE120023,2019 FORD RANGER 2.2 FORD XLT DOUBLE CAB,Ford,Ranger 2.2 Ford Xlt Double Cab,2019.0,110000.0,198.0,Diesel,Automatic,Pickup,2443284.0,16370.0,18938.0,Mombasa,USD,Thailand,https://www.beforward.jp/ford/ranger/ce120023/id/16001375/,https://image-cdn.beforward.jp/medium/202607/16001375/CE120023_203f2318.jpg?w=200,1,2026-07-22 12:48:11.230783
BE FORWARD,CE120017,2019 FORD RANGER 2.2 FORD XL SMART CAB,Ford,Ranger 2.2 Ford Xl Smart Cab,2019.0,57000.0,198.0,Diesel,Manual,Pickup,1855224.0,12430.0,14998.0,Mombasa,USD,Thailand,https://www.beforward.jp/ford/ranger/ce120017/id/16001368/,https://image-cdn.beforward.jp/medium/202607/16001368/CE120017_203f2be3.jpg?w=200,1,2026-07-22 12:48:11.230783
BE FORWARD,CE120016,2018 FORD RANGER 2.2 FORD XL SMART CAB,Ford,Ranger 2.2 Ford Xl Smart Cab,2018.0,92200.0,198.0,Diesel,Manual,Pickup,1367164.0,9160.0,11728.0,Mombasa,USD,Thailand,https://www.beforward.jp/ford/ranger/ce120016/id/16001367/,https://image-cdn.beforward.jp/medium/202607/16001367/CE120016_203f2ce4.jpg?w=200,1,2026-07-22 12:48:11.230783
BE FORWARD,CE119965,2022 FORD RANGER 2.0 FORD XL SMART CAB,Ford,Ranger 2.0 Ford Xl Smart Cab,2022.0,73000.0,996.0,Diesel,Manual,Pickup,2492537.0,16700.0,19645.0,Mombasa,USD,Thailand,https://www.beforward.jp/ford/ranger/ce119965/id/16001315/,https://image-cdn.beforward.jp/medium/202607/16001315/CE119965_20432e98.jpg?w=200,1,2026-07-22 12:48:11.230783
BE FORWARD,CE119964,2021 FORD RANGER 2.2 FORD XLT DOUBLE CAB,Ford,Ranger 2.2 Ford Xlt Double Cab,2021.0,88100.0,198.0,Diesel,Automatic,Pickup,2334328.0,15640.0,18208.0,Mombasa,USD,Thailand,https://www.beforward.jp/ford/ranger/ce119964/id/16001314/,https://image-cdn.beforward.jp/medium/202607/16001314/CE119964_204269fa.jpg?w=200,1,2026-07-22 12:48:11.230783
BE FORWARD,CE119963,2022 FORD RANGER 2.2 FORD XL SMART CAB,Ford,Ranger 2.2 Ford Xl Smart Cab,2022.0,55000.0,198.0,Diesel,Manual,Pickup,1977612.0,13250.0,15818.0,Mombasa,USD,Thailand,https://www.beforward.jp/ford/ranger/ce119963/id/16001313/,https://image-cdn.beforward.jp/medium/202607/16001313/CE119963_20425dd8.jpg?w=200,1,2026-07-22 12:48:11.230783
BE FORWARD,CE119958,2023 FORD RANGER 2.0 FORD SPORT DOUBLE CAB,Ford,Ranger 2.0 Ford Sport Double Cab,2023.0,22000.0,996.0,Diesel,Manual,Pickup,3758209.0,25180.0,28125.0,Mombasa,USD,Thailand,https://www.beforward.jp/ford/ranger/ce119958/id/16001308/,https://image-cdn.beforward.jp/medium/202607/16001308/CE119958_2042577e.jpg?w=200,1,2026-07-22 12:48:11.230783
BE FORWARD,CE119940,2019 FORD RANGER 2.0 FORD LIMITED DOUBLE CAB,Ford,Ranger 2.0 Ford Limited Double Cab,2019.0,66100.0,996.0,Petrol,Automatic,Pickup,2595522.0,17390.0,,,USD,Thailand,https://www.beforward.jp/ford/ranger/ce119940/id/16001290/,https://image-cdn.beforward.jp/medium/202607/16001290/CE119940_20424969.jpg?w=200,1,2026-07-22 12:48:11.230783
BE FORWARD,CE119938,2019 FORD RANGER 2.0 FORD WILDTRAK DOUBLE CAB,Ford,Ranger 2.0 Ford Wildtrak Double Cab,2019.0,90000.0,996.0,Petrol,Automatic,Pickup,2641791.0,17700.0,,,USD,Thailand,https://www.beforward.jp/ford/ranger/ce119938/id/16001288/,https://image-cdn.beforward.jp/medium/202607/16001288/CE119938_20424297.jpg?w=200,1,2026-07-22 12:48:11.230783
BE FORWARD,CE119937,2020 FORD RANGER 2.2 FORD XL SMART CAB,Ford,Ranger 2.2 Ford Xl Smart Cab,2020.0,130000.0,198.0,Petrol,Manual,Pickup,1701493.0,11400.0,,,USD,Thailand,https://www.beforward.jp/ford/ranger/ce119937/id/16001287/,https://image-cdn.beforward.jp/medium/202607/16001287/CE119937_20423934.jpg?w=200,1,2026-07-22 12:48:11.230783
BE FORWARD,CE119936,2018 FORD RANGER 2.0 FORD WILDTRAK DOUBLE CAB,Ford,Ranger 2.0 Ford Wildtrak Double Cab,2018.0,95000.0,996.0,Petrol,Automatic,Pickup,2223881.0,14900.0,,,USD,Thailand,https://www.beforward.jp/ford/ranger/ce119936/id/16001286/,https://image-cdn.beforward.jp/medium/202607/16001286/CE119936_2041e54a.jpeg?w=200,1,2026-07-22 12:48:11.230783
BE FORWARD,CE119933,2019 FORD RANGER 2.2 FORD XLT SMART CAB,Ford,Ranger 2.2 Ford Xlt Smart Cab,2019.0,110000.0,198.0,Petrol,Automatic,Pickup,1947761.0,13050.0,,,USD,Thailand,https://www.beforward.jp/ford/ranger/ce119933/id/16001283/,https://image-cdn.beforward.jp/medium/202607/16001283/CE119933_2042bf17.jpg?w=200,1,2026-07-22 12:48:11.230783
BE FORWARD,CE119920,2022 FORD RANGER 2.0 FORD XL SMART CAB,Ford,Ranger 2.0 Ford Xl Smart Cab,2022.0,25000.0,996.0,Petrol,Manual,Pickup,2641791.0,17700.0,,,USD,Thailand,https://www.beforward.jp/ford/ranger/ce119920/id/16001278/,https://image-cdn.beforward.jp/medium/202607/16001278/CE119920_2042cfd8.jpg?w=200,1,2026-07-22 12:48:11.230783
BE FORWARD,CE119919,2021 FORD RANGER 2.2 FORD XLT DOUBLE CAB,Ford,Ranger 2.2 Ford Xlt Double Cab,2021.0,93000.0,198.0,Diesel,Automatic,Pickup,2394030.0,16040.0,18608.0,Mombasa,USD,Thailand,https://www.beforward.jp/ford/ranger/ce119919/id/16001277/,https://image-cdn.beforward.jp/medium/202607/16001277/CE119919_2042d4c0.jpg?w=200,1,2026-07-22 12:48:11.230783
BE FORWARD,CE119904,2023 FORD RANGER 2.0 FORD XLT SMART CAB,Ford,Ranger 2.0 Ford Xlt Smart Cab,2023.0,20000.0,996.0,Diesel,Manual,Pickup,2488060.0,16670.0,19615.0,Mombasa,USD,Thailand,https://www.beforward.jp/ford/ranger/ce119904/id/16001262/,https://image-cdn.beforward.jp/medium/202607/16001262/CE119904_2042e21b.jpg?w=200,1,2026-07-22 12:48:11.230783
BE FORWARD,CE119900,2019 FORD RANGER 2.2 FORD XLT DOUBLE CAB,Ford,Ranger 2.2 Ford Xlt Double Cab,2019.0,90000.0,198.0,Diesel,Automatic,Pickup,2485075.0,16650.0,19218.0,Mombasa,USD,Thailand,https://www.beforward.jp/ford/ranger/ce119900/id/16001258/,https://image-cdn.beforward.jp/medium/202607/16001258/CE119900_2042eb4a.jpg?w=200,1,2026-07-22 12:48:11.230783
BE FORWARD,CE119889,2018 FORD RANGER 2.2 FORD XLT SMART CAB,Ford,Ranger 2.2 Ford Xlt Smart Cab,2018.0,140000.0,198.0,Diesel,Manual,Pickup,1507463.0,10100.0,12668.0,Mombasa,USD,Thailand,https://www.beforward.jp/ford/ranger/ce119889/id/16001246/,https://image-cdn.beforward.jp/medium/202607/16001246/CE119889_2043186b.jpg?w=200,1,2026-07-22 12:48:11.230783
BE FORWARD,CE119888,2023 FORD RANGER 2.0 FORD XLT DOUBLE CAB,Ford,Ranger 2.0 Ford Xlt Double Cab,2023.0,55000.0,996.0,Diesel,Manual,Pickup,3129851.0,20970.0,23915.0,Mombasa,USD,Thailand,https://www.beforward.jp/ford/ranger/ce119888/id/16001245/,https://image-cdn.beforward.jp/medium/202607/16001245/CE119888_20431bd0.jpg?w=200,1,2026-07-22 12:48:11.230783
BE FORWARD,CE119858,2019 FORD RANGER 2.2 XLT DOUBLE CAB,Ford,Ranger 2.2 Xlt Double Cab,2019.0,43000.0,198.0,Diesel,Automatic,Pickup,2310448.0,15480.0,18048.0,Mombasa,USD,Thailand,https://www.beforward.jp/ford/ranger/ce119858/id/16001211/,https://image-cdn.beforward.jp/medium/202607/16001211/CE119858_20431503.jpg?w=200,1,2026-07-22 12:48:11.230783
BE FORWARD,CE119818,2021 FORD RANGER 2.2 HI RIDER SMART CAB,Ford,Ranger 2.2 Hi Rider Smart Cab,2021.0,69000.0,198.0,Diesel,Manual,Pickup,2010448.0,13470.0,16038.0,Mombasa,USD,Thailand,https://www.beforward.jp/ford/ranger/ce119818/id/16001187/,https://image-cdn.beforward.jp/medium/202607/16001187/CE119818_2042e075.jpg?w=200,1,2026-07-22 12:48:11.230783
BE FORWARD,CE119813,2024 FORD RANGER 2.0 XL+ SMART CAB,Ford,Ranger 2.0 Xl+ Smart Cab,2024.0,24000.0,996.0,Diesel,Manual,Pickup,2358209.0,15800.0,18324.0,Mombasa,USD,Thailand,https://www.beforward.jp/ford/ranger/ce119813/id/16001182/,https://image-cdn.beforward.jp/medium/202607/16001182/CE119813_204310fe.jpg?w=200,1,2026-07-22 12:48:11.230783
BE FORWARD,CE119811,2019 FORD RANGER 2.2 FORD XLT DOUBLE CAB,Ford,Ranger 2.2 Ford Xlt Double Cab,2019.0,73800.0,198.0,Diesel,Automatic,Pickup,1955224.0,13100.0,15668.0,Mombasa,USD,Thailand,https://www.beforward.jp/ford/ranger/ce119811/id/16001179/,https://image-cdn.beforward.jp/medium/202607/16001179/CE119811_203de278.jpg?w=200,1,2026-07-22 12:48:11.230783
BE FORWARD,CE119792,2020 FORD RANGER 2.0 FORD WILDTRAK DOUBLE CAB,Ford,Ranger 2.0 Ford Wildtrak Double Cab,2020.0,90000.0,996.0,Diesel,Automatic,Pickup,3085075.0,20670.0,23238.0,Mombasa,USD,Thailand,https://www.beforward.jp/ford/ranger/ce119792/id/16001159/,https://image-cdn.beforward.jp/medium/202607/16001159/CE119792_203de5ea.jpg?w=200,1,2026-07-22 12:48:11.230783
BE FORWARD,CE119791,2023 FORD RANGER 2.0 FORD WILDTRAK DOUBLE CAB,Ford,Ranger 2.0 Ford Wildtrak Double Cab,2023.0,15000.0,996.0,Diesel,Automatic,Pickup,4470149.0,29950.0,32895.0,Mombasa,USD,Thailand,https://www.beforward.jp/ford/ranger/ce119791/id/16001158/,https://image-cdn.beforward.jp/medium/202607/16001158/CE119791_203dee87.jpg?w=200,1,2026-07-22 12:48:11.230783
BE FORWARD,CE119788,2022 FORD RAPTOR 3.0 FORD RAPTOR DOUBLE CAB,Ford,Raptor 3.0 Ford Raptor Double Cab,2022.0,66000.0,956.0,Petrol,Automatic,Sedan,5414925.0,36280.0,39225.0,Mombasa,USD,Thailand,https://www.beforward.jp/ford/raptor/ce119788/id/16001155/,https://image-cdn.beforward.jp/medium/202607/16001155/CE119788_203df178.jpg?w=200,1,2026-07-22 12:48:11.230783
BE FORWARD,CE119734,2020 FORD RANGER 2.2 FORD XLT DOUBLE CAB,Ford,Ranger 2.2 Ford Xlt Double Cab,2020.0,50000.0,198.0,Diesel,Automatic,Pickup,3338806.0,22370.0,24938.0,Mombasa,USD,Thailand,https://www.beforward.jp/ford/ranger/ce119734/id/16001100/,https://image-cdn.beforward.jp/medium/202607/16001100/CE119734_2041113c.jpg?w=200,1,2026-07-22 12:48:11.230783
BE FORWARD,CE119709,2023 FORD RANGER 2.0 DOUBLE CAB WILDTARK,Ford,Ranger 2.0 Double Cab Wildtark,2023.0,35556.0,996.0,Diesel,Automatic,Pickup,3876119.0,25970.0,28494.0,Mombasa,USD,Thailand,https://www.beforward.jp/ford/ranger/ce119709/id/16001071/,https://image-cdn.beforward.jp/medium/202607/16001071/CE119709_2042ef80.jpg?w=200,1,2026-07-22 12:48:11.230783
BE FORWARD,CE145000,2025 LAND ROVER DEFENDER,Land,Rover Defender,2025.0,4000.0,0.0,Petrol,Automatic,Sedan,11150746.0,74710.0,,,USD,Kyushu,https://www.beforward.jp/land-rover/defender/ce145000/id/16026308/,https://image-cdn.beforward.jp/medium/202607/16026308/CE145000_204f7bde.jpg?w=200,1,2026-07-22 12:48:11.230783
BE FORWARD,CD908470,2019 LAND ROVER RANGE ROVER EVOQUE P200,Land,Rover Range Rover Evoque P200,2019.0,139765.0,990.0,Petrol,Automatic,Sedan,1785075.0,11960.0,14204.0,Mombasa,USD,Kyushu,https://www.beforward.jp/land-rover/range-rover-evoque/cd908470/id/15893390/,https://image-cdn.beforward.jp/medium/202607/15893390/CD908470_8a5a6b.jpg?w=200,1,2026-07-22 12:48:11.230783
BE FORWARD,CD890663,2019 LAND ROVER DISCOVERY SPORT LANDMARK PLUS,Land,Rover Discovery Sport Landmark Plus,2019.0,94214.0,990.0,Diesel,Automatic,Sedan,1477612.0,9900.0,12318.0,Mombasa,USD,Yokohama,https://www.beforward.jp/land-rover/discovery-sport/cd890663/id/15855151/,https://image-cdn.beforward.jp/medium/202607/15855151/CD890663_400e22.JPG?w=200,1,2026-07-22 12:48:11.230783
BE FORWARD,CD782080,2019 LAND ROVER DISCOVERY SPORT LANDMARK EDITION,Land,Rover Discovery Sport Landmark Edition,2019.0,40671.0,990.0,Diesel,Automatic,Sedan,1767164.0,11840.0,14258.0,Mombasa,USD,Yokohama,https://www.beforward.jp/land-rover/discovery-sport/cd782080/id/15753994/,https://image-cdn.beforward.jp/medium/202607/15753994/CD782080_dc360e.JPG?w=200,1,2026-07-22 12:48:11.230783
BE FORWARD,CD869835,2018 LAND ROVER RANGE ROVER EVOQUE FREESTYLE,Land,Rover Range Rover Evoque Freestyle,2018.0,118411.0,990.0,Diesel,Automatic,Sedan,1362687.0,9130.0,11327.0,Mombasa,USD,Yokohama,https://www.beforward.jp/land-rover/range-rover-evoque/cd869835/id/15839747/,https://image-cdn.beforward.jp/medium/202607/15839747/CD869835_24cc3d.jpg?w=200,1,2026-07-22 12:48:11.230783
BE FORWARD,CD869689,2020 LAND ROVER DISCOVERY SPORT,Land,Rover Discovery Sport,2020.0,179634.0,990.0,Diesel,Automatic,Sedan,1544776.0,10350.0,12665.0,Mombasa,USD,Nagoya,https://www.beforward.jp/land-rover/discovery-sport/cd869689/id/15838226/,https://image-cdn.beforward.jp/medium/202607/15838226/CD869689_24f335.jpg?w=200,1,2026-07-22 12:48:11.230783
BE FORWARD,CD459209,2019 LAND ROVER RANGE ROVER EVOQUE R DYNAMIC S,Land,Rover Range Rover Evoque R Dynamic S,2019.0,65877.0,990.0,Petrol,Automatic,Sedan,1901493.0,12740.0,14932.0,Mombasa,USD,Osaka,https://www.beforward.jp/land-rover/range-rover-evoque/cd459209/id/15423597/,https://image-cdn.beforward.jp/medium/202606/15423597/CD459209_bc4b03.JPG?w=200,1,2026-07-22 12:48:11.230783
BE FORWARD,CD004617,2019 LAND ROVER DISCOVERY SD180,Land,Rover Discovery Sd180,2019.0,51786.0,990.0,Diesel,Automatic,Van,1695522.0,11360.0,13708.0,Mombasa,USD,Nagoya,https://www.beforward.jp/land-rover/discovery/cd004617/id/14956172/,https://image-cdn.beforward.jp/medium/202606/14956172/CD004617_ca3c29.JPG?w=200,1,2026-07-22 12:48:11.230783
BE FORWARD,CC131253,2019 LAND ROVER DISCOVERY HSE,Land,Rover Discovery Hse,2019.0,17100.0,990.0,Petrol,Automatic,Sedan,3250746.0,21780.0,24713.0,Mombasa,USD,Osaka,https://www.beforward.jp/land-rover/discovery/cc131253/id/14148016/,https://image-cdn.beforward.jp/medium/202606/14148016/CC131253_f07e3a.jpg?w=200,1,2026-07-22 12:48:11.230783
BE FORWARD,CE143625,2020 LAND ROVER DEFENDER 110 AUTOMATIC DIESEL,Land,Rover Defender 110 Automatic Diesel,2020.0,49000.0,0.0,Petrol,Automatic,Sedan,8652239.0,57970.0,,,USD,United Kingdom,https://www.beforward.jp/land-rover/defender-110/ce143625/id/16025163/,https://image-cdn.beforward.jp/medium/202607/16025163/CE143625_204bc487.jpg?w=200,1,2026-07-22 12:48:11.230783
BE FORWARD,CE143626,2020 LAND ROVER DEFENDER 110 AUTOMATIC DIESEL,Land,Rover Defender 110 Automatic Diesel,2020.0,80000.0,0.0,Petrol,Automatic,Sedan,7231343.0,48450.0,,,USD,United Kingdom,https://www.beforward.jp/land-rover/defender-110/ce143626/id/16025164/,https://image-cdn.beforward.jp/medium/202607/16025164/CE143626_204bc50f.jpg?w=200,1,2026-07-22 12:48:11.230783
BE FORWARD,CE143627,2020 LAND ROVER DEFENDER 110 AUTOMATIC DIESEL,Land,Rover Defender 110 Automatic Diesel,2020.0,65253.0,0.0,Petrol,Automatic,Sedan,8149254.0,54600.0,,,USD,United Kingdom,https://www.beforward.jp/land-rover/defender-110/ce143627/id/16025165/,https://image-cdn.beforward.jp/medium/202607/16025165/CE143627_204bc5b2.jpg?w=200,1,2026-07-22 12:48:11.230783
BE FORWARD,CE143628,2020 LAND ROVER DEFENDER 110 AUTOMATIC DIESEL,Land,Rover Defender 110 Automatic Diesel,2020.0,48632.0,0.0,Petrol,Automatic,Sedan,7441791.0,49860.0,,,USD,United Kingdom,https://www.beforward.jp/land-rover/defender-110/ce143628/id/16025166/,https://image-cdn.beforward.jp/medium/202607/16025166/CE143628_204bc5fd.jpg?w=200,1,2026-07-22 12:48:11.230783
BE FORWARD,CE143629,2020 LAND ROVER DEFENDER 110 AUTOMATIC DIESEL,Land,Rover Defender 110 Automatic Diesel,2020.0,99000.0,0.0,Petrol,Automatic,Sedan,7240299.0,48510.0,,,USD,United Kingdom,https://www.beforward.jp/land-rover/defender-110/ce143629/id/16025167/,https://image-cdn.beforward.jp/medium/202607/16025167/CE143629_204bc659.jpg?w=200,1,2026-07-22 12:48:11.230783
BE FORWARD,CE143630,2020 LAND ROVER DEFENDER 110 AUTOMATIC DIESEL,Land,Rover Defender 110 Automatic Diesel,2020.0,94850.0,0.0,Diesel,Automatic,Sedan,6595522.0,44190.0,47102.0,Mombasa,USD,United Kingdom,https://www.beforward.jp/land-rover/defender-110/ce143630/id/16025168/,https://image-cdn.beforward.jp/medium/202607/16025168/CE143630_204bc886.jpg?w=200,1,2026-07-22 12:48:11.230783
BE FORWARD,CE143632,2021 LAND ROVER DEFENDER 110 AUTOMATIC DIESEL,Land,Rover Defender 110 Automatic Diesel,2021.0,82092.0,0.0,Diesel,Automatic,Sedan,7362687.0,49330.0,52242.0,Mombasa,USD,United Kingdom,https://www.beforward.jp/land-rover/defender-110/ce143632/id/16025170/,https://image-cdn.beforward.jp/medium/202607/16025170/CE143632_204bc8f8.jpg?w=200,1,2026-07-22 12:48:11.230783
BE FORWARD,CE143633,2021 LAND ROVER DEFENDER 110 AUTOMATIC DIESEL,Land,Rover Defender 110 Automatic Diesel,2021.0,39528.0,0.0,Diesel,Automatic,Sedan,8650746.0,57960.0,60872.0,Mombasa,USD,United Kingdom,https://www.beforward.jp/land-rover/defender-110/ce143633/id/16025171/,https://image-cdn.beforward.jp/medium/202607/16025171/CE143633_204bc973.jpg?w=200,1,2026-07-22 12:48:11.230783
BE FORWARD,CE143634,2021 LAND ROVER DEFENDER 110 AUTOMATIC DIESEL,Land,Rover Defender 110 Automatic Diesel,2021.0,155428.0,0.0,Diesel,Automatic,Sedan,7844776.0,52560.0,55472.0,Mombasa,USD,United Kingdom,https://www.beforward.jp/land-rover/defender-110/ce143634/id/16025172/,https://image-cdn.beforward.jp/medium/202607/16025172/CE143634_204bc9f4.jpg?w=200,1,2026-07-22 12:48:11.230783
BE FORWARD,CE143635,2021 LAND ROVER DEFENDER 110 AUTOMATIC DIESEL,Land,Rover Defender 110 Automatic Diesel,2021.0,88000.0,0.0,Diesel,Automatic,Sedan,8643284.0,57910.0,60822.0,Mombasa,USD,United Kingdom,https://www.beforward.jp/land-rover/defender-110/ce143635/id/16025173/,https://image-cdn.beforward.jp/medium/202607/16025173/CE143635_204bca56.jpg?w=200,1,2026-07-22 12:48:11.230783
BE FORWARD,CE143636,2021 LAND ROVER DEFENDER 110 AUTOMATIC DIESEL,Land,Rover Defender 110 Automatic Diesel,2021.0,93774.0,0.0,Diesel,Automatic,Van,7432836.0,49800.0,52712.0,Mombasa,USD,United Kingdom,https://www.beforward.jp/land-rover/defender-110/ce143636/id/16025174/,https://image-cdn.beforward.jp/medium/202607/16025174/CE143636_204bcb6d.jpg?w=200,1,2026-07-22 12:48:11.230783
BE FORWARD,CE143637,2023 LAND ROVER DEFENDER 110 AUTOMATIC DIESEL,Land,Rover Defender 110 Automatic Diesel,2023.0,84037.0,0.0,Diesel,Automatic,Sedan,8450746.0,56620.0,59532.0,Mombasa,USD,United Kingdom,https://www.beforward.jp/land-rover/defender-110/ce143637/id/16025175/,https://image-cdn.beforward.jp/medium/202607/16025175/CE143637_204bcc0e.jpg?w=200,1,2026-07-22 12:48:11.230783
BE FORWARD,CE143618,2018 LAND ROVER RANGE ROVER 3.0 TD V6 AUTOBIOGRAPHY,Land,Rover Range Rover 3.0 Td V6 Autobiography,2018.0,52300.0,0.0,Diesel,Automatic,Sedan,6837313.0,45810.0,48722.0,Mombasa,USD,United Kingdom,https://www.beforward.jp/land-rover/range-rover/ce143618/id/16025151/,https://image-cdn.beforward.jp/medium/202607/16025151/CE143618_204eefab.jpg?w=200,1,2026-07-22 12:48:11.230783
BE FORWARD,CE143619,2018 LAND ROVER RANGE ROVER 4.4 SD V8 VOGUE SE,Land,Rover Range Rover 4.4 Sd V8 Vogue Se,2018.0,55104.0,400.0,Diesel,Automatic,Sedan,6595522.0,44190.0,47102.0,Mombasa,USD,United Kingdom,https://www.beforward.jp/land-rover/range-rover/ce143619/id/16025152/,https://image-cdn.beforward.jp/medium/202607/16025152/CE143619_204ef17b.jpg?w=200,1,2026-07-22 12:48:11.230783
BE FORWARD,CE143620,2018 LAND ROVER RANGE ROVER 3.0 SD V6 AUTOBIOGRAPHY,Land,Rover Range Rover 3.0 Sd V6 Autobiography,2018.0,69267.0,0.0,Diesel,Automatic,Sedan,6494030.0,43510.0,46422.0,Mombasa,USD,United Kingdom,https://www.beforward.jp/land-rover/range-rover/ce143620/id/16025153/,https://image-cdn.beforward.jp/medium/202607/16025153/CE143620_204ef276.jpg?w=200,1,2026-07-22 12:48:11.230783
BE FORWARD,CE143621,2018 LAND ROVER RANGE ROVER 3.0 SD V6 AUTOBIOGRAPHY,Land,Rover Range Rover 3.0 Sd V6 Autobiography,2018.0,90421.0,0.0,Diesel,Automatic,Sedan,5788060.0,38780.0,41692.0,Mombasa,USD,United Kingdom,https://www.beforward.jp/land-rover/range-rover/ce143621/id/16025154/,https://image-cdn.beforward.jp/medium/202607/16025154/CE143621_204ef5a1.jpg?w=200,1,2026-07-22 12:48:11.230783
BE FORWARD,CC561710,2023 LAND ROVER DEFENDER,Land,Rover Defender,2023.0,5711.0,0.0,Diesel,Automatic,Van,7704478.0,51620.0,54618.0,Mombasa,USD,Osaka,https://www.beforward.jp/land-rover/defender/cc561710/id/14581287/,https://image-cdn.beforward.jp/medium/202607/14581287/CC561710_204ef309.jpg?w=200,1,2026-07-22 12:48:11.230783
BE FORWARD,CE143393,2023 LAND ROVER RANGE ROVER VELAR AUTOMATIC PETROL,Land,Rover Range Rover Velar Automatic Petrol,2023.0,12476.0,0.0,Petrol,Automatic,Sedan,7238806.0,48500.0,51412.0,Mombasa,USD,United Kingdom,https://www.beforward.jp/land-rover/range-rover-velar/ce143393/id/16024889/,https://image-cdn.beforward.jp/medium/202607/16024889/CE143393_204ebf78.jpg?w=200,1,2026-07-22 12:48:11.230783
BE FORWARD,CE143394,2023 LAND ROVER RANGE ROVER VELAR AUTOMATIC PETROL,Land,Rover Range Rover Velar Automatic Petrol,2023.0,15750.0,0.0,Petrol,Automatic,Sedan,8032836.0,53820.0,56732.0,Mombasa,USD,United Kingdom,https://www.beforward.jp/land-rover/range-rover-velar/ce143394/id/16024890/,https://image-cdn.beforward.jp/medium/202607/16024890/CE143394_204ec22f.jpg?w=200,1,2026-07-22 12:48:11.230783
BE FORWARD,CE143395,2021 LAND ROVER RANGE ROVER VELAR AUTOMATIC DIESEL,Land,Rover Range Rover Velar Automatic Diesel,2021.0,38049.0,0.0,Diesel,Automatic,Sedan,7038806.0,47160.0,50072.0,Mombasa,USD,United Kingdom,https://www.beforward.jp/land-rover/range-rover-velar/ce143395/id/16024891/,https://image-cdn.beforward.jp/medium/202607/16024891/CE143395_204ec8e5.jpg?w=200,1,2026-07-22 12:48:11.230783
BE FORWARD,CE143396,2021 LAND ROVER RANGE ROVER VELAR AUTOMATIC DIESEL,Land,Rover Range Rover Velar Automatic Diesel,2021.0,26945.0,0.0,Diesel,Automatic,Sedan,6308955.0,42270.0,45182.0,Mombasa,USD,United Kingdom,https://www.beforward.jp/land-rover/range-rover-velar/ce143396/id/16024892/,https://image-cdn.beforward.jp/medium/202607/16024892/CE143396_204ecb4e.jpg?w=200,1,2026-07-22 12:48:11.230783
BE FORWARD,CE143397,2022 LAND ROVER RANGE ROVER VELAR AUTOMATIC DIESEL,Land,Rover Range Rover Velar Automatic Diesel,2022.0,58900.0,0.0,Diesel,Automatic,Sedan,5586567.0,37430.0,40342.0,Mombasa,USD,United Kingdom,https://www.beforward.jp/land-rover/range-rover-velar/ce143397/id/16024893/,https://image-cdn.beforward.jp/medium/202607/16024893/CE143397_204ed240.jpg?w=200,1,2026-07-22 12:48:11.230783
BE FORWARD,CE143398,2022 LAND ROVER RANGE ROVER VELAR AUTOMATIC DIESEL,Land,Rover Range Rover Velar Automatic Diesel,2022.0,42434.0,0.0,Diesel,Automatic,Sedan,5586567.0,37430.0,40342.0,Mombasa,USD,United Kingdom,https://www.beforward.jp/land-rover/range-rover-velar/ce143398/id/16024894/,https://image-cdn.beforward.jp/medium/202607/16024894/CE143398_204ed519.jpg?w=200,1,2026-07-22 12:48:11.230783
BE FORWARD,CE143399,2022 LAND ROVER RANGE ROVER VELAR AUTOMATIC DIESEL,Land,Rover Range Rover Velar Automatic Diesel,2022.0,38689.0,0.0,Diesel,Automatic,Sedan,5974627.0,40030.0,42942.0,Mombasa,USD,United Kingdom,https://www.beforward.jp/land-rover/range-rover-velar/ce143399/id/16024895/,https://image-cdn.beforward.jp/medium/202607/16024895/CE143399_204edce1.jpg?w=200,1,2026-07-22 12:48:11.230783
BE FORWARD,CE143402,2022 LAND ROVER RANGE ROVER VELAR AUTOMATIC DIESEL,Land,Rover Range Rover Velar Automatic Diesel,2022.0,16673.0,0.0,Diesel,Automatic,Sedan,6220896.0,41680.0,44592.0,Mombasa,USD,United Kingdom,https://www.beforward.jp/land-rover/range-rover-velar/ce143402/id/16024898/,https://image-cdn.beforward.jp/medium/202607/16024898/CE143402_204ede19.jpg?w=200,1,2026-07-22 12:48:11.230783
BE FORWARD,CE143403,2022 LAND ROVER RANGE ROVER VELAR AUTOMATIC DIESEL,Land,Rover Range Rover Velar Automatic Diesel,2022.0,43457.0,0.0,Diesel,Automatic,Sedan,5671642.0,38000.0,40912.0,Mombasa,USD,United Kingdom,https://www.beforward.jp/land-rover/range-rover-velar/ce143403/id/16024899/,https://image-cdn.beforward.jp/medium/202607/16024899/CE143403_204edfed.jpg?w=200,1,2026-07-22 12:48:11.230783
BE FORWARD,CE143405,2022 LAND ROVER RANGE ROVER VELAR AUTOMATIC DIESEL,Land,Rover Range Rover Velar Automatic Diesel,2022.0,39784.0,0.0,Diesel,Automatic,Sedan,4974627.0,33330.0,36242.0,Mombasa,USD,United Kingdom,https://www.beforward.jp/land-rover/range-rover-velar/ce143405/id/16024901/,https://image-cdn.beforward.jp/medium/202607/16024901/CE143405_204ee121.jpg?w=200,1,2026-07-22 12:48:11.230783
BE FORWARD,CE143407,2022 LAND ROVER RANGE ROVER VELAR AUTOMATIC DIESEL,Land,Rover Range Rover Velar Automatic Diesel,2022.0,31000.0,0.0,Diesel,Automatic,Sedan,5685075.0,38090.0,41002.0,Mombasa,USD,United Kingdom,https://www.beforward.jp/land-rover/range-rover-velar/ce143407/id/16024903/,https://image-cdn.beforward.jp/medium/202607/16024903/CE143407_204ee474.jpg?w=200,1,2026-07-22 12:48:11.230783
BE FORWARD,CE143408,2022 LAND ROVER RANGE ROVER VELAR AUTOMATIC DIESEL,Land,Rover Range Rover Velar Automatic Diesel,2022.0,29960.0,0.0,Diesel,Automatic,Sedan,6325373.0,42380.0,45292.0,Mombasa,USD,United Kingdom,https://www.beforward.jp/land-rover/range-rover-velar/ce143408/id/16024905/,https://image-cdn.beforward.jp/medium/202607/16024905/CE143408_204ee616.jpg?w=200,1,2026-07-22 12:48:11.230783
BE FORWARD,CE143409,2022 LAND ROVER RANGE ROVER VELAR AUTOMATIC DIESEL,Land,Rover Range Rover Velar Automatic Diesel,2022.0,28311.0,0.0,Diesel,Automatic,Sedan,6192537.0,41490.0,44402.0,Mombasa,USD,United Kingdom,https://www.beforward.jp/land-rover/range-rover-velar/ce143409/id/16024906/,https://image-cdn.beforward.jp/medium/202607/16024906/CE143409_204ee720.jpg?w=200,1,2026-07-22 12:48:11.230783
BE FORWARD,CE143410,2023 LAND ROVER RANGE ROVER VELAR AUTOMATIC DIESEL,Land,Rover Range Rover Velar Automatic Diesel,2023.0,22863.0,0.0,Diesel,Automatic,Sedan,7040299.0,47170.0,50082.0,Mombasa,USD,United Kingdom,https://www.beforward.jp/land-rover/range-rover-velar/ce143410/id/16024907/,https://image-cdn.beforward.jp/medium/202607/16024907/CE143410_204eeaa5.jpg?w=200,1,2026-07-22 12:48:11.230783
BE FORWARD,CE139788,2025 LAND ROVER RANGE ROVER VELAR SED200,Land,Rover Range Rover Velar Sed200,2025.0,1320.0,997.0,Petrol,Automatic,Sedan,6789552.0,45490.0,,,USD,Yokohama,https://www.beforward.jp/land-rover/range-rover-velar/ce139788/id/16021242/,https://image-cdn.beforward.jp/medium/202607/16021242/CE139788_203fe0d5.jpg?w=200,1,2026-07-22 12:48:11.230783
BE FORWARD,CE140167,2021 LAND ROVER RANGE ROVER SPORT HST,Land,Rover Range Rover Sport Hst,2021.0,35380.0,993.0,Petrol,Automatic,Sedan,5682090.0,38070.0,,,USD,Nagoya,https://www.beforward.jp/land-rover/range-rover-sport/ce140167/id/16021623/,https://image-cdn.beforward.jp/medium/202607/16021623/CE140167_20401258.jpg?w=200,1,2026-07-22 12:48:11.230783
BE FORWARD,CE140346,2025 LAND ROVER DISCOVERY SPORT HSEP300E,Land,Rover Discovery Sport Hsep300E,2025.0,1600.0,498.0,Petrol,Automatic,Sedan,5777612.0,38710.0,,,USD,Yokohama,https://www.beforward.jp/land-rover/discovery-sport/ce140346/id/16021802/,https://image-cdn.beforward.jp/medium/202607/16021802/CE140346_20476887.jpg?w=200,1,2026-07-22 12:48:11.230783
BE FORWARD,CE140347,2018 LAND ROVER RANGE ROVER SPORT SE,Land,Rover Range Rover Sport Se,2018.0,73500.0,992.0,Petrol,Automatic,Sedan,2697015.0,18070.0,,,USD,Yokohama,https://www.beforward.jp/land-rover/range-rover-sport/ce140347/id/16021803/,https://image-cdn.beforward.jp/medium/202607/16021803/CE140347_204768a0.jpg?w=200,1,2026-07-22 12:48:11.230783
BE FORWARD,CD087320,2023 LAND ROVER RANGE ROVER VELAR,Land,Rover Range Rover Velar,2023.0,18000.0,990.0,Petrol,Automatic,Sedan,5614925.0,37620.0,,,USD,Osaka,https://www.beforward.jp/land-rover/range-rover-velar/cd087320/id/15039463/,https://image-cdn.beforward.jp/medium/202604/15039463/CD087320_1e7d9e92.jpg?w=200,1,2026-07-22 12:48:11.230783
BE FORWARD,CE143411,2023 LAND ROVER RANGE ROVER VELAR AUTOMATIC DIESEL,Land,Rover Range Rover Velar Automatic Diesel,2023.0,29021.0,0.0,Diesel,Automatic,Sedan,7038806.0,47160.0,50072.0,Mombasa,USD,United Kingdom,https://www.beforward.jp/land-rover/range-rover-velar/ce143411/id/16024908/,https://image-cdn.beforward.jp/medium/202607/16024908/CE143411_204eed56.jpg?w=200,1,2026-07-22 12:48:11.230783
BE FORWARD,CE143413,2023 LAND ROVER RANGE ROVER VELAR AUTOMATIC DIESEL,Land,Rover Range Rover Velar Automatic Diesel,2023.0,19000.0,0.0,Diesel,Automatic,Sedan,7432836.0,49800.0,52712.0,Mombasa,USD,United Kingdom,https://www.beforward.jp/land-rover/range-rover-velar/ce143413/id/16024910/,https://image-cdn.beforward.jp/medium/202607/16024910/CE143413_204eeee6.jpg?w=200,1,2026-07-22 12:48:11.230783
BE FORWARD,CC720922,2023 LAND ROVER RANGE ROVER EVOQUE,Land,Rover Range Rover Evoque,2023.0,20000.0,990.0,Petrol,Automatic,Sedan,3495522.0,23420.0,25577.0,Mombasa,USD,Osaka,https://www.beforward.jp/land-rover/range-rover-evoque/cc720922/id/14742233/,https://image-cdn.beforward.jp/medium/202604/14742233/CC720922_1df87fa4.jpg?w=200,1,2026-07-22 12:48:11.230783
BE FORWARD,CC340768,2023 LAND ROVER RANGE ROVER VELAR,Land,Rover Range Rover Velar,2023.0,18000.0,990.0,Diesel,Automatic,Sedan,5180597.0,34710.0,37094.0,Mombasa,USD,Osaka,https://www.beforward.jp/land-rover/range-rover-velar/cc340768/id/14359447/,https://image-cdn.beforward.jp/medium/202603/14359447/CC340768_1d50eff6.jpg?w=200,1,2026-07-22 12:48:11.230783
BE FORWARD,CB910511,2023 LAND ROVER RANGE ROVER VELAR,Land,Rover Range Rover Velar,2023.0,23000.0,990.0,Diesel,Automatic,Sedan,5180597.0,34710.0,37094.0,Mombasa,USD,Osaka,https://www.beforward.jp/land-rover/range-rover-velar/cb910511/id/13975357/,https://image-cdn.beforward.jp/medium/202603/13975357/CB910511_1d94554d.jpg?w=200,1,2026-07-22 12:48:11.230783
BE FORWARD,CE134648,2021 LAND ROVER DEFENDER,Land,Rover Defender,2021.0,19000.0,0.0,Diesel,Automatic,Sedan,6250746.0,41880.0,44596.0,Mombasa,USD,Nagoya,https://www.beforward.jp/land-rover/defender/ce134648/id/16016125/,https://image-cdn.beforward.jp/medium/202607/16016125/CE134648_204c7b15.jpg?w=200,1,2026-07-22 12:48:11.230783
BE FORWARD,CE134793,2022 LAND ROVER DEFENDER,Land,Rover Defender,2022.0,28000.0,0.0,Diesel,Automatic,Sedan,6519403.0,43680.0,46563.0,Mombasa,USD,Nagoya,https://www.beforward.jp/land-rover/defender/ce134793/id/16016270/,https://image-cdn.beforward.jp/medium/202607/16016270/CE134793_204c89e7.jpg?w=200,1,2026-07-22 12:48:11.230783
BE FORWARD,CE135353,2023 LAND ROVER DEFENDER,Land,Rover Defender,2023.0,43600.0,0.0,Diesel,Automatic,Van,6914925.0,46330.0,49264.0,Mombasa,USD,Kobe,https://www.beforward.jp/land-rover/defender/ce135353/id/16016719/,https://image-cdn.beforward.jp/medium/202607/16016719/CE135353_204d0898.jpg?w=200,1,2026-07-22 12:48:11.230783
BE FORWARD,CE133694,2018 LAND ROVER RANGE ROVER VELAR AUTOMATIC PETROL,Land,Rover Range Rover Velar Automatic Petrol,2018.0,40000.0,0.0,Petrol,Automatic,Sedan,5771642.0,38670.0,41582.0,Mombasa,USD,United Kingdom,https://www.beforward.jp/land-rover/range-rover-velar/ce133694/id/16015156/,https://image-cdn.beforward.jp/medium/202607/16015156/CE133694_204bc430.jpg?w=200,1,2026-07-22 12:48:11.230783
BE FORWARD,CE133695,2020 LAND ROVER RANGE ROVER VELAR AUTOMATIC DIESEL,Land,Rover Range Rover Velar Automatic Diesel,2020.0,54000.0,0.0,Petrol,Automatic,Sedan,5385075.0,36080.0,,,USD,United Kingdom,https://www.beforward.jp/land-rover/range-rover-velar/ce133695/id/16015157/,https://image-cdn.beforward.jp/medium/202607/16015157/CE133695_204bc4dc.jpg?w=200,1,2026-07-22 12:48:11.230783
BE FORWARD,CE133696,2020 LAND ROVER RANGE ROVER VELAR AUTOMATIC DIESEL,Land,Rover Range Rover Velar Automatic Diesel,2020.0,89450.0,0.0,Petrol,Automatic,Sedan,5082090.0,34050.0,,,USD,United Kingdom,https://www.beforward.jp/land-rover/range-rover-velar/ce133696/id/16015158/,https://image-cdn.beforward.jp/medium/202607/16015158/CE133696_204bc6b7.jpg?w=200,1,2026-07-22 12:48:11.230783
BE FORWARD,CE133697,2019 LAND ROVER RANGE ROVER VELAR AUTOMATIC DIESEL,Land,Rover Range Rover Velar Automatic Diesel,2019.0,61426.0,0.0,Petrol,Automatic,Sedan,4134328.0,27700.0,,,USD,United Kingdom,https://www.beforward.jp/land-rover/range-rover-velar/ce133697/id/16015159/,https://image-cdn.beforward.jp/medium/202607/16015159/CE133697_204bc85a.jpg?w=200,1,2026-07-22 12:48:11.230783
BE FORWARD,CE133698,2019 LAND ROVER RANGE ROVER VELAR AUTOMATIC DIESEL,Land,Rover Range Rover Velar Automatic Diesel,2019.0,46000.0,0.0,Petrol,Automatic,Sedan,3883582.0,26020.0,,,USD,United Kingdom,https://www.beforward.jp/land-rover/range-rover-velar/ce133698/id/16015160/,https://image-cdn.beforward.jp/medium/202607/16015160/CE133698_204bc911.jpg?w=200,1,2026-07-22 12:48:11.230783
BE FORWARD,CE133700,2019 LAND ROVER RANGE ROVER VELAR AUTOMATIC DIESEL,Land,Rover Range Rover Velar Automatic Diesel,2019.0,33818.0,0.0,Petrol,Automatic,Sedan,4528358.0,30340.0,,,USD,United Kingdom,https://www.beforward.jp/land-rover/range-rover-velar/ce133700/id/16015162/,https://image-cdn.beforward.jp/medium/202607/16015162/CE133700_204bc99d.jpg?w=200,1,2026-07-22 12:48:11.230783
BE FORWARD,CE133701,2019 LAND ROVER RANGE ROVER VELAR AUTOMATIC DIESEL,Land,Rover Range Rover Velar Automatic Diesel,2019.0,87483.0,0.0,Petrol,Automatic,Sedan,3207463.0,21490.0,,,USD,United Kingdom,https://www.beforward.jp/land-rover/range-rover-velar/ce133701/id/16015163/,https://image-cdn.beforward.jp/medium/202607/16015163/CE133701_204bca41.jpg?w=200,1,2026-07-22 12:48:11.230783
BE FORWARD,CE133702,2019 LAND ROVER RANGE ROVER VELAR AUTOMATIC DIESEL,Land,Rover Range Rover Velar Automatic Diesel,2019.0,86000.0,0.0,Diesel,Automatic,Sedan,4537313.0,30400.0,33312.0,Mombasa,USD,United Kingdom,https://www.beforward.jp/land-rover/range-rover-velar/ce133702/id/16015164/,https://image-cdn.beforward.jp/medium/202607/16015164/CE133702_204bcb34.jpg?w=200,1,2026-07-22 12:48:11.230783
BE FORWARD,CE133703,2018 LAND ROVER RANGE ROVER VELAR AUTOMATIC DIESEL,Land,Rover Range Rover Velar Automatic Diesel,2018.0,69602.0,0.0,Diesel,Automatic,Sedan,3729851.0,24990.0,27902.0,Mombasa,USD,United Kingdom,https://www.beforward.jp/land-rover/range-rover-velar/ce133703/id/16015165/,https://image-cdn.beforward.jp/medium/202607/16015165/CE133703_204bcb92.jpg?w=200,1,2026-07-22 12:48:11.230783
BE FORWARD,CE133704,2018 LAND ROVER RANGE ROVER VELAR AUTOMATIC DIESEL,Land,Rover Range Rover Velar Automatic Diesel,2018.0,67800.0,0.0,Diesel,Automatic,Sedan,3507463.0,23500.0,26412.0,Mombasa,USD,United Kingdom,https://www.beforward.jp/land-rover/range-rover-velar/ce133704/id/16015166/,https://image-cdn.beforward.jp/medium/202607/16015166/CE133704_204bcbf3.jpg?w=200,1,2026-07-22 12:48:11.230783
BE FORWARD,CE133705,2018 LAND ROVER RANGE ROVER VELAR AUTOMATIC DIESEL,Land,Rover Range Rover Velar Automatic Diesel,2018.0,57608.0,0.0,Diesel,Automatic,Sedan,4255224.0,28510.0,31422.0,Mombasa,USD,United Kingdom,https://www.beforward.jp/land-rover/range-rover-velar/ce133705/id/16015167/,https://image-cdn.beforward.jp/medium/202607/16015167/CE133705_204bcc5e.jpg?w=200,1,2026-07-22 12:48:11.230783
BE FORWARD,CE133706,2018 LAND ROVER RANGE ROVER VELAR AUTOMATIC DIESEL,Land,Rover Range Rover Velar Automatic Diesel,2018.0,76500.0,0.0,Diesel,Automatic,Sedan,5182090.0,34720.0,37632.0,Mombasa,USD,United Kingdom,https://www.beforward.jp/land-rover/range-rover-velar/ce133706/id/16015168/,https://image-cdn.beforward.jp/medium/202607/16015168/CE133706_204bccc6.jpg?w=200,1,2026-07-22 12:48:11.230783
BE FORWARD,CE133707,2018 LAND ROVER RANGE ROVER VELAR AUTOMATIC DIESEL,Land,Rover Range Rover Velar Automatic Diesel,2018.0,41400.0,0.0,Diesel,Automatic,Sedan,4307463.0,28860.0,31772.0,Mombasa,USD,United Kingdom,https://www.beforward.jp/land-rover/range-rover-velar/ce133707/id/16015169/,https://image-cdn.beforward.jp/medium/202607/16015169/CE133707_204bccf6.jpg?w=200,1,2026-07-22 12:48:11.230783
BE FORWARD,CE133596,2021 LAND ROVER RANGE ROVER VELAR AUTOMATIC DIESEL,Land,Rover Range Rover Velar Automatic Diesel,2021.0,64465.0,0.0,Diesel,Automatic,Sedan,4982090.0,33380.0,36292.0,Mombasa,USD,United Kingdom,https://www.beforward.jp/land-rover/range-rover-velar/ce133596/id/16015054/,https://image-cdn.beforward.jp/medium/202607/16015054/CE133596_204bb30f.jpg?w=200,1,2026-07-22 12:48:11.230783
BE FORWARD,CE133597,2021 LAND ROVER RANGE ROVER VELAR AUTOMATIC DIESEL,Land,Rover Range Rover Velar Automatic Diesel,2021.0,52399.0,0.0,Diesel,Automatic,Sedan,5779104.0,38720.0,41632.0,Mombasa,USD,United Kingdom,https://www.beforward.jp/land-rover/range-rover-velar/ce133597/id/16015056/,https://image-cdn.beforward.jp/medium/202607/16015056/CE133597_204bb3e1.jpg?w=200,1,2026-07-22 12:48:11.230783
BE FORWARD,CE133598,2022 LAND ROVER RANGE ROVER VELAR AUTOMATIC DIESEL,Land,Rover Range Rover Velar Automatic Diesel,2022.0,47303.0,0.0,Diesel,Automatic,Sedan,5788060.0,38780.0,41692.0,Mombasa,USD,United Kingdom,https://www.beforward.jp/land-rover/range-rover-velar/ce133598/id/16015057/,https://image-cdn.beforward.jp/medium/202607/16015057/CE133598_204bb51a.jpg?w=200,1,2026-07-22 12:48:11.230783
BE FORWARD,CE133599,2022 LAND ROVER RANGE ROVER VELAR AUTOMATIC DIESEL,Land,Rover Range Rover Velar Automatic Diesel,2022.0,19800.0,0.0,Diesel,Automatic,Sedan,6455224.0,43250.0,46162.0,Mombasa,USD,United Kingdom,https://www.beforward.jp/land-rover/range-rover-velar/ce133599/id/16015058/,https://image-cdn.beforward.jp/medium/202607/16015058/CE133599_204bb5b8.jpg?w=200,1,2026-07-22 12:48:11.230783
BE FORWARD,CE133600,2022 LAND ROVER RANGE ROVER VELAR AUTOMATIC DIESEL,Land,Rover Range Rover Velar Automatic Diesel,2022.0,28053.0,0.0,Diesel,Automatic,Sedan,5244776.0,35140.0,38052.0,Mombasa,USD,United Kingdom,https://www.beforward.jp/land-rover/range-rover-velar/ce133600/id/16015059/,https://image-cdn.beforward.jp/medium/202607/16015059/CE133600_204bb5e2.jpg?w=200,1,2026-07-22 12:48:11.230783
BE FORWARD,CE133601,2022 LAND ROVER RANGE ROVER VELAR AUTOMATIC DIESEL,Land,Rover Range Rover Velar Automatic Diesel,2022.0,16153.0,0.0,Diesel,Automatic,Sedan,7453731.0,49940.0,52852.0,Mombasa,USD,United Kingdom,https://www.beforward.jp/land-rover/range-rover-velar/ce133601/id/16015060/,https://image-cdn.beforward.jp/medium/202607/16015060/CE133601_204bb75d.jpg?w=200,1,2026-07-22 12:48:11.230783
BE FORWARD,CE133602,2022 LAND ROVER RANGE ROVER VELAR AUTOMATIC DIESEL,Land,Rover Range Rover Velar Automatic Diesel,2022.0,76076.0,0.0,Diesel,Automatic,Sedan,4537313.0,30400.0,33312.0,Mombasa,USD,United Kingdom,https://www.beforward.jp/land-rover/range-rover-velar/ce133602/id/16015061/,https://image-cdn.beforward.jp/medium/202607/16015061/CE133602_204bb82a.jpg?w=200,1,2026-07-22 12:48:11.230783
BE FORWARD,CE133603,2023 LAND ROVER RANGE ROVER VELAR AUTOMATIC DIESEL,Land,Rover Range Rover Velar Automatic Diesel,2023.0,13546.0,0.0,Diesel,Automatic,Sedan,7846269.0,52570.0,55482.0,Mombasa,USD,United Kingdom,https://www.beforward.jp/land-rover/range-rover-velar/ce133603/id/16015062/,https://image-cdn.beforward.jp/medium/202607/16015062/CE133603_204bb849.jpg?w=200,1,2026-07-22 12:48:11.230783
BE FORWARD,CE133604,2023 LAND ROVER RANGE ROVER VELAR AUTOMATIC DIESEL,Land,Rover Range Rover Velar Automatic Diesel,2023.0,5412.0,0.0,Diesel,Automatic,Sedan,8047761.0,53920.0,56832.0,Mombasa,USD,United Kingdom,https://www.beforward.jp/land-rover/range-rover-velar/ce133604/id/16015063/,https://image-cdn.beforward.jp/medium/202607/16015063/CE133604_204bbbff.jpg?w=200,1,2026-07-22 12:48:11.230783
BE FORWARD,CE133605,2023 LAND ROVER RANGE ROVER VELAR AUTOMATIC DIESEL,Land,Rover Range Rover Velar Automatic Diesel,2023.0,39070.0,0.0,Petrol,Automatic,Sedan,6697015.0,44870.0,,,USD,United Kingdom,https://www.beforward.jp/land-rover/range-rover-velar/ce133605/id/16015064/,https://image-cdn.beforward.jp/medium/202607/16015064/CE133605_204bbd40.jpg?w=200,1,2026-07-22 12:48:11.230783
BE FORWARD,CE133606,2023 LAND ROVER RANGE ROVER VELAR AUTOMATIC DIESEL,Land,Rover Range Rover Velar Automatic Diesel,2023.0,29053.0,0.0,Petrol,Automatic,Sedan,7553731.0,50610.0,,,USD,United Kingdom,https://www.beforward.jp/land-rover/range-rover-velar/ce133606/id/16015065/,https://image-cdn.beforward.jp/medium/202607/16015065/CE133606_204bbd95.jpg?w=200,1,2026-07-22 12:48:11.230783
BE FORWARD,CE133607,2023 LAND ROVER RANGE ROVER VELAR AUTOMATIC DIESEL,Land,Rover Range Rover Velar Automatic Diesel,2023.0,12000.0,0.0,Petrol,Automatic,Sedan,8649254.0,57950.0,,,USD,United Kingdom,https://www.beforward.jp/land-rover/range-rover-velar/ce133607/id/16015066/,https://image-cdn.beforward.jp/medium/202607/16015066/CE133607_204bbe5e.jpg?w=200,1,2026-07-22 12:48:11.230783
BE FORWARD,CE133176,2018 LAND ROVER RANGE ROVER 3.0 TD V6,Land,Rover Range Rover 3.0 Td V6,2018.0,71000.0,0.0,Diesel,Automatic,Sedan,5788060.0,38780.0,41692.0,Mombasa,USD,United Kingdom,https://www.beforward.jp/land-rover/range-rover/ce133176/id/16014622/,https://image-cdn.beforward.jp/medium/202607/16014622/CE133176_204b6be1.jpg?w=200,1,2026-07-22 12:48:11.230783
BE FORWARD,CE133177,2019 LAND ROVER RANGE ROVER 3.0 TD V6 SE,Land,Rover Range Rover 3.0 Td V6 Se,2019.0,56000.0,0.0,Diesel,Automatic,Sedan,6576119.0,44060.0,46972.0,Mombasa,USD,United Kingdom,https://www.beforward.jp/land-rover/range-rover/ce133177/id/16014623/,https://image-cdn.beforward.jp/medium/202607/16014623/CE133177_204b72ef.jpg?w=200,1,2026-07-22 12:48:11.230783
BE FORWARD,CE133178,2019 LAND ROVER RANGE ROVER 3.0 SD V6,Land,Rover Range Rover 3.0 Sd V6,2019.0,120000.0,0.0,Diesel,Automatic,Sedan,5586567.0,37430.0,40342.0,Mombasa,USD,United Kingdom,https://www.beforward.jp/land-rover/range-rover/ce133178/id/16014624/,https://image-cdn.beforward.jp/medium/202607/16014624/CE133178_204b79ca.jpg?w=200,1,2026-07-22 12:48:11.230783
BE FORWARD,CE133179,2019 LAND ROVER RANGE ROVER 3.0 SD V6 AUTOBIOGRAPHY,Land,Rover Range Rover 3.0 Sd V6 Autobiography,2019.0,45000.0,0.0,Diesel,Automatic,Sedan,8037313.0,53850.0,56762.0,Mombasa,USD,United Kingdom,https://www.beforward.jp/land-rover/range-rover/ce133179/id/16014625/,https://image-cdn.beforward.jp/medium/202607/16014625/CE133179_204b7c96.jpg?w=200,1,2026-07-22 12:48:11.230783
BE FORWARD,CE133180,2020 LAND ROVER RANGE ROVER 3.0 SD V6 AUTOBIOGRAPHY,Land,Rover Range Rover 3.0 Sd V6 Autobiography,2020.0,68305.0,0.0,Diesel,Automatic,Sedan,7643284.0,51210.0,54122.0,Mombasa,USD,United Kingdom,https://www.beforward.jp/land-rover/range-rover/ce133180/id/16014626/,https://image-cdn.beforward.jp/medium/202607/16014626/CE133180_204b826a.jpg?w=200,1,2026-07-22 12:48:11.230783
BE FORWARD,CE133181,2020 LAND ROVER RANGE ROVER 3.0 SD V6,Land,Rover Range Rover 3.0 Sd V6,2020.0,86691.0,0.0,Diesel,Automatic,Sedan,6394030.0,42840.0,45752.0,Mombasa,USD,United Kingdom,https://www.beforward.jp/land-rover/range-rover/ce133181/id/16014627/,https://image-cdn.beforward.jp/medium/202607/16014627/CE133181_204b8dc5.jpg?w=200,1,2026-07-22 12:48:11.230783
BE FORWARD,CD335561,2021 LAND ROVER DEFENDER,Land,Rover Defender,2021.0,15000.0,0.0,Petrol,Automatic,Sedan,5846269.0,39170.0,,,USD,Yokohama,https://www.beforward.jp/land-rover/defender/cd335561/id/15289285/,https://image-cdn.beforward.jp/medium/202607/15289285/CD335561_204a4dd1.jpg?w=200,1,2026-07-22 12:48:11.230783
BE FORWARD,CD288175,2021 LAND ROVER DEFENDER,Land,Rover Defender,2021.0,25000.0,0.0,Petrol,Automatic,Sedan,5807463.0,38910.0,,,USD,Yokohama,https://www.beforward.jp/land-rover/defender/cd288175/id/15241868/,https://image-cdn.beforward.jp/medium/202607/15241868/CD288175_204a4d95.jpg?w=200,1,2026-07-22 12:48:11.230783
BE FORWARD,CE104202,2021 LAND ROVER DEFENDER,Land,Rover Defender,2021.0,62000.0,0.0,Petrol,Automatic,Sedan,5325373.0,35680.0,,,USD,Yokohama,https://www.beforward.jp/land-rover/defender/ce104202/id/15984832/,https://image-cdn.beforward.jp/medium/202607/15984832/CE104202_204a4ce1.jpg?w=200,1,2026-07-22 12:48:11.230783
BE FORWARD,CE133182,2021 LAND ROVER RANGE ROVER 3.0 D300 MHEV WESTMINSTER,Land,Rover Range Rover 3.0 D300 Mhev Westminster,2021.0,42094.0,0.0,Petrol,Automatic,Sedan,8650746.0,57960.0,,,USD,United Kingdom,https://www.beforward.jp/land-rover/range-rover/ce133182/id/16014628/,https://image-cdn.beforward.jp/medium/202607/16014628/CE133182_204b903e.jpg?w=200,1,2026-07-22 12:48:11.230783
BE FORWARD,CE133183,2021 LAND ROVER RANGE ROVER 3.0 D300 MHEV WESTMINSTER,Land,Rover Range Rover 3.0 D300 Mhev Westminster,2021.0,57100.0,0.0,Petrol,Automatic,Sedan,7846269.0,52570.0,,,USD,United Kingdom,https://www.beforward.jp/land-rover/range-rover/ce133183/id/16014629/,https://image-cdn.beforward.jp/medium/202607/16014629/CE133183_204b94c1.jpg?w=200,1,2026-07-22 12:48:11.230783
BE FORWARD,CE132086,2018 LAND ROVER RANGE ROVER SPORT 3.0 SD V6 HSE,Land,Rover Range Rover Sport 3.0 Sd V6 Hse,2018.0,60000.0,0.0,Diesel,Automatic,Sedan,5879104.0,39390.0,42302.0,Mombasa,USD,United Kingdom,https://www.beforward.jp/land-rover/range-rover-sport/ce132086/id/16013524/,https://image-cdn.beforward.jp/medium/202607/16013524/CE132086_204a9ec6.jpg?w=200,1,2026-07-22 12:48:11.230783
BE FORWARD,CE132087,2018 LAND ROVER RANGE ROVER SPORT 3.0 SD V6 HSE,Land,Rover Range Rover Sport 3.0 Sd V6 Hse,2018.0,106000.0,0.0,Diesel,Automatic,Sedan,4125373.0,27640.0,30552.0,Mombasa,USD,United Kingdom,https://www.beforward.jp/land-rover/range-rover-sport/ce132087/id/16013525/,https://image-cdn.beforward.jp/medium/202607/16013525/CE132087_204a9fdc.jpg?w=200,1,2026-07-22 12:48:11.230783
BE FORWARD,CE132089,2018 LAND ROVER RANGE ROVER SPORT 3.0 SD V6 AUTOBIOGRAPHY,Land,Rover Range Rover Sport 3.0 Sd V6 Autobiography,2018.0,44000.0,0.0,Diesel,Automatic,Sedan,6394030.0,42840.0,45752.0,Mombasa,USD,United Kingdom,https://www.beforward.jp/land-rover/range-rover-sport/ce132089/id/16013527/,https://image-cdn.beforward.jp/medium/202607/16013527/CE132089_204aa119.jpg?w=200,1,2026-07-22 12:48:11.230783
BE FORWARD,CE132090,2018 LAND ROVER RANGE ROVER SPORT 3.0 SD V6 AUTOBIOGRAPHY 7 SEATS,Land,Rover Range Rover Sport 3.0 Sd V6 Autobiography 7 Seats,2018.0,69953.0,0.0,Diesel,Automatic,Van,5788060.0,38780.0,41692.0,Mombasa,USD,United Kingdom,https://www.beforward.jp/land-rover/range-rover-sport/ce132090/id/16013528/,https://image-cdn.beforward.jp/medium/202607/16013528/CE132090_204aa347.jpg?w=200,1,2026-07-22 12:48:11.230783
BE FORWARD,CE132092,2018 LAND ROVER RANGE ROVER SPORT 3.0 SD V6 HSE,Land,Rover Range Rover Sport 3.0 Sd V6 Hse,2018.0,65883.0,0.0,Diesel,Automatic,Sedan,5183582.0,34730.0,37642.0,Mombasa,USD,United Kingdom,https://www.beforward.jp/land-rover/range-rover-sport/ce132092/id/16013530/,https://image-cdn.beforward.jp/medium/202607/16013530/CE132092_204aa427.jpg?w=200,1,2026-07-22 12:48:11.230783
BE FORWARD,CE132094,2018 LAND ROVER RANGE ROVER SPORT 3.0 SD V6 AUTOBIOGRAPHY,Land,Rover Range Rover Sport 3.0 Sd V6 Autobiography,2018.0,82700.0,0.0,Diesel,Automatic,Sedan,5514925.0,36950.0,39862.0,Mombasa,USD,United Kingdom,https://www.beforward.jp/land-rover/range-rover-sport/ce132094/id/16013532/,https://image-cdn.beforward.jp/medium/202607/16013532/CE132094_204aa637.jpg?w=200,1,2026-07-22 12:48:11.230783
BE FORWARD,CE132096,2018 LAND ROVER RANGE ROVER SPORT 3.0 SD V6 AUTOBIOGRAPHY 7 SEATS,Land,Rover Range Rover Sport 3.0 Sd V6 Autobiography 7 Seats,2018.0,35000.0,0.0,Diesel,Automatic,Van,5989552.0,40130.0,43042.0,Mombasa,USD,United Kingdom,https://www.beforward.jp/land-rover/range-rover-sport/ce132096/id/16013534/,https://image-cdn.beforward.jp/medium/202607/16013534/CE132096_204aa99a.jpg?w=200,1,2026-07-22 12:48:11.230783
BE FORWARD,CE132098,2018 LAND ROVER RANGE ROVER SPORT 3.0 SD V6 AUTOBIOGRAPHY 7 SEATS,Land,Rover Range Rover Sport 3.0 Sd V6 Autobiography 7 Seats,2018.0,69000.0,0.0,Diesel,Automatic,Van,5989552.0,40130.0,43042.0,Mombasa,USD,United Kingdom,https://www.beforward.jp/land-rover/range-rover-sport/ce132098/id/16013536/,https://image-cdn.beforward.jp/medium/202607/16013536/CE132098_204aac88.jpg?w=200,1,2026-07-22 12:48:11.230783
BE FORWARD,CE132099,2018 LAND ROVER RANGE ROVER SPORT 3.0 SD V6 HSE,Land,Rover Range Rover Sport 3.0 Sd V6 Hse,2018.0,67889.0,0.0,Diesel,Automatic,Sedan,5585075.0,37420.0,40332.0,Mombasa,USD,United Kingdom,https://www.beforward.jp/land-rover/range-rover-sport/ce132099/id/16013537/,https://image-cdn.beforward.jp/medium/202607/16013537/CE132099_204aaf08.jpg?w=200,1,2026-07-22 12:48:11.230783
BE FORWARD,CE132101,2018 LAND ROVER RANGE ROVER SPORT 3.0 SD V6 HSE,Land,Rover Range Rover Sport 3.0 Sd V6 Hse,2018.0,52663.0,0.0,Diesel,Automatic,Sedan,5688060.0,38110.0,41022.0,Mombasa,USD,United Kingdom,https://www.beforward.jp/land-rover/range-rover-sport/ce132101/id/16013539/,https://image-cdn.beforward.jp/medium/202607/16013539/CE132101_204ab099.jpg?w=200,1,2026-07-22 12:48:11.230783
BE FORWARD,CE132102,2018 LAND ROVER RANGE ROVER SPORT 3.0 SD V6 AUTOBIOGRAPHY,Land,Rover Range Rover Sport 3.0 Sd V6 Autobiography,2018.0,84000.0,0.0,Diesel,Automatic,Sedan,5385075.0,36080.0,38992.0,Mombasa,USD,United Kingdom,https://www.beforward.jp/land-rover/range-rover-sport/ce132102/id/16013540/,https://image-cdn.beforward.jp/medium/202607/16013540/CE132102_204ab428.jpg?w=200,1,2026-07-22 12:48:11.230783
BE FORWARD,CE132104,2019 LAND ROVER RANGE ROVER SPORT 3.0 SD V6 AUTOBIOGRAPHY 7 SEATS,Land,Rover Range Rover Sport 3.0 Sd V6 Autobiography 7 Seats,2019.0,74000.0,0.0,Diesel,Automatic,Van,6191045.0,41480.0,44392.0,Mombasa,USD,United Kingdom,https://www.beforward.jp/land-rover/range-rover-sport/ce132104/id/16013542/,https://image-cdn.beforward.jp/medium/202607/16013542/CE132104_204ab700.jpg?w=200,1,2026-07-22 12:48:11.230783
BE FORWARD,CE132106,2019 LAND ROVER RANGE ROVER SPORT 3.0 SD V6 HSE,Land,Rover Range Rover Sport 3.0 Sd V6 Hse,2019.0,81979.0,0.0,Diesel,Automatic,Sedan,4982090.0,33380.0,36292.0,Mombasa,USD,United Kingdom,https://www.beforward.jp/land-rover/range-rover-sport/ce132106/id/16013544/,https://image-cdn.beforward.jp/medium/202607/16013544/CE132106_204ab882.jpg?w=200,1,2026-07-22 12:48:11.230783
BE FORWARD,CE132108,2019 LAND ROVER RANGE ROVER SPORT 3.0 SD V6 HSE,Land,Rover Range Rover Sport 3.0 Sd V6 Hse,2019.0,89000.0,0.0,Diesel,Automatic,Sedan,4779104.0,32020.0,34932.0,Mombasa,USD,United Kingdom,https://www.beforward.jp/land-rover/range-rover-sport/ce132108/id/16013546/,https://image-cdn.beforward.jp/medium/202607/16013546/CE132108_204abd1f.jpg?w=200,1,2026-07-22 12:48:11.230783
BE FORWARD,CE132110,2019 LAND ROVER RANGE ROVER SPORT 3.0 SD V6 HSE,Land,Rover Range Rover Sport 3.0 Sd V6 Hse,2019.0,59353.0,0.0,Diesel,Automatic,Sedan,5383582.0,36070.0,38982.0,Mombasa,USD,United Kingdom,https://www.beforward.jp/land-rover/range-rover-sport/ce132110/id/16013548/,https://image-cdn.beforward.jp/medium/202607/16013548/CE132110_204abf9f.jpg?w=200,1,2026-07-22 12:48:11.230783
BE FORWARD,CE132111,2019 LAND ROVER RANGE ROVER SPORT 3.0 SD V6 HSE,Land,Rover Range Rover Sport 3.0 Sd V6 Hse,2019.0,72178.0,0.0,Diesel,Automatic,Sedan,5234328.0,35070.0,37982.0,Mombasa,USD,United Kingdom,https://www.beforward.jp/land-rover/range-rover-sport/ce132111/id/16013549/,https://image-cdn.beforward.jp/medium/202607/16013549/CE132111_204ac49b.jpg?w=200,1,2026-07-22 12:48:11.230783
BE FORWARD,CE132113,2019 LAND ROVER RANGE ROVER SPORT 3.0 SD V6 HSE,Land,Rover Range Rover Sport 3.0 Sd V6 Hse,2019.0,65000.0,0.0,Diesel,Automatic,Sedan,5283582.0,35400.0,38312.0,Mombasa,USD,United Kingdom,https://www.beforward.jp/land-rover/range-rover-sport/ce132113/id/16013551/,https://image-cdn.beforward.jp/medium/202607/16013551/CE132113_204ac650.jpg?w=200,1,2026-07-22 12:48:11.230783
BE FORWARD,CE132115,2019 LAND ROVER RANGE ROVER SPORT 3.0 SD V6 HSE 7 SEATS,Land,Rover Range Rover Sport 3.0 Sd V6 Hse 7 Seats,2019.0,57949.0,0.0,Diesel,Automatic,Van,5826866.0,39040.0,41952.0,Mombasa,USD,United Kingdom,https://www.beforward.jp/land-rover/range-rover-sport/ce132115/id/16013553/,https://image-cdn.beforward.jp/medium/202607/16013553/CE132115_204ac9c1.jpg?w=200,1,2026-07-22 12:48:11.230783
BE FORWARD,CE143719,2024 VOLVO XC40,Volvo,Xc40,2024.0,4100.0,,Petrol,Cvt,Sedan,3419403.0,22910.0,,,USD,Nagoya,https://www.beforward.jp/volvo/xc40/ce143719/id/16025283/,https://image-cdn.beforward.jp/medium/202607/16025283/CE143719_204f30a5.jpg?w=200,1,2026-07-22 12:48:11.230783
BE FORWARD,CE145039,2019 VOLVO V40,Volvo,V40,2019.0,86925.0,0.0,Petrol,Automatic,Sedan,1047761.0,7020.0,,,USD,Yokohama,https://www.beforward.jp/volvo/v40/ce145039/id/16026349/,https://image-cdn.beforward.jp/medium/202607/16026349/CE145039_204f9096.jpg?w=200,1,2026-07-22 12:48:11.230783
BE FORWARD,CE144783,2019 VOLVO V60,Volvo,V60,2019.0,48408.0,0.0,Petrol,Automatic,Sedan,2426866.0,16260.0,,,USD,Yokohama,https://www.beforward.jp/volvo/v60/ce144783/id/16026089/,https://image-cdn.beforward.jp/medium/202607/16026089/CE144783_204f6f34.jpg?w=200,1,2026-07-22 12:48:11.230783
BE FORWARD,CE143720,2025 VOLVO V60,Volvo,V60,2025.0,1400.0,0.0,Petrol,Automatic,Sedan,4574627.0,30650.0,,,USD,Nagoya,https://www.beforward.jp/volvo/v60/ce143720/id/16025284/,https://image-cdn.beforward.jp/medium/202607/16025284/CE143720_204f30b9.jpg?w=200,1,2026-07-22 12:48:11.230783
BE FORWARD,CE076331,2019 VOLVO V90 D4 MOMENTUM,Volvo,V90 D4 Momentum,2019.0,165333.0,960.0,Diesel,Automatic,Sedan,1062687.0,7120.0,9260.0,Mombasa,USD,Nagoya,https://www.beforward.jp/volvo/v90/ce076331/id/15961306/,https://image-cdn.beforward.jp/medium/202607/15961306/CE076331_37784b.jpg?w=200,1,2026-07-22 12:48:11.230783
BE FORWARD,CD803677,2018 VOLVO XC60 D4 INSCRIPTION,Volvo,Xc60 D4 Inscription,2018.0,137754.0,960.0,Diesel,Automatic,Sedan,1594030.0,10680.0,13008.0,Mombasa,USD,Yokohama,https://www.beforward.jp/volvo/xc60/cd803677/id/15764337/,https://image-cdn.beforward.jp/medium/202607/15764337/CD803677_4999cd.JPG?w=200,1,2026-07-22 12:48:11.230783
BE FORWARD,CD740326,2019 VOLVO XC60 D4 INSCRIPTION,Volvo,Xc60 D4 Inscription,2019.0,175750.0,960.0,Diesel,Automatic,Sedan,1785075.0,11960.0,14333.0,Mombasa,USD,Kyushu,https://www.beforward.jp/volvo/xc60/cd740326/id/15714082/,https://image-cdn.beforward.jp/medium/202607/15714082/CD740326_bde9a2.JPG?w=200,1,2026-07-22 12:48:11.230783
BE FORWARD,CD556930,2019 VOLVO S60 D4 CLASSIC,Volvo,S60 D4 Classic,2019.0,69200.0,960.0,Diesel,Automatic,Sedan,1256716.0,8420.0,10452.0,Mombasa,USD,Nagoya,https://www.beforward.jp/volvo/s60/cd556930/id/15539350/,https://image-cdn.beforward.jp/medium/202606/15539350/CD556930_7807f0.jpg?w=200,1,2026-07-22 12:48:11.230783
BE FORWARD,CB390075,2019 VOLVO V40,Volvo,V40,2019.0,30000.0,490.0,Petrol,Automatic,Sedan,905970.0,6070.0,8020.0,Mombasa,USD,Kyushu,https://www.beforward.jp/volvo/v40/cb390075/id/13450391/,https://image-cdn.beforward.jp/medium/202605/13450391/CB390075_692997.JPG?w=200,1,2026-07-22 12:48:11.230783
BE FORWARD,CE140588,2019 VOLVO XC40 T4AWD,Volvo,Xc40 T4Awd,2019.0,33130.0,968.0,Petrol,Automatic,Sedan,2119403.0,14200.0,,,USD,Hokkaido,https://www.beforward.jp/volvo/xc40/ce140588/id/16022044/,https://image-cdn.beforward.jp/medium/202607/16022044/CE140588_204cb447.jpg?w=200,1,2026-07-22 12:48:11.230783
BE FORWARD,CE139718,2020 VOLVO XC40 T4AWDR,Volvo,Xc40 T4Awdr,2020.0,70611.0,968.0,Petrol,Automatic,Sedan,1829851.0,12260.0,,,USD,Toyama,https://www.beforward.jp/volvo/xc40/ce139718/id/16021172/,https://image-cdn.beforward.jp/medium/202607/16021172/CE139718_203fd82f.jpg?w=200,1,2026-07-22 12:48:11.230783
BE FORWARD,CE139847,2023 VOLVO XC60 B5,Volvo,Xc60 B5,2023.0,11367.0,968.0,Petrol,Automatic,Sedan,4368657.0,29270.0,,,USD,Osaka,https://www.beforward.jp/volvo/xc60/ce139847/id/16021301/,https://image-cdn.beforward.jp/medium/202607/16021301/CE139847_203fe95b.jpg?w=200,1,2026-07-22 12:48:11.230783
BE FORWARD,CE140201,2024 VOLVO XC90 T8AWD,Volvo,Xc90 T8Awd,2024.0,19688.0,968.0,Petrol,Automatic,Sedan,6067164.0,40650.0,,,USD,Yokohama,https://www.beforward.jp/volvo/xc90/ce140201/id/16021657/,https://image-cdn.beforward.jp/medium/202607/16021657/CE140201_20475607.jpg?w=200,1,2026-07-22 12:48:11.230783
BE FORWARD,CE140287,2018 VOLVO XC60 D4AWD,Volvo,Xc60 D4Awd,2018.0,78271.0,968.0,Petrol,Automatic,Sedan,2504478.0,16780.0,,,USD,Toyama,https://www.beforward.jp/volvo/xc60/ce140287/id/16021743/,https://image-cdn.beforward.jp/medium/202607/16021743/CE140287_204760ff.jpg?w=200,1,2026-07-22 12:48:11.230783
BE FORWARD,CE140429,2020 VOLVO XC40 T4AWDR,Volvo,Xc40 T4Awdr,2020.0,45600.0,968.0,Petrol,Automatic,Sedan,2108955.0,14130.0,,,USD,Yokohama,https://www.beforward.jp/volvo/xc40/ce140429/id/16021885/,https://image-cdn.beforward.jp/medium/202607/16021885/CE140429_204774e4.jpg?w=200,1,2026-07-22 12:48:11.230783
BE FORWARD,CE140581,2018 VOLVO V90 T6AWD,Volvo,V90 T6Awd,2018.0,64260.0,968.0,Petrol,Automatic,Sedan,2340299.0,15680.0,17872.0,Mombasa,USD,Yokohama,https://www.beforward.jp/volvo/v90/ce140581/id/16022037/,https://image-cdn.beforward.jp/medium/202607/16022037/CE140581_20373975.jpg?w=200,1,2026-07-22 12:48:11.230783
BE FORWARD,CE140586,2019 VOLVO V60 T5,Volvo,V60 T5,2019.0,10430.0,968.0,Petrol,Automatic,Sedan,2205970.0,14780.0,16835.0,Mombasa,USD,Yokohama,https://www.beforward.jp/volvo/v60/ce140586/id/16022042/,https://image-cdn.beforward.jp/medium/202607/16022042/CE140586_20379041.jpg?w=200,1,2026-07-22 12:48:11.230783
BE FORWARD,CE140587,2024 VOLVO V60 B4,Volvo,V60 B4,2024.0,28020.0,968.0,Petrol,Automatic,Sedan,3168657.0,21230.0,23292.0,Mombasa,USD,Yokohama,https://www.beforward.jp/volvo/v60/ce140587/id/16022043/,https://image-cdn.beforward.jp/medium/202607/16022043/CE140587_20436e14.jpg?w=200,1,2026-07-22 12:48:11.230783
BE FORWARD,CE140669,2021 VOLVO V60 B5R,Volvo,V60 B5R,2021.0,80300.0,968.0,Petrol,Automatic,Sedan,1974627.0,13230.0,15249.0,Mombasa,USD,Osaka,https://www.beforward.jp/volvo/v60/ce140669/id/16022125/,https://image-cdn.beforward.jp/medium/202607/16022125/CE140669_203c7bcb.jpg?w=200,1,2026-07-22 12:48:11.230783
BE FORWARD,CE139565,2021 VOLVO V60 B5,Volvo,V60 B5,2021.0,28000.0,968.0,Petrol,Automatic,Sedan,2552239.0,17100.0,19155.0,Mombasa,USD,Yokohama,https://www.beforward.jp/volvo/v60/ce139565/id/16021019/,https://image-cdn.beforward.jp/medium/202607/16021019/CE139565_203c8e8e.jpg?w=200,1,2026-07-22 12:48:11.230783
BE FORWARD,CE140457,2022 VOLVO XC60 B5AWD,Volvo,Xc60 B5Awd,2022.0,38528.0,968.0,Petrol,Automatic,Sedan,3467164.0,23230.0,25808.0,Mombasa,USD,Toyama,https://www.beforward.jp/volvo/xc60/ce140457/id/16021913/,https://image-cdn.beforward.jp/medium/202607/16021913/CE140457_20477951.jpg?w=200,1,2026-07-22 12:48:11.230783
BE FORWARD,CE139241,2022 VOLVO XC40 B4AWDR,Volvo,Xc40 B4Awdr,2022.0,69597.0,968.0,Petrol,Automatic,Sedan,2214925.0,14840.0,17024.0,Mombasa,USD,Nagoya,https://www.beforward.jp/volvo/xc40/ce139241/id/16020693/,https://image-cdn.beforward.jp/medium/202607/16020693/CE139241_204cf59e.jpg?w=200,1,2026-07-22 12:48:11.230783
BE FORWARD,CE136100,2020 VOLVO XC40 T4AWD4WD,Volvo,Xc40 T4Awd4Wd,2020.0,66100.0,0.0,Petrol,Automatic,Sedan,1983582.0,13290.0,15477.0,Mombasa,USD,Yokohama,https://www.beforward.jp/volvo/xc40/ce136100/id/16017466/,https://image-cdn.beforward.jp/medium/202607/16017466/CE136100_204d5511.jpg?w=200,1,2026-07-22 12:48:11.230783
BE FORWARD,CE136135,2018 VOLVO XC90 T5AWD4WD,Volvo,Xc90 T5Awd4Wd,2018.0,118669.0,0.0,Petrol,Automatic,Van,1810448.0,12130.0,14671.0,Mombasa,USD,Osaka,https://www.beforward.jp/volvo/xc90/ce136135/id/16017501/,https://image-cdn.beforward.jp/medium/202607/16017501/CE136135_204d5987.jpg?w=200,1,2026-07-22 12:48:11.230783
BE FORWARD,CE136185,2022 VOLVO XC40 PLUSPROB3,Volvo,Xc40 Plusprob3,2022.0,36374.0,0.0,Petrol,Automatic,Sedan,2579104.0,17280.0,19584.0,Mombasa,USD,Kobe,https://www.beforward.jp/volvo/xc40/ce136185/id/16017551/,https://image-cdn.beforward.jp/medium/202607/16017551/CE136185_204d60d8.jpg?w=200,1,2026-07-22 12:48:11.230783
BE FORWARD,CE135099,2021 VOLVO S60,Volvo,S60,2021.0,39050.0,0.0,Petrol,Automatic,Sedan,1667164.0,11170.0,13195.0,Mombasa,USD,Osaka,https://www.beforward.jp/volvo/s60/ce135099/id/16016476/,https://image-cdn.beforward.jp/medium/202607/16016476/CE135099_204c9d2f.jpg?w=200,1,2026-07-22 12:48:11.230783
BE FORWARD,CD873197,2021 VOLVO XC60 B5AWD,Volvo,Xc60 B5Awd,2021.0,48984.0,0.0,Petrol,Automatic,Sedan,3120896.0,20910.0,,,USD,Nagoya,https://www.beforward.jp/volvo/xc60/cd873197/id/15830877/,https://image-cdn.beforward.jp/medium/202607/15830877/CD873197_2022a753.jpg?w=200,1,2026-07-22 12:48:11.230783
BE FORWARD,CE131343,2025 VOLVO XC40 B4AWD,Volvo,Xc40 B4Awd,2025.0,612.0,0.0,Petrol,Automatic,Sedan,4170149.0,27940.0,,,USD,Nagoya,https://www.beforward.jp/volvo/xc40/ce131343/id/16012778/,https://image-cdn.beforward.jp/medium/202607/16012778/CE131343_204ae8f5.jpg?w=200,1,2026-07-22 12:48:11.230783
BE FORWARD,CE131345,2025 VOLVO XC60 B5AWD,Volvo,Xc60 B5Awd,2025.0,1171.0,0.0,Petrol,Automatic,Sedan,5556716.0,37230.0,,,USD,Nagoya,https://www.beforward.jp/volvo/xc60/ce131345/id/16012780/,https://image-cdn.beforward.jp/medium/202607/16012780/CE131345_204ae918.jpg?w=200,1,2026-07-22 12:48:11.230783
BE FORWARD,CE131347,2021 VOLVO XC60 B5AWD,Volvo,Xc60 B5Awd,2021.0,50466.0,0.0,Petrol,Automatic,Sedan,3004478.0,20130.0,,,USD,Nagoya,https://www.beforward.jp/volvo/xc60/ce131347/id/16012782/,https://image-cdn.beforward.jp/medium/202607/16012782/CE131347_204ae945.jpg?w=200,1,2026-07-22 12:48:11.230783
BE FORWARD,CE131349,2020 VOLVO XC60 D4AWD,Volvo,Xc60 D4Awd,2020.0,61041.0,0.0,Petrol,Automatic,Sedan,2831343.0,18970.0,,,USD,Nagoya,https://www.beforward.jp/volvo/xc60/ce131349/id/16012784/,https://image-cdn.beforward.jp/medium/202607/16012784/CE131349_204ae960.jpg?w=200,1,2026-07-22 12:48:11.230783
BE FORWARD,CE131460,2021 VOLVO XC40 B4AWD,Volvo,Xc40 B4Awd,2021.0,20333.0,0.0,Petrol,Automatic,Sedan,2425373.0,16250.0,,,USD,Yokohama,https://www.beforward.jp/volvo/xc40/ce131460/id/16012895/,https://image-cdn.beforward.jp/medium/202607/16012895/CE131460_204af635.jpg?w=200,1,2026-07-22 12:48:11.230783
BE FORWARD,CE131342,2025 VOLVO V60 T6AWDHV,Volvo,V60 T6Awdhv,2025.0,4989.0,0.0,Petrol,Automatic,Sedan,5132836.0,34390.0,36430.0,Mombasa,USD,Nagoya,https://www.beforward.jp/volvo/v60/ce131342/id/16012777/,https://image-cdn.beforward.jp/medium/202607/16012777/CE131342_204ae8e4.jpg?w=200,1,2026-07-22 12:48:11.230783
BE FORWARD,CE131778,2023 VOLVO XC40 B4AWD,Volvo,Xc40 B4Awd,2023.0,66775.0,0.0,Petrol,Automatic,Sedan,2822388.0,18910.0,21085.0,Mombasa,USD,Nagoya,https://www.beforward.jp/volvo/xc40/ce131778/id/16013214/,https://image-cdn.beforward.jp/medium/202607/16013214/CE131778_204b212c.jpg?w=200,1,2026-07-22 12:48:11.230783
BE FORWARD,CD898911,2023 VOLVO XC90,Volvo,Xc90,2023.0,12000.0,0.0,Petrol,Automatic,Van,5980597.0,40070.0,42679.0,Mombasa,USD,Yokohama,https://www.beforward.jp/volvo/xc90/cd898911/id/15857091/,https://image-cdn.beforward.jp/medium/202607/15857091/CD898911_204a4da9.jpg?w=200,1,2026-07-22 12:48:11.230783
BE FORWARD,CC794303,2020 VOLVO XC60,Volvo,Xc60,2020.0,12000.0,0.0,Petrol,Automatic,Sedan,4565672.0,30590.0,32946.0,Mombasa,USD,Yokohama,https://www.beforward.jp/volvo/xc60/cc794303/id/14816551/,https://image-cdn.beforward.jp/medium/202607/14816551/CC794303_204a4d81.jpg?w=200,1,2026-07-22 12:48:11.230783
BE FORWARD,CD571607,2023 VOLVO XC90,Volvo,Xc90,2023.0,28000.0,0.0,Petrol,Automatic,Van,5547761.0,37170.0,39779.0,Mombasa,USD,Yokohama,https://www.beforward.jp/volvo/xc90/cd571607/id/15527087/,https://image-cdn.beforward.jp/medium/202607/15527087/CD571607_204a4d59.jpg?w=200,1,2026-07-22 12:48:11.230783
BE FORWARD,CD757667,2021 VOLVO XC90,Volvo,Xc90,2021.0,42000.0,0.0,Petrol,Automatic,Van,3919403.0,26260.0,28869.0,Mombasa,USD,Yokohama,https://www.beforward.jp/volvo/xc90/cd757667/id/15715349/,https://image-cdn.beforward.jp/medium/202607/15715349/CD757667_204a4d31.jpg?w=200,1,2026-07-22 12:48:11.230783
BE FORWARD,CE130188,2018 VOLVO V60,Volvo,V60,2018.0,79518.0,0.0,Petrol,Automatic,Sedan,2079104.0,13930.0,15991.0,Mombasa,USD,Yokohama,https://www.beforward.jp/volvo/v60/ce130188/id/16011655/,https://image-cdn.beforward.jp/medium/202607/16011655/CE130188_2049c35d.jpg?w=200,1,2026-07-22 12:48:11.230783
BE FORWARD,CE130076,2020 VOLVO VOLVO OTHERS,Volvo,Volvo Others,2020.0,12266.0,0.0,Petrol,Automatic,Sedan,2595522.0,17390.0,19577.0,Mombasa,USD,Yokohama,https://www.beforward.jp/volvo/volvo-others/ce130076/id/16011533/,https://image-cdn.beforward.jp/medium/202607/16011533/CE130076_20367850.JPG?w=200,1,2026-07-22 12:48:11.230783
BE FORWARD,CE130022,2023 VOLVO VOLVO OTHERS,Volvo,Volvo Others,2023.0,14517.0,0.0,Petrol,Automatic,Sedan,3419403.0,22910.0,24930.0,Mombasa,USD,Kyushu,https://www.beforward.jp/volvo/volvo-others/ce130022/id/16011500/,https://image-cdn.beforward.jp/medium/202607/16011500/CE130022_203ae0e2.JPG?w=200,1,2026-07-22 12:48:11.230783
BE FORWARD,CE130017,2018 VOLVO VOLVO OTHERS,Volvo,Volvo Others,2018.0,53519.0,0.0,Petrol,Automatic,Sedan,1805970.0,12100.0,14251.0,Mombasa,USD,Osaka,https://www.beforward.jp/volvo/volvo-others/ce130017/id/16011495/,https://image-cdn.beforward.jp/medium/202607/16011495/CE130017_203b0455.JPG?w=200,1,2026-07-22 12:48:11.230783
BE FORWARD,CE129964,2021 VOLVO VOLVO OTHERS,Volvo,Volvo Others,2021.0,36577.0,0.0,Petrol,Automatic,Sedan,2311940.0,15490.0,17738.0,Mombasa,USD,Yokohama,https://www.beforward.jp/volvo/volvo-others/ce129964/id/16011442/,https://image-cdn.beforward.jp/medium/202607/16011442/CE129964_204605d2.JPG?w=200,1,2026-07-22 12:48:11.230783
BE FORWARD,CE129935,2018 VOLVO VOLVO OTHERS,Volvo,Volvo Others,2018.0,31817.0,0.0,Petrol,Automatic,Sedan,2311940.0,15490.0,17540.0,Mombasa,USD,Yokohama,https://www.beforward.jp/volvo/volvo-others/ce129935/id/16011413/,https://image-cdn.beforward.jp/medium/202607/16011413/CE129935_20466acc.JPG?w=200,1,2026-07-22 12:48:11.230783
BE FORWARD,CE129934,2019 VOLVO VOLVO OTHERS,Volvo,Volvo Others,2019.0,19710.0,0.0,Petrol,Automatic,Sedan,2379104.0,15940.0,17990.0,Mombasa,USD,Yokohama,https://www.beforward.jp/volvo/volvo-others/ce129934/id/16011412/,https://image-cdn.beforward.jp/medium/202607/16011412/CE129934_20466f4c.JPG?w=200,1,2026-07-22 12:48:11.230783
BE FORWARD,CE129930,2019 VOLVO VOLVO OTHERS,Volvo,Volvo Others,2019.0,39000.0,0.0,Petrol,Automatic,Sedan,2407463.0,16130.0,18307.0,Mombasa,USD,Nagoya,https://www.beforward.jp/volvo/volvo-others/ce129930/id/16011408/,https://image-cdn.beforward.jp/medium/202607/16011408/CE129930_20467fe6.JPG?w=200,1,2026-07-22 12:48:11.230783
BE FORWARD,CE129031,2022 VOLVO XC40 B4AWD,Volvo,Xc40 B4Awd,2022.0,45248.0,968.0,Petrol,Automatic,Sedan,1926866.0,12910.0,,,USD,Osaka,https://www.beforward.jp/volvo/xc40/ce129031/id/16010507/,https://image-cdn.beforward.jp/medium/202607/16010507/CE129031_20374c72.jpg?w=200,1,2026-07-22 12:48:11.230783
BE FORWARD,CE129576,2019 VOLVO XC40 T4,Volvo,Xc40 T4,2019.0,46433.0,968.0,Petrol,Automatic,Sedan,1589552.0,10650.0,,,USD,Osaka,https://www.beforward.jp/volvo/xc40/ce129576/id/16011052/,https://image-cdn.beforward.jp/medium/202607/16011052/CE129576_203c3d6d.jpg?w=200,1,2026-07-22 12:48:11.230783
BE FORWARD,CE129743,2019 VOLVO XC40 T4AWD,Volvo,Xc40 T4Awd,2019.0,37971.0,968.0,Petrol,Automatic,Sedan,2214925.0,14840.0,,,USD,Nagoya,https://www.beforward.jp/volvo/xc40/ce129743/id/16011219/,https://image-cdn.beforward.jp/medium/202607/16011219/CE129743_203c58ee.jpg?w=200,1,2026-07-22 12:48:11.230783
BE FORWARD,CE128466,2018 VOLVO V90,Volvo,V90,2018.0,43000.0,0.0,Petrol,Automatic,Sedan,3371642.0,22590.0,,,USD,Kobe,https://www.beforward.jp/volvo/v90/ce128466/id/16009936/,https://image-cdn.beforward.jp/medium/202607/16009936/CE128466_20492172.jpg?w=200,1,2026-07-22 12:48:11.230783
BE FORWARD,CE128386,2020 VOLVO XC60,Volvo,Xc60,2020.0,41000.0,0.0,Petrol,Automatic,Sedan,3062687.0,20520.0,,,USD,Yokohama,https://www.beforward.jp/volvo/xc60/ce128386/id/16009856/,https://image-cdn.beforward.jp/medium/202607/16009856/CE128386_2049170e.jpg?w=200,1,2026-07-22 12:48:11.230783
BE FORWARD,CE129477,2023 VOLVO V60 B5AWD,Volvo,V60 B5Awd,2023.0,9948.0,968.0,Petrol,Automatic,Sedan,3371642.0,22590.0,24732.0,Mombasa,USD,Osaka,https://www.beforward.jp/volvo/v60/ce129477/id/16010953/,https://image-cdn.beforward.jp/medium/202607/16010953/CE129477_20379079.jpg?w=200,1,2026-07-22 12:48:11.230783
BE FORWARD,CE129505,2023 VOLVO V60 B4,Volvo,V60 B4,2023.0,27900.0,968.0,Petrol,Automatic,Sedan,3179104.0,21300.0,23326.0,Mombasa,USD,Osaka,https://www.beforward.jp/volvo/v60/ce129505/id/16010981/,https://image-cdn.beforward.jp/medium/202607/16010981/CE129505_203c33ef.jpg?w=200,1,2026-07-22 12:48:11.230783
BE FORWARD,CE129525,2023 VOLVO V60 B4,Volvo,V60 B4,2023.0,27700.0,968.0,Petrol,Automatic,Sedan,3226866.0,21620.0,23646.0,Mombasa,USD,Osaka,https://www.beforward.jp/volvo/v60/ce129525/id/16011001/,https://image-cdn.beforward.jp/medium/202607/16011001/CE129525_203c36cc.jpg?w=200,1,2026-07-22 12:48:11.230783
BE FORWARD,CE128752,2018 VOLVO FH AUTOMATIC DIESEL,Volvo,Fh Automatic Diesel,2018.0,,,Diesel,Automatic,Sedan,6061194.0,40610.0,47569.0,Mombasa,USD,United Kingdom,https://www.beforward.jp/volvo/fh/ce128752/id/16010224/,https://image-cdn.beforward.jp/medium/202607/16010224/CE128752_204950bd.jpg?w=200,1,2026-07-22 12:48:11.230783
BE FORWARD,CD418817,2021 VOLVO V90 B6AWD,Volvo,V90 B6Awd,2021.0,68200.0,968.0,Petrol,Automatic,Sedan,2552239.0,17100.0,19259.0,Mombasa,USD,Osaka,https://www.beforward.jp/volvo/v90/cd418817/id/15373730/,https://image-cdn.beforward.jp/medium/202606/15373730/CD418817_1f14956c.jpg?w=200,1,2026-07-22 12:48:11.230783
BE FORWARD,CE128651,2018 VOLVO FH AUTOMATIC DIESEL,Volvo,Fh Automatic Diesel,2018.0,,,Diesel,Automatic,Sedan,5255224.0,35210.0,42169.0,Mombasa,USD,United Kingdom,https://www.beforward.jp/volvo/fh/ce128651/id/16010121/,https://image-cdn.beforward.jp/medium/202607/16010121/CE128651_20493d55.jpg?w=200,1,2026-07-22 12:48:11.230783
BE FORWARD,CE128654,2018 VOLVO FM AUTOMATIC DIESEL,Volvo,Fm Automatic Diesel,2018.0,,,Diesel,Automatic,Sedan,4246269.0,28450.0,42673.0,Mombasa,USD,United Kingdom,https://www.beforward.jp/volvo/fm-/ce128654/id/16010124/,https://image-cdn.beforward.jp/medium/202607/16010124/CE128654_204942aa.jpg?w=200,1,2026-07-22 12:48:11.230783
BE FORWARD,CE128574,2019 VOLVO V60,Volvo,V60,2019.0,7414.0,0.0,Petrol,Automatic,Sedan,2543284.0,17040.0,19101.0,Mombasa,USD,Yokohama,https://www.beforward.jp/volvo/v60/ce128574/id/16010044/,https://image-cdn.beforward.jp/medium/202607/16010044/CE128574_204938aa.jpg?w=200,1,2026-07-22 12:48:11.230783
BE FORWARD,CE128319,2020 VOLVO V60,Volvo,V60,2020.0,35000.0,0.0,Petrol,Automatic,Sedan,2898507.0,19420.0,21445.0,Mombasa,USD,Osaka,https://www.beforward.jp/volvo/v60/ce128319/id/16009788/,https://image-cdn.beforward.jp/medium/202607/16009788/CE128319_20490ebf.jpg?w=200,1,2026-07-22 12:48:11.230783
BE FORWARD,CE128173,2019 VOLVO V90,Volvo,V90,2019.0,80792.0,0.0,Petrol,Automatic,Sedan,2456716.0,16460.0,,,USD,Yokohama,https://www.beforward.jp/volvo/v90/ce128173/id/16009642/,https://image-cdn.beforward.jp/medium/202607/16009642/CE128173_2048eff5.jpg?w=200,1,2026-07-22 12:48:11.230783
BE FORWARD,CE127230,2020 VOLVO XC60 B5AWD4WD,Volvo,Xc60 B5Awd4Wd,2020.0,41000.0,0.0,Petrol,Automatic,Sedan,3140299.0,21040.0,,,USD,Yokohama,https://www.beforward.jp/volvo/xc60/ce127230/id/16008651/,https://image-cdn.beforward.jp/medium/202607/16008651/CE127230_2047f2eb.jpg?w=200,1,2026-07-22 12:48:11.230783
BE FORWARD,CE126025,2025 VOLVO XC40,Volvo,Xc40,2025.0,11000.0,0.0,Petrol,Automatic,Sedan,3380597.0,22650.0,,,USD,Kyushu,https://www.beforward.jp/volvo/xc40/ce126025/id/16007446/,https://image-cdn.beforward.jp/medium/202607/16007446/CE126025_20473720.jpg?w=200,1,2026-07-22 12:48:11.230783
BE FORWARD,CE123383,2023 VOLVO XC60,Volvo,Xc60,2023.0,85461.0,0.0,Petrol,Automatic,Sedan,3552239.0,23800.0,,,USD,Nagoya,https://www.beforward.jp/volvo/xc60/ce123383/id/16004790/,https://image-cdn.beforward.jp/medium/202607/16004790/CE123383_20455c23.jpg?w=200,1,2026-07-22 12:48:11.230783
BE FORWARD,CE121935,2018 VOLVO V90,Volvo,V90,2018.0,33468.0,0.0,Petrol,Automatic,Sedan,3265672.0,21880.0,,,USD,Nagoya,https://www.beforward.jp/volvo/v90/ce121935/id/16003322/,https://image-cdn.beforward.jp/medium/202607/16003322/CE121935_20445826.jpg?w=200,1,2026-07-22 12:48:11.230783
BE FORWARD,CD198452,2019 VOLVO V60 T5,Volvo,V60 T5,2019.0,27015.0,0.0,Petrol,Automatic,Sedan,2138806.0,14330.0,16391.0,Mombasa,USD,Yokohama,https://www.beforward.jp/volvo/v60/cd198452/id/15151478/,https://image-cdn.beforward.jp/medium/202607/15151478/CD198452_2043a483.jpg?w=200,1,2026-07-22 12:48:11.230783
BE FORWARD,CE121811,2025 VOLVO XC60 T6AWDPHEV,Volvo,Xc60 T6Awdphev,2025.0,8662.0,0.0,Petrol,Automatic,Sedan,6279104.0,42070.0,44395.0,Mombasa,USD,Nagoya,https://www.beforward.jp/volvo/xc60/ce121811/id/16003198/,https://image-cdn.beforward.jp/medium/202607/16003198/CE121811_20444a62.jpg?w=200,1,2026-07-22 12:48:11.230783
BE FORWARD,CE121812,2025 VOLVO XC90 T8AWDPHEV,Volvo,Xc90 T8Awdphev,2025.0,4399.0,0.0,Petrol,Automatic,Van,7559701.0,50650.0,53249.0,Mombasa,USD,Nagoya,https://www.beforward.jp/volvo/xc90/ce121812/id/16003199/,https://image-cdn.beforward.jp/medium/202607/16003199/CE121812_20444a72.jpg?w=200,1,2026-07-22 12:48:11.230783
BE FORWARD,CE121813,2025 VOLVO V60 B4,Volvo,V60 B4,2025.0,3880.0,0.0,Petrol,Automatic,Sedan,4256716.0,28520.0,30560.0,Mombasa,USD,Nagoya,https://www.beforward.jp/volvo/v60/ce121813/id/16003200/,https://image-cdn.beforward.jp/medium/202607/16003200/CE121813_20444a97.jpg?w=200,1,2026-07-22 12:48:11.230783
BE FORWARD,CE121814,2025 VOLVO XC60 B5AWD,Volvo,Xc60 B5Awd,2025.0,1794.0,0.0,Petrol,Automatic,Sedan,5547761.0,37170.0,39486.0,Mombasa,USD,Nagoya,https://www.beforward.jp/volvo/xc60/ce121814/id/16003201/,https://image-cdn.beforward.jp/medium/202607/16003201/CE121814_20444ac4.jpg?w=200,1,2026-07-22 12:48:11.230783
BE FORWARD,CE121815,2023 VOLVO XC40,Volvo,Xc40,2023.0,11543.0,,Electric,Automatic,Sedan,3004478.0,20130.0,,,USD,Nagoya,https://www.beforward.jp/volvo/xc40/ce121815/id/16003202/,https://image-cdn.beforward.jp/medium/202607/16003202/CE121815_20444ad4.jpg?w=200,1,2026-07-22 12:48:11.230783
BE FORWARD,CE121909,2023 VOLVO XC40,Volvo,Xc40,2023.0,3816.0,,Electric,Automatic,Sedan,2870149.0,19230.0,,,USD,Osaka,https://www.beforward.jp/volvo/xc40/ce121909/id/16003296/,https://image-cdn.beforward.jp/medium/202607/16003296/CE121909_20445507.jpg?w=200,1,2026-07-22 12:48:11.230783
BE FORWARD,CE115591,2021 VOLVO XC40 T5,Volvo,Xc40 T5,2021.0,25327.0,500.0,Petrol,Automatic,Sedan,2991045.0,20040.0,,,USD,Yokohama,https://www.beforward.jp/volvo/xc40/ce115591/id/15996192/,https://image-cdn.beforward.jp/medium/202607/15996192/CE115591_204021ee.jpg?w=200,1,2026-07-22 12:48:11.230783
BE FORWARD,CD253328,2021 VOLVO XC90,Volvo,Xc90,2021.0,56939.0,0.0,Petrol,Automatic,Sedan,3371642.0,22590.0,,,USD,Kobe,https://www.beforward.jp/volvo/xc90/cd253328/id/15205829/,https://image-cdn.beforward.jp/medium/202605/15205829/CD253328_1ece2593.JPG?w=200,1,2026-07-22 12:48:11.230783
BE FORWARD,CE115120,2018 VOLVO FE AUTOMATIC DIESEL,Volvo,Fe Automatic Diesel,2018.0,,,Diesel,Automatic,Sedan,2083582.0,13960.0,28183.0,Mombasa,USD,United Kingdom,https://www.beforward.jp/volvo/fe/ce115120/id/15995713/,https://image-cdn.beforward.jp/medium/202607/15995713/CE115120_203f1eaf.jpg?w=200,1,2026-07-22 12:48:11.230783
BE FORWARD,CE114932,2019 VOLVO FH AUTOMATIC DIESEL,Volvo,Fh Automatic Diesel,2019.0,,,Diesel,Automatic,Sedan,4044776.0,27100.0,34059.0,Mombasa,USD,United Kingdom,https://www.beforward.jp/volvo/fh/ce114932/id/15995522/,https://image-cdn.beforward.jp/medium/202607/15995522/CE114932_203f1c54.jpg?w=200,1,2026-07-22 12:48:11.230783
BE FORWARD,CE114935,2018 VOLVO FE AUTOMATIC DIESEL,Volvo,Fe Automatic Diesel,2018.0,547006.0,698.0,Diesel,Automatic,Sedan,1371642.0,9190.0,23413.0,Mombasa,USD,United Kingdom,https://www.beforward.jp/volvo/fe/ce114935/id/15995525/,https://image-cdn.beforward.jp/medium/202607/15995525/CE114935_203f1eff.jpg?w=200,1,2026-07-22 12:48:11.230783
BE FORWARD,CE114936,2018 VOLVO FE AUTOMATIC DIESEL,Volvo,Fe Automatic Diesel,2018.0,571566.0,698.0,Diesel,Automatic,Sedan,1371642.0,9190.0,23413.0,Mombasa,USD,United Kingdom,https://www.beforward.jp/volvo/fe/ce114936/id/15995526/,https://image-cdn.beforward.jp/medium/202607/15995526/CE114936_203f20c6.jpg?w=200,1,2026-07-22 12:48:11.230783
BE FORWARD,CE114937,2018 VOLVO FE AUTOMATIC DIESEL,Volvo,Fe Automatic Diesel,2018.0,584621.0,698.0,Diesel,Automatic,Sedan,1371642.0,9190.0,23413.0,Mombasa,USD,United Kingdom,https://www.beforward.jp/volvo/fe/ce114937/id/15995527/,https://image-cdn.beforward.jp/medium/202607/15995527/CE114937_203f21db.jpg?w=200,1,2026-07-22 12:48:11.230783
BE FORWARD,CE114938,2018 VOLVO FE AUTOMATIC DIESEL,Volvo,Fe Automatic Diesel,2018.0,675531.0,698.0,Diesel,Automatic,Sedan,1586567.0,10630.0,24853.0,Mombasa,USD,United Kingdom,https://www.beforward.jp/volvo/fe/ce114938/id/15995528/,https://image-cdn.beforward.jp/medium/202607/15995528/CE114938_203f243c.jpg?w=200,1,2026-07-22 12:48:11.230783
BE FORWARD,CE114577,2024 VOLVO XC60,Volvo,Xc60,2024.0,7000.0,0.0,Petrol,Automatic,Sedan,3770149.0,25260.0,,,USD,Nagoya,https://www.beforward.jp/volvo/xc60/ce114577/id/15995164/,https://image-cdn.beforward.jp/medium/202607/15995164/CE114577_203f36cc.jpg?w=200,1,2026-07-22 12:48:11.230783
BE FORWARD,CE112474,2023 VOLVO XC90,Volvo,Xc90,2023.0,10142.0,0.0,Petrol,Automatic,Sedan,6240299.0,41810.0,,,USD,Yokohama,https://www.beforward.jp/volvo/xc90/ce112474/id/15993056/,https://image-cdn.beforward.jp/medium/202607/15993056/CE112474_203e34aa.jpg?w=200,1,2026-07-22 12:48:11.230783
BE FORWARD,CE111436,2021 VOLVO XC60,Volvo,Xc60,2021.0,31000.0,0.0,Petrol,Automatic,Sedan,2985075.0,20000.0,,,USD,Nagoya,https://www.beforward.jp/volvo/xc60/ce111436/id/15992010/,https://image-cdn.beforward.jp/medium/202607/15992010/CE111436_203dc1e0.jpg?w=200,1,2026-07-22 12:48:11.230783
BE FORWARD,CE110051,2022 VOLVO XC40 B4AWD,Volvo,Xc40 B4Awd,2022.0,48757.0,0.0,Petrol,Automatic,Sedan,2532836.0,16970.0,,,USD,Yokohama,https://www.beforward.jp/volvo/xc40/ce110051/id/15990624/,https://image-cdn.beforward.jp/medium/202607/15990624/CE110051_203cc741.jpg?w=200,1,2026-07-22 12:48:11.230783
BE FORWARD,CE109927,2018 VOLVO XC60,Volvo,Xc60,2018.0,65557.0,0.0,Petrol,Automatic,Sedan,1820896.0,12200.0,,,USD,Yokohama,https://www.beforward.jp/volvo/xc60/ce109927/id/15990500/,https://image-cdn.beforward.jp/medium/202607/15990500/CE109927_203cbf14.jpg?w=200,1,2026-07-22 12:48:11.230783
BE FORWARD,CE114939,2018 VOLVO FM AUTOMATIC DIESEL,Volvo,Fm Automatic Diesel,2018.0,460904.0,777.0,Diesel,Automatic,Sedan,6262687.0,41960.0,48919.0,Mombasa,USD,United Kingdom,https://www.beforward.jp/volvo/fm-/ce114939/id/15995529/,https://image-cdn.beforward.jp/medium/202607/15995529/CE114939_203f275b.jpg?w=200,1,2026-07-22 12:48:11.230783
BE FORWARD,CE114945,2018 VOLVO FM 13 AUTOMATIC DIESEL,Volvo,Fm 13 Automatic Diesel,2018.0,283686.0,,Diesel,Automatic,Sedan,3811940.0,25540.0,36561.0,Mombasa,USD,United Kingdom,https://www.beforward.jp/volvo/fm-13/ce114945/id/15995535/,https://image-cdn.beforward.jp/medium/202607/15995535/CE114945_203f32ea.jpg?w=200,1,2026-07-22 12:48:11.230783
BE FORWARD,CE114946,2018 VOLVO FH AUTOMATIC DIESEL,Volvo,Fh Automatic Diesel,2018.0,848962.0,,Diesel,Automatic,Sedan,4559701.0,30550.0,37509.0,Mombasa,USD,United Kingdom,https://www.beforward.jp/volvo/fh/ce114946/id/15995536/,https://image-cdn.beforward.jp/medium/202607/15995536/CE114946_203f34f4.jpg?w=200,1,2026-07-22 12:48:11.230783
BE FORWARD,CE112854,2026 VOLVO V60 B4,Volvo,V60 B4,2026.0,5858.0,0.0,Petrol,Automatic,Sedan,3997015.0,26780.0,28800.0,Mombasa,USD,Osaka,https://www.beforward.jp/volvo/v60/ce112854/id/15993436/,https://image-cdn.beforward.jp/medium/202607/15993436/CE112854_203e8050.jpg?w=200,1,2026-07-22 12:48:11.230783
BE FORWARD,CE112108,2022 VOLVO V60,Volvo,V60,2022.0,18121.0,0.0,Petrol,Automatic,Sedan,3302985.0,22130.0,24320.0,Mombasa,USD,Yokohama,https://www.beforward.jp/volvo/v60/ce112108/id/15992685/,https://image-cdn.beforward.jp/medium/202607/15992685/CE112108_203e0405.jpg?w=200,1,2026-07-22 12:48:11.230783
BE FORWARD,CE112078,2018 VOLVO V40,Volvo,V40,2018.0,53100.0,0.0,Diesel,Automatic,Sedan,1119403.0,7500.0,9456.0,Mombasa,USD,Yokohama,https://www.beforward.jp/volvo/v40/ce112078/id/15992655/,https://image-cdn.beforward.jp/medium/202607/15992655/CE112078_203e0125.jpg?w=200,1,2026-07-22 12:48:11.230783
BE FORWARD,CE111367,2021 VOLVO V60,Volvo,V60,2021.0,71000.0,0.0,Petrol,Automatic,Sedan,2417910.0,16200.0,18225.0,Mombasa,USD,Osaka,https://www.beforward.jp/volvo/v60/ce111367/id/15991941/,https://image-cdn.beforward.jp/medium/202607/15991941/CE111367_203dbb54.jpg?w=200,1,2026-07-22 12:48:11.230783
BE FORWARD,CE110369,2023 VOLVO V60 B4,Volvo,V60 B4,2023.0,40000.0,0.0,Petrol,Automatic,Sedan,3505970.0,23490.0,25607.0,Mombasa,USD,Yokohama,https://www.beforward.jp/volvo/v60/ce110369/id/15990942/,https://image-cdn.beforward.jp/medium/202607/15990942/CE110369_204ea2d8.jpg?w=200,1,2026-07-22 12:48:11.230783
BE FORWARD,CD912064,2020 VOLVO XC90,Volvo,Xc90,2020.0,53780.0,0.0,Petrol,Automatic,Sedan,3900000.0,26130.0,,,USD,Yokohama,https://www.beforward.jp/volvo/xc90/cd912064/id/15869544/,https://image-cdn.beforward.jp/medium/202607/15869544/CD912064_203ad0a3.JPG?w=200,1,2026-07-22 12:48:11.230783
BE FORWARD,CD735996,2018 VOLVO XC60,Volvo,Xc60,2018.0,81038.0,0.0,Petrol,Automatic,Sedan,2119403.0,14200.0,,,USD,Nagoya,https://www.beforward.jp/volvo/xc60/cd735996/id/15693410/,https://image-cdn.beforward.jp/medium/202606/15693410/CD735996_1faa938d.JPG?w=200,1,2026-07-22 12:48:11.230783
BE FORWARD,CE107644,2021 VOLVO XC60,Volvo,Xc60,2021.0,22956.0,0.0,Petrol,Automatic,Sedan,3553731.0,23810.0,,,USD,Hokkaido,https://www.beforward.jp/volvo/xc60/ce107644/id/15988211/,https://image-cdn.beforward.jp/medium/202607/15988211/CE107644_203aff09.JPG?w=200,1,2026-07-22 12:48:11.230783
BE FORWARD,CE108119,2021 VOLVO XC60,Volvo,Xc60,2021.0,43494.0,0.0,Petrol,Automatic,Sedan,3129851.0,20970.0,,,USD,Nagoya,https://www.beforward.jp/volvo/xc60/ce108119/id/15988686/,https://image-cdn.beforward.jp/medium/202607/15988686/CE108119_203b4972.JPG?w=200,1,2026-07-22 12:48:11.230783
BE FORWARD,CE106202,2018 VOLVO XC60,Volvo,Xc60,2018.0,75400.0,0.0,Petrol,Automatic,Sedan,2522388.0,16900.0,,,USD,Nagoya,https://www.beforward.jp/volvo/xc60/ce106202/id/15986760/,https://image-cdn.beforward.jp/medium/202607/15986760/CE106202_203a5038.jpg?w=200,1,2026-07-22 12:48:11.230783
BE FORWARD,CE106203,2019 VOLVO XC60,Volvo,Xc60,2019.0,72290.0,0.0,Petrol,Automatic,Sedan,2610448.0,17490.0,,,USD,Nagoya,https://www.beforward.jp/volvo/xc60/ce106203/id/15986761/,https://image-cdn.beforward.jp/medium/202607/15986761/CE106203_203a504c.jpg?w=200,1,2026-07-22 12:48:11.230783
BE FORWARD,CE106075,2026 VOLVO XC60,Volvo,Xc60,2026.0,3000.0,0.0,Petrol,Automatic,Sedan,7497015.0,50230.0,52684.0,Mombasa,USD,Kobe,https://www.beforward.jp/volvo/xc60/ce106075/id/15986633/,https://image-cdn.beforward.jp/medium/202607/15986633/CE106075_203a44cf.jpg?w=200,1,2026-07-22 12:48:11.230783
BE FORWARD,CE104691,2021 VOLVO XC60 PHEVT8AWD,Volvo,Xc60 Phevt8Awd,2021.0,36234.0,0.0,Petrol,Automatic,Sedan,3352239.0,22460.0,25038.0,Mombasa,USD,Toyama,https://www.beforward.jp/volvo/xc60/ce104691/id/15985249/,https://image-cdn.beforward.jp/medium/202607/15985249/CE104691_2039c246.jpg?w=200,1,2026-07-22 12:48:11.230783
BE FORWARD,CE105680,2019 VOLVO V40 T5AWD,Volvo,V40 T5Awd,2019.0,65339.0,0.0,Petrol,Automatic,Sedan,1416418.0,9490.0,11666.0,Mombasa,USD,Toyama,https://www.beforward.jp/volvo/v40/ce105680/id/15986238/,https://image-cdn.beforward.jp/medium/202607/15986238/CE105680_203a2056.jpg?w=200,1,2026-07-22 12:48:11.230783
BE FORWARD,CE105783,2024 VOLVO V60 B4,Volvo,V60 B4,2024.0,16105.0,0.0,Petrol,Automatic,Sedan,2571642.0,17230.0,19387.0,Mombasa,USD,Nagoya,https://www.beforward.jp/volvo/v60/ce105783/id/15986341/,https://image-cdn.beforward.jp/medium/202607/15986341/CE105783_203a2ab1.jpg?w=200,1,2026-07-22 12:48:11.230783
BE FORWARD,CC570879,2021 VOLVO XC60,Volvo,Xc60,2021.0,36700.0,0.0,Petrol,Automatic,Sedan,4882090.0,32710.0,35064.0,Mombasa,USD,Nagoya,https://www.beforward.jp/volvo/xc60/cc570879/id/14591180/,https://image-cdn.beforward.jp/medium/202607/14591180/CC570879_20391105.jpg?w=200,1,2026-07-22 12:48:11.230783
BE FORWARD,CD621804,2019 VOLVO V60,Volvo,V60,2019.0,43497.0,0.0,Petrol,Automatic,Sedan,2234328.0,14970.0,17031.0,Mombasa,USD,Yokohama,https://www.beforward.jp/volvo/v60/cd621804/id/15578578/,https://image-cdn.beforward.jp/medium/202606/15578578/CD621804_1f76908a.jpg?w=200,1,2026-07-22 12:48:11.230783
BE FORWARD,CE100821,2025 VOLVO XC60 T6AWDPHEV,Volvo,Xc60 T6Awdphev,2025.0,8600.0,0.0,Petrol,Automatic,Sedan,6028358.0,40390.0,42689.0,Mombasa,USD,Osaka,https://www.beforward.jp/volvo/xc60/ce100821/id/15981598/,https://image-cdn.beforward.jp/medium/202607/15981598/CE100821_20379494.jpg?w=200,1,2026-07-22 12:48:11.230783
BE FORWARD,CE101150,2021 VOLVO V60 B4MOMENTUM,Volvo,V60 B4Momentum,2021.0,43821.0,0.0,Petrol,Automatic,Sedan,2052239.0,13750.0,15800.0,Mombasa,USD,Yokohama,https://www.beforward.jp/volvo/v60/ce101150/id/15981927/,https://image-cdn.beforward.jp/medium/202607/15981927/CE101150_2037b63c.jpg?w=200,1,2026-07-22 12:48:11.230783
BE FORWARD,CE101205,2022 VOLVO V60 B4MOMENTUM,Volvo,V60 B4Momentum,2022.0,40270.0,0.0,Petrol,Automatic,Sedan,1907463.0,12780.0,14830.0,Mombasa,USD,Yokohama,https://www.beforward.jp/volvo/v60/ce101205/id/15981982/,https://image-cdn.beforward.jp/medium/202607/15981982/CE101205_2037b97a.jpg?w=200,1,2026-07-22 12:48:11.230783
BE FORWARD,CE100099,2019 VOLVO V90,Volvo,V90,2019.0,88600.0,0.0,Diesel,Automatic,Sedan,2246269.0,15050.0,17287.0,Mombasa,USD,Yokohama,https://www.beforward.jp/volvo/v90/ce100099/id/15980913/,https://image-cdn.beforward.jp/medium/202607/15980913/CE100099_2036fa9b.jpg?w=200,1,2026-07-22 12:48:11.230783
BE FORWARD,CE100579,2026 VOLVO XC60,Volvo,Xc60,2026.0,50.0,0.0,Petrol,Automatic,Sedan,8647761.0,57940.0,60239.0,Mombasa,USD,Osaka,https://www.beforward.jp/volvo/xc60/ce100579/id/15981356/,https://image-cdn.beforward.jp/medium/202607/15981356/CE100579_20372431.jpg?w=200,1,2026-07-22 12:48:11.230783
BE FORWARD,CD735903,2020 VOLVO XC90,Volvo,Xc90,2020.0,32415.0,0.0,Petrol,Automatic,Sedan,4044776.0,27100.0,29697.0,Mombasa,USD,Yokohama,https://www.beforward.jp/volvo/xc90/cd735903/id/15693317/,https://image-cdn.beforward.jp/medium/202606/15693317/CD735903_1faa85ce.JPG?w=200,1,2026-07-22 12:48:11.230783
BE FORWARD,CD260326,2021 VOLVO XC60,Volvo,Xc60,2021.0,41468.0,0.0,Petrol,Automatic,Sedan,2783582.0,18650.0,20968.0,Mombasa,USD,Nagoya,https://www.beforward.jp/volvo/xc60/cd260326/id/15212858/,https://image-cdn.beforward.jp/medium/202605/15212858/CD260326_1ed1b15d.JPG?w=200,1,2026-07-22 12:48:11.230783
BE FORWARD,CE098830,2022 VOLVO XC60,Volvo,Xc60,2022.0,22151.0,0.0,Petrol,Automatic,Sedan,4055224.0,27170.0,29460.0,Mombasa,USD,Niigata,https://www.beforward.jp/volvo/xc60/ce098830/id/15979638/,https://image-cdn.beforward.jp/medium/202607/15979638/CE098830_20361cf7.JPG?w=200,1,2026-07-22 12:48:11.230783
BE FORWARD,CE099632,2019 VOLVO V40,Volvo,V40,2019.0,24713.0,500.0,Petrol,Automatic,Sedan,1016418.0,6810.0,8773.0,Mombasa,USD,Kyushu,https://www.beforward.jp/volvo/v40/ce099632/id/15980441/,https://image-cdn.beforward.jp/medium/202607/15980441/CE099632_203698c3.JPG?w=200,1,2026-07-22 12:48:11.230783
BE FORWARD,CE121860,2019 CHEVROLET COLORADO 2.5 COLORADO DOUBLE CAB,Chevrolet,Colorado 2.5 Colorado Double Cab,2019.0,58000.0,499.0,Petrol,Manual,Sedan,1522388.0,10200.0,,,USD,Thailand,https://www.beforward.jp/chevrolet/colorado/ce121860/id/16003247/,https://image-cdn.beforward.jp/medium/202607/16003247/CE121860_2043fac6.jpg?w=200,1,2026-07-22 12:48:11.230783
BE FORWARD,CD828124,2024 CHEVROLET CORVETTE,Chevrolet,Corvette,2024.0,1800.0,454.0,Petrol,Automatic,Sedan,16062687.0,107620.0,109511.0,Mombasa,USD,Nagoya,https://www.beforward.jp/chevrolet/corvette/cd828124/id/15785110/,https://image-cdn.beforward.jp/medium/202607/15785110/CD828124_1fd7b7e2.jpg?w=200,1,2026-07-22 12:48:11.230783
BE FORWARD,CE135455,2021 CHEVROLET CORVETTE,Chevrolet,Corvette,2021.0,39219.0,200.0,Petrol,Automatic,Sedan,9995522.0,66970.0,68784.0,Mombasa,USD,Osaka,https://www.beforward.jp/chevrolet/corvette/ce135455/id/16016821/,https://image-cdn.beforward.jp/medium/202607/16016821/CE135455_204d17b8.jpg?w=200,1,2026-07-22 12:48:11.230783
BE FORWARD,CE115917,2023 CHEVROLET CAMARO,Chevrolet,Camaro,2023.0,5837.0,990.0,Petrol,Automatic,Sedan,5470149.0,36650.0,38619.0,Mombasa,USD,Nagoya,https://www.beforward.jp/chevrolet/camaro/ce115917/id/15996518/,https://image-cdn.beforward.jp/medium/202607/15996518/CE115917_20404273.jpg?w=200,1,2026-07-22 12:48:11.230783
BE FORWARD,CE008713,2021 CHEVROLET COLORADO 2.5 LT DOUBLE CAB,Chevrolet,Colorado 2.5 Lt Double Cab,2021.0,63000.0,499.0,Diesel,Manual,Sedan,1867164.0,12510.0,15185.0,Mombasa,USD,Thailand,https://www.beforward.jp/chevrolet/colorado/ce008713/id/15889200/,https://image-cdn.beforward.jp/medium/202607/15889200/CE008713_2006f0a9.jpg?w=200,1,2026-07-22 12:48:11.230783
BE FORWARD,CE023691,2023 CHEVROLET CORVETTE 2LT,Chevrolet,Corvette 2Lt,2023.0,6500.0,150.0,Petrol,Automatic,Sedan,9331343.0,62520.0,64334.0,Mombasa,USD,Yokohama,https://www.beforward.jp/chevrolet/corvette/ce023691/id/15904484/,https://image-cdn.beforward.jp/medium/202607/15904484/CE023691_200fe49b.jpg?w=200,1,2026-07-22 12:48:11.230783
BE FORWARD,CD885890,2018 CHEVROLET COLORADO 2.5 COLORADO DOUBLE CAB,Chevrolet,Colorado 2.5 Colorado Double Cab,2018.0,66250.0,499.0,Petrol,Automatic,Sedan,2025373.0,13570.0,,,USD,Thailand,https://www.beforward.jp/chevrolet/colorado/cd885890/id/15843608/,https://image-cdn.beforward.jp/medium/202607/15843608/CD885890_1ff10ee1.jpg?w=200,1,2026-07-22 12:48:11.230783
BE FORWARD,CD869147,2019 CHEVROLET TRAILBLAZER 2.5 LT SUV,Chevrolet,Trailblazer 2.5 Lt Suv,2019.0,134200.0,499.0,Petrol,Automatic,Suv,2073134.0,13890.0,,,USD,Thailand,https://www.beforward.jp/chevrolet/trailblazer/cd869147/id/15827302/,https://image-cdn.beforward.jp/medium/202607/15827302/CD869147_1feaf2c3.jpg?w=200,1,2026-07-22 12:48:11.230783
BE FORWARD,CE041450,2024 CHEVROLET CORVETTE Z06,Chevrolet,Corvette Z06,2024.0,3000.0,500.0,Petrol,Automatic,Sedan,16437313.0,110130.0,111980.0,Mombasa,USD,Yokohama,https://www.beforward.jp/chevrolet/corvette/ce041450/id/15922477/,https://image-cdn.beforward.jp/medium/202607/15922477/CE041450_201a5c6e.jpg?w=200,1,2026-07-22 12:48:11.230783
BE FORWARD,CD769207,2025 CHEVROLET CORVETTE,Chevrolet,Corvette,2025.0,11998.0,200.0,Petrol,Automatic,Sedan,14385075.0,96380.0,98220.0,Mombasa,USD,Nagoya,https://www.beforward.jp/chevrolet/corvette/cd769207/id/15726851/,https://image-cdn.beforward.jp/medium/202606/15726851/CD769207_1fbdb3ee.jpg?w=200,1,2026-07-22 12:48:11.230783
BE FORWARD,CD843516,2019 CHEVROLET COLORADO 2.5 COLORADO DOUBLE CAB,Chevrolet,Colorado 2.5 Colorado Double Cab,2019.0,49000.0,499.0,Diesel,Manual,Sedan,1567164.0,10500.0,13175.0,Mombasa,USD,Thailand,https://www.beforward.jp/chevrolet/colorado/cd843516/id/15801354/,https://image-cdn.beforward.jp/medium/202607/15801354/CD843516_1fde8a09.jpg?w=200,1,2026-07-22 12:48:11.230783
BE FORWARD,CD802088,2023 CHEVROLET CORVETTE,Chevrolet,Corvette,2023.0,9000.0,200.0,Petrol,Automatic,Sedan,14925373.0,100000.0,101814.0,Mombasa,USD,Osaka,https://www.beforward.jp/chevrolet/corvette/cd802088/id/15759559/,https://image-cdn.beforward.jp/medium/202607/15759559/CD802088_1fcc6bec.jpg?w=200,1,2026-07-22 12:48:11.230783
BE FORWARD,CD756146,2018 CHEVROLET COLORADO 2.5 COLORADO DOUBLE CAB,Chevrolet,Colorado 2.5 Colorado Double Cab,2018.0,45000.0,499.0,Diesel,Automatic,Sedan,2595522.0,17390.0,20065.0,Mombasa,USD,Thailand,https://www.beforward.jp/chevrolet/colorado/cd756146/id/15713562/,https://image-cdn.beforward.jp/medium/202606/15713562/CD756146_1fb66f6e.jpg?w=200,1,2026-07-22 12:48:11.230783
BE FORWARD,CD364057,2021 CHEVROLET SILVERADO 1500 LTZ PREMIUM W/TECH PACK,Chevrolet,Silverado 1500 Ltz Premium W/Tech Pack,2021.0,135457.0,162.0,Petrol,Automatic,Sedan,6792537.0,45510.0,,,USD,Dubai,https://www.beforward.jp/chevrolet/silverado/cd364057/id/15318673/,https://image-cdn.beforward.jp/medium/202605/15318673/CD364057_1efe6d4d.jpeg?w=200,1,2026-07-22 12:48:11.230783
BE FORWARD,CD681612,2023 CHEVROLET CORVETTE,Chevrolet,Corvette,2023.0,4000.0,200.0,Petrol,Automatic,Sedan,12017910.0,80520.0,82464.0,Mombasa,USD,Yokohama,https://www.beforward.jp/chevrolet/corvette/cd681612/id/15638754/,https://image-cdn.beforward.jp/medium/202606/15638754/CD681612_1f93357d.jpg?w=200,1,2026-07-22 12:48:11.230783
BE FORWARD,CD679384,2023 CHEVROLET CORVETTE,Chevrolet,Corvette,2023.0,11200.0,200.0,Petrol,Automatic,Sedan,11170149.0,74840.0,76654.0,Mombasa,USD,Kyushu,https://www.beforward.jp/chevrolet/corvette/cd679384/id/15636514/,https://image-cdn.beforward.jp/medium/202607/15636514/CD679384_1fcc62c6.jpg?w=200,1,2026-07-22 12:48:11.230783
BE FORWARD,CD091511,2024 CHEVROLET CORVETTE,Chevrolet,Corvette,2024.0,2000.0,500.0,Petrol,Automatic,Sedan,16274627.0,109040.0,110854.0,Mombasa,USD,Osaka,https://www.beforward.jp/chevrolet/corvette/cd091511/id/15043966/,https://image-cdn.beforward.jp/medium/202604/15043966/CD091511_1e7fb436.jpg?w=200,1,2026-07-22 12:48:11.230783
BE FORWARD,CD589495,2023 CHEVROLET CORVETTE 2LT,Chevrolet,Corvette 2Lt,2023.0,27804.0,200.0,Petrol,Automatic,Sedan,9158209.0,61360.0,63210.0,Mombasa,USD,Yokohama,https://www.beforward.jp/chevrolet/corvette/cd589495/id/15545988/,https://image-cdn.beforward.jp/medium/202606/15545988/CD589495_1f698fa9.jpg?w=200,1,2026-07-22 12:48:11.230783
BE FORWARD,CD576243,2018 CHEVROLET CAMARO,Chevrolet,Camaro,2018.0,10365.0,150.0,Petrol,Automatic,Sedan,5662687.0,37940.0,39905.0,Mombasa,USD,Nagoya,https://www.beforward.jp/chevrolet/camaro/cd576243/id/15531665/,https://image-cdn.beforward.jp/medium/202606/15531665/CD576243_1f61edfd.jpg?w=200,1,2026-07-22 12:48:11.230783
BE FORWARD,CD501147,2026 CHEVROLET CORVETTE Z06,Chevrolet,Corvette Z06,2026.0,1000.0,450.0,Petrol,Automatic,Sedan,22192537.0,148690.0,150617.0,Mombasa,USD,Yokohama,https://www.beforward.jp/chevrolet/corvette/cd501147/id/15456844/,https://image-cdn.beforward.jp/medium/202606/15456844/CD501147_1f41283e.jpg?w=200,1,2026-07-22 12:48:11.230783
BE FORWARD,CD119843,2022 CHEVROLET CORVETTE,Chevrolet,Corvette,2022.0,7600.0,150.0,Petrol,Automatic,Sedan,10186567.0,68250.0,70070.0,Mombasa,USD,Osaka,https://www.beforward.jp/chevrolet/corvette/cd119843/id/15072151/,https://image-cdn.beforward.jp/medium/202606/15072151/CD119843_1f2f2de3.jpg?w=200,1,2026-07-22 12:48:11.230783
BE FORWARD,CB432397,2024 CHEVROLET CORVETTE,Chevrolet,Corvette,2024.0,11500.0,450.0,Petrol,Automatic,Sedan,16446269.0,110190.0,112097.0,Mombasa,USD,Osaka,https://www.beforward.jp/chevrolet/corvette/cb432397/id/13492641/,https://image-cdn.beforward.jp/medium/202606/13492641/CB432397_1f2f2ae5.jpg?w=200,1,2026-07-22 12:48:11.230783
BE FORWARD,CD219798,2023 CHEVROLET CORVETTE,Chevrolet,Corvette,2023.0,6000.0,200.0,Petrol,Automatic,Sedan,7780597.0,52130.0,54041.0,Mombasa,USD,Yokohama,https://www.beforward.jp/chevrolet/corvette/cd219798/id/15172953/,https://image-cdn.beforward.jp/medium/202605/15172953/CD219798_1ec0ddf9.jpg?w=200,1,2026-07-22 12:48:11.230783
BE FORWARD,CD441755,2023 CHEVROLET CORVETTE,Chevrolet,Corvette,2023.0,3490.0,200.0,Petrol,Automatic,Sedan,15889552.0,106460.0,108274.0,Mombasa,USD,Kyushu,https://www.beforward.jp/chevrolet/corvette/cd441755/id/15397243/,https://image-cdn.beforward.jp/medium/202606/15397243/CD441755_1f28fb93.jpg?w=200,1,2026-07-22 12:48:11.230783
BE FORWARD,CD421654,2022 CHEVROLET CORVETTE,Chevrolet,Corvette,2022.0,13223.0,200.0,Petrol,Automatic,Sedan,11295522.0,75680.0,77541.0,Mombasa,USD,Yokohama,https://www.beforward.jp/chevrolet/corvette/cd421654/id/15376687/,https://image-cdn.beforward.jp/medium/202607/15376687/CD421654_203e4eea.jpg?w=200,1,2026-07-22 12:48:11.230783
BE FORWARD,CD422581,2022 CHEVROLET CORVETTE,Chevrolet,Corvette,2022.0,9159.0,200.0,Petrol,Automatic,Sedan,11150746.0,74710.0,76571.0,Mombasa,USD,Yokohama,https://www.beforward.jp/chevrolet/corvette/cd422581/id/15377616/,https://image-cdn.beforward.jp/medium/202606/15377616/CD422581_1f1b0cd7.jpg?w=200,1,2026-07-22 12:48:11.230783
BE FORWARD,CD380762,2023 CHEVROLET CORVETTE,Chevrolet,Corvette,2023.0,6000.0,200.0,Petrol,Automatic,Sedan,9900000.0,66330.0,68299.0,Mombasa,USD,Kobe,https://www.beforward.jp/chevrolet/corvette/cd380762/id/15335559/,https://image-cdn.beforward.jp/medium/202605/15335559/CD380762_1f059761.jpg?w=200,1,2026-07-22 12:48:11.230783
BE FORWARD,CD262583,2024 CHEVROLET CORVETTE Z06,Chevrolet,Corvette Z06,2024.0,450.0,500.0,Petrol,Cvt,Sedan,17602985.0,117940.0,119861.0,Mombasa,USD,Yokohama,https://www.beforward.jp/chevrolet/corvette/cd262583/id/15214930/,https://image-cdn.beforward.jp/medium/202605/15214930/CD262583_1ed30942.jpg?w=200,1,2026-07-22 12:48:11.230783
BE FORWARD,CD139879,2022 CHEVROLET SILVERADO DURAMAX AUSTRAILIAN IMPORT,Chevrolet,Silverado Duramax Austrailian Import,2022.0,7500.0,600.0,Petrol,Automatic,Sedan,8304478.0,55640.0,,,USD,Dubai,https://www.beforward.jp/chevrolet/silverado/cd139879/id/15092773/,https://image-cdn.beforward.jp/medium/202605/15092773/CD139879_1e4e8037.jpg?w=200,1,2026-07-22 12:48:11.230783
BE FORWARD,CD253888,2024 CHEVROLET CORVETTE,Chevrolet,Corvette,2024.0,9600.0,150.0,Petrol,Automatic,Sedan,11686567.0,78300.0,,,USD,Yokohama,https://www.beforward.jp/chevrolet/corvette/cd253888/id/15206391/,https://image-cdn.beforward.jp/medium/202606/15206391/CD253888_1f176a93.jpg?w=200,1,2026-07-22 12:48:11.230783
BE FORWARD,CD241814,2023 CHEVROLET CORVETTE 2LT,Chevrolet,Corvette 2Lt,2023.0,7500.0,200.0,Petrol,Automatic,Sedan,9370149.0,62780.0,64594.0,Mombasa,USD,Osaka,https://www.beforward.jp/chevrolet/corvette/cd241814/id/15195317/,https://image-cdn.beforward.jp/medium/202607/15195317/CD241814_2034a798.jpg?w=200,1,2026-07-22 12:48:11.230783
BE FORWARD,CD190210,2025 CHEVROLET CORVETTE,Chevrolet,Corvette,2025.0,4000.0,500.0,Petrol,Automatic,Sedan,16852239.0,112910.0,114724.0,Mombasa,USD,Osaka,https://www.beforward.jp/chevrolet/corvette/cd190210/id/15143002/,https://image-cdn.beforward.jp/medium/202605/15143002/CD190210_1eb10ef9.jpg?w=200,1,2026-07-22 12:48:11.230783
BE FORWARD,CD150777,2024 CHEVROLET CORVETTE,Chevrolet,Corvette,2024.0,10000.0,200.0,Petrol,Automatic,Sedan,10583582.0,70910.0,72724.0,Mombasa,USD,Osaka,https://www.beforward.jp/chevrolet/corvette/cd150777/id/15103756/,https://image-cdn.beforward.jp/medium/202605/15103756/CD150777_1e9f4482.jpg?w=200,1,2026-07-22 12:48:11.230783
BE FORWARD,CD131255,2024 CHEVROLET CORVETTE,Chevrolet,Corvette,2024.0,1800.0,200.0,Petrol,Automatic,Sedan,17332836.0,116130.0,117970.0,Mombasa,USD,Nagoya,https://www.beforward.jp/chevrolet/corvette/cd131255/id/15083490/,https://image-cdn.beforward.jp/medium/202605/15083490/CD131255_1e9396ec.jpg?w=200,1,2026-07-22 12:48:11.230783
BE FORWARD,CD113197,2024 CHEVROLET CORVETTE,Chevrolet,Corvette,2024.0,2155.0,200.0,Petrol,Automatic,Sedan,11825373.0,79230.0,81080.0,Mombasa,USD,Yokohama,https://www.beforward.jp/chevrolet/corvette/cd113197/id/15065772/,https://image-cdn.beforward.jp/medium/202607/15065772/CD113197_2034a1a2.jpg?w=200,1,2026-07-22 12:48:11.230783
BE FORWARD,CD113511,2023 CHEVROLET CORVETTE 2LT,Chevrolet,Corvette 2Lt,2023.0,2874.0,200.0,Petrol,Automatic,Sedan,9995522.0,66970.0,68820.0,Mombasa,USD,Yokohama,https://www.beforward.jp/chevrolet/corvette/cd113511/id/15066096/,https://image-cdn.beforward.jp/medium/202607/15066096/CD113511_2034a1e2.jpg?w=200,1,2026-07-22 12:48:11.230783
BE FORWARD,CD113512,2025 CHEVROLET CORVETTE 2LT,Chevrolet,Corvette 2Lt,2025.0,1095.0,200.0,Petrol,Automatic,Sedan,10477612.0,70200.0,72050.0,Mombasa,USD,Yokohama,https://www.beforward.jp/chevrolet/corvette/cd113512/id/15066097/,https://image-cdn.beforward.jp/medium/202607/15066097/CD113512_2034a21e.jpg?w=200,1,2026-07-22 12:48:11.230783
BE FORWARD,CD067114,2025 CHEVROLET CORVETTE,Chevrolet,Corvette,2025.0,99.0,200.0,Petrol,Automatic,Sedan,13480597.0,90320.0,92289.0,Mombasa,USD,Kobe,https://www.beforward.jp/chevrolet/corvette/cd067114/id/15019256/,https://image-cdn.beforward.jp/medium/202604/15019256/CD067114_1e74149f.jpg?w=200,1,2026-07-22 12:48:11.230783
BE FORWARD,CD039254,2024 CHEVROLET CORVETTE,Chevrolet,Corvette,2024.0,1000.0,500.0,Petrol,Automatic,Sedan,16274627.0,109040.0,110854.0,Mombasa,USD,Osaka,https://www.beforward.jp/chevrolet/corvette/cd039254/id/14990957/,https://image-cdn.beforward.jp/medium/202604/14990957/CD039254_1e649c5a.jpg?w=200,1,2026-07-22 12:48:11.230783
BE FORWARD,CC895826,2025 CHEVROLET CORVETTE,Chevrolet,Corvette,2025.0,3270.0,200.0,Petrol,Automatic,Sedan,11343284.0,76000.0,77840.0,Mombasa,USD,Nagoya,https://www.beforward.jp/chevrolet/corvette/cc895826/id/14918657/,https://image-cdn.beforward.jp/medium/202606/14918657/CC895826_1f178e8f.jpg?w=200,1,2026-07-22 12:48:11.230783
BE FORWARD,CC850849,2024 CHEVROLET CORVETTE,Chevrolet,Corvette,2024.0,12305.0,200.0,Petrol,Automatic,Sedan,11362687.0,76130.0,77944.0,Mombasa,USD,Osaka,https://www.beforward.jp/chevrolet/corvette/cc850849/id/14873626/,https://image-cdn.beforward.jp/medium/202604/14873626/CC850849_1e30c946.jpg?w=200,1,2026-07-22 12:48:11.230783
BE FORWARD,CC647230,2025 CHEVROLET CORVETTE,Chevrolet,Corvette,2025.0,99.0,200.0,Petrol,Automatic,Sedan,13962687.0,93550.0,95519.0,Mombasa,USD,Kobe,https://www.beforward.jp/chevrolet/corvette/cc647230/id/14668159/,https://image-cdn.beforward.jp/medium/202603/14668159/CC647230_1dd48563.jpg?w=200,1,2026-07-22 12:48:11.230783
BE FORWARD,CC642674,2023 CHEVROLET CORVETTE 3LT,Chevrolet,Corvette 3Lt,2023.0,4400.0,150.0,Petrol,Automatic,Sedan,10986567.0,73610.0,75450.0,Mombasa,USD,Nagoya,https://www.beforward.jp/chevrolet/corvette/cc642674/id/14663586/,https://image-cdn.beforward.jp/medium/202603/14663586/CC642674_1dd1c7dc.jpg?w=200,1,2026-07-22 12:48:11.230783
BE FORWARD,CC378383,2023 CHEVROLET CORVETTE 2LT,Chevrolet,Corvette 2Lt,2023.0,15341.0,200.0,Petrol,Automatic,Sedan,10285075.0,68910.0,70724.0,Mombasa,USD,Yokohama,https://www.beforward.jp/chevrolet/corvette/cc378383/id/14396573/,https://image-cdn.beforward.jp/medium/202603/14396573/CC378383_1d711148.jpg?w=200,1,2026-07-22 12:48:11.230783
BE FORWARD,CC353511,2023 CHEVROLET CORVETTE,Chevrolet,Corvette,2023.0,4340.0,200.0,Petrol,Automatic,Sedan,9900000.0,66330.0,68305.0,Mombasa,USD,Kobe,https://www.beforward.jp/chevrolet/corvette/cc353511/id/14372559/,https://image-cdn.beforward.jp/medium/202603/14372559/CC353511_1d36ab9b.jpg?w=200,1,2026-07-22 12:48:11.230783
BE FORWARD,CC213575,2024 CHEVROLET CORVETTE,Chevrolet,Corvette,2024.0,11000.0,200.0,Petrol,Automatic,Sedan,9514925.0,63750.0,65564.0,Mombasa,USD,Osaka,https://www.beforward.jp/chevrolet/corvette/cc213575/id/14231143/,https://image-cdn.beforward.jp/medium/202602/14231143/CC213575_1cdda911.jpg?w=200,1,2026-07-22 12:48:11.230783
BE FORWARD,BY196964,2023 CHEVROLET CORVETTE,Chevrolet,Corvette,2023.0,19000.0,200.0,Petrol,Automatic,Sedan,12229851.0,81940.0,83754.0,Mombasa,USD,Osaka,https://www.beforward.jp/chevrolet/corvette/by196964/id/11343382/,https://image-cdn.beforward.jp/medium/202604/11343382/BY196964_1e45b735.jpg?w=200,1,2026-07-22 12:48:11.230783
BE FORWARD,CC002436,2023 CHEVROLET SILVERADO ZR2 DUAL CAB,Chevrolet,Silverado Zr2 Dual Cab,2023.0,47132.0,200.0,Petrol,Automatic,Sedan,6707463.0,44940.0,,,USD,Dubai,https://www.beforward.jp/chevrolet/silverado/cc002436/id/14018197/,https://image-cdn.beforward.jp/medium/202602/14018197/CC002436_1c7513e9.jpeg?w=200,1,2026-07-22 12:48:11.230783
BE FORWARD,CB848651,2022 CHEVROLET PICKUP Z71,Chevrolet,Pickup Z71,2022.0,20783.0,200.0,Petrol,Automatic,Pickup,7026866.0,47080.0,,,USD,Dubai,https://www.beforward.jp/chevrolet/pickup/cb848651/id/13913183/,https://image-cdn.beforward.jp/medium/202601/13913183/CB848651_1c3e8f5c.jpeg?w=200,1,2026-07-22 12:48:11.230783
BE FORWARD,CA068602,2023 CHEVROLET SILVERADO,Chevrolet,Silverado,2023.0,11106.0,200.0,Petrol,Automatic,Sedan,8623881.0,57780.0,,,USD,Dubai,https://www.beforward.jp/chevrolet/silverado/ca068602/id/12151109/,https://image-cdn.beforward.jp/medium/202508/12151109/CA068602_18a48ce6.jpeg?w=200,1,2026-07-22 12:48:11.230783
BE FORWARD,BY465846,2022 CHEVROLET CORVETTE,Chevrolet,Corvette,2022.0,4000.0,200.0,Petrol,Automatic,Sedan,11074627.0,74200.0,76122.0,Mombasa,USD,Yokohama,https://www.beforward.jp/chevrolet/corvette/by465846/id/11614846/,https://image-cdn.beforward.jp/medium/202605/11614846/BY465846_1f16e909.jpg?w=200,1,2026-07-22 12:48:11.230783
BE FORWARD,CB781487,2025 CHEVROLET CORVETTE,Chevrolet,Corvette,2025.0,99.0,200.0,Petrol,Automatic,Sedan,14443284.0,96770.0,98739.0,Mombasa,USD,Kobe,https://www.beforward.jp/chevrolet/corvette/cb781487/id/13844402/,https://image-cdn.beforward.jp/medium/202603/13844402/CB781487_1d77d955.jpg?w=200,1,2026-07-22 12:48:11.230783
BE FORWARD,CB280854,2025 CHEVROLET CORVETTE,Chevrolet,Corvette,2025.0,6000.0,150.0,Petrol,Automatic,Sedan,15485075.0,103750.0,105641.0,Mombasa,USD,Osaka,https://www.beforward.jp/chevrolet/corvette/cb280854/id/13339465/,https://image-cdn.beforward.jp/medium/202604/13339465/CB280854_1e680702.jpg?w=200,1,2026-07-22 12:48:11.230783
BE FORWARD,CB588117,2024 CHEVROLET CORVETTE Z06,Chevrolet,Corvette Z06,2024.0,4180.0,450.0,Petrol,Automatic,Sedan,16852239.0,112910.0,114895.0,Mombasa,USD,Kobe,https://www.beforward.jp/chevrolet/corvette/cb588117/id/13650093/,https://image-cdn.beforward.jp/medium/202606/13650093/CB588117_1fab7203.jpg?w=200,1,2026-07-22 12:48:11.230783
BE FORWARD,CB406888,2023 CHEVROLET CORVETTE,Chevrolet,Corvette,2023.0,5100.0,200.0,Petrol,Automatic,Sedan,14444776.0,96780.0,98594.0,Mombasa,USD,Yokohama,https://www.beforward.jp/chevrolet/corvette/cb406888/id/13466874/,https://image-cdn.beforward.jp/medium/202606/13466874/CB406888_1f9d7b43.jpg?w=200,1,2026-07-22 12:48:11.230783
BE FORWARD,CA696469,2021 CHEVROLET CORVETTE 6.2,Chevrolet,Corvette 6.2,2021.0,2500.0,200.0,Petrol,Automatic,Sedan,14328358.0,96000.0,97929.0,Mombasa,USD,Kyushu,https://www.beforward.jp/chevrolet/corvette/ca696469/id/12784552/,https://image-cdn.beforward.jp/medium/202607/12784552/CA696469_202835d1.jpg?w=200,1,2026-07-22 12:48:11.230783
BE FORWARD,CA551448,2024 CHEVROLET CORVETTE Z06,Chevrolet,Corvette Z06,2024.0,290.0,500.0,Petrol,Automatic,Sedan,17362687.0,116330.0,118170.0,Mombasa,USD,Kyushu,https://www.beforward.jp/chevrolet/corvette/ca551448/id/12637220/,https://image-cdn.beforward.jp/medium/202512/12637220/CA551448_1bb93d25.jpg?w=200,1,2026-07-22 12:48:11.230783
BE FORWARD,CA465993,2024 CHEVROLET CORVETTE,Chevrolet,Corvette,2024.0,500.0,500.0,Petrol,Automatic,Sedan,22720896.0,152230.0,154080.0,Mombasa,USD,Yokohama,https://www.beforward.jp/chevrolet/corvette/ca465993/id/12551049/,https://image-cdn.beforward.jp/medium/202604/12551049/CA465993_1e00c9ad.jpg?w=200,1,2026-07-22 12:48:11.230783
BE FORWARD,CA370475,2026 CHEVROLET SILVERADO 6.2 SILVERADO 1500 ZR2 AT 4WD,Chevrolet,Silverado 6.2 Silverado 1500 Zr2 At 4Wd,2026.0,,162.0,Petrol,Automatic,Sedan,17286567.0,115820.0,121991.0,Mombasa,USD,Australia,https://www.beforward.jp/chevrolet/silverado/ca370475/id/12455736/,https://image-cdn.beforward.jp/medium/202509/12455736/CA370475_1939a5a8.jpg?w=200,1,2026-07-22 12:48:11.230783
BE FORWARD,CA369647,2026 CHEVROLET SILVERADO 6.2 SILVERADO 1500 ZR2 AT 4WD,Chevrolet,Silverado 6.2 Silverado 1500 Zr2 At 4Wd,2026.0,,162.0,Petrol,Automatic,Sedan,17286567.0,115820.0,121991.0,Mombasa,USD,Australia,https://www.beforward.jp/chevrolet/silverado/ca369647/id/12454671/,https://image-cdn.beforward.jp/medium/202509/12454671/CA369647_1939932d.jpg?w=200,1,2026-07-22 12:48:11.230783
BE FORWARD,BW440914,2023 CHEVROLET CORVETTE,Chevrolet,Corvette,2023.0,19000.0,200.0,Petrol,Automatic,Sedan,20702985.0,138710.0,140524.0,Mombasa,USD,Osaka,https://www.beforward.jp/chevrolet/corvette/bw440914/id/9701537/,https://image-cdn.beforward.jp/medium/202509/9701537/BW440914_18fe421e.jpg?w=200,1,2026-07-22 12:48:11.230783
BE FORWARD,BN751556,2022 CHEVROLET CORVETTE,Chevrolet,Corvette,2022.0,1200.0,200.0,Petrol,Automatic,Sedan,12519403.0,83880.0,85705.0,Mombasa,USD,Kyushu,https://www.beforward.jp/chevrolet/corvette/bn751556/id/5206567/,https://image-cdn.beforward.jp/medium/202511/5206567/BN751556_1b02f5d3.jpg?w=200,1,2026-07-22 12:48:11.230783
BE FORWARD,CD908327,2019 JEEP RENEGADE LIMITED,Jeep,Renegade Limited,2019.0,174184.0,330.0,Petrol,Automatic,Sedan,774627.0,5190.0,7323.0,Mombasa,USD,Kobe,https://www.beforward.jp/jeep/renegade/cd908327/id/15891968/,https://image-cdn.beforward.jp/medium/202607/15891968/CD908327_1a8cae.jpg?w=200,1,2026-07-22 12:48:11.230783
BE FORWARD,CD890657,2020 JEEP GRAND CHEROKEE S LIMITED,Jeep,Grand Cherokee S Limited,2020.0,146097.0,600.0,Petrol,Automatic,Suv,1352239.0,9060.0,11653.0,Mombasa,USD,Yokohama,https://www.beforward.jp/jeep/grand-cherokee/cd890657/id/15854934/,https://image-cdn.beforward.jp/medium/202607/15854934/CD890657_b9bdc4.jpg?w=200,1,2026-07-22 12:48:11.230783
BE FORWARD,CE141630,2019 JEEP RENEGADE,Jeep,Renegade,2019.0,41000.0,300.0,Petrol,Automatic,Sedan,1644776.0,11020.0,,,USD,Osaka,https://www.beforward.jp/jeep/renegade/ce141630/id/16023090/,https://image-cdn.beforward.jp/medium/202607/16023090/CE141630_204eb4fb.jpg?w=200,1,2026-07-22 12:48:11.230783
BE FORWARD,CE141631,2023 JEEP RENEGADE,Jeep,Renegade,2023.0,17000.0,300.0,Petrol,Automatic,Sedan,2791045.0,18700.0,,,USD,Osaka,https://www.beforward.jp/jeep/renegade/ce141631/id/16023091/,https://image-cdn.beforward.jp/medium/202607/16023091/CE141631_204eb504.jpg?w=200,1,2026-07-22 12:48:11.230783
BE FORWARD,CE141632,2020 JEEP WRANGLER,Jeep,Wrangler,2020.0,44000.0,600.0,Petrol,Automatic,Suv,4619403.0,30950.0,,,USD,Osaka,https://www.beforward.jp/jeep/wrangler/ce141632/id/16023092/,https://image-cdn.beforward.jp/medium/202607/16023092/CE141632_204eb518.jpg?w=200,1,2026-07-22 12:48:11.230783
BE FORWARD,CE140676,2019 JEEP WRANGLER,Jeep,Wrangler,2019.0,19600.0,995.0,Petrol,Automatic,Suv,3371642.0,22590.0,,,USD,Osaka,https://www.beforward.jp/jeep/wrangler/ce140676/id/16022132/,https://image-cdn.beforward.jp/medium/202607/16022132/CE140676_203c7cd9.jpg?w=200,1,2026-07-22 12:48:11.230783
BE FORWARD,CD803646,2019 JEEP COMPASS S MODEL,Jeep,Compass S Model,2019.0,111625.0,350.0,Petrol,Automatic,Sedan,885075.0,5930.0,8047.0,Mombasa,USD,Yokohama,https://www.beforward.jp/jeep/compass/cd803646/id/15765112/,https://image-cdn.beforward.jp/medium/202607/15765112/CD803646_257ae4.JPG?w=200,1,2026-07-22 12:48:11.230783
BE FORWARD,CE139706,2019 JEEP COMPASS,Jeep,Compass,2019.0,28600.0,359.0,Petrol,Automatic,Sedan,1444776.0,9680.0,11777.0,Mombasa,USD,Nagoya,https://www.beforward.jp/jeep/compass/ce139706/id/16021160/,https://image-cdn.beforward.jp/medium/202607/16021160/CE139706_203fd68b.jpg?w=200,1,2026-07-22 12:48:11.230783
BE FORWARD,CE139833,2020 JEEP COMPASS,Jeep,Compass,2020.0,48800.0,359.0,Petrol,Automatic,Sedan,1541791.0,10330.0,12427.0,Mombasa,USD,Nagoya,https://www.beforward.jp/jeep/compass/ce139833/id/16021287/,https://image-cdn.beforward.jp/medium/202607/16021287/CE139833_203fe799.jpg?w=200,1,2026-07-22 12:48:11.230783
BE FORWARD,CE139248,2019 JEEP GRAND CHEROKEE,Jeep,Grand Cherokee,2019.0,57770.0,604.0,Petrol,Automatic,Suv,2629851.0,17620.0,20194.0,Mombasa,USD,Yokohama,https://www.beforward.jp/jeep/grand-cherokee/ce139248/id/16020700/,https://image-cdn.beforward.jp/medium/202607/16020700/CE139248_204cf6a7.jpg?w=200,1,2026-07-22 12:48:11.230783
BE FORWARD,CE139390,2021 JEEP COMPASS S,Jeep,Compass S,2021.0,35270.0,359.0,Petrol,Automatic,Sedan,2600000.0,17420.0,19653.0,Mombasa,USD,Hokkaido,https://www.beforward.jp/jeep/compass/ce139390/id/16020842/,https://image-cdn.beforward.jp/medium/202607/16020842/CE139390_204d05e0.jpg?w=200,1,2026-07-22 12:48:11.230783
BE FORWARD,CE136074,2021 JEEP COMPASS SACCM,Jeep,Compass Saccm,2021.0,42000.0,400.0,Petrol,Automatic,Sedan,2773134.0,18580.0,20694.0,Mombasa,USD,Yokohama,https://www.beforward.jp/jeep/compass/ce136074/id/16017440/,https://image-cdn.beforward.jp/medium/202607/16017440/CE136074_204d51c0.jpg?w=200,1,2026-07-22 12:48:11.230783
BE FORWARD,CD775521,2023 JEEP RENEGADE,Jeep,Renegade,2023.0,43000.0,300.0,Petrol,Automatic,Sedan,2964179.0,19860.0,21915.0,Mombasa,USD,Nagoya,https://www.beforward.jp/jeep/renegade/cd775521/id/15733235/,https://image-cdn.beforward.jp/medium/202607/15733235/CD775521_1fc0ae00.jpg?w=200,1,2026-07-22 12:48:11.230783
BE FORWARD,CE135446,2022 JEEP WRANGLER,Jeep,Wrangler,2022.0,15000.0,0.0,Petrol,Automatic,Suv,4961194.0,33240.0,35843.0,Mombasa,USD,Nagoya,https://www.beforward.jp/jeep/wrangler/ce135446/id/16016812/,https://image-cdn.beforward.jp/medium/202607/16016812/CE135446_204d16b2.jpg?w=200,1,2026-07-22 12:48:11.230783
BE FORWARD,CE135447,2021 JEEP RENEGADE,Jeep,Renegade,2021.0,23000.0,300.0,Petrol,Automatic,Sedan,2197015.0,14720.0,16839.0,Mombasa,USD,Nagoya,https://www.beforward.jp/jeep/renegade/ce135447/id/16016813/,https://image-cdn.beforward.jp/medium/202607/16016813/CE135447_204d16c7.jpg?w=200,1,2026-07-22 12:48:11.230783
BE FORWARD,CE133865,2018 JEEP CHEROKEE,Jeep,Cherokee,2018.0,27000.0,0.0,Petrol,Automatic,Suv,2119403.0,14200.0,,,USD,Yokohama,https://www.beforward.jp/jeep/cherokee/ce133865/id/16015333/,https://image-cdn.beforward.jp/medium/202607/16015333/CE133865_204bead8.JPG?w=200,1,2026-07-22 12:48:11.230783
BE FORWARD,CE134111,2021 JEEP WRANGLER,Jeep,Wrangler,2021.0,60668.0,0.0,Petrol,Automatic,Suv,3852239.0,25810.0,,,USD,Yokohama,https://www.beforward.jp/jeep/wrangler/ce134111/id/16015580/,https://image-cdn.beforward.jp/medium/202607/16015580/CE134111_204c0e55.JPG?w=200,1,2026-07-22 12:48:11.230783
BE FORWARD,CE134208,2021 JEEP COMPASS,Jeep,Compass,2021.0,31848.0,400.0,Petrol,Automatic,Sedan,2080597.0,13940.0,,,USD,Yokohama,https://www.beforward.jp/jeep/compass/ce134208/id/16015679/,https://image-cdn.beforward.jp/medium/202607/16015679/CE134208_204c1dad.JPG?w=200,1,2026-07-22 12:48:11.230783
BE FORWARD,CE059862,2022 JEEP COMPASS,Jeep,Compass,2022.0,39000.0,400.0,Petrol,Automatic,Sedan,2080597.0,13940.0,,,USD,Nagoya,https://www.beforward.jp/jeep/compass/ce059862/id/15940579/,https://image-cdn.beforward.jp/medium/202607/15940579/CE059862_2024539e.jpg?w=200,1,2026-07-22 12:48:11.230783
BE FORWARD,CC835308,2023 JEEP GRAND CHEROKEE,Jeep,Grand Cherokee,2023.0,18000.0,600.0,Petrol,Automatic,Suv,6991045.0,46840.0,,,USD,Osaka,https://www.beforward.jp/jeep/grand-cherokee/cc835308/id/14857996/,https://image-cdn.beforward.jp/medium/202607/14857996/CC835308_204b3044.jpg?w=200,1,2026-07-22 12:48:11.230783
BE FORWARD,CB525938,2019 JEEP RENEGADE,Jeep,Renegade,2019.0,23000.0,300.0,Petrol,Automatic,Sedan,1646269.0,11030.0,,,USD,Osaka,https://www.beforward.jp/jeep/renegade/cb525938/id/13586615/,https://image-cdn.beforward.jp/medium/202607/13586615/CB525938_204b2fe0.jpg?w=200,1,2026-07-22 12:48:11.230783
BE FORWARD,CE131917,2021 JEEP RENEGADE,Jeep,Renegade,2021.0,57000.0,300.0,Petrol,Automatic,Sedan,1916418.0,12840.0,14895.0,Mombasa,USD,Osaka,https://www.beforward.jp/jeep/renegade/ce131917/id/16013354/,https://image-cdn.beforward.jp/medium/202607/16013354/CE131917_204b3058.jpg?w=200,1,2026-07-22 12:48:11.230783
BE FORWARD,CE131919,2023 JEEP GRAND CHEROKEE,Jeep,Grand Cherokee,2023.0,39000.0,0.0,Petrol,Automatic,Suv,6111940.0,40950.0,43574.0,Mombasa,USD,Osaka,https://www.beforward.jp/jeep/grand-cherokee/ce131919/id/16013356/,https://image-cdn.beforward.jp/medium/202607/16013356/CE131919_204b3080.jpg?w=200,1,2026-07-22 12:48:11.230783
BE FORWARD,CD873272,2020 JEEP WRANGLER,Jeep,Wrangler,2020.0,63382.0,0.0,Petrol,Automatic,Suv,3852239.0,25810.0,28380.0,Mombasa,USD,Nagoya,https://www.beforward.jp/jeep/wrangler/cd873272/id/15830952/,https://image-cdn.beforward.jp/medium/202607/15830952/CD873272_1fec83ff.jpg?w=200,1,2026-07-22 12:48:11.230783
BE FORWARD,CD784690,2020 JEEP RENEGADE,Jeep,Renegade,2020.0,46045.0,300.0,Petrol,Automatic,Sedan,1946269.0,13040.0,15121.0,Mombasa,USD,Nagoya,https://www.beforward.jp/jeep/renegade/cd784690/id/15742185/,https://image-cdn.beforward.jp/medium/202607/15742185/CD784690_1fc51fd2.jpg?w=200,1,2026-07-22 12:48:11.230783
BE FORWARD,CE131177,2019 JEEP RENEGADE,Jeep,Renegade,2019.0,68974.0,300.0,Petrol,Automatic,Sedan,1423881.0,9540.0,11595.0,Mombasa,USD,Nagoya,https://www.beforward.jp/jeep/renegade/ce131177/id/16012607/,https://image-cdn.beforward.jp/medium/202607/16012607/CE131177_204ad72a.jpg?w=200,1,2026-07-22 12:48:11.230783
BE FORWARD,CE131184,2021 JEEP COMPASS,Jeep,Compass,2021.0,33593.0,400.0,Petrol,Automatic,Sedan,2456716.0,16460.0,18564.0,Mombasa,USD,Nagoya,https://www.beforward.jp/jeep/compass/ce131184/id/16012614/,https://image-cdn.beforward.jp/medium/202607/16012614/CE131184_204ad7f2.jpg?w=200,1,2026-07-22 12:48:11.230783
BE FORWARD,CE131272,2021 JEEP RENEGADE,Jeep,Renegade,2021.0,34815.0,300.0,Petrol,Automatic,Sedan,2074627.0,13900.0,15991.0,Mombasa,USD,Yokohama,https://www.beforward.jp/jeep/renegade/ce131272/id/16012703/,https://image-cdn.beforward.jp/medium/202607/16012703/CE131272_204ae16f.jpg?w=200,1,2026-07-22 12:48:11.230783
BE FORWARD,CE131273,2021 JEEP RENEGADE,Jeep,Renegade,2021.0,33672.0,300.0,Petrol,Automatic,Sedan,2377612.0,15930.0,18021.0,Mombasa,USD,Yokohama,https://www.beforward.jp/jeep/renegade/ce131273/id/16012704/,https://image-cdn.beforward.jp/medium/202607/16012704/CE131273_204ae18f.jpg?w=200,1,2026-07-22 12:48:11.230783
BE FORWARD,CE131274,2024 JEEP RENEGADE LIMITEDRHD,Jeep,Renegade Limitedrhd,2024.0,21804.0,300.0,Petrol,Automatic,Sedan,2985075.0,20000.0,22091.0,Mombasa,USD,Yokohama,https://www.beforward.jp/jeep/renegade/ce131274/id/16012705/,https://image-cdn.beforward.jp/medium/202607/16012705/CE131274_204ae1af.jpg?w=200,1,2026-07-22 12:48:11.230783
BE FORWARD,CE131276,2021 JEEP COMPASS LONGITUDE,Jeep,Compass Longitude,2021.0,10480.0,400.0,Petrol,Automatic,Sedan,2598507.0,17410.0,19524.0,Mombasa,USD,Yokohama,https://www.beforward.jp/jeep/compass/ce131276/id/16012707/,https://image-cdn.beforward.jp/medium/202607/16012707/CE131276_204ae1ef.jpg?w=200,1,2026-07-22 12:48:11.230783
BE FORWARD,CE131492,2021 JEEP WRANGLER,Jeep,Wrangler,2021.0,37018.0,600.0,Petrol,Automatic,Suv,4037313.0,27050.0,29742.0,Mombasa,USD,Yokohama,https://www.beforward.jp/jeep/wrangler/ce131492/id/16012927/,https://image-cdn.beforward.jp/medium/202607/16012927/CE131492_204af9b9.jpg?w=200,1,2026-07-22 12:48:11.230783
BE FORWARD,CE131495,2019 JEEP CHEROKEE TRAILHAWK,Jeep,Cherokee Trailhawk,2019.0,33838.0,0.0,Petrol,Automatic,Suv,2174627.0,14570.0,17298.0,Mombasa,USD,Kobe,https://www.beforward.jp/jeep/cherokee/ce131495/id/16012930/,https://image-cdn.beforward.jp/medium/202607/16012930/CE131495_204afa1c.jpg?w=200,1,2026-07-22 12:48:11.230783
BE FORWARD,CE131496,2019 JEEP WRANGLER UNLIMITEDSAHARA,Jeep,Wrangler Unlimitedsahara,2019.0,90484.0,600.0,Petrol,Automatic,Suv,3197015.0,21420.0,24000.0,Mombasa,USD,Yokohama,https://www.beforward.jp/jeep/wrangler/ce131496/id/16012931/,https://image-cdn.beforward.jp/medium/202607/16012931/CE131496_204afa3d.jpg?w=200,1,2026-07-22 12:48:11.230783
BE FORWARD,CE131498,2021 JEEP RENEGADE,Jeep,Renegade,2021.0,26801.0,300.0,Petrol,Automatic,Sedan,2262687.0,15160.0,17370.0,Mombasa,USD,Kobe,https://www.beforward.jp/jeep/renegade/ce131498/id/16012933/,https://image-cdn.beforward.jp/medium/202607/16012933/CE131498_204afa7f.jpg?w=200,1,2026-07-22 12:48:11.230783
BE FORWARD,CE131511,2026 JEEP WRANGLER UNLIMITEDSPORT,Jeep,Wrangler Unlimitedsport,2026.0,300.0,0.0,Petrol,Automatic,Suv,6070149.0,40670.0,,,USD,Yokohama,https://www.beforward.jp/jeep/wrangler/ce131511/id/16012946/,https://image-cdn.beforward.jp/medium/202607/16012946/CE131511_204afc2c.jpg?w=200,1,2026-07-22 12:48:11.230783
BE FORWARD,CE131524,2021 JEEP WRANGLER UNLIMITEDSPORTRHD,Jeep,Wrangler Unlimitedsportrhd,2021.0,60649.0,600.0,Petrol,Automatic,Suv,4171642.0,27950.0,,,USD,Yokohama,https://www.beforward.jp/jeep/wrangler/ce131524/id/16012959/,https://image-cdn.beforward.jp/medium/202607/16012959/CE131524_204afdbe.jpg?w=200,1,2026-07-22 12:48:11.230783
BE FORWARD,CE131532,2026 JEEP COMMANDER LIMITED2.0LI4TURB,Jeep,Commander Limited2.0Li4Turb,2026.0,200.0,0.0,Petrol,Automatic,Sedan,4874627.0,32660.0,,,USD,Yokohama,https://www.beforward.jp/jeep/commander/ce131532/id/16012967/,https://image-cdn.beforward.jp/medium/202607/16012967/CE131532_204afec6.jpg?w=200,1,2026-07-22 12:48:11.230783
BE FORWARD,CE131534,2018 JEEP RENEGADE TRAILHAWK,Jeep,Renegade Trailhawk,2018.0,37584.0,400.0,Petrol,Automatic,Sedan,1610448.0,10790.0,,,USD,Kobe,https://www.beforward.jp/jeep/renegade/ce131534/id/16012969/,https://image-cdn.beforward.jp/medium/202607/16012969/CE131534_204aff19.jpg?w=200,1,2026-07-22 12:48:11.230783
BE FORWARD,CE131537,2023 JEEP RENEGADE,Jeep,Renegade,2023.0,21684.0,300.0,Petrol,Automatic,Sedan,2492537.0,16700.0,18791.0,Mombasa,USD,Yokohama,https://www.beforward.jp/jeep/renegade/ce131537/id/16012972/,https://image-cdn.beforward.jp/medium/202607/16012972/CE131537_204aff7c.jpg?w=200,1,2026-07-22 12:48:11.230783
BE FORWARD,CE131538,2021 JEEP RENEGADE 4XE,Jeep,Renegade 4Xe,2021.0,10521.0,300.0,Petrol,Automatic,Sedan,2861194.0,19170.0,21261.0,Mombasa,USD,Yokohama,https://www.beforward.jp/jeep/renegade/ce131538/id/16012973/,https://image-cdn.beforward.jp/medium/202607/16012973/CE131538_204aff9d.jpg?w=200,1,2026-07-22 12:48:11.230783
BE FORWARD,CE131542,2018 JEEP WRANGLER UNLIMITED,Jeep,Wrangler Unlimited,2018.0,83726.0,600.0,Petrol,Automatic,Suv,2825373.0,18930.0,21427.0,Mombasa,USD,Yokohama,https://www.beforward.jp/jeep/wrangler/ce131542/id/16012977/,https://image-cdn.beforward.jp/medium/202607/16012977/CE131542_204b0021.jpg?w=200,1,2026-07-22 12:48:11.230783
BE FORWARD,CE131543,2019 JEEP RENEGADE LIMITEDRHD,Jeep,Renegade Limitedrhd,2019.0,35053.0,300.0,Petrol,Automatic,Sedan,1974627.0,13230.0,15440.0,Mombasa,USD,Kobe,https://www.beforward.jp/jeep/renegade/ce131543/id/16012978/,https://image-cdn.beforward.jp/medium/202607/16012978/CE131543_204b0042.jpg?w=200,1,2026-07-22 12:48:11.230783
BE FORWARD,CE131545,2023 JEEP RENEGADE LIMITEDRHD,Jeep,Renegade Limitedrhd,2023.0,17854.0,300.0,Petrol,Automatic,Sedan,2841791.0,19040.0,21189.0,Mombasa,USD,Kyoto,https://www.beforward.jp/jeep/renegade/ce131545/id/16012980/,https://image-cdn.beforward.jp/medium/202607/16012980/CE131545_204b0074.jpg?w=200,1,2026-07-22 12:48:11.230783
BE FORWARD,CE131548,2021 JEEP RENEGADE 80TH,Jeep,Renegade 80Th,2021.0,32468.0,300.0,Petrol,Automatic,Sedan,2580597.0,17290.0,19407.0,Mombasa,USD,Kobe,https://www.beforward.jp/jeep/renegade/ce131548/id/16012983/,https://image-cdn.beforward.jp/medium/202607/16012983/CE131548_204b00d7.jpg?w=200,1,2026-07-22 12:48:11.230783
BE FORWARD,CE131569,2022 JEEP RENEGADE,Jeep,Renegade,2022.0,22022.0,300.0,Petrol,Automatic,Sedan,2522388.0,16900.0,19049.0,Mombasa,USD,Kyoto,https://www.beforward.jp/jeep/renegade/ce131569/id/16013004/,https://image-cdn.beforward.jp/medium/202607/16013004/CE131569_204b036c.jpg?w=200,1,2026-07-22 12:48:11.230783
BE FORWARD,CE131573,2018 JEEP COMPASS LIMITED,Jeep,Compass Limited,2018.0,43515.0,400.0,Petrol,Automatic,Sedan,1328358.0,8900.0,11126.0,Mombasa,USD,Kobe,https://www.beforward.jp/jeep/compass/ce131573/id/16013008/,https://image-cdn.beforward.jp/medium/202607/16013008/CE131573_204b0407.jpg?w=200,1,2026-07-22 12:48:11.230783
BE FORWARD,CE131580,2020 JEEP GRAND CHEROKEE,Jeep,Grand Cherokee,2020.0,19807.0,600.0,Petrol,Automatic,Suv,3079104.0,20630.0,23213.0,Mombasa,USD,Yokohama,https://www.beforward.jp/jeep/grand-cherokee/ce131580/id/16013015/,https://image-cdn.beforward.jp/medium/202607/16013015/CE131580_204b04ee.jpg?w=200,1,2026-07-22 12:48:11.230783
BE FORWARD,CE131583,2024 JEEP GRAND CHEROKEE 30THANNIVERSARYEDI,Jeep,Grand Cherokee 30Thanniversaryedi,2024.0,35991.0,0.0,Petrol,Automatic,Suv,5488060.0,36770.0,39549.0,Mombasa,USD,Kobe,https://www.beforward.jp/jeep/grand-cherokee/ce131583/id/16013018/,https://image-cdn.beforward.jp/medium/202607/16013018/CE131583_204b0550.jpg?w=200,1,2026-07-22 12:48:11.230783
BE FORWARD,CE131584,2021 JEEP RENEGADE 80TH,Jeep,Renegade 80Th,2021.0,20354.0,300.0,Petrol,Automatic,Sedan,3117910.0,20890.0,23100.0,Mombasa,USD,Kobe,https://www.beforward.jp/jeep/renegade/ce131584/id/16013019/,https://image-cdn.beforward.jp/medium/202607/16013019/CE131584_204b0571.jpg?w=200,1,2026-07-22 12:48:11.230783
BE FORWARD,CE131585,2026 JEEP COMPASS LIMITED2.4LAWD9AT,Jeep,Compass Limited2.4Lawd9At,2026.0,200.0,400.0,Petrol,Automatic,Sedan,4431343.0,29690.0,31804.0,Mombasa,USD,Yokohama,https://www.beforward.jp/jeep/compass/ce131585/id/16013020/,https://image-cdn.beforward.jp/medium/202607/16013020/CE131585_204b0592.jpg?w=200,1,2026-07-22 12:48:11.230783
BE FORWARD,CE130753,2019 JEEP RENEGADE,Jeep,Renegade,2019.0,70546.0,300.0,Petrol,Automatic,Sedan,1568657.0,10510.0,12601.0,Mombasa,USD,Yokohama,https://www.beforward.jp/jeep/renegade/ce130753/id/16012177/,https://image-cdn.beforward.jp/medium/202607/16012177/CE130753_204a73e6.jpg?w=200,1,2026-07-22 12:48:11.230783
BE FORWARD,CE130025,2024 JEEP JEEP OTHERS,Jeep,Jeep Others,2024.0,17800.0,,Electric,Automatic,Sedan,2482090.0,16630.0,,,USD,Osaka,https://www.beforward.jp/jeep/jeep-others/ce130025/id/16011503/,https://image-cdn.beforward.jp/medium/202607/16011503/CE130025_2037082b.jpg?w=200,1,2026-07-22 12:48:11.230783
BE FORWARD,CE129897,2020 JEEP RENEGADE,Jeep,Renegade,2020.0,7070.0,331.0,Petrol,Automatic,Sedan,2568657.0,17210.0,,,USD,Hokkaido,https://www.beforward.jp/jeep/renegade/ce129897/id/16011374/,https://image-cdn.beforward.jp/medium/202607/16011374/CE129897_203fc37e.jpg?w=200,1,2026-07-22 12:48:11.230783
BE FORWARD,CE129888,2020 JEEP WRANGLER,Jeep,Wrangler,2020.0,72950.0,604.0,Petrol,Automatic,Suv,3082090.0,20650.0,,,USD,Yokohama,https://www.beforward.jp/jeep/wrangler/ce129888/id/16011365/,https://image-cdn.beforward.jp/medium/202607/16011365/CE129888_203768ae.jpg?w=200,1,2026-07-22 12:48:11.230783
BE FORWARD,CE129064,2022 JEEP COMPASS,Jeep,Compass,2022.0,45050.0,359.0,Petrol,Automatic,Sedan,2649254.0,17750.0,,,USD,Hokkaido,https://www.beforward.jp/jeep/compass/ce129064/id/16010540/,https://image-cdn.beforward.jp/medium/202607/16010540/CE129064_20375156.jpg?w=200,1,2026-07-22 12:48:11.230783
BE FORWARD,CE128375,2023 JEEP GRAND CHEROKEE,Jeep,Grand Cherokee,2023.0,16000.0,0.0,Petrol,Automatic,Suv,5679104.0,38050.0,,,USD,Osaka,https://www.beforward.jp/jeep/grand-cherokee/ce128375/id/16009845/,https://image-cdn.beforward.jp/medium/202607/16009845/CE128375_204eb4e7.jpg?w=200,1,2026-07-22 12:48:11.230783
BE FORWARD,CE127516,2019 JEEP RENEGADE,Jeep,Renegade,2019.0,67231.0,300.0,Petrol,Automatic,Sedan,1522388.0,10200.0,12571.0,Mombasa,USD,Yokohama,https://www.beforward.jp/jeep/renegade/ce127516/id/16008937/,https://image-cdn.beforward.jp/medium/202607/16008937/CE127516_2048105a.jpg?w=200,1,2026-07-22 12:48:11.230783
BE FORWARD,CE126700,2022 JEEP WRANGLER,Jeep,Wrangler,2022.0,18605.0,0.0,Petrol,Automatic,Suv,5517910.0,36970.0,39898.0,Mombasa,USD,Kobe,https://www.beforward.jp/jeep/wrangler/ce126700/id/16008121/,https://image-cdn.beforward.jp/medium/202607/16008121/CE126700_2047c35e.jpg?w=200,1,2026-07-22 12:48:11.230783
BE FORWARD,CE127439,2024 JEEP RENEGADE,Jeep,Renegade,2024.0,12000.0,300.0,Petrol,Automatic,Sedan,2923881.0,19590.0,21671.0,Mombasa,USD,Nagoya,https://www.beforward.jp/jeep/renegade/ce127439/id/16008860/,https://image-cdn.beforward.jp/medium/202607/16008860/CE127439_204807a6.jpg?w=200,1,2026-07-22 12:48:11.230783
BE FORWARD,CD409059,2018 JEEP COMPASS,Jeep,Compass,2018.0,70803.0,400.0,Petrol,Automatic,Sedan,817910.0,5480.0,7577.0,Mombasa,USD,Nagoya,https://www.beforward.jp/jeep/compass/cd409059/id/15363518/,https://image-cdn.beforward.jp/medium/202605/15363518/CD409059_1f136a82.JPG?w=200,1,2026-07-22 12:48:11.230783
BE FORWARD,CE124244,2023 JEEP COMMANDER,Jeep,Commander,2023.0,16257.0,0.0,Diesel,Automatic,Van,3553731.0,23810.0,26186.0,Mombasa,USD,Kyushu,https://www.beforward.jp/jeep/commander/ce124244/id/16005660/,https://image-cdn.beforward.jp/medium/202607/16005660/CE124244_2045f67b.JPG?w=200,1,2026-07-22 12:48:11.230783
BE FORWARD,CE124254,2020 JEEP WRANGLER,Jeep,Wrangler,2020.0,40468.0,600.0,Petrol,Automatic,Suv,3419403.0,22910.0,25874.0,Mombasa,USD,Yokohama,https://www.beforward.jp/jeep/wrangler/ce124254/id/16005670/,https://image-cdn.beforward.jp/medium/202607/16005670/CE124254_2045f828.JPG?w=200,1,2026-07-22 12:48:11.230783
BE FORWARD,CE124434,2023 JEEP WRANGLER,Jeep,Wrangler,2023.0,30720.0,0.0,Petrol,Automatic,Suv,4844776.0,32460.0,35134.0,Mombasa,USD,Yokohama,https://www.beforward.jp/jeep/wrangler/ce124434/id/16005850/,https://image-cdn.beforward.jp/medium/202607/16005850/CE124434_2046159d.JPG?w=200,1,2026-07-22 12:48:11.230783
BE FORWARD,CE124512,2018 JEEP WRANGLER,Jeep,Wrangler,2018.0,42768.0,600.0,Petrol,Automatic,Suv,2697015.0,18070.0,21459.0,Mombasa,USD,Kyushu,https://www.beforward.jp/jeep/wrangler/ce124512/id/16005928/,https://image-cdn.beforward.jp/medium/202607/16005928/CE124512_204620f9.JPG?w=200,1,2026-07-22 12:48:11.230783
BE FORWARD,CE124630,2019 JEEP COMPASS,Jeep,Compass,2019.0,52000.0,400.0,Petrol,Automatic,Sedan,1444776.0,9680.0,11848.0,Mombasa,USD,Yokohama,https://www.beforward.jp/jeep/compass/ce124630/id/16006046/,https://image-cdn.beforward.jp/medium/202607/16006046/CE124630_20463223.JPG?w=200,1,2026-07-22 12:48:11.230783
BE FORWARD,CE123254,2020 JEEP COMPASS,Jeep,Compass,2020.0,88552.0,400.0,Petrol,Automatic,Sedan,1252239.0,8390.0,10510.0,Mombasa,USD,Nagoya,https://www.beforward.jp/jeep/compass/ce123254/id/16004655/,https://image-cdn.beforward.jp/medium/202607/16004655/CE123254_204511c7.jpg?w=200,1,2026-07-22 12:48:11.230783
BE FORWARD,CE122342,2021 JEEP RENEGADE,Jeep,Renegade,2021.0,29000.0,300.0,Petrol,Automatic,Sedan,1740299.0,11660.0,13715.0,Mombasa,USD,Osaka,https://www.beforward.jp/jeep/renegade/ce122342/id/16003734/,https://image-cdn.beforward.jp/medium/202607/16003734/CE122342_204b3030.jpg?w=200,1,2026-07-22 12:48:11.230783
BE FORWARD,CE122343,2023 JEEP WRANGLER,Jeep,Wrangler,2023.0,18000.0,0.0,Petrol,Automatic,Suv,5235821.0,35080.0,37770.0,Mombasa,USD,Osaka,https://www.beforward.jp/jeep/wrangler/ce122343/id/16003735/,https://image-cdn.beforward.jp/medium/202607/16003735/CE122343_204b301c.jpg?w=200,1,2026-07-22 12:48:11.230783
BE FORWARD,CE122344,2025 JEEP COMPASS,Jeep,Compass,2025.0,11000.0,400.0,Petrol,Automatic,Sedan,3377612.0,22630.0,24708.0,Mombasa,USD,Osaka,https://www.beforward.jp/jeep/compass/ce122344/id/16003736/,https://image-cdn.beforward.jp/medium/202607/16003736/CE122344_204b3008.jpg?w=200,1,2026-07-22 12:48:11.230783
BE FORWARD,CE122345,2023 JEEP COMMANDER,Jeep,Commander,2023.0,8000.0,0.0,Diesel,Automatic,Van,3637313.0,24370.0,26720.0,Mombasa,USD,Osaka,https://www.beforward.jp/jeep/commander/ce122345/id/16003737/,https://image-cdn.beforward.jp/medium/202607/16003737/CE122345_204b2ff4.jpg?w=200,1,2026-07-22 12:48:11.230783
BE FORWARD,CE122203,2025 JEEP WRANGLER,Jeep,Wrangler,2025.0,10000.0,0.0,Petrol,Automatic,Suv,6110448.0,40940.0,43654.0,Mombasa,USD,Osaka,https://www.beforward.jp/jeep/wrangler/ce122203/id/16003591/,https://image-cdn.beforward.jp/medium/202607/16003591/CE122203_20447ad2.jpg?w=200,1,2026-07-22 12:48:11.230783
BE FORWARD,CE122160,2021 JEEP WRANGLER,Jeep,Wrangler,2021.0,30638.0,600.0,Petrol,Automatic,Suv,4791045.0,32100.0,,,USD,Yokohama,https://www.beforward.jp/jeep/wrangler/ce122160/id/16003548/,https://image-cdn.beforward.jp/medium/202607/16003548/CE122160_2044759f.jpg?w=200,1,2026-07-22 12:48:11.230783
BE FORWARD,CE122178,2022 JEEP GRAND CHEROKEE,Jeep,Grand Cherokee,2022.0,49000.0,600.0,Petrol,Automatic,Suv,4786567.0,32070.0,,,USD,Hokkaido,https://www.beforward.jp/jeep/grand-cherokee/ce122178/id/16003566/,https://image-cdn.beforward.jp/medium/202607/16003566/CE122178_204477ce.jpg?w=200,1,2026-07-22 12:48:11.230783
BE FORWARD,CE122270,2026 JEEP COMMANDER,Jeep,Commander,2026.0,3000.0,0.0,Petrol,Automatic,Sedan,4959701.0,33230.0,,,USD,Hokkaido,https://www.beforward.jp/jeep/commander/ce122270/id/16003658/,https://image-cdn.beforward.jp/medium/202607/16003658/CE122270_20448752.jpg?w=200,1,2026-07-22 12:48:11.230783
BE FORWARD,CE121121,2021 JEEP COMPASS,Jeep,Compass,2021.0,73761.0,400.0,Petrol,Automatic,Sedan,1879104.0,12590.0,,,USD,Yokohama,https://www.beforward.jp/jeep/compass/ce121121/id/16002493/,https://image-cdn.beforward.jp/medium/202607/16002493/CE121121_20439a89.jpg?w=200,1,2026-07-22 12:48:11.230783
BE FORWARD,CE118815,2019 JEEP WRANGLER,Jeep,Wrangler,2019.0,58003.0,0.0,Petrol,Automatic,Suv,4237313.0,28390.0,31555.0,Mombasa,USD,Yokohama,https://www.beforward.jp/jeep/wrangler/ce118815/id/15999967/,https://image-cdn.beforward.jp/medium/202607/15999967/CE118815_20427aed.jpg?w=200,1,2026-07-22 12:48:11.230783
BE FORWARD,CE118164,2020 JEEP RENEGADE,Jeep,Renegade,2020.0,12000.0,300.0,Petrol,Automatic,Sedan,2088060.0,13990.0,16045.0,Mombasa,USD,Osaka,https://www.beforward.jp/jeep/renegade/ce118164/id/15999161/,https://image-cdn.beforward.jp/medium/202607/15999161/CE118164_20422c3b.jpg?w=200,1,2026-07-22 12:48:11.230783
BE FORWARD,CE115789,2021 JEEP WRANGLER,Jeep,Wrangler,2021.0,140500.0,600.0,Petrol,Automatic,Suv,3325373.0,22280.0,25102.0,Mombasa,USD,Hokkaido,https://www.beforward.jp/jeep/wrangler/ce115789/id/15996390/,https://image-cdn.beforward.jp/medium/202607/15996390/CE115789_2040347c.jpg?w=200,1,2026-07-22 12:48:11.230783
BE FORWARD,CE115836,2022 JEEP GRAND CHEROKEE,Jeep,Grand Cherokee,2022.0,21589.0,600.0,Petrol,Automatic,Suv,5132836.0,34390.0,37141.0,Mombasa,USD,Nagoya,https://www.beforward.jp/jeep/grand-cherokee/ce115836/id/15996437/,https://image-cdn.beforward.jp/medium/202607/15996437/CE115836_2040387c.jpg?w=200,1,2026-07-22 12:48:11.230783
BE FORWARD,CE116290,2021 JEEP RENEGADE,Jeep,Renegade,2021.0,17000.0,300.0,Petrol,Automatic,Sedan,2247761.0,15060.0,17141.0,Mombasa,USD,Nagoya,https://www.beforward.jp/jeep/renegade/ce116290/id/15996891/,https://image-cdn.beforward.jp/medium/202607/15996891/CE116290_204066a1.jpg?w=200,1,2026-07-22 12:48:11.230783
BE FORWARD,CE116292,2024 JEEP RENEGADE,Jeep,Renegade,2024.0,8000.0,300.0,Petrol,Automatic,Sedan,2949254.0,19760.0,21841.0,Mombasa,USD,Nagoya,https://www.beforward.jp/jeep/renegade/ce116292/id/15996893/,https://image-cdn.beforward.jp/medium/202607/15996893/CE116292_2040671a.jpg?w=200,1,2026-07-22 12:48:11.230783
BE FORWARD,CE116473,2023 JEEP GRAND CHEROKEE,Jeep,Grand Cherokee,2023.0,65000.0,600.0,Petrol,Automatic,Suv,5750746.0,38530.0,41282.0,Mombasa,USD,Nagoya,https://www.beforward.jp/jeep/grand-cherokee/ce116473/id/15997076/,https://image-cdn.beforward.jp/medium/202607/15997076/CE116473_20407453.jpg?w=200,1,2026-07-22 12:48:11.230783
BE FORWARD,CE115149,2021 JEEP WRANGLER,Jeep,Wrangler,2021.0,21000.0,600.0,Petrol,Automatic,Suv,5297015.0,35490.0,38070.0,Mombasa,USD,Yokohama,https://www.beforward.jp/jeep/wrangler/ce115149/id/15995742/,https://image-cdn.beforward.jp/medium/202607/15995742/CE115149_203f77e0.jpg?w=200,1,2026-07-22 12:48:11.230783
BE FORWARD,CE114580,2023 JEEP COMMANDER,Jeep,Commander,2023.0,44000.0,0.0,Diesel,Automatic,Van,3549254.0,23780.0,26156.0,Mombasa,USD,Nagoya,https://www.beforward.jp/jeep/commander/ce114580/id/15995167/,https://image-cdn.beforward.jp/medium/202607/15995167/CE114580_203f3708.jpg?w=200,1,2026-07-22 12:48:11.230783
BE FORWARD,CE114581,2019 JEEP WRANGLER,Jeep,Wrangler,2019.0,70000.0,600.0,Petrol,Automatic,Suv,3316418.0,22220.0,24790.0,Mombasa,USD,Nagoya,https://www.beforward.jp/jeep/wrangler/ce114581/id/15995168/,https://image-cdn.beforward.jp/medium/202607/15995168/CE114581_203f371c.jpg?w=200,1,2026-07-22 12:48:11.230783
BE FORWARD,CE114116,2023 JEEP WRANGLER,Jeep,Wrangler,2023.0,24000.0,0.0,Petrol,Automatic,Suv,5816418.0,38970.0,41637.0,Mombasa,USD,Yokohama,https://www.beforward.jp/jeep/wrangler/ce114116/id/15994699/,https://image-cdn.beforward.jp/medium/202607/15994699/CE114116_203f0344.jpg?w=200,1,2026-07-22 12:48:11.230783
BE FORWARD,CE113717,2019 JEEP GRAND CHEROKEE,Jeep,Grand Cherokee,2019.0,22000.0,600.0,Petrol,Automatic,Suv,3082090.0,20650.0,23211.0,Mombasa,USD,Yokohama,https://www.beforward.jp/jeep/grand-cherokee/ce113717/id/15994300/,https://image-cdn.beforward.jp/medium/202607/15994300/CE113717_203ed945.jpg?w=200,1,2026-07-22 12:48:11.230783
BE FORWARD,CE113718,2025 JEEP COMMANDER,Jeep,Commander,2025.0,300.0,0.0,Diesel,Automatic,Van,4382090.0,29360.0,31746.0,Mombasa,USD,Yokohama,https://www.beforward.jp/jeep/commander/ce113718/id/15994301/,https://image-cdn.beforward.jp/medium/202607/15994301/CE113718_203ed959.jpg?w=200,1,2026-07-22 12:48:11.230783
BE FORWARD,CE113530,2019 JEEP GRAND CHEROKEE ALTITUDE,Jeep,Grand Cherokee Altitude,2019.0,63176.0,600.0,Petrol,Automatic,Suv,2271642.0,15220.0,,,USD,Osaka,https://www.beforward.jp/jeep/grand-cherokee/ce113530/id/15994113/,https://image-cdn.beforward.jp/medium/202607/15994113/CE113530_203ec526.jpg?w=200,1,2026-07-22 12:48:11.230783
BE FORWARD,CE113535,2023 JEEP COMPASS,Jeep,Compass,2023.0,20170.0,400.0,Petrol,Automatic,Sedan,3216418.0,21550.0,,,USD,Hokkaido,https://www.beforward.jp/jeep/compass/ce113535/id/15994118/,https://image-cdn.beforward.jp/medium/202607/15994118/CE113535_203ec5c7.jpg?w=200,1,2026-07-22 12:48:11.230783
BE FORWARD,CE113739,2023 JEEP RENEGADE,Jeep,Renegade,2023.0,16300.0,300.0,Petrol,Automatic,Sedan,2513433.0,16840.0,,,USD,Yokohama,https://www.beforward.jp/jeep/renegade/ce113739/id/15994322/,https://image-cdn.beforward.jp/medium/202607/15994322/CE113739_203edbdd.jpg?w=200,1,2026-07-22 12:48:11.230783
BE FORWARD,CE110045,2020 JEEP COMPASS 2.44WD,Jeep,Compass 2.44Wd,2020.0,43460.0,400.0,Petrol,Automatic,Sedan,1662687.0,11140.0,13315.0,Mombasa,USD,Kyushu,https://www.beforward.jp/jeep/compass/ce110045/id/15990618/,https://image-cdn.beforward.jp/medium/202607/15990618/CE110045_203cc6bc.jpg?w=200,1,2026-07-22 12:48:11.230783
BE FORWARD,CE110279,2018 JEEP RENEGADE,Jeep,Renegade,2018.0,53190.0,400.0,Petrol,Automatic,Sedan,1229851.0,8240.0,10295.0,Mombasa,USD,Nagoya,https://www.beforward.jp/jeep/renegade/ce110279/id/15990852/,https://image-cdn.beforward.jp/medium/202607/15990852/CE110279_203cd88e.jpg?w=200,1,2026-07-22 12:48:11.230783
BE FORWARD,CD347013,2024 JEEP RENEGADE,Jeep,Renegade,2024.0,39681.0,300.0,Petrol,Automatic,Sedan,2291045.0,15350.0,17405.0,Mombasa,USD,Yokohama,https://www.beforward.jp/jeep/renegade/cd347013/id/15300286/,https://image-cdn.beforward.jp/medium/202605/15300286/CD347013_1ef85342.jpg?w=200,1,2026-07-22 12:48:11.230783
BE FORWARD,CD245264,2021 JEEP RENEGADE,Jeep,Renegade,2021.0,36000.0,300.0,Petrol,Automatic,Sedan,2580597.0,17290.0,19345.0,Mombasa,USD,Yokohama,https://www.beforward.jp/jeep/renegade/cd245264/id/15198803/,https://image-cdn.beforward.jp/medium/202605/15198803/CD245264_1ecab6f6.jpg?w=200,1,2026-07-22 12:48:11.230783
BE FORWARD,CD346584,2021 JEEP RENEGADE,Jeep,Renegade,2021.0,38051.0,300.0,Petrol,Automatic,Sedan,2195522.0,14710.0,16765.0,Mombasa,USD,Yokohama,https://www.beforward.jp/jeep/renegade/cd346584/id/15299857/,https://image-cdn.beforward.jp/medium/202605/15299857/CD346584_1ef82a92.jpg?w=200,1,2026-07-22 12:48:11.230783
BE FORWARD,CE109369,2018 JEEP RENEGADE,Jeep,Renegade,2018.0,57110.0,400.0,Petrol,Automatic,Sedan,1135821.0,7610.0,10134.0,Mombasa,USD,Niigata,https://www.beforward.jp/jeep/renegade/ce109369/id/15989942/,https://image-cdn.beforward.jp/medium/202607/15989942/CE109369_203c2d26.jpg?w=200,1,2026-07-22 12:48:11.230783
BE FORWARD,CE109386,2021 JEEP RENEGADE,Jeep,Renegade,2021.0,47232.0,300.0,Petrol,Automatic,Sedan,1810448.0,12130.0,14185.0,Mombasa,USD,Yokohama,https://www.beforward.jp/jeep/renegade/ce109386/id/15989959/,https://image-cdn.beforward.jp/medium/202607/15989959/CE109386_203c2ef5.jpg?w=200,1,2026-07-22 12:48:11.230783
BE FORWARD,CE109387,2022 JEEP WRANGLER,Jeep,Wrangler,2022.0,34517.0,0.0,Petrol,Automatic,Suv,4602985.0,30840.0,33384.0,Mombasa,USD,Yokohama,https://www.beforward.jp/jeep/wrangler/ce109387/id/15989960/,https://image-cdn.beforward.jp/medium/202607/15989960/CE109387_203c2f0a.jpg?w=200,1,2026-07-22 12:48:11.230783
BE FORWARD,CE109388,2023 JEEP RENEGADE,Jeep,Renegade,2023.0,14000.0,300.0,Petrol,Automatic,Sedan,2734328.0,18320.0,20375.0,Mombasa,USD,Yokohama,https://www.beforward.jp/jeep/renegade/ce109388/id/15989961/,https://image-cdn.beforward.jp/medium/202607/15989961/CE109388_203c2f39.jpg?w=200,1,2026-07-22 12:48:11.230783
BE FORWARD,CE109389,2022 JEEP RENEGADE,Jeep,Renegade,2022.0,21000.0,300.0,Petrol,Automatic,Sedan,2773134.0,18580.0,20635.0,Mombasa,USD,Yokohama,https://www.beforward.jp/jeep/renegade/ce109389/id/15989962/,https://image-cdn.beforward.jp/medium/202607/15989962/CE109389_203c2f4e.jpg?w=200,1,2026-07-22 12:48:11.230783
BE FORWARD,CE109390,2021 JEEP RENEGADE,Jeep,Renegade,2021.0,20000.0,300.0,Petrol,Automatic,Sedan,2195522.0,14710.0,16765.0,Mombasa,USD,Yokohama,https://www.beforward.jp/jeep/renegade/ce109390/id/15989963/,https://image-cdn.beforward.jp/medium/202607/15989963/CE109390_203c2f96.jpg?w=200,1,2026-07-22 12:48:11.230783
BE FORWARD,CE109409,2024 JEEP RENEGADE,Jeep,Renegade,2024.0,17000.0,300.0,Petrol,Automatic,Sedan,3294030.0,22070.0,24125.0,Mombasa,USD,Yokohama,https://www.beforward.jp/jeep/renegade/ce109409/id/15989982/,https://image-cdn.beforward.jp/medium/202607/15989982/CE109409_203c3196.jpg?w=200,1,2026-07-22 12:48:11.230783
BE FORWARD,CE109410,2024 JEEP RENEGADE,Jeep,Renegade,2024.0,18000.0,300.0,Petrol,Automatic,Sedan,3295522.0,22080.0,24135.0,Mombasa,USD,Yokohama,https://www.beforward.jp/jeep/renegade/ce109410/id/15989983/,https://image-cdn.beforward.jp/medium/202607/15989983/CE109410_203c31ab.jpg?w=200,1,2026-07-22 12:48:11.230783
BE FORWARD,CE109411,2020 JEEP COMPASS,Jeep,Compass,2020.0,41000.0,400.0,Petrol,Automatic,Sedan,2247761.0,15060.0,17131.0,Mombasa,USD,Yokohama,https://www.beforward.jp/jeep/compass/ce109411/id/15989984/,https://image-cdn.beforward.jp/medium/202607/15989984/CE109411_203c31c0.jpg?w=200,1,2026-07-22 12:48:11.230783
BE FORWARD,CE110098,2019 JEEP WRANGLER,Jeep,Wrangler,2019.0,66990.0,600.0,Petrol,Automatic,Suv,4198507.0,28130.0,30696.0,Mombasa,USD,Osaka,https://www.beforward.jp/jeep/wrangler/ce110098/id/15990671/,https://image-cdn.beforward.jp/medium/202607/15990671/CE110098_203ccaf0.jpg?w=200,1,2026-07-22 12:48:11.230783
BE FORWARD,CE110303,2021 JEEP RENEGADE,Jeep,Renegade,2021.0,26000.0,300.0,Petrol,Automatic,Sedan,2161194.0,14480.0,16561.0,Mombasa,USD,Nagoya,https://www.beforward.jp/jeep/renegade/ce110303/id/15990876/,https://image-cdn.beforward.jp/medium/202607/15990876/CE110303_203cda8f.jpg?w=200,1,2026-07-22 12:48:11.230783
BE FORWARD,CE108511,2019 JEEP RENEGADE,Jeep,Renegade,2019.0,45300.0,300.0,Petrol,Automatic,Sedan,1608955.0,10780.0,12965.0,Mombasa,USD,Yokohama,https://www.beforward.jp/jeep/renegade/ce108511/id/15989081/,https://image-cdn.beforward.jp/medium/202607/15989081/CE108511_203b9a05.jpg?w=200,1,2026-07-22 12:48:11.230783
BE FORWARD,CE107375,2021 JEEP WRANGLER,Jeep,Wrangler,2021.0,60748.0,600.0,Petrol,Automatic,Suv,3707463.0,24840.0,27384.0,Mombasa,USD,Osaka,https://www.beforward.jp/jeep/wrangler/ce107375/id/15987941/,https://image-cdn.beforward.jp/medium/202607/15987941/CE107375_203ad356.JPG?w=200,1,2026-07-22 12:48:11.230783
BE FORWARD,CE107402,2021 JEEP CHEROKEE,Jeep,Cherokee,2021.0,34240.0,0.0,Petrol,Automatic,Suv,2167164.0,14520.0,17032.0,Mombasa,USD,Hokkaido,https://www.beforward.jp/jeep/cherokee/ce107402/id/15987968/,https://image-cdn.beforward.jp/medium/202607/15987968/CE107402_203ad789.JPG?w=200,1,2026-07-22 12:48:11.230783
BE FORWARD,CE107432,2022 JEEP RENEGADE,Jeep,Renegade,2022.0,40157.0,300.0,Petrol,Automatic,Sedan,1888060.0,12650.0,,,USD,Yokohama,https://www.beforward.jp/jeep/renegade/ce107432/id/15987999/,https://image-cdn.beforward.jp/medium/202607/15987999/CE107432_203adc99.JPG?w=200,1,2026-07-22 12:48:11.230783
BE FORWARD,CE107575,2021 JEEP COMPASS,Jeep,Compass,2021.0,33684.0,400.0,Petrol,Automatic,Sedan,2744776.0,18390.0,,,USD,Niigata,https://www.beforward.jp/jeep/compass/ce107575/id/15988142/,https://image-cdn.beforward.jp/medium/202607/15988142/CE107575_203af3d4.JPG?w=200,1,2026-07-22 12:48:11.230783
BE FORWARD,CE107585,2021 JEEP WRANGLER,Jeep,Wrangler,2021.0,26299.0,600.0,Petrol,Automatic,Suv,3880597.0,26000.0,,,USD,Osaka,https://www.beforward.jp/jeep/wrangler/ce107585/id/15988152/,https://image-cdn.beforward.jp/medium/202607/15988152/CE107585_203af549.JPG?w=200,1,2026-07-22 12:48:11.230783
BE FORWARD,CE107841,2020 JEEP GRAND CHEROKEE,Jeep,Grand Cherokee,2020.0,52549.0,600.0,Petrol,Automatic,Suv,2591045.0,17360.0,,,USD,Yokohama,https://www.beforward.jp/jeep/grand-cherokee/ce107841/id/15988408/,https://image-cdn.beforward.jp/medium/202607/15988408/CE107841_203b1d6e.JPG?w=200,1,2026-07-22 12:48:11.230783
BE FORWARD,CE107978,2024 JEEP RENEGADE,Jeep,Renegade,2024.0,9002.0,300.0,Petrol,Automatic,Sedan,2908955.0,19490.0,,,USD,Yokohama,https://www.beforward.jp/jeep/renegade/ce107978/id/15988545/,https://image-cdn.beforward.jp/medium/202607/15988545/CE107978_203b331c.JPG?w=200,1,2026-07-22 12:48:11.230783
BE FORWARD,CE108109,2022 JEEP COMPASS,Jeep,Compass,2022.0,26043.0,400.0,Petrol,Automatic,Sedan,2686567.0,18000.0,,,USD,Nagoya,https://www.beforward.jp/jeep/compass/ce108109/id/15988676/,https://image-cdn.beforward.jp/medium/202607/15988676/CE108109_203b47df.JPG?w=200,1,2026-07-22 12:48:11.230783
BE FORWARD,CE104559,2025 JEEP WRANGLER,Jeep,Wrangler,2025.0,2000.0,0.0,Petrol,Automatic,Suv,6056716.0,40580.0,43254.0,Mombasa,USD,Yokohama,https://www.beforward.jp/jeep/wrangler/ce104559/id/15985117/,https://image-cdn.beforward.jp/medium/202607/15985117/CE104559_2039b64d.jpg?w=200,1,2026-07-22 12:48:11.230783
BE FORWARD,CE105165,2021 JEEP CHEROKEE S,Jeep,Cherokee S,2021.0,48719.0,0.0,Petrol,Automatic,Suv,2147761.0,14390.0,16712.0,Mombasa,USD,Nagoya,https://www.beforward.jp/jeep/cherokee/ce105165/id/15985723/,https://image-cdn.beforward.jp/medium/202607/15985723/CE105165_2039ec34.jpg?w=200,1,2026-07-22 12:48:11.230783
BE FORWARD,CE104283,2020 JEEP RENEGADE,Jeep,Renegade,2020.0,68283.0,300.0,Petrol,Automatic,Sedan,1444776.0,9680.0,11832.0,Mombasa,USD,Yokohama,https://www.beforward.jp/jeep/renegade/ce104283/id/15984915/,https://image-cdn.beforward.jp/medium/202607/15984915/CE104283_20397a1d.jpg?w=200,1,2026-07-22 12:48:11.230783
BE FORWARD,CE103615,2019 JEEP GRAND CHEROKEE,Jeep,Grand Cherokee,2019.0,77291.0,600.0,Petrol,Automatic,Suv,2359701.0,15810.0,18403.0,Mombasa,USD,Yokohama,https://www.beforward.jp/jeep/grand-cherokee/ce103615/id/15984579/,https://image-cdn.beforward.jp/medium/202607/15984579/CE103615_203948e6.jpg?w=200,1,2026-07-22 12:48:11.230783
BE FORWARD,CE103517,2021 JEEP RENEGADE,Jeep,Renegade,2021.0,22111.0,300.0,Petrol,Automatic,Sedan,2156716.0,14450.0,16821.0,Mombasa,USD,Yokohama,https://www.beforward.jp/jeep/renegade/ce103517/id/15984467/,https://image-cdn.beforward.jp/medium/202607/15984467/CE103517_20393b1f.jpg?w=200,1,2026-07-22 12:48:11.230783
BE FORWARD,CE103418,2020 JEEP WRANGLER,Jeep,Wrangler,2020.0,47329.0,0.0,Petrol,Automatic,Suv,4747761.0,31810.0,34692.0,Mombasa,USD,Yokohama,https://www.beforward.jp/jeep/wrangler/ce103418/id/15984360/,https://image-cdn.beforward.jp/medium/202607/15984360/CE103418_203931cd.jpg?w=200,1,2026-07-22 12:48:11.230783
BE FORWARD,CE100619,2023 JEEP GRAND CHEROKEE,Jeep,Grand Cherokee,2023.0,28000.0,0.0,Petrol,Automatic,Suv,5489552.0,36780.0,39426.0,Mombasa,USD,Nagoya,https://www.beforward.jp/jeep/grand-cherokee/ce100619/id/15981396/,https://image-cdn.beforward.jp/medium/202607/15981396/CE100619_2037285b.jpg?w=200,1,2026-07-22 12:48:11.230783
BE FORWARD,CE100620,2018 JEEP WRANGLER,Jeep,Wrangler,2018.0,61000.0,600.0,Petrol,Automatic,Suv,2337313.0,15660.0,18147.0,Mombasa,USD,Nagoya,https://www.beforward.jp/jeep/wrangler/ce100620/id/15981397/,https://image-cdn.beforward.jp/medium/202607/15981397/CE100620_20372870.jpg?w=200,1,2026-07-22 12:48:11.230783
BE FORWARD,CE100621,2021 JEEP RENEGADE,Jeep,Renegade,2021.0,34000.0,300.0,Petrol,Automatic,Sedan,2080597.0,13940.0,16021.0,Mombasa,USD,Nagoya,https://www.beforward.jp/jeep/renegade/ce100621/id/15981398/,https://image-cdn.beforward.jp/medium/202607/15981398/CE100621_20372885.jpg?w=200,1,2026-07-22 12:48:11.230783
BE FORWARD,CE100622,2024 JEEP COMPASS,Jeep,Compass,2024.0,6000.0,400.0,Petrol,Automatic,Sedan,2861194.0,19170.0,21274.0,Mombasa,USD,Nagoya,https://www.beforward.jp/jeep/compass/ce100622/id/15981399/,https://image-cdn.beforward.jp/medium/202607/15981399/CE100622_2037289a.jpg?w=200,1,2026-07-22 12:48:11.230783
BE FORWARD,CC197630,2021 JEEP COMPASS 80TH,Jeep,Compass 80Th,2021.0,20000.0,350.0,Petrol,Automatic,Sedan,2905970.0,19470.0,22133.0,Mombasa,USD,Yokohama,https://www.beforward.jp/jeep/compass/cc197630/id/14215022/,https://image-cdn.beforward.jp/medium/202602/14215022/CC197630_1cd4ccd8.jpg?w=200,1,2026-07-22 12:48:11.230783
BE FORWARD,CD140203,2022 JEEP RENEGADE,Jeep,Renegade,2022.0,19144.0,300.0,Petrol,Automatic,Sedan,1974627.0,13230.0,15321.0,Mombasa,USD,Yokohama,https://www.beforward.jp/jeep/renegade/cd140203/id/15093102/,https://image-cdn.beforward.jp/medium/202605/15093102/CD140203_1e997669.JPG?w=200,1,2026-07-22 12:48:11.230783
BE FORWARD,CE099120,2021 JEEP COMPASS,Jeep,Compass,2021.0,41869.0,400.0,Petrol,Automatic,Sedan,1916418.0,12840.0,14911.0,Mombasa,USD,Osaka,https://www.beforward.jp/jeep/compass/ce099120/id/15979928/,https://image-cdn.beforward.jp/medium/202607/15979928/CE099120_20364941.JPG?w=200,1,2026-07-22 12:48:11.230783
BE FORWARD,CE099193,2020 JEEP COMPASS,Jeep,Compass,2020.0,44196.0,400.0,Petrol,Automatic,Sedan,1507463.0,10100.0,12171.0,Mombasa,USD,Niigata,https://www.beforward.jp/jeep/compass/ce099193/id/15980002/,https://image-cdn.beforward.jp/medium/202607/15980002/CE099193_203653f4.JPG?w=200,1,2026-07-22 12:48:11.230783
BE FORWARD,CE140345,2019 JAGUAR F-PACE R-,Jaguar,F-Pace R-,2019.0,59420.0,995.0,Petrol,Automatic,Sedan,2214925.0,14840.0,,,USD,Yokohama,https://www.beforward.jp/jaguar/f-pace/ce140345/id/16021801/,https://image-cdn.beforward.jp/medium/202607/16021801/CE140345_20476869.jpg?w=200,1,2026-07-22 12:48:11.230783
BE FORWARD,CE059861,2018 JAGUAR JAGUAR OTHERS,Jaguar,Jaguar Others,2018.0,52000.0,0.0,Petrol,Automatic,Sedan,1223881.0,8200.0,,,USD,Nagoya,https://www.beforward.jp/jaguar/jaguar-others/ce059861/id/15940578/,https://image-cdn.beforward.jp/medium/202607/15940578/CE059861_2024538a.jpg?w=200,1,2026-07-22 12:48:11.230783
BE FORWARD,CD216213,2018 JAGUAR E-PACE 180PS,Jaguar,E-Pace 180Ps,2018.0,44726.0,0.0,Petrol,Automatic,Sedan,1561194.0,10460.0,,,USD,Nagoya,https://www.beforward.jp/jaguar/e-pace/cd216213/id/15169330/,https://image-cdn.beforward.jp/medium/202605/15169330/CD216213_1ebf6f45.jpg?w=200,1,2026-07-22 12:48:11.230783
BE FORWARD,CE126847,2019 JAGUAR E-PACE,Jaguar,E-Pace,2019.0,29230.0,990.0,Petrol,Automatic,Sedan,2744776.0,18390.0,,,USD,Osaka,https://www.beforward.jp/jaguar/e-pace/ce126847/id/16008268/,https://image-cdn.beforward.jp/medium/202607/16008268/CE126847_2047ce34.jpg?w=200,1,2026-07-22 12:48:11.230783
BE FORWARD,CE121264,2024 JAGUAR F-PACE SVR,Jaguar,F-Pace Svr,2024.0,7473.0,0.0,Petrol,Automatic,Sedan,7059701.0,47300.0,,,USD,Yokohama,https://www.beforward.jp/jaguar/f-pace/ce121264/id/16002648/,https://image-cdn.beforward.jp/medium/202607/16002648/CE121264_2043f352.jpg?w=200,1,2026-07-22 12:48:11.230783
BE FORWARD,CE121964,2020 JAGUAR E-PACE S200PS,Jaguar,E-Pace S200Ps,2020.0,6243.0,0.0,Petrol,Automatic,Sedan,2185075.0,14640.0,,,USD,Osaka,https://www.beforward.jp/jaguar/e-pace/ce121964/id/16003351/,https://image-cdn.beforward.jp/medium/202607/16003351/CE121964_20445b95.jpg?w=200,1,2026-07-22 12:48:11.230783
BE FORWARD,CD796850,2018 JAGUAR E-PACE,Jaguar,E-Pace,2018.0,133555.0,990.0,Diesel,Automatic,Sedan,991045.0,6640.0,8916.0,Mombasa,USD,Yokohama,https://www.beforward.jp/jaguar/e-pace/cd796850/id/15765461/,https://image-cdn.beforward.jp/medium/202607/15765461/CD796850_4ba370.JPG?w=200,1,2026-07-22 12:48:11.230783
BE FORWARD,CE139585,2018 JAGUAR XE XE,Jaguar,Xe Xe,2018.0,32000.0,999.0,Diesel,Automatic,Sedan,776119.0,5200.0,7172.0,Mombasa,USD,Osaka,https://www.beforward.jp/jaguar/xe/ce139585/id/16021039/,https://image-cdn.beforward.jp/medium/202607/16021039/CE139585_203fc757.jpg?w=200,1,2026-07-22 12:48:11.230783
BE FORWARD,CE132010,2019 JAGUAR JAGUAR OTHERS,Jaguar,Jaguar Others,2019.0,76201.0,0.0,Petrol,Automatic,Sedan,1914925.0,12830.0,15178.0,Mombasa,USD,Yokohama,https://www.beforward.jp/jaguar/jaguar-others/ce132010/id/16013447/,https://image-cdn.beforward.jp/medium/202607/16013447/CE132010_204b38e2.jpg?w=200,1,2026-07-22 12:48:11.230783
BE FORWARD,CE122093,2019 JAGUAR E-PACE,Jaguar,E-Pace,2019.0,89100.0,0.0,Petrol,Automatic,Sedan,1502985.0,10070.0,12234.0,Mombasa,USD,Nagoya,https://www.beforward.jp/jaguar/e-pace/ce122093/id/16003481/,https://image-cdn.beforward.jp/medium/202607/16003481/CE122093_20446bbe.jpg?w=200,1,2026-07-22 12:48:11.230783
BE FORWARD,CE114578,2018 JAGUAR JAGUAR OTHERS,Jaguar,Jaguar Others,2018.0,76000.0,0.0,Diesel,Automatic,Sedan,1929851.0,12930.0,15286.0,Mombasa,USD,Nagoya,https://www.beforward.jp/jaguar/jaguar-others/ce114578/id/15995165/,https://image-cdn.beforward.jp/medium/202607/15995165/CE114578_203f36e0.jpg?w=200,1,2026-07-22 12:48:11.230783
BE FORWARD,CE105373,2024 JAGUAR F-PACE R-SEP250,Jaguar,F-Pace R-Sep250,2024.0,16310.0,0.0,Petrol,Automatic,Sedan,5662687.0,37940.0,40274.0,Mombasa,USD,Kyushu,https://www.beforward.jp/jaguar/f-pace/ce105373/id/15985931/,https://image-cdn.beforward.jp/medium/202607/15985931/CE105373_203a00a1.jpg?w=200,1,2026-07-22 12:48:11.230783
BE FORWARD,CE105575,2020 JAGUAR XF 200PS,Jaguar,Xf 200Ps,2020.0,39389.0,0.0,Petrol,Automatic,Sedan,2002985.0,13420.0,15644.0,Mombasa,USD,Yokohama,https://www.beforward.jp/jaguar/xf/ce105575/id/15986133/,https://image-cdn.beforward.jp/medium/202607/15986133/CE105575_203a162e.jpg?w=200,1,2026-07-22 12:48:11.230783
BE FORWARD,CE086539,2021 JAGUAR XE,Jaguar,Xe,2021.0,38250.0,0.0,Petrol,Automatic,Sedan,3004478.0,20130.0,,,USD,Yokohama,https://www.beforward.jp/jaguar/xe/ce086539/id/15967412/,https://image-cdn.beforward.jp/medium/202607/15967412/CE086539_203185d9.JPG?w=200,1,2026-07-22 12:48:11.230783
BE FORWARD,CC743738,2019 JAGUAR E-PACE,Jaguar,E-Pace,2019.0,46603.0,0.0,Petrol,Automatic,Sedan,1791045.0,12000.0,,,USD,Yokohama,https://www.beforward.jp/jaguar/e-pace/cc743738/id/14764225/,https://image-cdn.beforward.jp/medium/202604/14764225/CC743738_1e01d9ef.JPG?w=200,1,2026-07-22 12:48:11.230783
BE FORWARD,CD735680,2019 JAGUAR JAGUAR OTHERS,Jaguar,Jaguar Others,2019.0,31000.0,0.0,Petrol,Automatic,Sedan,1619403.0,10850.0,,,USD,Yokohama,https://www.beforward.jp/jaguar/jaguar-others/cd735680/id/15693085/,https://image-cdn.beforward.jp/medium/202607/15693085/CD735680_2035e364.jpg?w=200,1,2026-07-22 12:48:11.230783
BE FORWARD,CE095721,2020 JAGUAR JAGUAR OTHERS,Jaguar,Jaguar Others,2020.0,43912.0,,Petrol,Cvt,Sedan,2071642.0,13880.0,,,USD,Yokohama,https://www.beforward.jp/jaguar/jaguar-others/ce095721/id/15976493/,https://image-cdn.beforward.jp/medium/202607/15976493/CE095721_2034ef58.jpg?w=200,1,2026-07-22 12:48:11.230783
BE FORWARD,CE093375,2019 JAGUAR JAGUAR OTHERS,Jaguar,Jaguar Others,2019.0,57000.0,0.0,Petrol,Automatic,Sedan,1791045.0,12000.0,,,USD,Nagoya,https://www.beforward.jp/jaguar/jaguar-others/ce093375/id/15974276/,https://image-cdn.beforward.jp/medium/202607/15974276/CE093375_2033abb5.jpg?w=200,1,2026-07-22 12:48:11.230783
BE FORWARD,CD434257,2022 JAGUAR F-PACE,Jaguar,F-Pace,2022.0,49000.0,0.0,Petrol,Automatic,Sedan,3134328.0,21000.0,,,USD,Nagoya,https://www.beforward.jp/jaguar/f-pace/cd434257/id/15389672/,https://image-cdn.beforward.jp/medium/202607/15389672/CD434257_20320815.jpg?w=200,1,2026-07-22 12:48:11.230783
BE FORWARD,CE094235,2020 JAGUAR JAGUAR OTHERS,Jaguar,Jaguar Others,2020.0,49739.0,0.0,Petrol,Automatic,Sedan,2377612.0,15930.0,17936.0,Mombasa,USD,Yokohama,https://www.beforward.jp/jaguar/jaguar-others/ce094235/id/15975454/,https://image-cdn.beforward.jp/medium/202607/15975454/CE094235_20342564.jpg?w=200,1,2026-07-22 12:48:11.230783
BE FORWARD,CC855760,2020 JAGUAR E-PACE,Jaguar,E-Pace,2020.0,44000.0,0.0,Diesel,Automatic,Sedan,1864179.0,12490.0,14680.0,Mombasa,USD,Nagoya,https://www.beforward.jp/jaguar/e-pace/cc855760/id/14878590/,https://image-cdn.beforward.jp/medium/202604/14878590/CC855760_1e3368e5.jpg?w=200,1,2026-07-22 12:48:11.230783
BE FORWARD,CD613624,2024 JAGUAR F-PACE R-HSEP250,Jaguar,F-Pace R-Hsep250,2024.0,15039.0,0.0,Petrol,Automatic,Sedan,4507463.0,30200.0,32570.0,Mombasa,USD,Yokohama,https://www.beforward.jp/jaguar/f-pace/cd613624/id/15570096/,https://image-cdn.beforward.jp/medium/202606/15570096/CD613624_1f834401.jpg?w=200,1,2026-07-22 12:48:11.230783
BE FORWARD,CE077331,2024 JAGUAR F-PACE RHSE2.0LP2504WD,Jaguar,F-Pace Rhse2.0Lp2504Wd,2024.0,15039.0,0.0,Petrol,Automatic,Sedan,4507463.0,30200.0,32570.0,Mombasa,USD,Yokohama,https://www.beforward.jp/jaguar/f-pace/ce077331/id/15957715/,https://image-cdn.beforward.jp/medium/202607/15957715/CE077331_202c41f0.jpg?w=200,1,2026-07-22 12:48:11.230783
BE FORWARD,CE070349,2024 JAGUAR F-PACE R-SED200,Jaguar,F-Pace R-Sed200,2024.0,6498.0,0.0,Diesel,Automatic,Sedan,5037313.0,33750.0,36084.0,Mombasa,USD,Osaka,https://www.beforward.jp/jaguar/f-pace/ce070349/id/15951314/,https://image-cdn.beforward.jp/medium/202607/15951314/CE070349_20293663.jpg?w=200,1,2026-07-22 12:48:11.230783
BE FORWARD,CE072580,2020 JAGUAR F-PACE,Jaguar,F-Pace,2020.0,64639.0,0.0,Diesel,Automatic,Sedan,2119403.0,14200.0,16556.0,Mombasa,USD,Nagoya,https://www.beforward.jp/jaguar/f-pace/ce072580/id/15953555/,https://image-cdn.beforward.jp/medium/202607/15953555/CE072580_2029f7e4.jpg?w=200,1,2026-07-22 12:48:11.230783
BE FORWARD,CD784351,2019 JAGUAR E-PACE S180PS,Jaguar,E-Pace S180Ps,2019.0,52043.0,0.0,Petrol,Automatic,Sedan,2080597.0,13940.0,,,USD,Nagoya,https://www.beforward.jp/jaguar/e-pace/cd784351/id/15741846/,https://image-cdn.beforward.jp/medium/202607/15741846/CD784351_1fc4fc8d.jpg?w=200,1,2026-07-22 12:48:11.230783
BE FORWARD,CD706598,2019 JAGUAR E-PACE 180PS,Jaguar,E-Pace 180Ps,2019.0,49341.0,0.0,Petrol,Automatic,Sedan,2080597.0,13940.0,,,USD,Nagoya,https://www.beforward.jp/jaguar/e-pace/cd706598/id/15663743/,https://image-cdn.beforward.jp/medium/202607/15663743/CD706598_1fc46e75.jpg?w=200,1,2026-07-22 12:48:11.230783
BE FORWARD,CE007783,2019 JAGUAR JAGUAR OTHERS RHSE2.0LP3004WD,Jaguar,Jaguar Others Rhse2.0Lp3004Wd,2019.0,44000.0,990.0,Petrol,Automatic,Sedan,2695522.0,18060.0,,,USD,Yokohama,https://www.beforward.jp/jaguar/jaguar-others/ce007783/id/15888202/,https://image-cdn.beforward.jp/medium/202607/15888202/CE007783_2006a08b.jpg?w=200,1,2026-07-22 12:48:11.230783
BE FORWARD,CE042797,2018 JAGUAR XE XER-,Jaguar,Xe Xer-,2018.0,79200.0,999.0,Petrol,Automatic,Sedan,914925.0,6130.0,,,USD,Yokohama,https://www.beforward.jp/jaguar/xe/ce042797/id/15923831/,https://image-cdn.beforward.jp/medium/202607/15923831/CE042797_2015f8f4.jpg?w=200,1,2026-07-22 12:48:11.230783
BE FORWARD,CE023994,2023 JAGUAR JAGUAR OTHERS RSE2.0LD2004WD,Jaguar,Jaguar Others Rse2.0Ld2004Wd,2023.0,14000.0,990.0,Petrol,Automatic,Sedan,5077612.0,34020.0,,,USD,Kyushu,https://www.beforward.jp/jaguar/jaguar-others/ce023994/id/15904787/,https://image-cdn.beforward.jp/medium/202607/15904787/CE023994_2010168a.jpg?w=200,1,2026-07-22 12:48:11.230783
BE FORWARD,CE023997,2019 JAGUAR XJ SERIES XJ50,Jaguar,Xj Series Xj50,2019.0,65000.0,990.0,Petrol,Automatic,Sedan,3370149.0,22580.0,24808.0,Mombasa,USD,Kyushu,https://www.beforward.jp/jaguar/xj-series/ce023997/id/15904790/,https://image-cdn.beforward.jp/medium/202607/15904790/CE023997_201016f3.jpg?w=200,1,2026-07-22 12:48:11.230783
BE FORWARD,CE024004,2021 JAGUAR JAGUAR OTHERS R5.0LP450,Jaguar,Jaguar Others R5.0Lp450,2021.0,8000.0,990.0,Petrol,Automatic,Sedan,7791045.0,52200.0,54075.0,Mombasa,USD,Kyushu,https://www.beforward.jp/jaguar/jaguar-others/ce024004/id/15904797/,https://image-cdn.beforward.jp/medium/202607/15904797/CE024004_201017da.jpg?w=200,1,2026-07-22 12:48:11.230783
BE FORWARD,CE026231,2019 JAGUAR JAGUAR OTHERS HSE4WD,Jaguar,Jaguar Others Hse4Wd,2019.0,62000.0,172.0,Electric,Automatic,Sedan,2002985.0,13420.0,,,USD,Osaka,https://www.beforward.jp/jaguar/jaguar-others/ce026231/id/15907035/,https://image-cdn.beforward.jp/medium/202607/15907035/CE026231_201176d2.jpg?w=200,1,2026-07-22 12:48:11.230783
BE FORWARD,CE026234,2020 JAGUAR JAGUAR OTHERS S4WD,Jaguar,Jaguar Others S4Wd,2020.0,28000.0,172.0,Electric,Automatic,Sedan,2195522.0,14710.0,,,USD,Osaka,https://www.beforward.jp/jaguar/jaguar-others/ce026234/id/15907038/,https://image-cdn.beforward.jp/medium/202607/15907038/CE026234_20117759.jpg?w=200,1,2026-07-22 12:48:11.230783
BE FORWARD,CE033358,2020 JAGUAR JAGUAR OTHERS 4WD,Jaguar,Jaguar Others 4Wd,2020.0,47000.0,990.0,Diesel,Automatic,Sedan,3229851.0,21640.0,23996.0,Mombasa,USD,Kyushu,https://www.beforward.jp/jaguar/jaguar-others/ce033358/id/15914167/,https://image-cdn.beforward.jp/medium/202607/15914167/CE033358_20160ed5.jpg?w=200,1,2026-07-22 12:48:11.230783
BE FORWARD,CE000415,2024 JAGUAR E-PACE RSED200,Jaguar,E-Pace Rsed200,2024.0,11896.0,997.0,Petrol,Automatic,Sedan,4131343.0,27680.0,,,USD,Nagoya,https://www.beforward.jp/jaguar/e-pace/ce000415/id/15880372/,https://image-cdn.beforward.jp/medium/202607/15880372/CE000415_1ffa4db9.jpg?w=200,1,2026-07-22 12:48:11.230783
BE FORWARD,CD919857,2018 JAGUAR E-PACE S2.0LP2504WD,Jaguar,E-Pace S2.0Lp2504Wd,2018.0,33000.0,0.0,Petrol,Automatic,Sedan,2002985.0,13420.0,,,USD,Nagoya,https://www.beforward.jp/jaguar/e-pace/cd919857/id/15877299/,https://image-cdn.beforward.jp/medium/202607/15877299/CD919857_2002e26b.jpg?w=200,1,2026-07-22 12:48:11.230783
BE FORWARD,CD912574,2019 JAGUAR F-PACE,Jaguar,F-Pace,2019.0,73000.0,0.0,Petrol,Automatic,Sedan,1502985.0,10070.0,,,USD,Yokohama,https://www.beforward.jp/jaguar/f-pace/cd912574/id/15870063/,https://image-cdn.beforward.jp/medium/202607/15870063/CD912574_1ffe3647.jpg?w=200,1,2026-07-22 12:48:11.230783
BE FORWARD,CD912488,2020 JAGUAR JAGUAR OTHERS SE,Jaguar,Jaguar Others Se,2020.0,57000.0,,Petrol,Cvt,Sedan,2061194.0,13810.0,,,USD,Yokohama,https://www.beforward.jp/jaguar/jaguar-others/cd912488/id/15869970/,https://image-cdn.beforward.jp/medium/202607/15869970/CD912488_1ffe26d9.jpg?w=200,1,2026-07-22 12:48:11.230783
BE FORWARD,CD908591,2019 JAGUAR JAGUAR OTHERS,Jaguar,Jaguar Others,2019.0,25000.0,0.0,Petrol,Automatic,Sedan,1994030.0,13360.0,,,USD,Osaka,https://www.beforward.jp/jaguar/jaguar-others/cd908591/id/15866053/,https://image-cdn.beforward.jp/medium/202607/15866053/CD908591_1ffc233f.jpg?w=200,1,2026-07-22 12:48:11.230783
BE FORWARD,CD900386,2022 JAGUAR F-PACE R-SEP250,Jaguar,F-Pace R-Sep250,2022.0,37717.0,0.0,Petrol,Automatic,Sedan,3910448.0,26200.0,,,USD,Hokkaido,https://www.beforward.jp/jaguar/f-pace/cd900386/id/15858596/,https://image-cdn.beforward.jp/medium/202607/15858596/CD900386_1ff83e4c.jpg?w=200,1,2026-07-22 12:48:11.230783
BE FORWARD,CD913257,2020 JAGUAR XE SD180,Jaguar,Xe Sd180,2020.0,64222.0,0.0,Diesel,Automatic,Sedan,1762687.0,11810.0,13816.0,Mombasa,USD,Yokohama,https://www.beforward.jp/jaguar/xe/cd913257/id/15870752/,https://image-cdn.beforward.jp/medium/202607/15870752/CD913257_1ffec062.jpg?w=200,1,2026-07-22 12:48:11.230783
BE FORWARD,CD908584,2018 JAGUAR JAGUAR OTHERS,Jaguar,Jaguar Others,2018.0,23000.0,0.0,Petrol,Automatic,Sedan,3852239.0,25810.0,28051.0,Mombasa,USD,Osaka,https://www.beforward.jp/jaguar/jaguar-others/cd908584/id/15866046/,https://image-cdn.beforward.jp/medium/202607/15866046/CD908584_1ffc229c.jpg?w=200,1,2026-07-22 12:48:11.230783
BE FORWARD,CD899073,2018 JAGUAR JAGUAR OTHERS,Jaguar,Jaguar Others,2018.0,56496.0,0.0,Diesel,Automatic,Sedan,1137313.0,7620.0,9955.0,Mombasa,USD,Kobe,https://www.beforward.jp/jaguar/jaguar-others/cd899073/id/15857275/,https://image-cdn.beforward.jp/medium/202607/15857275/CD899073_1ff77aff.jpg?w=200,1,2026-07-22 12:48:11.230783
BE FORWARD,CD893145,2019 JAGUAR E-PACE S180PS,Jaguar,E-Pace S180Ps,2019.0,31810.0,999.0,Diesel,Automatic,Sedan,1926866.0,12910.0,15074.0,Mombasa,USD,Yokohama,https://www.beforward.jp/jaguar/e-pace/cd893145/id/15850528/,https://image-cdn.beforward.jp/medium/202607/15850528/CD893145_1ff4bd27.jpg?w=200,1,2026-07-22 12:48:11.230783
BE FORWARD,CD893426,2022 JAGUAR E-PACE RSD200,Jaguar,E-Pace Rsd200,2022.0,20200.0,997.0,Diesel,Automatic,Sedan,3371642.0,22590.0,24790.0,Mombasa,USD,Yokohama,https://www.beforward.jp/jaguar/e-pace/cd893426/id/15850814/,https://image-cdn.beforward.jp/medium/202607/15850814/CD893426_1ff4d6f0.jpg?w=200,1,2026-07-22 12:48:11.230783
BE FORWARD,CD893967,2021 JAGUAR E-PACE RSEP250,Jaguar,E-Pace Rsep250,2021.0,48500.0,995.0,Petrol,Automatic,Sedan,2437313.0,16330.0,18520.0,Mombasa,USD,Nagoya,https://www.beforward.jp/jaguar/e-pace/cd893967/id/15851360/,https://image-cdn.beforward.jp/medium/202607/15851360/CD893967_20159e9e.jpg?w=200,1,2026-07-22 12:48:11.230783
BE FORWARD,CD893969,2018 JAGUAR XE XER-,Jaguar,Xe Xer-,2018.0,67991.0,995.0,Petrol,Automatic,Sedan,1107463.0,7420.0,9418.0,Mombasa,USD,Nagoya,https://www.beforward.jp/jaguar/xe/cd893969/id/15851362/,https://image-cdn.beforward.jp/medium/202607/15851362/CD893969_1ffe57c2.jpg?w=200,1,2026-07-22 12:48:11.230783
BE FORWARD,CD889426,2019 JAGUAR F-PACE,Jaguar,F-Pace,2019.0,83727.0,0.0,Diesel,Automatic,Sedan,1926866.0,12910.0,15276.0,Mombasa,USD,Yokohama,https://www.beforward.jp/jaguar/f-pace/cd889426/id/15847187/,https://image-cdn.beforward.jp/medium/202607/15847187/CD889426_1ff3d875.JPG?w=200,1,2026-07-22 12:48:11.230783
BE FORWARD,CD886816,2019 JAGUAR E-PACE 2.0LP2004WD,Jaguar,E-Pace 2.0Lp2004Wd,2019.0,51300.0,0.0,Petrol,Automatic,Sedan,1405970.0,9420.0,,,USD,Kyushu,https://www.beforward.jp/jaguar/e-pace/cd886816/id/15844542/,https://image-cdn.beforward.jp/medium/202607/15844542/CD886816_1ff7c767.jpg?w=200,1,2026-07-22 12:48:11.230783
BE FORWARD,CD873304,2021 JAGUAR E-PACE SD200,Jaguar,E-Pace Sd200,2021.0,41398.0,0.0,Petrol,Automatic,Sedan,2928358.0,19620.0,,,USD,Nagoya,https://www.beforward.jp/jaguar/e-pace/cd873304/id/15830984/,https://image-cdn.beforward.jp/medium/202607/15830984/CD873304_2022b49d.jpg?w=200,1,2026-07-22 12:48:11.230783
BE FORWARD,CD858046,2019 JAGUAR JAGUAR OTHERS,Jaguar,Jaguar Others,2019.0,36800.0,0.0,Petrol,Automatic,Sedan,2540299.0,17020.0,,,USD,Kyushu,https://www.beforward.jp/jaguar/jaguar-others/cd858046/id/15816166/,https://image-cdn.beforward.jp/medium/202607/15816166/CD858046_1ffbf833.jpg?w=200,1,2026-07-22 12:48:11.230783
BE FORWARD,CA137273,2020 JAGUAR JAGUAR OTHERS,Jaguar,Jaguar Others,2020.0,28290.0,0.0,Petrol,Automatic,Sedan,2214925.0,14840.0,,,USD,Yokohama,https://www.beforward.jp/jaguar/jaguar-others/ca137273/id/12220399/,https://image-cdn.beforward.jp/medium/202605/12220399/CA137273_1eb94731.jpg?w=200,1,2026-07-22 12:48:11.230783
BE FORWARD,CD855800,2018 JAGUAR E-PACE SP250,Jaguar,E-Pace Sp250,2018.0,19478.0,0.0,Petrol,Automatic,Sedan,2002985.0,13420.0,,,USD,Yokohama,https://www.beforward.jp/jaguar/e-pace/cd855800/id/15814129/,https://image-cdn.beforward.jp/medium/202607/15814129/CD855800_1fe4f2a4.jpg?w=200,1,2026-07-22 12:48:11.230783
BE FORWARD,CD837560,2019 JAGUAR E-PACE S180PS,Jaguar,E-Pace S180Ps,2019.0,51000.0,999.0,Diesel,Automatic,Sedan,1773134.0,11880.0,14044.0,Mombasa,USD,Nagoya,https://www.beforward.jp/jaguar/e-pace/cd837560/id/15794817/,https://image-cdn.beforward.jp/medium/202607/15794817/CD837560_1fd3a362.jpg?w=200,1,2026-07-22 12:48:11.230783
BE FORWARD,CD837601,2024 JAGUAR F-PACE R-SED200,Jaguar,F-Pace R-Sed200,2024.0,10600.0,998.0,Diesel,Automatic,Sedan,4343284.0,29100.0,31434.0,Mombasa,USD,Nagoya,https://www.beforward.jp/jaguar/f-pace/cd837601/id/15794858/,https://image-cdn.beforward.jp/medium/202607/15794858/CD837601_1fd3a814.jpg?w=200,1,2026-07-22 12:48:11.230783
BE FORWARD,CD837639,2020 JAGUAR XE XER-SE,Jaguar,Xe Xer-Se,2020.0,65800.0,995.0,Petrol,Automatic,Sedan,1773134.0,11880.0,13855.0,Mombasa,USD,Osaka,https://www.beforward.jp/jaguar/xe/cd837639/id/15794896/,https://image-cdn.beforward.jp/medium/202607/15794896/CD837639_1fd3ad3c.jpg?w=200,1,2026-07-22 12:48:11.230783
BE FORWARD,CD837975,2020 JAGUAR JAGUAR OTHERS R-AWD,Jaguar,Jaguar Others R-Awd,2020.0,16500.0,994.0,Petrol,Automatic,Sedan,4671642.0,31300.0,33197.0,Mombasa,USD,Yokohama,https://www.beforward.jp/jaguar/jaguar-others/cd837975/id/15795235/,https://image-cdn.beforward.jp/medium/202607/15795235/CD837975_1fd3d9aa.jpg?w=200,1,2026-07-22 12:48:11.230783
BE FORWARD,CD836491,2018 JAGUAR XF XFPRESTIGESPORTBRAKE,Jaguar,Xf Xfprestigesportbrake,2018.0,43485.0,0.0,Diesel,Automatic,Sedan,1791045.0,12000.0,14303.0,Mombasa,USD,Yokohama,https://www.beforward.jp/jaguar/xf/cd836491/id/15793506/,https://image-cdn.beforward.jp/medium/202607/15793506/CD836491_1fdcddaa.jpg?w=200,1,2026-07-22 12:48:11.230783
BE FORWARD,CD826885,2019 JAGUAR E-PACE,Jaguar,E-Pace,2019.0,25910.0,0.0,Diesel,Automatic,Sedan,2095522.0,14040.0,16240.0,Mombasa,USD,Yokohama,https://www.beforward.jp/jaguar/e-pace/cd826885/id/15783868/,https://image-cdn.beforward.jp/medium/202607/15783868/CD826885_1fd6fb9d.JPG?w=200,1,2026-07-22 12:48:11.230783
BE FORWARD,CD823991,2025 JAGUAR F-PACE R-SED200,Jaguar,F-Pace R-Sed200,2025.0,10298.0,0.0,Diesel,Automatic,Sedan,5152239.0,34520.0,36880.0,Mombasa,USD,Nagoya,https://www.beforward.jp/jaguar/f-pace/cd823991/id/15780968/,https://image-cdn.beforward.jp/medium/202607/15780968/CD823991_1fd5cff5.jpg?w=200,1,2026-07-22 12:48:11.230783
BE FORWARD,CC830104,2022 JAGUAR XE XER-SE,Jaguar,Xe Xer-Se,2022.0,28850.0,995.0,Petrol,Automatic,Sedan,2600000.0,17420.0,19395.0,Mombasa,USD,Nagoya,https://www.beforward.jp/jaguar/xe/cc830104/id/14851907/,https://image-cdn.beforward.jp/medium/202604/14851907/CC830104_1e23f061.jpg?w=200,1,2026-07-22 12:48:11.230783
BE FORWARD,CD823358,2018 JAGUAR JAGUAR OTHERS,Jaguar,Jaguar Others,2018.0,27060.0,0.0,Petrol,Automatic,Sedan,1879104.0,12590.0,14790.0,Mombasa,USD,Yokohama,https://www.beforward.jp/jaguar/jaguar-others/cd823358/id/15780330/,https://image-cdn.beforward.jp/medium/202607/15780330/CD823358_1fd9ed3a.jpg?w=200,1,2026-07-22 12:48:11.230783
BE FORWARD,CD814603,2019 JAGUAR F-PACE,Jaguar,F-Pace,2019.0,47513.0,0.0,Diesel,Automatic,Sedan,2523881.0,16910.0,19528.0,Mombasa,USD,Toyama,https://www.beforward.jp/jaguar/f-pace/cd814603/id/15772127/,https://image-cdn.beforward.jp/medium/202607/15772127/CD814603_1ff3acdf.JPG?w=200,1,2026-07-22 12:48:11.230783
BE FORWARD,CD814964,2018 JAGUAR E-PACE,Jaguar,E-Pace,2018.0,59979.0,0.0,Diesel,Automatic,Sedan,1935821.0,12970.0,15422.0,Mombasa,USD,Toyama,https://www.beforward.jp/jaguar/e-pace/cd814964/id/15772488/,https://image-cdn.beforward.jp/medium/202607/15772488/CD814964_1fd29157.JPG?w=200,1,2026-07-22 12:48:11.230783
BE FORWARD,CD162509,2025 JAGUAR E-PACE RSEP250,Jaguar,E-Pace Rsep250,2025.0,6950.0,997.0,Petrol,Automatic,Sedan,3707463.0,24840.0,,,USD,Yokohama,https://www.beforward.jp/jaguar/e-pace/cd162509/id/15115569/,https://image-cdn.beforward.jp/medium/202605/15115569/CD162509_1e913e09.jpg?w=200,1,2026-07-22 12:48:11.230783
BE FORWARD,CD776521,2021 JAGUAR F-PACE RHSE2.0LP2504WD,Jaguar,F-Pace Rhse2.0Lp2504Wd,2021.0,58130.0,0.0,Petrol,Automatic,Sedan,3911940.0,26210.0,,,USD,Nagoya,https://www.beforward.jp/jaguar/f-pace/cd776521/id/15734063/,https://image-cdn.beforward.jp/medium/202607/15734063/CD776521_1fc15a5c.jpg?w=200,1,2026-07-22 12:48:11.230783
BE FORWARD,CD600105,2024 JAGUAR F-PACE R-SED200,Jaguar,F-Pace R-Sed200,2024.0,24718.0,0.0,Petrol,Automatic,Sedan,4795522.0,32130.0,,,USD,Yokohama,https://www.beforward.jp/jaguar/f-pace/cd600105/id/15556362/,https://image-cdn.beforward.jp/medium/202606/15556362/CD600105_1f6e1659.jpg?w=200,1,2026-07-22 12:48:11.230783
BE FORWARD,CD757908,2018 JAGUAR JAGUAR OTHERS,Jaguar,Jaguar Others,2018.0,86201.0,0.0,Petrol,Automatic,Sedan,1425373.0,9550.0,,,USD,Kobe,https://www.beforward.jp/jaguar/jaguar-others/cd757908/id/15715592/,https://image-cdn.beforward.jp/medium/202606/15715592/CD757908_1fb7d135.jpg?w=200,1,2026-07-22 12:48:11.230783
BE FORWARD,CD757606,2018 JAGUAR JAGUAR OTHERS,Jaguar,Jaguar Others,2018.0,57444.0,0.0,Petrol,Automatic,Sedan,2214925.0,14840.0,,,USD,Yokohama,https://www.beforward.jp/jaguar/jaguar-others/cd757606/id/15715286/,https://image-cdn.beforward.jp/medium/202606/15715286/CD757606_1fbd8aff.jpg?w=200,1,2026-07-22 12:48:11.230783
BE FORWARD,CD749434,2019 JAGUAR JAGUAR OTHERS,Jaguar,Jaguar Others,2019.0,45000.0,0.0,Petrol,Automatic,Sedan,1849254.0,12390.0,,,USD,Nagoya,https://www.beforward.jp/jaguar/jaguar-others/cd749434/id/15706513/,https://image-cdn.beforward.jp/medium/202606/15706513/CD749434_1fb3ce71.jpg?w=200,1,2026-07-22 12:48:11.230783
BE FORWARD,CD767428,2018 JAGUAR JAGUAR OTHERS R-,Jaguar,Jaguar Others R-,2018.0,7570.0,995.0,Petrol,Automatic,Sedan,4098507.0,27460.0,29321.0,Mombasa,USD,Nagoya,https://www.beforward.jp/jaguar/jaguar-others/cd767428/id/15725283/,https://image-cdn.beforward.jp/medium/202606/15725283/CD767428_1fba66f3.jpg?w=200,1,2026-07-22 12:48:11.230783
BE FORWARD,CD757907,2019 JAGUAR JAGUAR OTHERS,Jaguar,Jaguar Others,2019.0,37538.0,0.0,Diesel,Automatic,Sedan,1329851.0,8910.0,11255.0,Mombasa,USD,Kobe,https://www.beforward.jp/jaguar/jaguar-others/cd757907/id/15715591/,https://image-cdn.beforward.jp/medium/202606/15715591/CD757907_1fb7d121.jpg?w=200,1,2026-07-22 12:48:11.230783
BE FORWARD,CD737839,2022 JAGUAR F-PACE RSE2.0LP2504WD,Jaguar,F-Pace Rse2.0Lp2504Wd,2022.0,41280.0,0.0,Petrol,Automatic,Sedan,4000000.0,26800.0,29160.0,Mombasa,USD,Nagoya,https://www.beforward.jp/jaguar/f-pace/cd737839/id/15695042/,https://image-cdn.beforward.jp/medium/202606/15695042/CD737839_1facb824.jpg?w=200,1,2026-07-22 12:48:11.230783
BE FORWARD,CD728606,2020 JAGUAR XE XER-S,Jaguar,Xe Xer-S,2020.0,21510.0,999.0,Diesel,Automatic,Sedan,2311940.0,15490.0,17491.0,Mombasa,USD,Nagoya,https://www.beforward.jp/jaguar/xe/cd728606/id/15685759/,https://image-cdn.beforward.jp/medium/202606/15685759/CD728606_1fb4bcd1.jpg?w=200,1,2026-07-22 12:48:11.230783
BE FORWARD,CD241702,2021 JAGUAR XE XERS204PSAWD,Jaguar,Xe Xers204Psawd,2021.0,48049.0,0.0,Diesel,Automatic,Sedan,2426866.0,16260.0,18230.0,Mombasa,USD,Nagoya,https://www.beforward.jp/jaguar/xe/cd241702/id/15195204/,https://image-cdn.beforward.jp/medium/202605/15195204/CD241702_1ec9116f.jpg?w=200,1,2026-07-22 12:48:11.230783
BE FORWARD,CD709406,2022 JAGUAR E-PACE,Jaguar,E-Pace,2022.0,28604.0,0.0,Petrol,Automatic,Sedan,3280597.0,21980.0,,,USD,Osaka,https://www.beforward.jp/jaguar/e-pace/cd709406/id/15666565/,https://image-cdn.beforward.jp/medium/202606/15666565/CD709406_1f9e24f5.JPG?w=200,1,2026-07-22 12:48:11.230783
BE FORWARD,CD705988,2018 JAGUAR F-PACE,Jaguar,F-Pace,2018.0,70757.0,0.0,Petrol,Automatic,Sedan,1580597.0,10590.0,,,USD,Nagoya,https://www.beforward.jp/jaguar/f-pace/cd705988/id/15663129/,https://image-cdn.beforward.jp/medium/202607/15663129/CD705988_1fd0dd4d.jpg?w=200,1,2026-07-22 12:48:11.230783
BE FORWARD,CD671050,2018 JAGUAR F-PACE,Jaguar,F-Pace,2018.0,43696.0,999.0,Petrol,Automatic,Sedan,1734328.0,11620.0,,,USD,Nagoya,https://www.beforward.jp/jaguar/f-pace/cd671050/id/15627596/,https://image-cdn.beforward.jp/medium/202606/15627596/CD671050_1f8cd9e2.jpg?w=200,1,2026-07-22 12:48:11.230783
BE FORWARD,CD670466,2021 JAGUAR F-PACE R-SED200,Jaguar,F-Pace R-Sed200,2021.0,53310.0,997.0,Petrol,Automatic,Sedan,3564179.0,23880.0,,,USD,Nagoya,https://www.beforward.jp/jaguar/f-pace/cd670466/id/15626989/,https://image-cdn.beforward.jp/medium/202606/15626989/CD670466_1f7f865d.jpg?w=200,1,2026-07-22 12:48:11.230783
BE FORWARD,CD664261,2021 JAGUAR F-PACE,Jaguar,F-Pace,2021.0,38542.0,0.0,Petrol,Automatic,Sedan,2747761.0,18410.0,,,USD,Kyushu,https://www.beforward.jp/jaguar/f-pace/cd664261/id/15620504/,https://image-cdn.beforward.jp/medium/202606/15620504/CD664261_1f8bae75.JPG?w=200,1,2026-07-22 12:48:11.230783
BE FORWARD,CD650352,2024 JAGUAR F-PACE R-HSEP400E,Jaguar,F-Pace R-Hsep400E,2024.0,15137.0,0.0,Petrol,Automatic,Sedan,5305970.0,35550.0,,,USD,Hokkaido,https://www.beforward.jp/jaguar/f-pace/cd650352/id/15606550/,https://image-cdn.beforward.jp/medium/202607/15606550/CD650352_1fcab8af.jpg?w=200,1,2026-07-22 12:48:11.230783
BE FORWARD,CD639623,2022 JAGUAR XE 2.0L4WDRS,Jaguar,Xe 2.0L4Wdrs,2022.0,89624.0,0.0,Diesel,Automatic,Sedan,2041791.0,13680.0,15805.0,Mombasa,USD,Hokkaido,https://www.beforward.jp/jaguar/xe/cd639623/id/15596218/,https://image-cdn.beforward.jp/medium/202606/15596218/CD639623_1f800b75.jpg?w=200,1,2026-07-22 12:48:11.230783
BE FORWARD,CD636735,2018 JAGUAR JAGUAR OTHERS,Jaguar,Jaguar Others,2018.0,59000.0,0.0,Diesel,Automatic,Sedan,1456716.0,9760.0,12028.0,Mombasa,USD,Kyushu,https://www.beforward.jp/jaguar/jaguar-others/cd636735/id/15593309/,https://image-cdn.beforward.jp/medium/202606/15593309/CD636735_1f7e429c.jpg?w=200,1,2026-07-22 12:48:11.230783
BE FORWARD,CD631270,2021 JAGUAR I-PACE S,Jaguar,I-Pace S,2021.0,15746.0,999.0,Electric,Cvt,Sedan,1637313.0,10970.0,,,USD,Nagoya,https://www.beforward.jp/jaguar/i-pace/cd631270/id/15587916/,https://image-cdn.beforward.jp/medium/202606/15587916/CD631270_1f86f49c.jpg?w=200,1,2026-07-22 12:48:11.230783
BE FORWARD,CD626602,2019 JAGUAR E-PACE,Jaguar,E-Pace,2019.0,49903.0,0.0,Petrol,Automatic,Sedan,1497015.0,10030.0,12349.0,Mombasa,USD,Kobe,https://www.beforward.jp/jaguar/e-pace/cd626602/id/15583398/,https://image-cdn.beforward.jp/medium/202606/15583398/CD626602_1f789d3f.JPG?w=200,1,2026-07-22 12:48:11.230783
BE FORWARD,CD585461,2025 JAGUAR E-PACE RHSED200,Jaguar,E-Pace Rhsed200,2025.0,9510.0,997.0,Diesel,Automatic,Sedan,4256716.0,28520.0,30720.0,Mombasa,USD,Yokohama,https://www.beforward.jp/jaguar/e-pace/cd585461/id/15541310/,https://image-cdn.beforward.jp/medium/202606/15541310/CD585461_1f5d16d9.jpg?w=200,1,2026-07-22 12:48:11.230783
BE FORWARD,CE139845,2020 PEUGEOT 3008 GTHDI,Peugeot,3008 Gthdi,2020.0,77300.0,997.0,Petrol,Automatic,Sedan,1397015.0,9360.0,,,USD,Yokohama,https://www.beforward.jp/peugeot/3008/ce139845/id/16021299/,https://image-cdn.beforward.jp/medium/202607/16021299/CE139845_203fe91f.jpg?w=200,1,2026-07-22 12:48:11.230783
BE FORWARD,CE138583,2018 PEUGEOT 2008,Peugeot,2008,2018.0,37500.0,199.0,Petrol,Automatic,Sedan,722388.0,4840.0,,,USD,Osaka,https://www.beforward.jp/peugeot/2008/ce138583/id/16020033/,https://image-cdn.beforward.jp/medium/202607/16020033/CE138583_2047a9f8.jpg?w=200,1,2026-07-22 12:48:11.230783
BE FORWARD,CE134602,2023 PEUGEOT 408,Peugeot,408,2023.0,35000.0,200.0,Petrol,Automatic,Sedan,2802985.0,18780.0,,,USD,Nagoya,https://www.beforward.jp/peugeot/408/ce134602/id/16016079/,https://image-cdn.beforward.jp/medium/202607/16016079/CE134602_204c73c4.jpg?w=200,1,2026-07-22 12:48:11.230783
BE FORWARD,CE138352,2022 PEUGEOT 308 SWGTHDI,Peugeot,308 Swgthdi,2022.0,40500.0,498.0,Petrol,Automatic,Sedan,2311940.0,15490.0,,,USD,Nagoya,https://www.beforward.jp/peugeot/308/ce138352/id/16019802/,https://image-cdn.beforward.jp/medium/202607/16019802/CE138352_204789ad.jpg?w=200,1,2026-07-22 12:48:11.230783
BE FORWARD,CE138528,2022 PEUGEOT 208 GT,Peugeot,208 Gt,2022.0,14950.0,199.0,Petrol,Automatic,Sedan,2022388.0,13550.0,,,USD,Yokohama,https://www.beforward.jp/peugeot/208/ce138528/id/16019978/,https://image-cdn.beforward.jp/medium/202607/16019978/CE138528_204fdf8f.jpg?w=200,1,2026-07-22 12:48:11.230783
BE FORWARD,CE053084,2018 PEUGEOT 2008 GT LINE,Peugeot,2008 Gt Line,2018.0,58540.0,190.0,Petrol,Automatic,Sedan,601493.0,4030.0,6117.0,Mombasa,USD,Yokohama,https://www.beforward.jp/peugeot/2008/ce053084/id/15942662/,https://image-cdn.beforward.jp/medium/202607/15942662/CE053084_d89592.jpg?w=200,1,2026-07-22 12:48:11.230783
BE FORWARD,CD822881,2018 PEUGEOT 2008 GT LINE,Peugeot,2008 Gt Line,2018.0,78173.0,190.0,Petrol,Automatic,Sedan,582090.0,3900.0,5855.0,Mombasa,USD,Kyushu,https://www.beforward.jp/peugeot/2008/cd822881/id/15799838/,https://image-cdn.beforward.jp/medium/202607/15799838/CD822881_6e2290.JPG?w=200,1,2026-07-22 12:48:11.230783
BE FORWARD,CD898237,2018 PEUGEOT 308 ALLURE BLUE HDI TECH PACK ED,Peugeot,308 Allure Blue Hdi Tech Pack Ed,2018.0,134909.0,560.0,Diesel,Automatic,Sedan,389552.0,2610.0,4512.0,Mombasa,USD,Yokohama,https://www.beforward.jp/peugeot/308/cd898237/id/15879035/,https://image-cdn.beforward.jp/medium/202607/15879035/CD898237_2b7195.jpg?w=200,1,2026-07-22 12:48:11.230783
BE FORWARD,CD884675,2018 PEUGEOT 2008 GT LINE,Peugeot,2008 Gt Line,2018.0,85949.0,190.0,Petrol,Automatic,Sedan,582090.0,3900.0,5797.0,Mombasa,USD,Nagoya,https://www.beforward.jp/peugeot/2008/cd884675/id/15855830/,https://image-cdn.beforward.jp/medium/202607/15855830/CD884675_266166.jpg?w=200,1,2026-07-22 12:48:11.230783
BE FORWARD,CD796838,2018 PEUGEOT 308 ALLURE BLUE HDI,Peugeot,308 Allure Blue Hdi,2018.0,135516.0,560.0,Diesel,Automatic,Sedan,297015.0,1990.0,3958.0,Mombasa,USD,Yokohama,https://www.beforward.jp/peugeot/308/cd796838/id/15765327/,https://image-cdn.beforward.jp/medium/202607/15765327/CD796838_cdda7f.JPG?w=200,1,2026-07-22 12:48:11.230783
BE FORWARD,CD548166,2020 PEUGEOT 3008 ALLURE LED PACKAGE,Peugeot,3008 Allure Led Package,2020.0,125270.0,590.0,Petrol,Automatic,Sedan,1689552.0,11320.0,13459.0,Mombasa,USD,Nagoya,https://www.beforward.jp/peugeot/3008/cd548166/id/15505786/,https://image-cdn.beforward.jp/medium/202606/15505786/CD548166_d87a2a.JPG?w=200,1,2026-07-22 12:48:11.230783
BE FORWARD,CE134653,2023 PEUGEOT 5008,Peugeot,5008,2023.0,64000.0,0.0,Petrol,Automatic,Sedan,2649254.0,17750.0,,,USD,Nagoya,https://www.beforward.jp/peugeot/5008/ce134653/id/16016130/,https://image-cdn.beforward.jp/medium/202607/16016130/CE134653_204c7b94.jpg?w=200,1,2026-07-22 12:48:11.230783
BE FORWARD,CE133950,2019 PEUGEOT 3008,Peugeot,3008,2019.0,74718.0,0.0,Petrol,Automatic,Sedan,1243284.0,8330.0,,,USD,Kobe,https://www.beforward.jp/peugeot/3008/ce133950/id/16015418/,https://image-cdn.beforward.jp/medium/202607/16015418/CE133950_204bf6c9.JPG?w=200,1,2026-07-22 12:48:11.230783
BE FORWARD,CE130885,2023 PEUGEOT 2008,Peugeot,2008,2023.0,50.0,500.0,Petrol,Automatic,Sedan,4795522.0,32130.0,,,USD,Yokohama,https://www.beforward.jp/peugeot/2008/ce130885/id/16012312/,https://image-cdn.beforward.jp/medium/202607/16012312/CE130885_204aa970.jpg?w=200,1,2026-07-22 12:48:11.230783
BE FORWARD,CE130886,2023 PEUGEOT 2008,Peugeot,2008,2023.0,50.0,500.0,Petrol,Automatic,Sedan,4795522.0,32130.0,,,USD,Yokohama,https://www.beforward.jp/peugeot/2008/ce130886/id/16012313/,https://image-cdn.beforward.jp/medium/202607/16012313/CE130886_204aa97c.jpg?w=200,1,2026-07-22 12:48:11.230783
BE FORWARD,CE130793,2021 PEUGEOT 3008,Peugeot,3008,2021.0,18000.0,600.0,Petrol,Automatic,Sedan,2456716.0,16460.0,,,USD,Nagoya,https://www.beforward.jp/peugeot/3008/ce130793/id/16012218/,https://image-cdn.beforward.jp/medium/202607/16012218/CE130793_204a86b9.jpg?w=200,1,2026-07-22 12:48:11.230783
BE FORWARD,CE131761,2019 PEUGEOT 3008 GTHDI,Peugeot,3008 Gthdi,2019.0,13198.0,0.0,Petrol,Automatic,Sedan,2244776.0,15040.0,,,USD,Yokohama,https://www.beforward.jp/peugeot/3008/ce131761/id/16013197/,https://image-cdn.beforward.jp/medium/202607/16013197/CE131761_204b1f52.jpg?w=200,1,2026-07-22 12:48:11.230783
BE FORWARD,CE135023,2020 PEUGEOT 208,Peugeot,208,2020.0,26000.0,200.0,Petrol,Automatic,Sedan,1704478.0,11420.0,13210.0,Mombasa,USD,Nagoya,https://www.beforward.jp/peugeot/208/ce135023/id/16016417/,https://image-cdn.beforward.jp/medium/202607/16016417/CE135023_204c9842.jpg?w=200,1,2026-07-22 12:48:11.230783
BE FORWARD,CD198190,2022 PEUGEOT 208,Peugeot,208,2022.0,50.0,200.0,Petrol,Automatic,Sedan,3843284.0,25750.0,27611.0,Mombasa,USD,Yokohama,https://www.beforward.jp/peugeot/208/cd198190/id/15151208/,https://image-cdn.beforward.jp/medium/202607/15151208/CD198190_204aa948.jpg?w=200,1,2026-07-22 12:48:11.230783
BE FORWARD,CE130884,2022 PEUGEOT 308,Peugeot,308,2022.0,19500.0,500.0,Diesel,Automatic,Sedan,3938806.0,26390.0,28431.0,Mombasa,USD,Yokohama,https://www.beforward.jp/peugeot/308/ce130884/id/16012311/,https://image-cdn.beforward.jp/medium/202607/16012311/CE130884_204aa95c.jpg?w=200,1,2026-07-22 12:48:11.230783
BE FORWARD,CE131322,2019 PEUGEOT 508 GT,Peugeot,508 Gt,2019.0,23803.0,600.0,Petrol,Automatic,Sedan,1985075.0,13300.0,15344.0,Mombasa,USD,Yokohama,https://www.beforward.jp/peugeot/508/ce131322/id/16012754/,https://image-cdn.beforward.jp/medium/202607/16012754/CE131322_204ae68c.jpg?w=200,1,2026-07-22 12:48:11.230783
BE FORWARD,CE131634,2019 PEUGEOT 5008 2000GTBLUEHDI,Peugeot,5008 2000Gtbluehdi,2019.0,51503.0,0.0,Diesel,Automatic,Van,1695522.0,11360.0,13611.0,Mombasa,USD,Yokohama,https://www.beforward.jp/peugeot/5008/ce131634/id/16013070/,https://image-cdn.beforward.jp/medium/202607/16013070/CE131634_204b0a6e.jpg?w=200,1,2026-07-22 12:48:11.230783
BE FORWARD,CE131692,2020 PEUGEOT 5008 GTHDI,Peugeot,5008 Gthdi,2020.0,90572.0,0.0,Diesel,Automatic,Van,944776.0,6330.0,8675.0,Mombasa,USD,Yokohama,https://www.beforward.jp/peugeot/5008/ce131692/id/16013128/,https://image-cdn.beforward.jp/medium/202607/16013128/CE131692_204b14ec.jpg?w=200,1,2026-07-22 12:48:11.230783
BE FORWARD,CE130754,2019 PEUGEOT 208,Peugeot,208,2019.0,64498.0,200.0,Petrol,Automatic,Sedan,701493.0,4700.0,6455.0,Mombasa,USD,Yokohama,https://www.beforward.jp/peugeot/208/ce130754/id/16012178/,https://image-cdn.beforward.jp/medium/202607/16012178/CE130754_204a73fa.jpg?w=200,1,2026-07-22 12:48:11.230783
BE FORWARD,CE130761,2019 PEUGEOT 508,Peugeot,508,2019.0,17250.0,0.0,Diesel,Automatic,Sedan,1714925.0,11490.0,13592.0,Mombasa,USD,Kobe,https://www.beforward.jp/peugeot/508/ce130761/id/16012185/,https://image-cdn.beforward.jp/medium/202607/16012185/CE130761_204a75d8.jpg?w=200,1,2026-07-22 12:48:11.230783
BE FORWARD,CA834711,2022 PEUGEOT 3008,Peugeot,3008,2022.0,24281.0,0.0,Diesel,Automatic,Sedan,2744776.0,18390.0,20532.0,Mombasa,USD,Yokohama,https://www.beforward.jp/peugeot/3008/ca834711/id/12923729/,https://image-cdn.beforward.jp/medium/202607/12923729/CA834711_204a443d.jpg?w=200,1,2026-07-22 12:48:11.230783
BE FORWARD,CE128970,2019 PEUGEOT 3008 GTHDI,Peugeot,3008 Gthdi,2019.0,47700.0,997.0,Diesel,Automatic,Sedan,1734328.0,11620.0,13770.0,Mombasa,USD,Nagoya,https://www.beforward.jp/peugeot/3008/ce128970/id/16010445/,https://image-cdn.beforward.jp/medium/202607/16010445/CE128970_20374430.jpg?w=200,1,2026-07-22 12:48:11.230783
BE FORWARD,CE129436,2021 PEUGEOT 5008 GTHDI,Peugeot,5008 Gthdi,2021.0,49970.0,997.0,Diesel,Automatic,Van,2167164.0,14520.0,16752.0,Mombasa,USD,Yokohama,https://www.beforward.jp/peugeot/5008/ce129436/id/16010912/,https://image-cdn.beforward.jp/medium/202607/16010912/CE129436_20378a16.jpg?w=200,1,2026-07-22 12:48:11.230783
BE FORWARD,CE129741,2021 PEUGEOT 208,Peugeot,208,2021.0,72220.0,199.0,Petrol,Automatic,Sedan,914925.0,6130.0,7893.0,Mombasa,USD,Nagoya,https://www.beforward.jp/peugeot/208/ce129741/id/16011217/,https://image-cdn.beforward.jp/medium/202607/16011217/CE129741_203c587f.jpg?w=200,1,2026-07-22 12:48:11.230783
BE FORWARD,CE128451,2025 PEUGEOT 408 408 1.2 EAT8 GT VISION,Peugeot,408 408 1.2 Eat8 Gt Vision,2025.0,5.0,199.0,Petrol,Automatic,Sedan,2380597.0,15950.0,17639.0,Mombasa,USD,Singapore,https://www.beforward.jp/peugeot/408/ce128451/id/16009921/,https://image-cdn.beforward.jp/medium/202607/16009921/CE128451_20434db1.jpg?w=200,1,2026-07-22 12:48:11.230783
BE FORWARD,CE125411,2019 PEUGEOT 308,Peugeot,308,2019.0,27470.0,500.0,Diesel,Automatic,Sedan,877612.0,5880.0,7878.0,Mombasa,USD,Yokohama,https://www.beforward.jp/peugeot/308/ce125411/id/16006831/,https://image-cdn.beforward.jp/medium/202607/16006831/CE125411_2046c4af.jpg?w=200,1,2026-07-22 12:48:11.230783
BE FORWARD,CE125330,2024 PEUGEOT 408 GT,Peugeot,408 Gt,2024.0,9664.0,190.0,Petrol,Automatic,Sedan,3644776.0,24420.0,26644.0,Mombasa,USD,Kobe,https://www.beforward.jp/peugeot/408/ce125330/id/16006747/,https://image-cdn.beforward.jp/medium/202607/16006747/CE125330_2046ab61.jpg?w=200,1,2026-07-22 12:48:11.230783
BE FORWARD,CD749875,2020 PEUGEOT 308,Peugeot,308,2020.0,23756.0,500.0,Diesel,Automatic,Sedan,1137313.0,7620.0,9685.0,Mombasa,USD,Kobe,https://www.beforward.jp/peugeot/308/cd749875/id/15706956/,https://image-cdn.beforward.jp/medium/202606/15706956/CD749875_1fb40d35.JPG?w=200,1,2026-07-22 12:48:11.230783
BE FORWARD,CE124499,2019 PEUGEOT 508,Peugeot,508,2019.0,91408.0,0.0,Petrol,Automatic,Sedan,905970.0,6070.0,,,USD,Yokohama,https://www.beforward.jp/peugeot/508/ce124499/id/16005915/,https://image-cdn.beforward.jp/medium/202607/16005915/CE124499_20461f36.JPG?w=200,1,2026-07-22 12:48:11.230783
BE FORWARD,CE124466,2019 PEUGEOT 5008,Peugeot,5008,2019.0,59036.0,0.0,Petrol,Automatic,Sedan,1686567.0,11300.0,,,USD,Yokohama,https://www.beforward.jp/peugeot/5008/ce124466/id/16005882/,https://image-cdn.beforward.jp/medium/202607/16005882/CE124466_20461a81.JPG?w=200,1,2026-07-22 12:48:11.230783
BE FORWARD,CE124556,2020 PEUGEOT 5008,Peugeot,5008,2020.0,46444.0,0.0,Petrol,Automatic,Sedan,1810448.0,12130.0,,,USD,Kyushu,https://www.beforward.jp/peugeot/5008/ce124556/id/16005972/,https://image-cdn.beforward.jp/medium/202607/16005972/CE124556_204627ec.JPG?w=200,1,2026-07-22 12:48:11.230783
BE FORWARD,CE125045,2023 PEUGEOT 5008,Peugeot,5008,2023.0,21408.0,0.0,Petrol,Automatic,Sedan,3004478.0,20130.0,,,USD,Niigata,https://www.beforward.jp/peugeot/5008/ce125045/id/16006461/,https://image-cdn.beforward.jp/medium/202607/16006461/CE125045_204674e8.JPG?w=200,1,2026-07-22 12:48:11.230783
BE FORWARD,BX548737,2024 PEUGEOT 3008,Peugeot,3008,2024.0,1000.0,600.0,Petrol,Automatic,Sedan,6443284.0,43170.0,,,USD,Yokohama,https://www.beforward.jp/peugeot/3008/bx548737/id/10772906/,https://image-cdn.beforward.jp/medium/202607/10772906/BX548737_2043d60a.jpg?w=200,1,2026-07-22 12:48:11.230783
BE FORWARD,CE121237,2025 PEUGEOT 3008,Peugeot,3008,2025.0,100.0,600.0,Petrol,Automatic,Sedan,6722388.0,45040.0,,,USD,Yokohama,https://www.beforward.jp/peugeot/3008/ce121237/id/16002619/,https://image-cdn.beforward.jp/medium/202607/16002619/CE121237_2043d65a.jpg?w=200,1,2026-07-22 12:48:11.230783
BE FORWARD,CB659876,2025 PEUGEOT 308,Peugeot,308,2025.0,2500.0,200.0,Petrol,Automatic,Sedan,4795522.0,32130.0,34181.0,Mombasa,USD,Yokohama,https://www.beforward.jp/peugeot/308/cb659876/id/13722640/,https://image-cdn.beforward.jp/medium/202607/13722640/CB659876_2043d61e.jpg?w=200,1,2026-07-22 12:48:11.230783
BE FORWARD,CE121235,2025 PEUGEOT 208,Peugeot,208,2025.0,4000.0,200.0,Petrol,Automatic,Sedan,4228358.0,28330.0,30186.0,Mombasa,USD,Yokohama,https://www.beforward.jp/peugeot/208/ce121235/id/16002617/,https://image-cdn.beforward.jp/medium/202607/16002617/CE121235_2043d632.jpg?w=200,1,2026-07-22 12:48:11.230783
BE FORWARD,CE121236,2025 PEUGEOT 308,Peugeot,308,2025.0,3000.0,600.0,Petrol,Automatic,Sedan,4998507.0,33490.0,35541.0,Mombasa,USD,Yokohama,https://www.beforward.jp/peugeot/308/ce121236/id/16002618/,https://image-cdn.beforward.jp/medium/202607/16002618/CE121236_2043d646.jpg?w=200,1,2026-07-22 12:48:11.230783
BE FORWARD,CE121238,2026 PEUGEOT 3008,Peugeot,3008,2026.0,100.0,200.0,Petrol,Automatic,Sedan,6058209.0,40590.0,42910.0,Mombasa,USD,Yokohama,https://www.beforward.jp/peugeot/3008/ce121238/id/16002620/,https://image-cdn.beforward.jp/medium/202607/16002620/CE121238_2043d66e.jpg?w=200,1,2026-07-22 12:48:11.230783
BE FORWARD,CD758428,2023 PEUGEOT 308 GTHDI,Peugeot,308 Gthdi,2023.0,25527.0,500.0,Diesel,Automatic,Sedan,2850746.0,19100.0,21157.0,Mombasa,USD,Nagoya,https://www.beforward.jp/peugeot/308/cd758428/id/15716132/,https://image-cdn.beforward.jp/medium/202607/15716132/CD758428_2043c4df.jpg?w=200,1,2026-07-22 12:48:11.230783
BE FORWARD,CD483466,2025 PEUGEOT 408 GT,Peugeot,408 Gt,2025.0,40.0,200.0,Petrol,Automatic,Sedan,3534328.0,23680.0,25775.0,Mombasa,USD,Nagoya,https://www.beforward.jp/peugeot/408/cd483466/id/15438281/,https://image-cdn.beforward.jp/medium/202607/15438281/CD483466_2043b93f.jpg?w=200,1,2026-07-22 12:48:11.230783
BE FORWARD,CE121700,2020 PEUGEOT 208 GT,Peugeot,208 Gt,2020.0,22075.0,,Electric,Automatic,Sedan,1676119.0,11230.0,,,USD,Nagoya,https://www.beforward.jp/peugeot/208/ce121700/id/16003085/,https://image-cdn.beforward.jp/medium/202607/16003085/CE121700_20443e73.jpg?w=200,1,2026-07-22 12:48:11.230783
BE FORWARD,CE121963,2021 PEUGEOT 208,Peugeot,208,2021.0,36928.0,200.0,Petrol,Automatic,Sedan,1395522.0,9350.0,11114.0,Mombasa,USD,Osaka,https://www.beforward.jp/peugeot/208/ce121963/id/16003350/,https://image-cdn.beforward.jp/medium/202607/16003350/CE121963_20445b5f.jpg?w=200,1,2026-07-22 12:48:11.230783
BE FORWARD,CD067006,2025 PEUGEOT 208,Peugeot,208,2025.0,130.0,200.0,Petrol,Automatic,Sedan,3438806.0,23040.0,24799.0,Mombasa,USD,Nagoya,https://www.beforward.jp/peugeot/208/cd067006/id/15019148/,https://image-cdn.beforward.jp/medium/202607/15019148/CD067006_204371ac.jpg?w=200,1,2026-07-22 12:48:11.230783
BE FORWARD,CE120826,2025 PEUGEOT 208,Peugeot,208,2025.0,2000.0,200.0,Petrol,Automatic,Sedan,3380597.0,22650.0,24409.0,Mombasa,USD,Nagoya,https://www.beforward.jp/peugeot/208/ce120826/id/16002179/,https://image-cdn.beforward.jp/medium/202607/16002179/CE120826_204370f9.jpg?w=200,1,2026-07-22 12:48:11.230783
BE FORWARD,CD428193,2023 PEUGEOT 308 SWGTHDI,Peugeot,308 Swgthdi,2023.0,28430.0,498.0,Diesel,Automatic,Sedan,2167164.0,14520.0,16584.0,Mombasa,USD,Nagoya,https://www.beforward.jp/peugeot/308/cd428193/id/15383332/,https://image-cdn.beforward.jp/medium/202606/15383332/CD428193_1f1d1503.jpg?w=200,1,2026-07-22 12:48:11.230783
BE FORWARD,CE115685,2020 PEUGEOT 308,Peugeot,308,2020.0,22012.0,200.0,Petrol,Automatic,Sedan,1385075.0,9280.0,11278.0,Mombasa,USD,Yokohama,https://www.beforward.jp/peugeot/308/ce115685/id/15996286/,https://image-cdn.beforward.jp/medium/202607/15996286/CE115685_20402af6.jpg?w=200,1,2026-07-22 12:48:11.230783
BE FORWARD,CD767118,2018 PEUGEOT 308 SWHDI,Peugeot,308 Swhdi,2018.0,52100.0,560.0,Diesel,Automatic,Sedan,819403.0,5490.0,7488.0,Mombasa,USD,Nagoya,https://www.beforward.jp/peugeot/308/cd767118/id/15724971/,https://image-cdn.beforward.jp/medium/202606/15724971/CD767118_1fb7a304.jpg?w=200,1,2026-07-22 12:48:11.230783
BE FORWARD,CE116056,2019 PEUGEOT 308,Peugeot,308,2019.0,66000.0,500.0,Diesel,Automatic,Sedan,1120896.0,7510.0,9566.0,Mombasa,USD,Kobe,https://www.beforward.jp/peugeot/308/ce116056/id/15996657/,https://image-cdn.beforward.jp/medium/202607/15996657/CE116056_204052a2.jpg?w=200,1,2026-07-22 12:48:11.230783
BE FORWARD,CE112732,2025 PEUGEOT 3008,Peugeot,3008,2025.0,1000.0,200.0,Petrol,Automatic,Sedan,5094030.0,34130.0,36450.0,Mombasa,USD,Yokohama,https://www.beforward.jp/peugeot/3008/ce112732/id/15993314/,https://image-cdn.beforward.jp/medium/202607/15993314/CE112732_203e68b1.jpg?w=200,1,2026-07-22 12:48:11.230783
BE FORWARD,CE112295,2018 PEUGEOT 5008,Peugeot,5008,2018.0,67260.0,600.0,Petrol,Automatic,Sedan,1732836.0,11610.0,,,USD,Yokohama,https://www.beforward.jp/peugeot/5008/ce112295/id/15992876/,https://image-cdn.beforward.jp/medium/202607/15992876/CE112295_203e1cfb.jpg?w=200,1,2026-07-22 12:48:11.230783
BE FORWARD,CD652904,2022 PEUGEOT 3008,Peugeot,3008,2022.0,34342.0,0.0,Petrol,Automatic,Sedan,2580597.0,17290.0,,,USD,Yokohama,https://www.beforward.jp/peugeot/3008/cd652904/id/15609114/,https://image-cdn.beforward.jp/medium/202606/15609114/CD652904_1f86b11a.jpg?w=200,1,2026-07-22 12:48:11.230783
BE FORWARD,CD652849,2021 PEUGEOT 3008,Peugeot,3008,2021.0,44000.0,0.0,Petrol,Automatic,Sedan,1713433.0,11480.0,,,USD,Yokohama,https://www.beforward.jp/peugeot/3008/cd652849/id/15609058/,https://image-cdn.beforward.jp/medium/202606/15609058/CD652849_1f86acc5.jpg?w=200,1,2026-07-22 12:48:11.230783
BE FORWARD,CD593485,2025 PEUGEOT 408,Peugeot,408,2025.0,1000.0,200.0,Petrol,Automatic,Sedan,3350746.0,22450.0,,,USD,Yokohama,https://www.beforward.jp/peugeot/408/cd593485/id/15550021/,https://image-cdn.beforward.jp/medium/202607/15550021/CD593485_203bc267.jpg?w=200,1,2026-07-22 12:48:11.230783
BE FORWARD,CD346997,2019 PEUGEOT 5008,Peugeot,5008,2019.0,43503.0,0.0,Petrol,Automatic,Sedan,1713433.0,11480.0,,,USD,Yokohama,https://www.beforward.jp/peugeot/5008/cd346997/id/15300270/,https://image-cdn.beforward.jp/medium/202605/15300270/CD346997_1f052bc5.jpg?w=200,1,2026-07-22 12:48:11.230783
BE FORWARD,CD245644,2022 PEUGEOT 2008,Peugeot,2008,2022.0,16205.0,200.0,Petrol,Automatic,Sedan,2098507.0,14060.0,,,USD,Yokohama,https://www.beforward.jp/peugeot/2008/cd245644/id/15199183/,https://image-cdn.beforward.jp/medium/202607/15199183/CD245644_203bafcd.jpg?w=200,1,2026-07-22 12:48:11.230783
BE FORWARD,CE112733,2025 PEUGEOT 308,Peugeot,308,2025.0,100.0,600.0,Petrol,Automatic,Sedan,4998507.0,33490.0,35541.0,Mombasa,USD,Yokohama,https://www.beforward.jp/peugeot/308/ce112733/id/15993315/,https://image-cdn.beforward.jp/medium/202607/15993315/CE112733_203e68c5.jpg?w=200,1,2026-07-22 12:48:11.230783
BE FORWARD,CE112460,2024 PEUGEOT 308,Peugeot,308,2024.0,24000.0,500.0,Diesel,Automatic,Sedan,2600000.0,17420.0,19364.0,Mombasa,USD,Nagoya,https://www.beforward.jp/peugeot/308/ce112460/id/15993042/,https://image-cdn.beforward.jp/medium/202607/15993042/CE112460_203e337e.jpg?w=200,1,2026-07-22 12:48:11.230783
BE FORWARD,CE112263,2019 PEUGEOT 508,Peugeot,508,2019.0,43578.0,600.0,Petrol,Automatic,Sedan,1734328.0,11620.0,13722.0,Mombasa,USD,Kobe,https://www.beforward.jp/peugeot/508/ce112263/id/15992844/,https://image-cdn.beforward.jp/medium/202607/15992844/CE112263_203e1a13.jpg?w=200,1,2026-07-22 12:48:11.230783
BE FORWARD,CE109671,2022 PEUGEOT 508 GTHDI,Peugeot,508 Gthdi,2022.0,25000.0,0.0,Diesel,Automatic,Sedan,2177612.0,14590.0,16886.0,Mombasa,USD,Toyama,https://www.beforward.jp/peugeot/508/ce109671/id/15990244/,https://image-cdn.beforward.jp/medium/202607/15990244/CE109671_203ca5c9.jpg?w=200,1,2026-07-22 12:48:11.230783
BE FORWARD,CE109701,2021 PEUGEOT 508 GT,Peugeot,508 Gt,2021.0,26000.0,600.0,Petrol,Automatic,Sedan,2292537.0,15360.0,17656.0,Mombasa,USD,Toyama,https://www.beforward.jp/peugeot/508/ce109701/id/15990274/,https://image-cdn.beforward.jp/medium/202607/15990274/CE109701_203ca7c6.jpg?w=200,1,2026-07-22 12:48:11.230783
BE FORWARD,CD597439,2019 PEUGEOT 308 GTHDI,Peugeot,308 Gthdi,2019.0,30500.0,498.0,Diesel,Automatic,Sedan,694030.0,4650.0,6547.0,Mombasa,USD,Yokohama,https://www.beforward.jp/peugeot/308/cd597439/id/15554095/,https://image-cdn.beforward.jp/medium/202606/15554095/CD597439_1f6bc654.jpg?w=200,1,2026-07-22 12:48:11.230783
BE FORWARD,CD245641,2020 PEUGEOT 208,Peugeot,208,2020.0,18944.0,200.0,Petrol,Automatic,Sedan,1328358.0,8900.0,10700.0,Mombasa,USD,Yokohama,https://www.beforward.jp/peugeot/208/cd245641/id/15199180/,https://image-cdn.beforward.jp/medium/202605/15199180/CD245641_1ecad4c6.jpg?w=200,1,2026-07-22 12:48:11.230783
BE FORWARD,CD071595,2024 PEUGEOT 2008,Peugeot,2008,2024.0,28200.0,500.0,Diesel,Automatic,Sedan,2580597.0,17290.0,19235.0,Mombasa,USD,Yokohama,https://www.beforward.jp/peugeot/2008/cd071595/id/15023779/,https://image-cdn.beforward.jp/medium/202604/15023779/CD071595_1e76fd6d.jpg?w=200,1,2026-07-22 12:48:11.230783
BE FORWARD,CC754030,2021 PEUGEOT 3008,Peugeot,3008,2021.0,21000.0,0.0,Diesel,Automatic,Sedan,2291045.0,15350.0,17456.0,Mombasa,USD,Yokohama,https://www.beforward.jp/peugeot/3008/cc754030/id/14775956/,https://image-cdn.beforward.jp/medium/202604/14775956/CC754030_1e089bf9.jpg?w=200,1,2026-07-22 12:48:11.230783
BE FORWARD,CC744732,2023 PEUGEOT 408,Peugeot,408,2023.0,600.0,600.0,Petrol,Automatic,Sedan,3253731.0,21800.0,23869.0,Mombasa,USD,Yokohama,https://www.beforward.jp/peugeot/408/cc744732/id/14765222/,https://image-cdn.beforward.jp/medium/202604/14765222/CC744732_1e025431.jpg?w=200,1,2026-07-22 12:48:11.230783
BE FORWARD,CD331536,2020 PEUGEOT 3008,Peugeot,3008,2020.0,76390.0,0.0,Diesel,Automatic,Sedan,1695522.0,11360.0,13563.0,Mombasa,USD,Yokohama,https://www.beforward.jp/peugeot/3008/cd331536/id/15285499/,https://image-cdn.beforward.jp/medium/202605/15285499/CD331536_1ef02141.jpg?w=200,1,2026-07-22 12:48:11.230783
BE FORWARD,CB008993,2025 PEUGEOT 308,Peugeot,308,2025.0,1000.0,600.0,Petrol,Automatic,Sedan,2868657.0,19220.0,21210.0,Mombasa,USD,Yokohama,https://www.beforward.jp/peugeot/308/cb008993/id/13066012/,https://image-cdn.beforward.jp/medium/202606/13066012/CB008993_1f1c0526.jpg?w=200,1,2026-07-22 12:48:11.230783
BE FORWARD,CE107429,2021 PEUGEOT 5008,Peugeot,5008,2021.0,42307.0,0.0,Diesel,Automatic,Van,2119403.0,14200.0,16422.0,Mombasa,USD,Kyushu,https://www.beforward.jp/peugeot/5008/ce107429/id/15987996/,https://image-cdn.beforward.jp/medium/202607/15987996/CE107429_203adc43.JPG?w=200,1,2026-07-22 12:48:11.230783
BE FORWARD,CE107431,2023 PEUGEOT 2008,Peugeot,2008,2023.0,50831.0,500.0,Diesel,Automatic,Sedan,2292537.0,15360.0,17277.0,Mombasa,USD,Kyushu,https://www.beforward.jp/peugeot/2008/ce107431/id/15987998/,https://image-cdn.beforward.jp/medium/202607/15987998/CE107431_203adc70.JPG?w=200,1,2026-07-22 12:48:11.230783
BE FORWARD,CE107842,2023 PEUGEOT 3008,Peugeot,3008,2023.0,35513.0,0.0,Diesel,Automatic,Sedan,2697015.0,18070.0,20176.0,Mombasa,USD,Yokohama,https://www.beforward.jp/peugeot/3008/ce107842/id/15988409/,https://image-cdn.beforward.jp/medium/202607/15988409/CE107842_203b1d97.JPG?w=200,1,2026-07-22 12:48:11.230783
BE FORWARD,CE104377,2019 PEUGEOT 308,Peugeot,308,2019.0,49000.0,0.0,Diesel,Automatic,Sedan,1444776.0,9680.0,11678.0,Mombasa,USD,Yokohama,https://www.beforward.jp/peugeot/308/ce104377/id/15985009/,https://image-cdn.beforward.jp/medium/202607/15985009/CE104377_20398f68.jpg?w=200,1,2026-07-22 12:48:11.230783
BE FORWARD,CD769516,2023 PEUGEOT 208 GT,Peugeot,208 Gt,2023.0,2669.0,,Electric,Automatic,Sedan,1782090.0,11940.0,,,USD,Nagoya,https://www.beforward.jp/peugeot/208/cd769516/id/15727164/,https://image-cdn.beforward.jp/medium/202606/15727164/CD769516_1fbe17cb.jpg?w=200,1,2026-07-22 12:48:11.230783
BE FORWARD,CE105148,2024 PEUGEOT 308 GTHDI,Peugeot,308 Gthdi,2024.0,42756.0,500.0,Diesel,Automatic,Sedan,2928358.0,19620.0,21677.0,Mombasa,USD,Nagoya,https://www.beforward.jp/peugeot/308/ce105148/id/15985706/,https://image-cdn.beforward.jp/medium/202607/15985706/CE105148_2039ea78.jpg?w=200,1,2026-07-22 12:48:11.230783
BE FORWARD,CE099055,2021 PEUGEOT 2008,Peugeot,2008,2021.0,44055.0,0.0,Petrol,Automatic,Sedan,1001493.0,6710.0,,,USD,Yokohama,https://www.beforward.jp/peugeot/2008/ce099055/id/15979863/,https://image-cdn.beforward.jp/medium/202607/15979863/CE099055_20363fd9.JPG?w=200,1,2026-07-22 12:48:11.230783
BE FORWARD,CE099167,2021 PEUGEOT 2008,Peugeot,2008,2021.0,41931.0,200.0,Petrol,Automatic,Sedan,1932836.0,12950.0,,,USD,Kobe,https://www.beforward.jp/peugeot/2008/ce099167/id/15979975/,https://image-cdn.beforward.jp/medium/202607/15979975/CE099167_2036505f.JPG?w=200,1,2026-07-22 12:48:11.230783
BE FORWARD,CD808376,2021 PEUGEOT 2008,Peugeot,2008,2021.0,42898.0,200.0,Petrol,Automatic,Sedan,1395522.0,9350.0,,,USD,Yokohama,https://www.beforward.jp/peugeot/2008/cd808376/id/15765851/,https://image-cdn.beforward.jp/medium/202607/15765851/CD808376_1fd0413b.jpg?w=200,1,2026-07-22 12:48:11.230783
BE FORWARD,CE090124,2022 PEUGEOT 5008 GT,Peugeot,5008 Gt,2022.0,47930.0,598.0,Petrol,Automatic,Sedan,2600000.0,17420.0,,,USD,Yokohama,https://www.beforward.jp/peugeot/5008/ce090124/id/15970703/,https://image-cdn.beforward.jp/medium/202607/15970703/CE090124_20329e50.jpg?w=200,1,2026-07-22 12:48:11.230783
BE FORWARD,CE105183,2019 PEUGEOT 508 GTHDI,Peugeot,508 Gthdi,2019.0,57873.0,0.0,Diesel,Automatic,Sedan,1849254.0,12390.0,14424.0,Mombasa,USD,Nagoya,https://www.beforward.jp/peugeot/508/ce105183/id/15985741/,https://image-cdn.beforward.jp/medium/202607/15985741/CE105183_2039edb9.jpg?w=200,1,2026-07-22 12:48:11.230783
BE FORWARD,CE104248,2020 PEUGEOT 208,Peugeot,208,2020.0,40661.0,200.0,Petrol,Automatic,Sedan,1059701.0,7100.0,8864.0,Mombasa,USD,Nagoya,https://www.beforward.jp/peugeot/208/ce104248/id/15984880/,https://image-cdn.beforward.jp/medium/202607/15984880/CE104248_204a60d0.jpg?w=200,1,2026-07-22 12:48:11.230783
BE FORWARD,CE103110,2022 PEUGEOT 508,Peugeot,508,2022.0,24877.0,0.0,Diesel,Automatic,Sedan,2100000.0,14070.0,16379.0,Mombasa,USD,Toyama,https://www.beforward.jp/peugeot/508/ce103110/id/15983979/,https://image-cdn.beforward.jp/medium/202607/15983979/CE103110_2039108e.jpg?w=200,1,2026-07-22 12:48:11.230783
BE FORWARD,CE102845,2021 PEUGEOT 508,Peugeot,508,2021.0,23400.0,600.0,Petrol,Automatic,Sedan,2147761.0,14390.0,16437.0,Mombasa,USD,Nagoya,https://www.beforward.jp/peugeot/508/ce102845/id/15983691/,https://image-cdn.beforward.jp/medium/202607/15983691/CE102845_2038e517.jpg?w=200,1,2026-07-22 12:48:11.230783
BE FORWARD,CC558186,2021 PEUGEOT 208,Peugeot,208,2021.0,23181.0,200.0,Petrol,Automatic,Sedan,1291045.0,8650.0,10450.0,Mombasa,USD,Yokohama,https://www.beforward.jp/peugeot/208/cc558186/id/14577752/,https://image-cdn.beforward.jp/medium/202603/14577752/CC558186_1daa19c5.JPG?w=200,1,2026-07-22 12:48:11.230783
BE FORWARD,CE099231,2020 PEUGEOT 208,Peugeot,208,2020.0,56777.0,700.0,Electric,Automatic,Sedan,1079104.0,7230.0,,,USD,Yokohama,https://www.beforward.jp/peugeot/208/ce099231/id/15980040/,https://image-cdn.beforward.jp/medium/202607/15980040/CE099231_203659fb.JPG?w=200,1,2026-07-22 12:48:11.230783
BE FORWARD,CE099815,2018 PEUGEOT 3008 GTHDI,Peugeot,3008 Gthdi,2018.0,78824.0,990.0,Diesel,Automatic,Sedan,1252239.0,8390.0,10540.0,Mombasa,USD,Nagoya,https://www.beforward.jp/peugeot/3008/ce099815/id/15980625/,https://image-cdn.beforward.jp/medium/202607/15980625/CE099815_2036bd23.jpg?w=200,1,2026-07-22 12:48:11.230783
BE FORWARD,CE095729,2020 PEUGEOT 308,Peugeot,308,2020.0,22011.0,200.0,Petrol,Automatic,Sedan,1282090.0,8590.0,10597.0,Mombasa,USD,Yokohama,https://www.beforward.jp/peugeot/308/ce095729/id/15976501/,https://image-cdn.beforward.jp/medium/202607/15976501/CE095729_2034f02b.jpg?w=200,1,2026-07-22 12:48:11.230783
BE FORWARD,CE096263,2023 PEUGEOT 308 GTHDI,Peugeot,308 Gthdi,2023.0,17088.0,500.0,Diesel,Automatic,Sedan,2917910.0,19550.0,21607.0,Mombasa,USD,Nagoya,https://www.beforward.jp/peugeot/308/ce096263/id/15977041/,https://image-cdn.beforward.jp/medium/202607/15977041/CE096263_2035340c.jpg?w=200,1,2026-07-22 12:48:11.230783
BE FORWARD,CE096265,2020 PEUGEOT 208 GT,Peugeot,208 Gt,2020.0,12589.0,200.0,Petrol,Automatic,Sedan,1810448.0,12130.0,13920.0,Mombasa,USD,Nagoya,https://www.beforward.jp/peugeot/208/ce096265/id/15977043/,https://image-cdn.beforward.jp/medium/202607/15977043/CE096265_20353440.jpg?w=200,1,2026-07-22 12:48:11.230783
BE FORWARD,CE096304,2023 PEUGEOT 308 GTHDIED,Peugeot,308 Gthdied,2023.0,30352.0,500.0,Diesel,Automatic,Sedan,2947761.0,19750.0,21720.0,Mombasa,USD,Nagoya,https://www.beforward.jp/peugeot/308/ce096304/id/15977082/,https://image-cdn.beforward.jp/medium/202607/15977082/CE096304_2035378a.jpg?w=200,1,2026-07-22 12:48:11.230783
BE FORWARD,CE094013,2023 PEUGEOT 208,Peugeot,208,2023.0,34000.0,200.0,Petrol,Automatic,Sedan,1722388.0,11540.0,13285.0,Mombasa,USD,Osaka,https://www.beforward.jp/peugeot/208/ce094013/id/15975225/,https://image-cdn.beforward.jp/medium/202607/15975225/CE094013_20340b09.jpg?w=200,1,2026-07-22 12:48:11.230783
BE FORWARD,CE090491,2019 PEUGEOT 5008 GTHDI,Peugeot,5008 Gthdi,2019.0,76600.0,997.0,Diesel,Automatic,Van,1541791.0,10330.0,12545.0,Mombasa,USD,Osaka,https://www.beforward.jp/peugeot/5008/ce090491/id/15971076/,https://image-cdn.beforward.jp/medium/202607/15971076/CE090491_2032c96a.jpg?w=200,1,2026-07-22 12:48:11.230783
BE FORWARD,CE090658,2019 PEUGEOT 508 SWGTHDI,Peugeot,508 Swgthdi,2019.0,50100.0,997.0,Diesel,Automatic,Sedan,1637313.0,10970.0,13027.0,Mombasa,USD,Yokohama,https://www.beforward.jp/peugeot/508/ce090658/id/15971245/,https://image-cdn.beforward.jp/medium/202607/15971245/CE090658_2032dad0.jpg?w=200,1,2026-07-22 12:48:11.230783
BE FORWARD,CD516702,2025 PEUGEOT 3008,Peugeot,3008,2025.0,2000.0,200.0,Petrol,Automatic,Sedan,4020896.0,26940.0,29189.0,Mombasa,USD,Nagoya,https://www.beforward.jp/peugeot/3008/cd516702/id/15472564/,https://image-cdn.beforward.jp/medium/202606/15472564/CD516702_1f4929a4.jpg?w=200,1,2026-07-22 12:48:11.230783
BE FORWARD,CD368983,2022 PEUGEOT 3008,Peugeot,3008,2022.0,30000.0,600.0,Petrol,Automatic,Sedan,2614925.0,17520.0,19652.0,Mombasa,USD,Nagoya,https://www.beforward.jp/peugeot/3008/cd368983/id/15323732/,https://image-cdn.beforward.jp/medium/202605/15323732/CD368983_1f00e6c3.jpg?w=200,1,2026-07-22 12:48:11.230783
BE FORWARD,CD434432,2025 PEUGEOT 3008,Peugeot,3008,2025.0,6000.0,200.0,Petrol,Automatic,Sedan,4098507.0,27460.0,29709.0,Mombasa,USD,Nagoya,https://www.beforward.jp/peugeot/3008/cd434432/id/15389847/,https://image-cdn.beforward.jp/medium/202606/15389847/CD434432_1f2107e5.jpg?w=200,1,2026-07-22 12:48:11.230783
BE FORWARD,CD368967,2021 PEUGEOT 3008,Peugeot,3008,2021.0,48000.0,0.0,Petrol,Automatic,Sedan,2095522.0,14040.0,,,USD,Nagoya,https://www.beforward.jp/peugeot/3008/cd368967/id/15323716/,https://image-cdn.beforward.jp/medium/202605/15323716/CD368967_1f00e46f.jpg?w=200,1,2026-07-22 12:48:11.230783
BE FORWARD,CE089059,2024 PEUGEOT 2008,Peugeot,2008,2024.0,9957.0,500.0,Petrol,Automatic,Sedan,3061194.0,20510.0,,,USD,Yokohama,https://www.beforward.jp/peugeot/2008/ce089059/id/15969528/,https://image-cdn.beforward.jp/medium/202607/15969528/CE089059_20330784.jpg?w=200,1,2026-07-22 12:48:11.230783
BE FORWARD,CE089356,2018 PEUGEOT 3008,Peugeot,3008,2018.0,63000.0,0.0,Petrol,Automatic,Sedan,1814925.0,12160.0,,,USD,Kobe,https://www.beforward.jp/peugeot/3008/ce089356/id/15969832/,https://image-cdn.beforward.jp/medium/202607/15969832/CE089356_20331e5e.jpg?w=200,1,2026-07-22 12:48:11.230783
BE FORWARD,CE086078,2022 PEUGEOT 2008,Peugeot,2008,2022.0,21740.0,500.0,Petrol,Automatic,Sedan,2379104.0,15940.0,,,USD,Osaka,https://www.beforward.jp/peugeot/2008/ce086078/id/15966950/,https://image-cdn.beforward.jp/medium/202607/15966950/CE086078_20313e35.JPG?w=200,1,2026-07-22 12:48:11.230783
BE FORWARD,CE086120,2022 PEUGEOT 3008,Peugeot,3008,2022.0,10515.0,600.0,Petrol,Automatic,Sedan,2619403.0,17550.0,,,USD,Osaka,https://www.beforward.jp/peugeot/3008/ce086120/id/15966992/,https://image-cdn.beforward.jp/medium/202607/15966992/CE086120_2031454d.JPG?w=200,1,2026-07-22 12:48:11.230783
BE FORWARD,CE088605,2021 PEUGEOT 208,Peugeot,208,2021.0,55000.0,200.0,Petrol,Automatic,Sedan,997015.0,6680.0,8470.0,Mombasa,USD,Nagoya,https://www.beforward.jp/peugeot/208/ce088605/id/15969074/,https://image-cdn.beforward.jp/medium/202607/15969074/CE088605_20328705.jpg?w=200,1,2026-07-22 12:48:11.230783
BE FORWARD,CE088664,2020 PEUGEOT 208,Peugeot,208,2020.0,52470.0,200.0,Petrol,Automatic,Sedan,1329851.0,8910.0,10700.0,Mombasa,USD,Nagoya,https://www.beforward.jp/peugeot/208/ce088664/id/15969133/,https://image-cdn.beforward.jp/medium/202607/15969133/CE088664_2032e450.jpg?w=200,1,2026-07-22 12:48:11.230783
BE FORWARD,CE089329,2019 PEUGEOT 308,Peugeot,308,2019.0,23000.0,0.0,Diesel,Automatic,Sedan,1488060.0,9970.0,12026.0,Mombasa,USD,Kobe,https://www.beforward.jp/peugeot/308/ce089329/id/15969805/,https://image-cdn.beforward.jp/medium/202607/15969805/CE089329_20331cc3.jpg?w=200,1,2026-07-22 12:48:11.230783
BE FORWARD,CE089330,2018 PEUGEOT 308,Peugeot,308,2018.0,45000.0,0.0,Diesel,Automatic,Sedan,1265672.0,8480.0,10536.0,Mombasa,USD,Kobe,https://www.beforward.jp/peugeot/308/ce089330/id/15969806/,https://image-cdn.beforward.jp/medium/202607/15969806/CE089330_20331ccb.jpg?w=200,1,2026-07-22 12:48:11.230783
BE FORWARD,CE089332,2019 PEUGEOT 308,Peugeot,308,2019.0,54000.0,0.0,Diesel,Automatic,Sedan,1170149.0,7840.0,9896.0,Mombasa,USD,Kobe,https://www.beforward.jp/peugeot/308/ce089332/id/15969808/,https://image-cdn.beforward.jp/medium/202607/15969808/CE089332_20331cf2.jpg?w=200,1,2026-07-22 12:48:11.230783
BE FORWARD,CE089333,2019 PEUGEOT 308,Peugeot,308,2019.0,37000.0,500.0,Diesel,Automatic,Sedan,1477612.0,9900.0,11956.0,Mombasa,USD,Kobe,https://www.beforward.jp/peugeot/308/ce089333/id/15969809/,https://image-cdn.beforward.jp/medium/202607/15969809/CE089333_20331cfa.jpg?w=200,1,2026-07-22 12:48:11.230783
BE FORWARD,CE089352,2021 PEUGEOT 508,Peugeot,508,2021.0,22000.0,600.0,Petrol,Automatic,Sedan,2816418.0,18870.0,20985.0,Mombasa,USD,Kobe,https://www.beforward.jp/peugeot/508/ce089352/id/15969828/,https://image-cdn.beforward.jp/medium/202607/15969828/CE089352_20331e2c.jpg?w=200,1,2026-07-22 12:48:11.230783
BE FORWARD,CE086697,2019 PEUGEOT 308,Peugeot,308,2019.0,45840.0,500.0,Diesel,Automatic,Sedan,904478.0,6060.0,7942.0,Mombasa,USD,Nagoya,https://www.beforward.jp/peugeot/308/ce086697/id/15967570/,https://image-cdn.beforward.jp/medium/202607/15967570/CE086697_20319e4d.JPG?w=200,1,2026-07-22 12:48:11.230783
BE FORWARD,CE082959,2023 PEUGEOT 3008,Peugeot,3008,2023.0,31755.0,600.0,Petrol,Automatic,Sedan,2552239.0,17100.0,19242.0,Mombasa,USD,Yokohama,https://www.beforward.jp/peugeot/3008/ce082959/id/15963773/,https://image-cdn.beforward.jp/medium/202607/15963773/CE082959_202fc7e0.jpg?w=200,1,2026-07-22 12:48:11.230783
BE FORWARD,CD474068,2025 PEUGEOT 308 GT,Peugeot,308 Gt,2025.0,1463.0,200.0,Petrol,Automatic,Sedan,3313433.0,22200.0,24180.0,Mombasa,USD,Nagoya,https://www.beforward.jp/peugeot/308/cd474068/id/15428845/,https://image-cdn.beforward.jp/medium/202607/15428845/CD474068_202fa642.jpg?w=200,1,2026-07-22 12:48:11.230783
BE FORWARD,CD422826,2021 PEUGEOT 3008 GT4,Peugeot,3008 Gt4,2021.0,19392.0,600.0,Petrol,Automatic,Sedan,2437313.0,16330.0,18472.0,Mombasa,USD,Yokohama,https://www.beforward.jp/peugeot/3008/cd422826/id/15377861/,https://image-cdn.beforward.jp/medium/202606/15377861/CD422826_1f7cedb3.jpg?w=200,1,2026-07-22 12:48:11.230783
BE FORWARD,CE083351,2023 PEUGEOT 208 GT,Peugeot,208 Gt,2023.0,21568.0,200.0,Petrol,Automatic,Sedan,2002985.0,13420.0,15191.0,Mombasa,USD,Nagoya,https://www.beforward.jp/peugeot/208/ce083351/id/15964174/,https://image-cdn.beforward.jp/medium/202607/15964174/CE083351_20300859.jpg?w=200,1,2026-07-22 12:48:11.230783
BE FORWARD,CE083378,2024 PEUGEOT 208 GT,Peugeot,208 Gt,2024.0,6916.0,200.0,Petrol,Automatic,Sedan,2744776.0,18390.0,20161.0,Mombasa,USD,Nagoya,https://www.beforward.jp/peugeot/208/ce083378/id/15964201/,https://image-cdn.beforward.jp/medium/202607/15964201/CE083378_20300b0d.jpg?w=200,1,2026-07-22 12:48:11.230783
BE FORWARD,CE083387,2019 PEUGEOT 508 GTHDI,Peugeot,508 Gthdi,2019.0,31695.0,0.0,Diesel,Automatic,Sedan,2052239.0,13750.0,15758.0,Mombasa,USD,Nagoya,https://www.beforward.jp/peugeot/508/ce083387/id/15964210/,https://image-cdn.beforward.jp/medium/202607/15964210/CE083387_20300ba6.jpg?w=200,1,2026-07-22 12:48:11.230783
BE FORWARD,CE083539,2021 PEUGEOT 208 GT,Peugeot,208 Gt,2021.0,25585.0,200.0,Petrol,Automatic,Sedan,2002985.0,13420.0,15184.0,Mombasa,USD,Yokohama,https://www.beforward.jp/peugeot/208/ce083539/id/15964362/,https://image-cdn.beforward.jp/medium/202607/15964362/CE083539_20301ce2.jpg?w=200,1,2026-07-22 12:48:11.230783
BE FORWARD,CE083559,2022 PEUGEOT 3008 GT,Peugeot,3008 Gt,2022.0,19424.0,600.0,Petrol,Automatic,Sedan,2868657.0,19220.0,21362.0,Mombasa,USD,Yokohama,https://www.beforward.jp/peugeot/3008/ce083559/id/15964382/,https://image-cdn.beforward.jp/medium/202607/15964382/CE083559_20301f15.jpg?w=200,1,2026-07-22 12:48:11.230783
BE FORWARD,CE082282,2018 PEUGEOT 308,Peugeot,308,2018.0,52736.0,600.0,Diesel,Automatic,Sedan,1000000.0,6700.0,8698.0,Mombasa,USD,Yokohama,https://www.beforward.jp/peugeot/308/ce082282/id/15963111/,https://image-cdn.beforward.jp/medium/202607/15963111/CE082282_202ef1de.jpg?w=200,1,2026-07-22 12:48:11.230783
BE FORWARD,CE075793,2018 PEUGEOT 3008,Peugeot,3008,2018.0,33292.0,600.0,Petrol,Automatic,Sedan,1444776.0,9680.0,,,USD,Yokohama,https://www.beforward.jp/peugeot/3008/ce075793/id/15956819/,https://image-cdn.beforward.jp/medium/202607/15956819/CE075793_202bbf31.jpg?w=200,1,2026-07-22 12:48:11.230783
BE FORWARD,CE076961,2021 PEUGEOT 2008,Peugeot,2008,2021.0,39977.0,200.0,Petrol,Automatic,Sedan,2002985.0,13420.0,,,USD,Yokohama,https://www.beforward.jp/peugeot/2008/ce076961/id/15957345/,https://image-cdn.beforward.jp/medium/202607/15957345/CE076961_202c165b.jpg?w=200,1,2026-07-22 12:48:11.230783
BE FORWARD,CE074381,2023 PEUGEOT 2008,Peugeot,2008,2023.0,19856.0,200.0,Petrol,Automatic,Sedan,2095522.0,14040.0,,,USD,Kyushu,https://www.beforward.jp/peugeot/2008/ce074381/id/15955376/,https://image-cdn.beforward.jp/medium/202607/15955376/CE074381_202acf87.JPG?w=200,1,2026-07-22 12:48:11.230783
BE FORWARD,CE080406,2025 PEUGEOT 208,Peugeot,208,2025.0,1800.0,200.0,Petrol,Automatic,Sedan,3467164.0,23230.0,25015.0,Mombasa,USD,Nagoya,https://www.beforward.jp/peugeot/208/ce080406/id/15961141/,https://image-cdn.beforward.jp/medium/202607/15961141/CE080406_202e2425.jpg?w=200,1,2026-07-22 12:48:11.230783
BE FORWARD,CE073236,2018 PEUGEOT 308 HDI,Peugeot,308 Hdi,2018.0,65000.0,560.0,Diesel,Automatic,Sedan,831343.0,5570.0,7426.0,Mombasa,USD,Yokohama,https://www.beforward.jp/peugeot/308/ce073236/id/15954212/,https://image-cdn.beforward.jp/medium/202607/15954212/CE073236_202a33eb.jpg?w=200,1,2026-07-22 12:48:11.230783
BE FORWARD,CE072381,2020 PEUGEOT 208 GT,Peugeot,208 Gt,2020.0,42672.0,200.0,Petrol,Automatic,Sedan,1204478.0,8070.0,9860.0,Mombasa,USD,Nagoya,https://www.beforward.jp/peugeot/208/ce072381/id/15953356/,https://image-cdn.beforward.jp/medium/202607/15953356/CE072381_2029e1c7.jpg?w=200,1,2026-07-22 12:48:11.230783
BE FORWARD,CE063230,2020 PEUGEOT 308 GTHDI,Peugeot,308 Gthdi,2020.0,28230.0,498.0,Diesel,Automatic,Sedan,1059701.0,7100.0,8997.0,Mombasa,USD,Yokohama,https://www.beforward.jp/peugeot/308/ce063230/id/15943687/,https://image-cdn.beforward.jp/medium/202607/15943687/CE063230_20254e2b.jpg?w=200,1,2026-07-22 12:48:11.230783
BE FORWARD,CE062250,2020 PEUGEOT 5008 1.6 ALLURE (MY19),Peugeot,5008 1.6 Allure (My19),2020.0,150123.0,598.0,Petrol,Automatic,Van,3129851.0,20970.0,23130.0,Mombasa,USD,Thailand,https://www.beforward.jp/peugeot/5008/ce062250/id/15942637/,https://image-cdn.beforward.jp/medium/202607/15942637/CE062250_1fc8deff.jpg?w=200,1,2026-07-22 12:48:11.230783
BE FORWARD,CE060148,2024 PEUGEOT 3008,Peugeot,3008,2024.0,49000.0,600.0,Petrol,Automatic,Sedan,2374627.0,15910.0,18042.0,Mombasa,USD,Nagoya,https://www.beforward.jp/peugeot/3008/ce060148/id/15940884/,https://image-cdn.beforward.jp/medium/202607/15940884/CE060148_20248d7e.jpg?w=200,1,2026-07-22 12:48:11.230783
BE FORWARD,CE060171,2020 PEUGEOT 208,Peugeot,208,2020.0,29000.0,200.0,Petrol,Automatic,Sedan,1411940.0,9460.0,11250.0,Mombasa,USD,Nagoya,https://www.beforward.jp/peugeot/208/ce060171/id/15940907/,https://image-cdn.beforward.jp/medium/202607/15940907/CE060171_20248ff1.jpg?w=200,1,2026-07-22 12:48:11.230783
BE FORWARD,CE058757,2018 PEUGEOT 5008,Peugeot,5008,2018.0,54000.0,600.0,Petrol,Automatic,Van,1401493.0,9390.0,11683.0,Mombasa,USD,Yokohama,https://www.beforward.jp/peugeot/5008/ce058757/id/15939468/,https://image-cdn.beforward.jp/medium/202607/15939468/CE058757_2023f1a3.jpg?w=200,1,2026-07-22 12:48:11.230783
BE FORWARD,CD784474,2021 PEUGEOT 2008,Peugeot,2008,2021.0,35792.0,200.0,Petrol,Automatic,Sedan,1561194.0,10460.0,12403.0,Mombasa,USD,Nagoya,https://www.beforward.jp/peugeot/2008/cd784474/id/15741969/,https://image-cdn.beforward.jp/medium/202607/15741969/CD784474_1fd0ed53.jpg?w=200,1,2026-07-22 12:48:11.230783
BE FORWARD,CD784312,2020 PEUGEOT 208,Peugeot,208,2020.0,24275.0,200.0,Petrol,Automatic,Sedan,1686567.0,11300.0,13090.0,Mombasa,USD,Nagoya,https://www.beforward.jp/peugeot/208/cd784312/id/15741807/,https://image-cdn.beforward.jp/medium/202607/15741807/CD784312_1fcad556.jpg?w=200,1,2026-07-22 12:48:11.230783
BE FORWARD,CD783901,2022 PEUGEOT 3008 GT,Peugeot,3008 Gt,2022.0,27673.0,600.0,Petrol,Automatic,Sedan,2600000.0,17420.0,19552.0,Mombasa,USD,Nagoya,https://www.beforward.jp/peugeot/3008/cd783901/id/15741395/,https://image-cdn.beforward.jp/medium/202607/15741395/CD783901_1fc4c6ea.jpg?w=200,1,2026-07-22 12:48:11.230783
BE FORWARD,CD705978,2023 PEUGEOT 308 GTHDI,Peugeot,308 Gthdi,2023.0,21994.0,500.0,Diesel,Automatic,Sedan,2880597.0,19300.0,21357.0,Mombasa,USD,Nagoya,https://www.beforward.jp/peugeot/308/cd705978/id/15663119/,https://image-cdn.beforward.jp/medium/202607/15663119/CD705978_202223db.jpg?w=200,1,2026-07-22 12:48:11.230783
BE FORWARD,CD529644,2021 PEUGEOT 2008,Peugeot,2008,2021.0,43219.0,200.0,Petrol,Automatic,Sedan,1455224.0,9750.0,,,USD,Nagoya,https://www.beforward.jp/peugeot/2008/cd529644/id/15485309/,https://image-cdn.beforward.jp/medium/202607/15485309/CD529644_2021d2d4.jpg?w=200,1,2026-07-22 12:48:11.230783
BE FORWARD,CE027264,2021 PEUGEOT 3008,Peugeot,3008,2021.0,60363.0,0.0,Petrol,Automatic,Sedan,2032836.0,13620.0,,,USD,Nagoya,https://www.beforward.jp/peugeot/3008/ce027264/id/15908069/,https://image-cdn.beforward.jp/medium/202607/15908069/CE027264_201209bf.JPG?w=200,1,2026-07-22 12:48:11.230783
BE FORWARD,CD557398,2025 PEUGEOT 2008,Peugeot,2008,2025.0,576.0,200.0,Petrol,Automatic,Sedan,3419403.0,22910.0,,,USD,Nagoya,https://www.beforward.jp/peugeot/2008/cd557398/id/15513169/,https://image-cdn.beforward.jp/medium/202607/15513169/CD557398_20097df2.jpg?w=200,1,2026-07-22 12:48:11.230783
BE FORWARD,CD402876,2018 PEUGEOT 208,Peugeot,208,2018.0,48057.0,200.0,Petrol,Automatic,Sedan,605970.0,4060.0,,,USD,Yokohama,https://www.beforward.jp/peugeot/208/cd402876/id/15357697/,https://image-cdn.beforward.jp/medium/202605/15357697/CD402876_1f10b22d.jpg?w=200,1,2026-07-22 12:48:11.230783
BE FORWARD,CC553568,2023 PEUGEOT 308,Peugeot,308,2023.0,54700.0,500.0,Petrol,Automatic,Sedan,2108955.0,14130.0,,,USD,Nagoya,https://www.beforward.jp/peugeot/308/cc553568/id/14573559/,https://image-cdn.beforward.jp/medium/202603/14573559/CC553568_1da7f08c.jpg?w=200,1,2026-07-22 12:48:11.230783
BE FORWARD,CC501071,2018 PEUGEOT 308,Peugeot,308,2018.0,32105.0,0.0,Petrol,Automatic,Sedan,761194.0,5100.0,,,USD,Kobe,https://www.beforward.jp/peugeot/308/cc501071/id/14521316/,https://image-cdn.beforward.jp/medium/202607/14521316/CC501071_1fff5bf8.jpg?w=200,1,2026-07-22 12:48:11.230783
BE FORWARD,CE011842,2025 PEUGEOT EXPERT BRANDNEW PEUGEOT E-EXPERT 100KW,Peugeot,Expert Brandnew Peugeot E-Expert 100Kw,2025.0,5.0,,Electric,Automatic,Sedan,2364179.0,15840.0,,,USD,Singapore,https://www.beforward.jp/peugeot/expert/ce011842/id/15892366/,https://image-cdn.beforward.jp/medium/202607/15892366/CE011842_1ff72902.jpg?w=200,1,2026-07-22 12:48:11.230783
BE FORWARD,CE006898,2025 PEUGEOT PEUGOET OTHERS,Peugeot,Peugoet Others,2025.0,14835.0,500.0,Diesel,Automatic,Sedan,3341791.0,22390.0,24731.0,Mombasa,USD,Nagoya,https://www.beforward.jp/peugeot/peugoet-others/ce006898/id/15887217/,https://image-cdn.beforward.jp/medium/202607/15887217/CE006898_2001a80f.JPG?w=200,1,2026-07-22 12:48:11.230783
BE FORWARD,CE005001,2020 PEUGEOT 308 GTHDI,Peugeot,308 Gthdi,2020.0,12733.0,490.0,Diesel,Automatic,Sedan,1223881.0,8200.0,10092.0,Mombasa,USD,Yokohama,https://www.beforward.jp/peugeot/308/ce005001/id/15885210/,https://image-cdn.beforward.jp/medium/202607/15885210/CE005001_20051a70.jpg?w=200,1,2026-07-22 12:48:11.230783
BE FORWARD,CE007315,2020 PEUGEOT PEUGOET OTHERS,Peugeot,Peugoet Others,2020.0,54250.0,490.0,Diesel,Automatic,Sedan,1886567.0,12640.0,15020.0,Mombasa,USD,Yokohama,https://www.beforward.jp/peugeot/peugoet-others/ce007315/id/15887674/,https://image-cdn.beforward.jp/medium/202607/15887674/CE007315_20065070.jpg?w=200,1,2026-07-22 12:48:11.230783
BE FORWARD,CE007559,2023 PEUGEOT 308 GTHDI,Peugeot,308 Gthdi,2023.0,33700.0,490.0,Diesel,Automatic,Sedan,2159701.0,14470.0,16440.0,Mombasa,USD,Nagoya,https://www.beforward.jp/peugeot/308/ce007559/id/15887945/,https://image-cdn.beforward.jp/medium/202607/15887945/CE007559_20067b3a.jpg?w=200,1,2026-07-22 12:48:11.230783
BE FORWARD,CE008718,2023 PEUGEOT 208 GT,Peugeot,208 Gt,2023.0,24900.0,190.0,Petrol,Sport At,Sedan,2011940.0,13480.0,15319.0,Mombasa,USD,Kobe,https://www.beforward.jp/peugeot/208/ce008718/id/15889206/,https://image-cdn.beforward.jp/medium/202607/15889206/CE008718_2006f8a3.jpg?w=200,1,2026-07-22 12:48:11.230783
BE FORWARD,CE089296,2022 HYUNDAI IONIQ,Hyundai,Ioniq,2022.0,30250.0,,Petrol,Automatic,Sedan,2437313.0,16330.0,,,USD,Osaka,https://www.beforward.jp/hyundai/ioniq/ce089296/id/15969772/,https://image-cdn.beforward.jp/medium/202607/15969772/CE089296_203319c3.jpg?w=200,1,2026-07-22 12:48:11.230783
BE FORWARD,CE085416,2023 HYUNDAI IONIQ 5,Hyundai,Ioniq 5,2023.0,1600.0,,Electric,Cvt,Sedan,2756716.0,18470.0,,,USD,Yokohama,https://www.beforward.jp/hyundai/ioniq-5/ce085416/id/15966273/,https://image-cdn.beforward.jp/medium/202607/15966273/CE085416_2030da68.jpg?w=200,1,2026-07-22 12:48:11.230783
BE FORWARD,CE065074,2026 HYUNDAI KONA KONA ELECTRIC S/R,Hyundai,Kona Kona Electric S/R,2026.0,8.0,,Electric,Automatic,Sedan,4432836.0,29700.0,,,USD,Singapore,https://www.beforward.jp/hyundai/kona/ce065074/id/15945804/,https://image-cdn.beforward.jp/medium/202607/15945804/CE065074_2006b050.jpg?w=200,1,2026-07-22 12:48:11.230783
BE FORWARD,CE052301,2026 HYUNDAI KONA KONA ELECTRIC,Hyundai,Kona Kona Electric,2026.0,20.0,,Electric,Automatic,Sedan,4104478.0,27500.0,,,USD,Singapore,https://www.beforward.jp/hyundai/kona/ce052301/id/15933097/,https://image-cdn.beforward.jp/medium/202607/15933097/CE052301_20066546.jpg?w=200,1,2026-07-22 12:48:11.230783
BE FORWARD,CE051532,2026 HYUNDAI KONA KONA ELECTRIC,Hyundai,Kona Kona Electric,2026.0,51.0,,Electric,Automatic,Sedan,4104478.0,27500.0,,,USD,Singapore,https://www.beforward.jp/hyundai/kona/ce051532/id/15932327/,https://image-cdn.beforward.jp/medium/202607/15932327/CE051532_2005c3ff.jpg?w=200,1,2026-07-22 12:48:11.230783
BE FORWARD,CD769891,2024 HYUNDAI KONA,Hyundai,Kona,2024.0,26726.0,,Electric,Automatic,Sedan,2456716.0,16460.0,,,USD,Nagoya,https://www.beforward.jp/hyundai/kona/cd769891/id/15727540/,https://image-cdn.beforward.jp/medium/202606/15727540/CD769891_1fbe3eab.jpg?w=200,1,2026-07-22 12:48:11.230783
BE FORWARD,CD885552,2026 HYUNDAI PALISADE 2.5 AT 4WD,Hyundai,Palisade 2.5 At 4Wd,2026.0,,497.0,Petrol,Automatic,Van,9526866.0,63830.0,68376.0,Mombasa,USD,Australia,https://www.beforward.jp/hyundai/palisade/cd885552/id/15843261/,https://image-cdn.beforward.jp/medium/202607/15843261/CD885552_1ff0d060.jpg?w=200,1,2026-07-22 12:48:11.230783
BE FORWARD,CD861739,2024 HYUNDAI IONIQ 5,Hyundai,Ioniq 5,2024.0,13111.0,,Electric,Cvt,Sedan,3274627.0,21940.0,,,USD,Yokohama,https://www.beforward.jp/hyundai/ioniq-5/cd861739/id/15819881/,https://image-cdn.beforward.jp/medium/202607/15819881/CD861739_2030da54.jpg?w=200,1,2026-07-22 12:48:11.230783
BE FORWARD,CD770003,2025 HYUNDAI IONIQ 5,Hyundai,Ioniq 5,2025.0,2465.0,,Petrol,Automatic,Sedan,5277612.0,35360.0,,,USD,Nagoya,https://www.beforward.jp/hyundai/ioniq-5/cd770003/id/15727652/,https://image-cdn.beforward.jp/medium/202606/15727652/CD770003_1fbe4a10.jpg?w=200,1,2026-07-22 12:48:11.230783
BE FORWARD,CD677397,2022 HYUNDAI IONIQ AWD,Hyundai,Ioniq Awd,2022.0,50534.0,,Petrol,Automatic,Sedan,2677612.0,17940.0,,,USD,Nagoya,https://www.beforward.jp/hyundai/ioniq/cd677397/id/15634507/,https://image-cdn.beforward.jp/medium/202606/15634507/CD677397_1f90c5a1.jpg?w=200,1,2026-07-22 12:48:11.230783
BE FORWARD,CD762236,2026 HYUNDAI I30 2.0L 2WD AT,Hyundai,I30 2.0L 2Wd At,2026.0,,0.0,Petrol,Automatic,Sedan,6597015.0,44200.0,47087.0,Mombasa,USD,Australia,https://www.beforward.jp/hyundai/i30/cd762236/id/15719985/,https://image-cdn.beforward.jp/medium/202606/15719985/CD762236_1fb9b5f0.jpg?w=200,1,2026-07-22 12:48:11.230783
BE FORWARD,CD762235,2026 HYUNDAI I30 2.0L 2WD AT,Hyundai,I30 2.0L 2Wd At,2026.0,,0.0,Petrol,Manual,Sedan,6862687.0,45980.0,49090.0,Mombasa,USD,Australia,https://www.beforward.jp/hyundai/i30/cd762235/id/15719984/,https://image-cdn.beforward.jp/medium/202606/15719984/CD762235_1fb9b552.jpg?w=200,1,2026-07-22 12:48:11.230783
BE FORWARD,CD762222,2026 HYUNDAI I30 1.6L 2WD AT,Hyundai,I30 1.6L 2Wd At,2026.0,,600.0,Petrol,Automatic,Sedan,4643284.0,31110.0,61060.0,Mombasa,USD,Australia,https://www.beforward.jp/hyundai/i30/cd762222/id/15719971/,https://image-cdn.beforward.jp/medium/202606/15719971/CD762222_1fb9b4cb.jpg?w=200,1,2026-07-22 12:48:11.230783
BE FORWARD,CD762221,2026 HYUNDAI I30 1.6L AT 2WD,Hyundai,I30 1.6L At 2Wd,2026.0,,600.0,Petrol,Automatic,Sedan,5228358.0,35030.0,38140.0,Mombasa,USD,Australia,https://www.beforward.jp/hyundai/i30/cd762221/id/15719970/,https://image-cdn.beforward.jp/medium/202606/15719970/CD762221_1fb9b4bb.jpg?w=200,1,2026-07-22 12:48:11.230783
BE FORWARD,CD762220,2026 HYUNDAI I30 2.0L AT 2WD,Hyundai,I30 2.0L At 2Wd,2026.0,,0.0,Petrol,Automatic,Sedan,6298507.0,42200.0,45310.0,Mombasa,USD,Australia,https://www.beforward.jp/hyundai/i30/cd762220/id/15719966/,https://image-cdn.beforward.jp/medium/202606/15719966/CD762220_1fb9b4ac.jpg?w=200,1,2026-07-22 12:48:11.230783
BE FORWARD,CD762184,2026 HYUNDAI I30 1.6L AT 2WD,Hyundai,I30 1.6L At 2Wd,2026.0,,600.0,Petrol,Automatic,Sedan,5202985.0,34860.0,37970.0,Mombasa,USD,Australia,https://www.beforward.jp/hyundai/i30/cd762184/id/15719929/,https://image-cdn.beforward.jp/medium/202606/15719929/CD762184_1fb9a98e.jpg?w=200,1,2026-07-22 12:48:11.230783
BE FORWARD,CD762181,2025 HYUNDAI I30 1.6L AT 2WD,Hyundai,I30 1.6L At 2Wd,2025.0,,600.0,Petrol,Automatic,Sedan,4194030.0,28100.0,31210.0,Mombasa,USD,Australia,https://www.beforward.jp/hyundai/i30/cd762181/id/15719925/,https://image-cdn.beforward.jp/medium/202606/15719925/CD762181_1fb9a81c.jpg?w=200,1,2026-07-22 12:48:11.230783
BE FORWARD,CD762168,2026 HYUNDAI I30 2.0L AT 2WD S,Hyundai,I30 2.0L At 2Wd S,2026.0,5.0,0.0,Petrol,Automatic,Sedan,6555224.0,43920.0,47009.0,Mombasa,USD,Australia,https://www.beforward.jp/hyundai/i30/cd762168/id/15719912/,https://image-cdn.beforward.jp/medium/202606/15719912/CD762168_1fb9a73d.jpg?w=200,1,2026-07-22 12:48:11.230783
BE FORWARD,CD757405,2025 HYUNDAI H1,Hyundai,H1,2025.0,40483.0,497.0,Diesel,Automatic,Van,4865672.0,32600.0,35337.0,Mombasa,USD,Thailand,https://www.beforward.jp/hyundai/h1/cd757405/id/15715094/,https://image-cdn.beforward.jp/medium/202606/15715094/CD757405_1fade19f.jpg?w=200,1,2026-07-22 12:48:11.230783
BE FORWARD,CD739487,2026 HYUNDAI PALISADE 2.5 AT 4WD,Hyundai,Palisade 2.5 At 4Wd,2026.0,,496.0,Petrol,Automatic,Van,8659701.0,58020.0,62566.0,Mombasa,USD,Australia,https://www.beforward.jp/hyundai/palisade/cd739487/id/15696816/,https://image-cdn.beforward.jp/medium/202606/15696816/CD739487_1faddc64.jpg?w=200,1,2026-07-22 12:48:11.230783
BE FORWARD,CD739432,2026 HYUNDAI PALISADE 2.5 AT 4WD,Hyundai,Palisade 2.5 At 4Wd,2026.0,,496.0,Petrol,Automatic,Van,8659701.0,58020.0,62566.0,Mombasa,USD,Australia,https://www.beforward.jp/hyundai/palisade/cd739432/id/15696747/,https://image-cdn.beforward.jp/medium/202606/15696747/CD739432_1fadd3ff.jpg?w=200,1,2026-07-22 12:48:11.230783
BE FORWARD,CD739230,2026 HYUNDAI PALISADE 2.5 AT 4WD,Hyundai,Palisade 2.5 At 4Wd,2026.0,,496.0,Petrol,Automatic,Van,8659701.0,58020.0,62566.0,Mombasa,USD,Australia,https://www.beforward.jp/hyundai/palisade/cd739230/id/15696514/,https://image-cdn.beforward.jp/medium/202606/15696514/CD739230_1fadac9f.jpeg?w=200,1,2026-07-22 12:48:11.230783
BE FORWARD,CD716325,2018 HYUNDAI TUCSON 5,Hyundai,Tucson 5,2018.0,108000.0,0.0,Petrol,Manual,Sedan,2507463.0,16800.0,18609.0,Mombasa,USD,South Africa,https://www.beforward.jp/hyundai/tucson/cd716325/id/15673730/,https://image-cdn.beforward.jp/medium/202606/15673730/CD716325_1fa19375.jpg?w=200,1,2026-07-22 12:48:11.230783
BE FORWARD,CD679559,2026 HYUNDAI I30 1.6L AT 2WD,Hyundai,I30 1.6L At 2Wd,2026.0,10.0,600.0,Petrol,Automatic,Sedan,6382090.0,42760.0,45849.0,Mombasa,USD,Australia,https://www.beforward.jp/hyundai/i30/cd679559/id/15636698/,https://image-cdn.beforward.jp/medium/202606/15636698/CD679559_1f921861.jpg?w=200,1,2026-07-22 12:48:11.230783
BE FORWARD,CD679551,2026 HYUNDAI I30 1.6L AT 2WD,Hyundai,I30 1.6L At 2Wd,2026.0,10.0,600.0,Petrol,Automatic,Sedan,6382090.0,42760.0,45849.0,Mombasa,USD,Australia,https://www.beforward.jp/hyundai/i30/cd679551/id/15636690/,https://image-cdn.beforward.jp/medium/202606/15636690/CD679551_1f921632.jpg?w=200,1,2026-07-22 12:48:11.230783
BE FORWARD,CD679538,2026 HYUNDAI I30 1.6L AT 2WD,Hyundai,I30 1.6L At 2Wd,2026.0,10.0,600.0,Petrol,Automatic,Sedan,6382090.0,42760.0,45849.0,Mombasa,USD,Australia,https://www.beforward.jp/hyundai/i30/cd679538/id/15636674/,https://image-cdn.beforward.jp/medium/202606/15636674/CD679538_1f921304.jpg?w=200,1,2026-07-22 12:48:11.230783
BE FORWARD,CD679536,2025 HYUNDAI I30 2.0L 2WD AT,Hyundai,I30 2.0L 2Wd At,2025.0,9.0,0.0,Petrol,Automatic,Sedan,9113433.0,61060.0,64149.0,Mombasa,USD,Australia,https://www.beforward.jp/hyundai/i30/cd679536/id/15636672/,https://image-cdn.beforward.jp/medium/202606/15636672/CD679536_1f921169.jpg?w=200,1,2026-07-22 12:48:11.230783
BE FORWARD,CD447904,2026 HYUNDAI SANTA FE 2.5 CALLIGRAPHY AT 4WD,Hyundai,Santa Fe 2.5 Calligraphy At 4Wd,2026.0,,497.0,Petrol,Automatic,Van,9276119.0,62150.0,66145.0,Mombasa,USD,Australia,https://www.beforward.jp/hyundai/santa-fe/cd447904/id/15403443/,https://image-cdn.beforward.jp/medium/202606/15403443/CD447904_1ddf8979.jpg?w=200,1,2026-07-22 12:48:11.230783
BE FORWARD,CD447903,2026 HYUNDAI SANTA FE 2.5 CALLIGRAPHY AT 4WD,Hyundai,Santa Fe 2.5 Calligraphy At 4Wd,2026.0,,497.0,Petrol,Automatic,Sedan,9276119.0,62150.0,,,USD,Australia,https://www.beforward.jp/hyundai/santa-fe/cd447903/id/15403442/,https://image-cdn.beforward.jp/medium/202606/15403442/CD447903_1ddf7ad7.jpg?w=200,1,2026-07-22 12:48:11.230783
BE FORWARD,CD447902,2026 HYUNDAI SANTA FE 2.5 CALLIGRAPHY AT 4WD,Hyundai,Santa Fe 2.5 Calligraphy At 4Wd,2026.0,,497.0,Petrol,Automatic,Sedan,9276119.0,62150.0,,,USD,Australia,https://www.beforward.jp/hyundai/santa-fe/cd447902/id/15403441/,https://image-cdn.beforward.jp/medium/202606/15403441/CD447902_1ddf6b6d.jpg?w=200,1,2026-07-22 12:48:11.230783
BE FORWARD,CD447897,2026 HYUNDAI SANTA FE 2.5 CALLIGRAPHY AT 4WD,Hyundai,Santa Fe 2.5 Calligraphy At 4Wd,2026.0,,497.0,Petrol,Automatic,Sedan,9276119.0,62150.0,,,USD,Australia,https://www.beforward.jp/hyundai/santa-fe/cd447897/id/15403436/,https://image-cdn.beforward.jp/medium/202606/15403436/CD447897_1ddf568e.jpg?w=200,1,2026-07-22 12:48:11.230783
BE FORWARD,CD447895,2026 HYUNDAI SANTA FE 2.5 CALLIGRAPHY AT 4WD,Hyundai,Santa Fe 2.5 Calligraphy At 4Wd,2026.0,,497.0,Petrol,Automatic,Sedan,9328358.0,62500.0,,,USD,Australia,https://www.beforward.jp/hyundai/santa-fe/cd447895/id/15403433/,https://image-cdn.beforward.jp/medium/202606/15403433/CD447895_1ddf35c4.jpg?w=200,1,2026-07-22 12:48:11.230783
BE FORWARD,CD447894,2026 HYUNDAI SANTA FE 2.5 CALLIGRAPHY AT 4WD,Hyundai,Santa Fe 2.5 Calligraphy At 4Wd,2026.0,,497.0,Petrol,Automatic,Sedan,9328358.0,62500.0,,,USD,Australia,https://www.beforward.jp/hyundai/santa-fe/cd447894/id/15403432/,https://image-cdn.beforward.jp/medium/202606/15403432/CD447894_1ddf2417.jpg?w=200,1,2026-07-22 12:48:11.230783
BE FORWARD,CD447884,2026 HYUNDAI PALISADE 2.5 AT 4WD,Hyundai,Palisade 2.5 At 4Wd,2026.0,,496.0,Petrol,Automatic,Van,8659701.0,58020.0,62566.0,Mombasa,USD,Australia,https://www.beforward.jp/hyundai/palisade/cd447884/id/15403422/,https://image-cdn.beforward.jp/medium/202606/15403422/CD447884_1f27486d.jpg?w=200,1,2026-07-22 12:48:11.230783
BE FORWARD,CD335278,2026 HYUNDAI SANTA FE 2.5 CALLIGRAPHY AT 4WD,Hyundai,Santa Fe 2.5 Calligraphy At 4Wd,2026.0,,495.0,Petrol,Automatic,Van,9276119.0,62150.0,66145.0,Mombasa,USD,Australia,https://www.beforward.jp/hyundai/santa-fe/cd335278/id/15289115/,https://image-cdn.beforward.jp/medium/202605/15289115/CD335278_1eed78aa.jpg?w=200,1,2026-07-22 12:48:11.230783
BE FORWARD,CD335236,2026 HYUNDAI SANTA FE 1.6 CALLIGRAPHY AT 4WD,Hyundai,Santa Fe 1.6 Calligraphy At 4Wd,2026.0,,598.0,Petrol,Automatic,Van,9276119.0,62150.0,66145.0,Mombasa,USD,Australia,https://www.beforward.jp/hyundai/santa-fe/cd335236/id/15289073/,https://image-cdn.beforward.jp/medium/202605/15289073/CD335236_1eed2e8d.jpg?w=200,1,2026-07-22 12:48:11.230783
BE FORWARD,CD335214,2026 HYUNDAI SANTA FE 1.6 CALLIGRAPHY AT 4WD,Hyundai,Santa Fe 1.6 Calligraphy At 4Wd,2026.0,,598.0,Petrol,Automatic,Van,9276119.0,62150.0,66145.0,Mombasa,USD,Australia,https://www.beforward.jp/hyundai/santa-fe/cd335214/id/15289051/,https://image-cdn.beforward.jp/medium/202605/15289051/CD335214_1ee1caac.jpg?w=200,1,2026-07-22 12:48:11.230783
BE FORWARD,CD212931,2021 HYUNDAI H1,Hyundai,H1,2021.0,65930.0,500.0,Diesel,Automatic,Van,5161194.0,34580.0,37342.0,Mombasa,USD,Thailand,https://www.beforward.jp/hyundai/h1/cd212931/id/15165284/,https://image-cdn.beforward.jp/medium/202605/15165284/CD212931_1ea99693.jpg?w=200,1,2026-07-22 12:48:11.230783
BE FORWARD,CD038107,2026 HYUNDAI PALISADE 2.5 AT 4WD,Hyundai,Palisade 2.5 At 4Wd,2026.0,,497.0,Petrol,Automatic,Van,8659701.0,58020.0,62566.0,Mombasa,USD,Australia,https://www.beforward.jp/hyundai/palisade/cd038107/id/14989615/,https://image-cdn.beforward.jp/medium/202604/14989615/CD038107_1e10aec1.jpg?w=200,1,2026-07-22 12:48:11.230783
BE FORWARD,CD038108,2026 HYUNDAI PALISADE 2.5 AT 4WD,Hyundai,Palisade 2.5 At 4Wd,2026.0,,497.0,Petrol,Automatic,Van,8659701.0,58020.0,62566.0,Mombasa,USD,Australia,https://www.beforward.jp/hyundai/palisade/cd038108/id/14989616/,https://image-cdn.beforward.jp/medium/202604/14989616/CD038108_1e10c554.jpg?w=200,1,2026-07-22 12:48:11.230783
BE FORWARD,CC908236,2023 HYUNDAI VENUE,Hyundai,Venue,2023.0,50000.0,591.0,Petrol,Automatic,Sedan,2871642.0,19240.0,22153.0,Mombasa,USD,Australia,https://www.beforward.jp/hyundai/venue/cc908236/id/14930918/,https://image-cdn.beforward.jp/medium/202604/14930918/CC908236_1e4ad9ed.jpeg?w=200,1,2026-07-22 12:48:11.230783
BE FORWARD,CC872033,2019 HYUNDAI I30 N LINE,Hyundai,I30 N Line,2019.0,112446.0,591.0,Petrol,Sport At,Sedan,2962687.0,19850.0,22790.0,Mombasa,USD,Australia,https://www.beforward.jp/hyundai/i30/cc872033/id/14894440/,https://image-cdn.beforward.jp/medium/202604/14894440/CC872033_1e395576.jpeg?w=200,1,2026-07-22 12:48:11.230783
BE FORWARD,BX312643,2026 HYUNDAI PALISADE 2.2 CALLIGRAPHY AWD 8 SEATS,Hyundai,Palisade 2.2 Calligraphy Awd 8 Seats,2026.0,,199.0,Diesel,Automatic,Van,9474627.0,63480.0,67822.0,Mombasa,USD,Australia,https://www.beforward.jp/hyundai/palisade/bx312643/id/10535757/,https://image-cdn.beforward.jp/medium/202503/10535757/BX312643_158dccea.jpg?w=200,1,2026-07-22 12:48:11.230783
BE FORWARD,CC045201,2024 HYUNDAI ELANTRA SEDAN 2.0 PETROL,Hyundai,Elantra Sedan 2.0 Petrol,2024.0,5182.0,0.0,Petrol,Automatic,Sedan,2037313.0,13650.0,,,USD,Dubai,https://www.beforward.jp/hyundai/elantra/cc045201/id/14061540/,https://image-cdn.beforward.jp/medium/202602/14061540/CC045201_1c84aebe.jpg?w=200,1,2026-07-22 12:48:11.230783
BE FORWARD,CC023968,2024 HYUNDAI TUCSON 1.6T,Hyundai,Tucson 1.6T,2024.0,8261.0,600.0,Petrol,Automatic,Sedan,3513433.0,23540.0,,,USD,Dubai,https://www.beforward.jp/hyundai/tucson/cc023968/id/14039581/,https://image-cdn.beforward.jp/medium/202602/14039581/CC023968_1c7f2868.jpeg?w=200,1,2026-07-22 12:48:11.230783
BE FORWARD,CA698915,2018 HYUNDAI HYUNDAI OTHERS 5,Hyundai,Hyundai Others 5,2018.0,27338.0,368.0,Petrol,Automatic,Sedan,2217910.0,14860.0,,,USD,South Africa,https://www.beforward.jp/hyundai/hyundai-others/ca698915/id/12787036/,https://image-cdn.beforward.jp/medium/202510/12787036/CA698915_19e219f0.jpg?w=200,1,2026-07-22 12:48:11.230783
BE FORWARD,CA698919,2021 HYUNDAI HYUNDAI OTHERS,Hyundai,Hyundai Others,2021.0,43118.0,200.0,Petrol,Automatic,Sedan,2174627.0,14570.0,,,USD,South Africa,https://www.beforward.jp/hyundai/hyundai-others/ca698919/id/12787040/,https://image-cdn.beforward.jp/medium/202510/12787040/CA698919_19e2254a.jpg?w=200,1,2026-07-22 12:48:11.230783
BE FORWARD,CA698935,2025 HYUNDAI HYUNDAI OTHERS,Hyundai,Hyundai Others,2025.0,300.0,200.0,Petrol,Automatic,Sedan,2662687.0,17840.0,,,USD,South Africa,https://www.beforward.jp/hyundai/hyundai-others/ca698935/id/12787056/,https://image-cdn.beforward.jp/medium/202510/12787056/CA698935_19e2b683.jpg?w=200,1,2026-07-22 12:48:11.230783
BE FORWARD,CA658530,2021 HYUNDAI VENUE 5,Hyundai,Venue 5,2021.0,18745.0,998.0,Petrol,Automatic,Sedan,3194030.0,21400.0,,,USD,South Africa,https://www.beforward.jp/hyundai/venue/ca658530/id/12746494/,https://image-cdn.beforward.jp/medium/202510/12746494/CA658530_19cbb8f1.jpg?w=200,1,2026-07-22 12:48:11.230783
BE FORWARD,CA648247,2021 HYUNDAI CRETA 5,Hyundai,Creta 5,2021.0,33500.0,500.0,Petrol,Automatic,Sedan,3283582.0,22000.0,,,USD,South Africa,https://www.beforward.jp/hyundai/creta/ca648247/id/12736101/,https://image-cdn.beforward.jp/medium/202510/12736101/CA648247_19c85c51.jpg?w=200,1,2026-07-22 12:48:11.230783
BE FORWARD,CA620083,2021 HYUNDAI CRETA,Hyundai,Creta,2021.0,18321.0,500.0,Petrol,Manual,Sedan,3104478.0,20800.0,22483.0,Mombasa,USD,South Africa,https://www.beforward.jp/hyundai/creta/ca620083/id/12707029/,https://image-cdn.beforward.jp/medium/202510/12707029/CA620083_19b6a07e.jpg?w=200,1,2026-07-22 12:48:11.230783
BE FORWARD,BY399679,2018 HYUNDAI SANTA FE 2.2 HIGHLANDER CRDI,Hyundai,Santa Fe 2.2 Highlander Crdi,2018.0,48267.0,199.0,Diesel,Automatic,Van,4091045.0,27410.0,31270.0,Mombasa,USD,Australia,https://www.beforward.jp/hyundai/santa-fe/by399679/id/11548016/,https://image-cdn.beforward.jp/medium/202506/11548016/BY399679_176c70bd.jpg?w=200,1,2026-07-22 12:48:11.230783
BE FORWARD,BX534280,2025 HYUNDAI SANTA FE 1.6 SANTA FE HYBRID CALLIGRAPHY,Hyundai,Santa Fe 1.6 Santa Fe Hybrid Calligraphy,2025.0,,598.0,Petrol,Automatic,Van,8920896.0,59770.0,63765.0,Mombasa,USD,Australia,https://www.beforward.jp/hyundai/santa-fe/bx534280/id/10759096/,https://image-cdn.beforward.jp/medium/202504/10759096/BX534280_15f2eec1.jpg?w=200,1,2026-07-22 12:48:11.230783
BE FORWARD,BX484481,2020 HYUNDAI VENUE 1.6,Hyundai,Venue 1.6,2020.0,39062.0,591.0,Petrol,Automatic,Sedan,3028358.0,20290.0,23203.0,Mombasa,USD,Australia,https://www.beforward.jp/hyundai/venue/bx484481/id/10709330/,https://image-cdn.beforward.jp/medium/202503/10709330/BX484481_15dcad96.jpg?w=200,1,2026-07-22 12:48:11.230783
BE FORWARD,BX482685,2019 HYUNDAI VENUE 1.6 ELITE,Hyundai,Venue 1.6 Elite,2019.0,18836.0,591.0,Petrol,Automatic,Sedan,3291045.0,22050.0,24963.0,Mombasa,USD,Australia,https://www.beforward.jp/hyundai/venue/bx482685/id/10707524/,https://image-cdn.beforward.jp/medium/202503/10707524/BX482685_15dc3345.jpg?w=200,1,2026-07-22 12:48:11.230783
BE FORWARD,BX423925,2023 HYUNDAI I30 2.0 I30 N PREMIUM PDE.V5,Hyundai,I30 2.0 I30 N Premium Pde.V5,2023.0,15023.0,998.0,Petrol,Manual,Sedan,5702985.0,38210.0,41078.0,Mombasa,USD,Australia,https://www.beforward.jp/hyundai/i30/bx423925/id/10648109/,https://image-cdn.beforward.jp/medium/202503/10648109/BX423925_15c10d1e.jpg?w=200,1,2026-07-22 12:48:11.230783
BE FORWARD,BX414463,2019 HYUNDAI I30 2.0 I30 GO PD.3 MY20,Hyundai,I30 2.0 I30 Go Pd.3 My20,2019.0,34833.0,999.0,Petrol,Manual,Sedan,2961194.0,19840.0,22727.0,Mombasa,USD,Australia,https://www.beforward.jp/hyundai/i30/bx414463/id/10638505/,https://image-cdn.beforward.jp/medium/202503/10638505/BX414463_15bca5c4.jpg?w=200,1,2026-07-22 12:48:11.230783
BE FORWARD,BX414061,2018 HYUNDAI I30 2.0 I30 ELITE PD2,Hyundai,I30 2.0 I30 Elite Pd2,2018.0,30033.0,999.0,Petrol,Automatic,Sedan,3005970.0,20140.0,23027.0,Mombasa,USD,Australia,https://www.beforward.jp/hyundai/i30/bx414061/id/10638101/,https://image-cdn.beforward.jp/medium/202503/10638101/BX414061_15bc75f3.jpg?w=200,1,2026-07-22 12:48:11.230783
BE FORWARD,BX312533,2026 HYUNDAI PALISADE 2.2 CALLIGRAPHY AWD 8 SEATS,Hyundai,Palisade 2.2 Calligraphy Awd 8 Seats,2026.0,,199.0,Diesel,Automatic,Van,9474627.0,63480.0,67822.0,Mombasa,USD,Australia,https://www.beforward.jp/hyundai/palisade/bx312533/id/10535640/,https://image-cdn.beforward.jp/medium/202503/10535640/BX312533_158da156.jpg?w=200,1,2026-07-22 12:48:11.230783
BE FORWARD,BX312459,2025 HYUNDAI PALISADE 2.2 CALLIGRAPHY AWD 8 SEATS,Hyundai,Palisade 2.2 Calligraphy Awd 8 Seats,2025.0,,199.0,Diesel,Automatic,Van,9474627.0,63480.0,67822.0,Mombasa,USD,Australia,https://www.beforward.jp/hyundai/palisade/bx312459/id/10535530/,https://image-cdn.beforward.jp/medium/202503/10535530/BX312459_158d8603.jpg?w=200,1,2026-07-22 12:48:11.230783
BE FORWARD,BX312118,2025 HYUNDAI PALISADE 2.2 CALLIGRAPHY AWD 8 SEATS,Hyundai,Palisade 2.2 Calligraphy Awd 8 Seats,2025.0,,199.0,Diesel,Automatic,Van,9474627.0,63480.0,67822.0,Mombasa,USD,Australia,https://www.beforward.jp/hyundai/palisade/bx312118/id/10534967/,https://image-cdn.beforward.jp/medium/202503/10534967/BX312118_158d17b9.jpg?w=200,1,2026-07-22 12:48:11.230783
BE FORWARD,BX293024,2019 HYUNDAI I30 2.0 ACTIVE,Hyundai,I30 2.0 Active,2019.0,74118.0,999.0,Petrol,Automatic,Sedan,2741791.0,18370.0,21257.0,Mombasa,USD,Australia,https://www.beforward.jp/hyundai/i30/bx293024/id/10516464/,https://image-cdn.beforward.jp/medium/202503/10516464/BX293024_157f5f25.jpg?w=200,1,2026-07-22 12:48:11.230783
BE FORWARD,BX293026,2021 HYUNDAI I30 2.0 PD-V4,Hyundai,I30 2.0 Pd-V4,2021.0,46603.0,999.0,Petrol,Automatic,Sedan,2731343.0,18300.0,21187.0,Mombasa,USD,Australia,https://www.beforward.jp/hyundai/i30/bx293026/id/10516466/,https://image-cdn.beforward.jp/medium/202503/10516466/BX293026_157f6700.jpg?w=200,1,2026-07-22 12:48:11.230783
BE FORWARD,BX293031,2019 HYUNDAI I30 1.6 N-LINE-PREMIUM,Hyundai,I30 1.6 N-Line-Premium,2019.0,73162.0,591.0,Petrol,Automatic,Sedan,3510448.0,23520.0,26407.0,Mombasa,USD,Australia,https://www.beforward.jp/hyundai/i30/bx293031/id/10516471/,https://image-cdn.beforward.jp/medium/202503/10516471/BX293031_157fbaee.jpg?w=200,1,2026-07-22 12:48:11.230783
BE FORWARD,BX293048,2020 HYUNDAI SANTA FE 2.2 HIGHLANDER-TMV3,Hyundai,Santa Fe 2.2 Highlander-Tmv3,2020.0,123257.0,199.0,Diesel,Automatic,Van,4388060.0,29400.0,33636.0,Mombasa,USD,Australia,https://www.beforward.jp/hyundai/santa-fe/bx293048/id/10516488/,https://image-cdn.beforward.jp/medium/202503/10516488/BX293048_15800dfa.png?w=200,1,2026-07-22 12:48:11.230783
BE FORWARD,BX293052,2020 HYUNDAI SANTA FE 2.2 ACTIVECRDI-TM2,Hyundai,Santa Fe 2.2 Activecrdi-Tm2,2020.0,33604.0,199.0,Diesel,Automatic,Van,4058209.0,27190.0,31028.0,Mombasa,USD,Australia,https://www.beforward.jp/hyundai/santa-fe/bx293052/id/10516492/,https://image-cdn.beforward.jp/medium/202503/10516492/BX293052_15801c73.jpg?w=200,1,2026-07-22 12:48:11.230783
BE FORWARD,BX281956,2025 HYUNDAI SANTA FE 2.5 HYBRID AWD,Hyundai,Santa Fe 2.5 Hybrid Awd,2025.0,,497.0,Petrol,Automatic,Van,7061194.0,47310.0,51417.0,Mombasa,USD,Australia,https://www.beforward.jp/hyundai/santa-fe/bx281956/id/10505259/,https://image-cdn.beforward.jp/medium/202503/10505259/BX281956_157976f3.jpg?w=200,1,2026-07-22 12:48:11.230783
BE FORWARD,BX281954,2025 HYUNDAI SANTA FE 1.6 SANTA FE HYBRID CALLIGRAPHY,Hyundai,Santa Fe 1.6 Santa Fe Hybrid Calligraphy,2025.0,,598.0,Petrol,Automatic,Sedan,9129851.0,61170.0,,,USD,Australia,https://www.beforward.jp/hyundai/santa-fe/bx281954/id/10505257/,https://image-cdn.beforward.jp/medium/202503/10505257/BX281954_15797a48.jpg?w=200,1,2026-07-22 12:48:11.230783
BE FORWARD,BX281952,2025 HYUNDAI SANTA FE 1.6 SANTA FE HYBRID CALLIGRAPHY,Hyundai,Santa Fe 1.6 Santa Fe Hybrid Calligraphy,2025.0,,598.0,Petrol,Automatic,Sedan,9129851.0,61170.0,,,USD,Australia,https://www.beforward.jp/hyundai/santa-fe/bx281952/id/10505255/,https://image-cdn.beforward.jp/medium/202503/10505255/BX281952_15797f63.jpg?w=200,1,2026-07-22 12:48:11.230783
BE FORWARD,BR284027,2019 HYUNDAI KONA,Hyundai,Kona,2019.0,3956.0,600.0,Petrol,Automatic,Sedan,1805970.0,12100.0,,,USD,Dubai,https://www.beforward.jp/hyundai/kona/br284027/id/6685679/,https://image-cdn.beforward.jp/medium/202401/6685679/BR284027_0df5d890.jpg?w=200,1,2026-07-22 12:48:11.230783
BE FORWARD,CD038338,2024 KIA NIRO,Kia,Niro,2024.0,7638.0,600.0,Petrol,Automatic,Sedan,2076119.0,13910.0,,,USD,Dubai,https://www.beforward.jp/kia/niro/cd038338/id/14989944/,https://image-cdn.beforward.jp/medium/202604/14989944/CD038338_1e5377f7.jpeg?w=200,1,2026-07-22 12:48:11.230783
BE FORWARD,CD512086,2024 KIA PICANTO,Kia,Picanto,2024.0,16699.0,197.0,Petrol,Manual,Sedan,3867164.0,25910.0,28827.0,Mombasa,USD,Belgium,https://www.beforward.jp/kia/picanto/cd512086/id/15467882/,https://image-cdn.beforward.jp/medium/202606/15467882/CD512086_1ed8949e.jpg?w=200,1,2026-07-22 12:48:11.230783
BE FORWARD,CC872028,2022 KIA CARNIVAL S,Kia,Carnival S,2022.0,88236.0,151.0,Diesel,Sport At,Van,5252239.0,35190.0,39717.0,Mombasa,USD,Australia,https://www.beforward.jp/kia/carnival/cc872028/id/14894434/,https://image-cdn.beforward.jp/medium/202604/14894434/CC872028_1e390840.jpeg?w=200,1,2026-07-22 12:48:11.230783
BE FORWARD,CC872029,2022 KIA CARNIVAL S,Kia,Carnival S,2022.0,68387.0,151.0,Diesel,Sport At,Van,5811940.0,38940.0,43467.0,Mombasa,USD,Australia,https://www.beforward.jp/kia/carnival/cc872029/id/14894435/,https://image-cdn.beforward.jp/medium/202604/14894435/CC872029_1e392010.jpeg?w=200,1,2026-07-22 12:48:11.230783
BE FORWARD,CC627407,2025 KIA TASMAN 2.2 X-LINE DOUBLE CAB,Kia,Tasman 2.2 X-Line Double Cab,2025.0,,200.0,Diesel,Automatic,Sedan,7332836.0,49130.0,54144.0,Mombasa,USD,Australia,https://www.beforward.jp/kia/tasman/cc627407/id/14648441/,https://image-cdn.beforward.jp/medium/202603/14648441/CC627407_1dcaa586.jpg?w=200,1,2026-07-22 12:48:11.230783
BE FORWARD,CC627396,2025 KIA TASMAN 2.2 X-LINE DOUBLE CAB,Kia,Tasman 2.2 X-Line Double Cab,2025.0,,200.0,Diesel,Automatic,Sedan,7332836.0,49130.0,54144.0,Mombasa,USD,Australia,https://www.beforward.jp/kia/tasman/cc627396/id/14648430/,https://image-cdn.beforward.jp/medium/202603/14648430/CC627396_1dcaa0b2.jpg?w=200,1,2026-07-22 12:48:11.230783
BE FORWARD,CC488509,2026 KIA SPORTAGE 1.6 GT-LINE-HEV MY26,Kia,Sportage 1.6 Gt-Line-Hev My26,2026.0,,598.0,Petrol,Automatic,Sedan,7353731.0,49270.0,52938.0,Mombasa,USD,Australia,https://www.beforward.jp/kia/sportage/cc488509/id/14507465/,https://image-cdn.beforward.jp/medium/202603/14507465/CC488509_1d771097.jpg?w=200,1,2026-07-22 12:48:11.230783
BE FORWARD,BX851185,2022 KIA SORENTO FULL OPTION,Kia,Sorento Full Option,2022.0,4046.0,500.0,Petrol,Automatic,Sedan,3034328.0,20330.0,,,USD,Dubai,https://www.beforward.jp/kia/sorento/bx851185/id/11078745/,https://image-cdn.beforward.jp/medium/202505/11078745/BX851185_168a14f4.jpg?w=200,1,2026-07-22 12:48:11.230783
BE FORWARD,CC169477,2025 KIA TASMAN TOP OF THE LINE,Kia,Tasman Top Of The Line,2025.0,2018.0,200.0,Petrol,Automatic,Sedan,5150746.0,34510.0,,,USD,Dubai,https://www.beforward.jp/kia/tasman/cc169477/id/14186601/,https://image-cdn.beforward.jp/medium/202602/14186601/CC169477_1cc6b25e.jpeg?w=200,1,2026-07-22 12:48:11.230783
BE FORWARD,CC488479,2026 KIA TASMAN 2.2 TASMAN X-PRO,Kia,Tasman 2.2 Tasman X-Pro,2026.0,,151.0,Petrol,Automatic,Sedan,8471642.0,56760.0,,,USD,Australia,https://www.beforward.jp/kia/tasman/cc488479/id/14507424/,https://image-cdn.beforward.jp/medium/202603/14507424/CC488479_1d6e8939.jpg?w=200,1,2026-07-22 12:48:11.230783
BE FORWARD,CC488478,2026 KIA TASMAN 2.2 TASMAN X-PRO,Kia,Tasman 2.2 Tasman X-Pro,2026.0,,151.0,Petrol,Automatic,Sedan,8471642.0,56760.0,,,USD,Australia,https://www.beforward.jp/kia/tasman/cc488478/id/14507422/,https://image-cdn.beforward.jp/medium/202603/14507422/CC488478_1d6e846e.png?w=200,1,2026-07-22 12:48:11.230783
BE FORWARD,CC488475,2026 KIA TASMAN 2.2 TASMAN SX,Kia,Tasman 2.2 Tasman Sx,2026.0,,151.0,Petrol,Automatic,Sedan,6747761.0,45210.0,,,USD,Australia,https://www.beforward.jp/kia/tasman/cc488475/id/14507419/,https://image-cdn.beforward.jp/medium/202603/14507419/CC488475_1d6e7c9e.jpg?w=200,1,2026-07-22 12:48:11.230783
BE FORWARD,CC488233,2026 KIA TASMAN 2.2 TASMAN SX,Kia,Tasman 2.2 Tasman Sx,2026.0,,151.0,Diesel,Automatic,Sedan,6747761.0,45210.0,50121.0,Mombasa,USD,Australia,https://www.beforward.jp/kia/tasman/cc488233/id/14507111/,https://image-cdn.beforward.jp/medium/202603/14507111/CC488233_1d66effd.jpg?w=200,1,2026-07-22 12:48:11.230783
BE FORWARD,CC488232,2026 KIA TASMAN 2.2 TASMAN SX,Kia,Tasman 2.2 Tasman Sx,2026.0,,151.0,Diesel,Automatic,Sedan,6747761.0,45210.0,50121.0,Mombasa,USD,Australia,https://www.beforward.jp/kia/tasman/cc488232/id/14507108/,https://image-cdn.beforward.jp/medium/202603/14507108/CC488232_1d66e3f4.jpg?w=200,1,2026-07-22 12:48:11.230783
BE FORWARD,CC488230,2026 KIA TASMAN 2.2 TASMAN X-PRO,Kia,Tasman 2.2 Tasman X-Pro,2026.0,,151.0,Diesel,Automatic,Sedan,8471642.0,56760.0,61799.0,Mombasa,USD,Australia,https://www.beforward.jp/kia/tasman/cc488230/id/14507104/,https://image-cdn.beforward.jp/medium/202603/14507104/CC488230_1d66d43f.jpg?w=200,1,2026-07-22 12:48:11.230783
BE FORWARD,CC488224,2026 KIA TASMAN 2.2 TASMAN X-PRO,Kia,Tasman 2.2 Tasman X-Pro,2026.0,,151.0,Diesel,Automatic,Sedan,8471642.0,56760.0,61774.0,Mombasa,USD,Australia,https://www.beforward.jp/kia/tasman/cc488224/id/14507096/,https://image-cdn.beforward.jp/medium/202603/14507096/CC488224_1d66c31c.jpg?w=200,1,2026-07-22 12:48:11.230783
BE FORWARD,CC488044,2026 KIA SPORTAGE 1.6 SX HYBRID,Kia,Sportage 1.6 Sx Hybrid,2026.0,,598.0,Petrol,Automatic,Sedan,6005970.0,40240.0,43912.0,Mombasa,USD,Australia,https://www.beforward.jp/kia/sportage/cc488044/id/14506843/,https://image-cdn.beforward.jp/medium/202603/14506843/CC488044_1d649ddc.jpg?w=200,1,2026-07-22 12:48:11.230783
BE FORWARD,CC488035,2026 KIA SPORTAGE 1.6 SX HYBRID,Kia,Sportage 1.6 Sx Hybrid,2026.0,,598.0,Petrol,Automatic,Sedan,6005970.0,40240.0,43912.0,Mombasa,USD,Australia,https://www.beforward.jp/kia/sportage/cc488035/id/14506831/,https://image-cdn.beforward.jp/medium/202603/14506831/CC488035_1d649200.jpg?w=200,1,2026-07-22 12:48:11.230783
BE FORWARD,CC488034,2026 KIA SPORTAGE 1.6 SX HYBRID,Kia,Sportage 1.6 Sx Hybrid,2026.0,,598.0,Petrol,Automatic,Sedan,6308955.0,42270.0,45942.0,Mombasa,USD,Australia,https://www.beforward.jp/kia/sportage/cc488034/id/14506830/,https://image-cdn.beforward.jp/medium/202603/14506830/CC488034_1d648f84.jpg?w=200,1,2026-07-22 12:48:11.230783
BE FORWARD,CC488033,2026 KIA SPORTAGE 1.6 SX HYBRID,Kia,Sportage 1.6 Sx Hybrid,2026.0,,598.0,Petrol,Automatic,Sedan,6308955.0,42270.0,45942.0,Mombasa,USD,Australia,https://www.beforward.jp/kia/sportage/cc488033/id/14506828/,https://image-cdn.beforward.jp/medium/202603/14506828/CC488033_1d6489ab.jpg?w=200,1,2026-07-22 12:48:11.230783
BE FORWARD,CC488031,2026 KIA SPORTAGE 1.6 GT-LINE-HEV MY26,Kia,Sportage 1.6 Gt-Line-Hev My26,2026.0,,598.0,Petrol,Automatic,Sedan,7040299.0,47170.0,50838.0,Mombasa,USD,Australia,https://www.beforward.jp/kia/sportage/cc488031/id/14506826/,https://image-cdn.beforward.jp/medium/202603/14506826/CC488031_1d6478a4.jpg?w=200,1,2026-07-22 12:48:11.230783
BE FORWARD,CC488019,2026 KIA SPORTAGE 1.6 GT-LINE-HEV MY26,Kia,Sportage 1.6 Gt-Line-Hev My26,2026.0,,598.0,Petrol,Automatic,Sedan,7353731.0,49270.0,52938.0,Mombasa,USD,Australia,https://www.beforward.jp/kia/sportage/cc488019/id/14506813/,https://image-cdn.beforward.jp/medium/202603/14506813/CC488019_1d5d204a.jpg?w=200,1,2026-07-22 12:48:11.230783
BE FORWARD,CC488017,2026 KIA SORENTO 1.6 HEV GT-LINE,Kia,Sorento 1.6 Hev Gt-Line,2026.0,,598.0,Petrol,Automatic,Van,7353731.0,49270.0,53204.0,Mombasa,USD,Australia,https://www.beforward.jp/kia/sorento/cc488017/id/14506810/,https://image-cdn.beforward.jp/medium/202603/14506810/CC488017_1d5d033c.jpg?w=200,1,2026-07-22 12:48:11.230783
BE FORWARD,CC488013,2026 KIA SORENTO 1.6 HEV GT-LINE,Kia,Sorento 1.6 Hev Gt-Line,2026.0,,598.0,Petrol,Automatic,Van,7040299.0,47170.0,51104.0,Mombasa,USD,Australia,https://www.beforward.jp/kia/sorento/cc488013/id/14506803/,https://image-cdn.beforward.jp/medium/202603/14506803/CC488013_1d5cf57f.jpg?w=200,1,2026-07-22 12:48:11.230783
BE FORWARD,CC488012,2026 KIA SORENTO 1.6 HEV GT-LINE,Kia,Sorento 1.6 Hev Gt-Line,2026.0,,598.0,Petrol,Automatic,Van,7353731.0,49270.0,53204.0,Mombasa,USD,Australia,https://www.beforward.jp/kia/sorento/cc488012/id/14506801/,https://image-cdn.beforward.jp/medium/202603/14506801/CC488012_1d5cf13a.jpg?w=200,1,2026-07-22 12:48:11.230783
BE FORWARD,CC488011,2026 KIA SORENTO 1.6 HEV GT-LINE,Kia,Sorento 1.6 Hev Gt-Line,2026.0,,598.0,Petrol,Automatic,Van,7040299.0,47170.0,51104.0,Mombasa,USD,Australia,https://www.beforward.jp/kia/sorento/cc488011/id/14506800/,https://image-cdn.beforward.jp/medium/202603/14506800/CC488011_1d5ce409.jpg?w=200,1,2026-07-22 12:48:11.230783
BE FORWARD,CC488006,2026 KIA SORENTO 1.6 HEV GT-LINE,Kia,Sorento 1.6 Hev Gt-Line,2026.0,,598.0,Petrol,Automatic,Van,7353731.0,49270.0,53204.0,Mombasa,USD,Australia,https://www.beforward.jp/kia/sorento/cc488006/id/14506794/,https://image-cdn.beforward.jp/medium/202603/14506794/CC488006_1d5cdae2.jpg?w=200,1,2026-07-22 12:48:11.230783
BE FORWARD,CC488003,2026 KIA SORENTO 1.6 HEV GT-LINE,Kia,Sorento 1.6 Hev Gt-Line,2026.0,,598.0,Petrol,Automatic,Van,7353731.0,49270.0,53204.0,Mombasa,USD,Australia,https://www.beforward.jp/kia/sorento/cc488003/id/14506790/,https://image-cdn.beforward.jp/medium/202603/14506790/CC488003_1d5ccb0a.jpg?w=200,1,2026-07-22 12:48:11.230783
BE FORWARD,CC487994,2025 KIA SORENTO 1.6 HEV GT-LINE,Kia,Sorento 1.6 Hev Gt-Line,2025.0,,598.0,Petrol,Automatic,Van,7040299.0,47170.0,51104.0,Mombasa,USD,Australia,https://www.beforward.jp/kia/sorento/cc487994/id/14506779/,https://image-cdn.beforward.jp/medium/202603/14506779/CC487994_1d5cc291.jpg?w=200,1,2026-07-22 12:48:11.230783
BE FORWARD,CA531969,2025 KIA SORENTO 1.6 HEV GT-LINE,Kia,Sorento 1.6 Hev Gt-Line,2025.0,,598.0,Petrol,Automatic,Van,8074627.0,54100.0,58034.0,Mombasa,USD,Australia,https://www.beforward.jp/kia/sorento/ca531969/id/12618732/,https://image-cdn.beforward.jp/medium/202509/12618732/CA531969_19887c7f.jpg?w=200,1,2026-07-22 12:48:11.230783
BE FORWARD,CB691089,2022 KIA SPORTAGE 5TH GENERATION GT LINE,Kia,Sportage 5Th Generation Gt Line,2022.0,55745.0,600.0,Petrol,Automatic,Sedan,2076119.0,13910.0,,,USD,Dubai,https://www.beforward.jp/kia/sportage-5th-generation/cb691089/id/13753858/,https://image-cdn.beforward.jp/medium/202601/13753858/CB691089_1bea7b23.jpg?w=200,1,2026-07-22 12:48:11.230783
BE FORWARD,BX430113,2024 KIA SORENTO,Kia,Sorento,2024.0,4139.0,500.0,Petrol,Automatic,Sedan,7186567.0,48150.0,,,USD,Dubai,https://www.beforward.jp/kia/sorento/bx430113/id/10654388/,https://image-cdn.beforward.jp/medium/202503/10654388/BX430113_15b11dfe.jpg?w=200,1,2026-07-22 12:48:11.230783
BE FORWARD,CB695125,2022 KIA STINGER SPORT STINGER,Kia,Stinger Sport Stinger,2022.0,12824.0,0.0,Petrol,Automatic,Sedan,2235821.0,14980.0,,,USD,Dubai,https://www.beforward.jp/kia/stinger/cb695125/id/13758443/,https://image-cdn.beforward.jp/medium/202601/13758443/CB695125_1bbf7b9e.jpg?w=200,1,2026-07-22 12:48:11.230783
BE FORWARD,CA532690,2025 KIA SORENTO 1.6 HEV GT-LINE,Kia,Sorento 1.6 Hev Gt-Line,2025.0,,598.0,Petrol,Automatic,Sedan,7782090.0,52140.0,,,USD,Australia,https://www.beforward.jp/kia/sorento/ca532690/id/12619461/,https://image-cdn.beforward.jp/medium/202509/12619461/CA532690_1988d4ff.jpg?w=200,1,2026-07-22 12:48:11.230783
BE FORWARD,CA443792,2026 KIA SPORTAGE 1.6 GT-LINE-HEV MY26,Kia,Sportage 1.6 Gt-Line-Hev My26,2026.0,,598.0,Petrol,Automatic,Sedan,7353731.0,49270.0,,,USD,Australia,https://www.beforward.jp/kia/sportage/ca443792/id/12529688/,https://image-cdn.beforward.jp/medium/202509/12529688/CA443792_195d8e27.jpg?w=200,1,2026-07-22 12:48:11.230783
BE FORWARD,CA443416,2026 KIA SPORTAGE 1.6 GT-LINE-HEV MY26,Kia,Sportage 1.6 Gt-Line-Hev My26,2026.0,,598.0,Petrol,Automatic,Sedan,7353731.0,49270.0,,,USD,Australia,https://www.beforward.jp/kia/sportage/ca443416/id/12529295/,https://image-cdn.beforward.jp/medium/202509/12529295/CA443416_195d06b0.jpg?w=200,1,2026-07-22 12:48:11.230783
BE FORWARD,CA442827,2026 KIA SPORTAGE 1.6 GT-LINE-HEV MY26,Kia,Sportage 1.6 Gt-Line-Hev My26,2026.0,,598.0,Petrol,Automatic,Sedan,7040299.0,47170.0,50838.0,Mombasa,USD,Australia,https://www.beforward.jp/kia/sportage/ca442827/id/12528331/,https://image-cdn.beforward.jp/medium/202509/12528331/CA442827_195c37f2.jpg?w=200,1,2026-07-22 12:48:11.230783
BE FORWARD,CA433263,2026 KIA SPORTAGE 1.6 GT-LINE-HEV MY25,Kia,Sportage 1.6 Gt-Line-Hev My25,2026.0,,598.0,Petrol,Automatic,Sedan,7040299.0,47170.0,50865.0,Mombasa,USD,Australia,https://www.beforward.jp/kia/sportage/ca433263/id/12519042/,https://image-cdn.beforward.jp/medium/202509/12519042/CA433263_1958bae2.jpg?w=200,1,2026-07-22 12:48:11.230783
BE FORWARD,CA432987,2026 KIA SPORTAGE 1.6 GT-LINE-HEV MY25,Kia,Sportage 1.6 Gt-Line-Hev My25,2026.0,,598.0,Petrol,Automatic,Sedan,7040299.0,47170.0,50865.0,Mombasa,USD,Australia,https://www.beforward.jp/kia/sportage/ca432987/id/12518762/,https://image-cdn.beforward.jp/medium/202509/12518762/CA432987_19587420.jpg?w=200,1,2026-07-22 12:48:11.230783
BE FORWARD,CA432858,2026 KIA SPORTAGE 1.6 GT-LINE-HEV MY25,Kia,Sportage 1.6 Gt-Line-Hev My25,2026.0,,598.0,Petrol,Automatic,Sedan,7040299.0,47170.0,50865.0,Mombasa,USD,Australia,https://www.beforward.jp/kia/sportage/ca432858/id/12518631/,https://image-cdn.beforward.jp/medium/202509/12518631/CA432858_19583bd9.jpg?w=200,1,2026-07-22 12:48:11.230783
BE FORWARD,BY631393,2025 KIA TASMAN 2.2 TASMAN S,Kia,Tasman 2.2 Tasman S,2025.0,,151.0,Diesel,Automatic,Sedan,6225373.0,41710.0,46621.0,Mombasa,USD,Australia,https://www.beforward.jp/kia/tasman/by631393/id/11781506/,https://image-cdn.beforward.jp/medium/202507/11781506/BY631393_17aeac7a.jpg?w=200,1,2026-07-22 12:48:11.230783
BE FORWARD,BY631395,2026 KIA TASMAN 2.2 TASMAN SX,Kia,Tasman 2.2 Tasman Sx,2026.0,,151.0,Diesel,Automatic,Sedan,6747761.0,45210.0,50121.0,Mombasa,USD,Australia,https://www.beforward.jp/kia/tasman/by631395/id/11781509/,https://image-cdn.beforward.jp/medium/202507/11781509/BY631395_17af46a0.png?w=200,1,2026-07-22 12:48:11.230783
BE FORWARD,BY631396,2026 KIA TASMAN 2.2 TASMAN SX,Kia,Tasman 2.2 Tasman Sx,2026.0,,151.0,Diesel,Automatic,Sedan,6747761.0,45210.0,50121.0,Mombasa,USD,Australia,https://www.beforward.jp/kia/tasman/by631396/id/11781510/,https://image-cdn.beforward.jp/medium/202507/11781510/BY631396_17af48d4.jpg?w=200,1,2026-07-22 12:48:11.230783
BE FORWARD,BX587030,2020 KIA CERATO 2.0 SI,Kia,Cerato 2.0 Si,2020.0,204617.0,999.0,Petrol,Automatic,Sedan,2523881.0,16910.0,19902.0,Mombasa,USD,Australia,https://www.beforward.jp/kia/cerato/bx587030/id/10811902/,https://image-cdn.beforward.jp/medium/202504/10811902/BX587030_1607ff19.jpg?w=200,1,2026-07-22 12:48:11.230783
BE FORWARD,BX314244,2025 KIA SORENTO 2.2 SORENTO SPORT+,Kia,Sorento 2.2 Sorento Sport+,2025.0,,151.0,Diesel,Automatic,Van,7217910.0,48360.0,52272.0,Mombasa,USD,Australia,https://www.beforward.jp/kia/sorento/bx314244/id/10537366/,https://image-cdn.beforward.jp/medium/202503/10537366/BX314244_158e51ca.jpg?w=200,1,2026-07-22 12:48:11.230783
BE FORWARD,BX314175,2025 KIA SORENTO 2.2 SORENTO SPORT+,Kia,Sorento 2.2 Sorento Sport+,2025.0,,151.0,Diesel,Automatic,Van,7217910.0,48360.0,52272.0,Mombasa,USD,Australia,https://www.beforward.jp/kia/sorento/bx314175/id/10537296/,https://image-cdn.beforward.jp/medium/202503/10537296/BX314175_158e2a58.jpg?w=200,1,2026-07-22 12:48:11.230783
BE FORWARD,BX314140,2025 KIA SORENTO 2.2 SORENTO SPORT+,Kia,Sorento 2.2 Sorento Sport+,2025.0,,151.0,Diesel,Automatic,Van,7217910.0,48360.0,52272.0,Mombasa,USD,Australia,https://www.beforward.jp/kia/sorento/bx314140/id/10537261/,https://image-cdn.beforward.jp/medium/202503/10537261/BX314140_158e10b4.jpg?w=200,1,2026-07-22 12:48:11.230783
BE FORWARD,BX293040,2018 KIA CERATO 2.0 S,Kia,Cerato 2.0 S,2018.0,200151.0,990.0,Petrol,Automatic,Sedan,1671642.0,11200.0,14084.0,Mombasa,USD,Australia,https://www.beforward.jp/kia/cerato/bx293040/id/10516480/,https://image-cdn.beforward.jp/medium/202503/10516480/BX293040_157fdf63.jpg?w=200,1,2026-07-22 12:48:11.230783
BE FORWARD,BX282069,2025 KIA SORENTO 2.5 SORENTO GT-LINE,Kia,Sorento 2.5 Sorento Gt-Line,2025.0,,151.0,Diesel,Automatic,Van,7771642.0,52070.0,56004.0,Mombasa,USD,Australia,https://www.beforward.jp/kia/sorento/bx282069/id/10505372/,https://image-cdn.beforward.jp/medium/202504/10505372/BX282069_15f3847b.jpg?w=200,1,2026-07-22 12:48:11.230783
BE FORWARD,BX282066,2025 KIA SORENTO 2.5 SORENTO GT-LINE,Kia,Sorento 2.5 Sorento Gt-Line,2025.0,,151.0,Diesel,Automatic,Van,7771642.0,52070.0,56004.0,Mombasa,USD,Australia,https://www.beforward.jp/kia/sorento/bx282066/id/10505369/,https://image-cdn.beforward.jp/medium/202503/10505369/BX282066_15721b2d.png?w=200,1,2026-07-22 12:48:11.230783
BE FORWARD,BY269543,2023 SSANGYONG TIVOLI TIVOLI-DIESEL-16A-DVD-LED,Ssangyong,Tivoli Tivoli-Diesel-16A-Dvd-Led,2023.0,100.0,597.0,Petrol,Automatic,Sedan,3037313.0,20350.0,,,USD,Singapore,https://www.beforward.jp/ssangyong/tivoli/by269543/id/11416753/,https://image-cdn.beforward.jp/medium/202506/11416753/BY269543_172d41ce.jpg?w=200,1,2026-07-22 12:48:11.230783
