make,model,"Model 
number",transmission,"Drive
Configuration",engine_cc,body_type,GVW,Seating,fuel_type,crsp_kes,source,updated_at
Aiways,U5,,At,FWD,63.0,Suv,2155,5,Electric,5910344.999999999,KRA CRSP July 2025,2026-05-20T12:50:34.557157
Aiways,U6,,At,FWD,63.0,Suv,1820,5,Electric,8232266.249999998,KRA CRSP July 2025,2026-05-20T12:50:34.557157
Audi,3.0Tfsi Quattro S Line Package,WAUZZZ4M8JD01,At,4WD,3000.0,Suv,,,Gasoline,16210628.903571429,KRA CRSP July 2025,2026-05-20T12:50:34.557157
Audi,A1 Sportback 1.0 Tfsi,DBA-8XCHZ,At,2WD,1000.0,Hatchback,,,Gasoline,5953578.079166668,KRA CRSP July 2025,2026-05-20T12:50:34.557157
Audi,A1 Sportback 1St Edition,3BA-GBDAD,At,2WD,1500.0,Hatchback,,,Gasoline,8573479.22291667,KRA CRSP July 2025,2026-05-20T12:50:34.557157
Audi,A1 Sportback 25 Tfsi,3BA-GBDKL,At,2WD,1500.0,Hatchback,,,Gasoline,6633385.022916667,KRA CRSP July 2025,2026-05-20T12:50:34.557157
Audi,A1 Sportback 25 Tfsi Advanced,WAUZZZGB4NR02,At,2WD,990.0,Hatchback,,,Gasoline,6211139.34375,KRA CRSP July 2025,2026-05-20T12:50:34.557157
Audi,A1 Sportback 25 Tfsi S Line,3BA-GBDKL,At,2WD,1000.0,Hatchback,,,Gasoline,9024533.925,KRA CRSP July 2025,2026-05-20T12:50:34.557157
Audi,A1 Sportback 35 Tfsi Advanced,WAUZZZGB8LR00,At,2WD,1500.0,Hatchback,,,Gasoline,5688277.077083334,KRA CRSP July 2025,2026-05-20T12:50:34.557157
Audi,A1 Sportback 35 Tfsi S Line,3BA-GBDAD,At,2WD,1500.0,Hatchback,,,Gasoline,7845191.4234375,KRA CRSP July 2025,2026-05-20T12:50:34.557157
Audi,A1 Sportback Citycarver Black Style Plus,3BA-GBDKR,At,2WD,1000.0,Hatchback,,,Gasoline,8158328.3031250015,KRA CRSP July 2025,2026-05-20T12:50:34.557157
Audi,A1 Sportback Citycarver Limited Edition,3BA-GBDKR,At,2WD,990.0,Hatchback,,,Gasoline,11355484.868750002,KRA CRSP July 2025,2026-05-20T12:50:34.557157
Audi,A1 Sportback Midnight Limited,DBA-8XCHZ,At,2WD,1000.0,Hatchback,,,Gasoline,5429425.856250001,KRA CRSP July 2025,2026-05-20T12:50:34.557157
Audi,A3 Sedan 1.4 Tfsi,WAUZZZ8V1J109,At,2WD,1400.0,Sedan,,,Gasoline,6619134.077678572,KRA CRSP July 2025,2026-05-20T12:50:34.557157
Audi,A3 Sedan 1.4 Tfsi Sport S Line Package,8VCXSL,At,2WD,1400.0,Sedan,,,Gasoline,8844308.608928572,KRA CRSP July 2025,2026-05-20T12:50:34.557157
Audi,A3 Sedan 30 Tfsi Advanced,WAUZZZGYXMA10,At,2WD,1000.0,Sedan,,,Gasoline,6875789.301562498,KRA CRSP July 2025,2026-05-20T12:50:34.557157
Audi,A3 Sedan 30 Tfsi Sport,DBA-8VCXSL,At,2WD,1400.0,Sedan,,,Gasoline,6912445.558333334,KRA CRSP July 2025,2026-05-20T12:50:34.557157
Audi,A3 Sedan 40 Tfsi Quattro S Line,WAUZZZGY8PA09,At,2WD,2000.0,Sedan,,,Gasoline,7644850.3285714295,KRA CRSP July 2025,2026-05-20T12:50:34.557157
Audi,A3 Sedan 40 Tfsi Quattro Signature Edition,ABA-8VCZPL,At,2WD,2000.0,Sedan,,,Gasoline,7406694.249999999,KRA CRSP July 2025,2026-05-20T12:50:34.557157
Audi,A3 Sedan S Line Black Styling,WAUZZZ8V8KA09,At,2WD,1400.0,Sedan,,,Gasoline,7433050.401562501,KRA CRSP July 2025,2026-05-20T12:50:34.557157
Audi,A3 Sedan S Line Techno Limited,DBA-8VCXSL,At,2WD,1400.0,Sedan,,,Gasoline,9227978.453571431,KRA CRSP July 2025,2026-05-20T12:50:34.557157
Audi,A3 Sportback 30 Tfsi,WAUZZZ8V9LA04,At,2WD,1400.0,Hatchback,,,Gasoline,5353748.4229166685,KRA CRSP July 2025,2026-05-20T12:50:34.557157
Audi,A3 Sportback 30 Tfsi Advanced,WAUZZZGY4NA06,At,2WD,1000.0,Hatchback,,,Gasoline,4706727.8671875,KRA CRSP July 2025,2026-05-20T12:50:34.557157
Audi,A3 Sportback 30 Tfsi S Line,WAUZZZGY0NA08,At,2WD,1000.0,Hatchback,,,Gasoline,7929361.068750001,KRA CRSP July 2025,2026-05-20T12:50:34.557157
Audi,A3 Sportback 30 Tfsi Sport,WAUZZZ8VXLA05,At,2WD,1000.0,Hatchback,,,Gasoline,5161437.445312499,KRA CRSP July 2025,2026-05-20T12:50:34.557157
Audi,A3 Sportback 30 Tfsi Sport Signature Edition,WAUZZZ8V8LA05,At,2WD,1400.0,Hatchback,,,Gasoline,3806292.334821429,KRA CRSP July 2025,2026-05-20T12:50:34.557157
Audi,A3 Sportback 40 Tfsi Quattro Advanced,WAUZZZGY4PA07,At,2WD,2000.0,Wagon,,,Gasoline,8220505.869642857,KRA CRSP July 2025,2026-05-20T12:50:34.557157
Audi,A3 Sportback 40 Tfsi Quattro S Line,WAUZZZGY4PA06,At,2WD,2000.0,Wagon,,,Gasoline,8105314.451785714,KRA CRSP July 2025,2026-05-20T12:50:34.557157
Audi,A3 Sportback S Line Techno Limited,WAUZZZ8V8JA10,At,2WD,1400.0,Hatchback,,,Gasoline,9285473.646428574,KRA CRSP July 2025,2026-05-20T12:50:34.557157
Audi,A4 2.0Tfsi Quattro Tuxedo Style,DBA-8WCYRF,At,4WD,2000.0,Sedan,,,Gasoline,9857611.125,KRA CRSP July 2025,2026-05-20T12:50:34.557157
Audi,A4 35Tdi S-Line,WAUZZZF41RA09,At,2WD,2000.0,Sedan,,,Gasoline,8502189.595312499,KRA CRSP July 2025,2026-05-20T12:50:34.557157
Audi,A4 35Tfsi Advanced,3AA-8WDEM,At,2WD,2000.0,Sedan,,,Gasoline,7192942.635937499,KRA CRSP July 2025,2026-05-20T12:50:34.557157
Audi,A4 35Tfsi Meisterstueck,WAUZZZF44KA12,At,2WD,1400.0,Sedan,,,Gasoline,9081614.4890625,KRA CRSP July 2025,2026-05-20T12:50:34.557157
Audi,A4 35Tfsi Meisterstueck,WAUZZZF43SA00,At,2WD,2000.0,Sedan,,,Gasoline,7881867.225,KRA CRSP July 2025,2026-05-20T12:50:34.557157
Audi,A4 35Tfsi Sport,ABA-8WCVN,At,2WD,1400.0,Sedan,,,Gasoline,10539103.80703125,KRA CRSP July 2025,2026-05-20T12:50:34.557157
Audi,A4 40Tfsi Meisterstueck S Line Package,WAUZZZF43KA12,At,2WD,2000.0,Sedan,,,Gasoline,9026879.3,KRA CRSP July 2025,2026-05-20T12:50:34.557157
Audi,A4 45Tfsi Quattro Advanced,WAUZZZF41NA00,At,2WD,2000.0,Sedan,,,Gasoline,8242398.27,KRA CRSP July 2025,2026-05-20T12:50:34.557157
Audi,A4 45Tfsi Quattro S-Line,WAUZZZF48MA02,At,2WD,2000.0,Sedan,,,Gasoline,10058140.687499998,KRA CRSP July 2025,2026-05-20T12:50:34.557157
Audi,A4 45Tfsi Quattro Sport S Line Package,WAUZZZF42KA04,At,2WD,2000.0,Sedan,,,Gasoline,9321458.399999999,KRA CRSP July 2025,2026-05-20T12:50:34.557157
Audi,A4 Allroad Quattro,8WDDWA,At,4WD,2000.0,Wagon,,,Hybrid,9847056.9375,KRA CRSP July 2025,2026-05-20T12:50:34.557157
Audi,A4 Allroad Quattro Absolute,ABA-8WCYRA,At,2WD,2000.0,Wagon,,,Gasoline,10883478.149999999,KRA CRSP July 2025,2026-05-20T12:50:34.557157
Audi,A4 Allroad Quattro Base Grade,WAUZZZF48PA08,At,2WD,2000.0,Wagon,,,Gasoline,11549975.090625,KRA CRSP July 2025,2026-05-20T12:50:34.557157
Audi,A4 Avant 1.4Tfsi Tuxedo Style,ABA-8WCVN,At,2WD,1400.0,Wagon,,,Gasoline,9680753.097321428,KRA CRSP July 2025,2026-05-20T12:50:34.557157
Audi,A4 Avant 35 Tdi Advanced,WAUZZZF49PA00,At,2WD,2000.0,Wagon,,,Hybrid,7576147.59375,KRA CRSP July 2025,2026-05-20T12:50:34.557157
Audi,A4 Avant 35 Tdi S-Line,WAUZZZF43RA04,At,2WD,2000.0,Wagon,,,Diesel,8797706.845312499,KRA CRSP July 2025,2026-05-20T12:50:34.557157
Audi,A4 Avant 35 Tfsi Sport,WAUZZZF47KA03,At,2WD,1400.0,Wagon,,,Gasoline,8051261.934374998,KRA CRSP July 2025,2026-05-20T12:50:34.557157
Audi,A4 Avant 45 Tfsi Quattro Meisterstueck,WAUZZZF48KA09,At,2WD,2000.0,Wagon,,,Gasoline,9630109.75,KRA CRSP July 2025,2026-05-20T12:50:34.557157
Audi,A4 Avant Black Style Plus,WAUZZZF47PA05,At,2WD,2000.0,Wagon,,,Gasoline,9981245.892857142,KRA CRSP July 2025,2026-05-20T12:50:34.557157
Audi,A4 Black Style Plus,WAUZZZF40PA03,At,2WD,2000.0,Sedan,,,Gasoline,8795859.862499999,KRA CRSP July 2025,2026-05-20T12:50:34.557157
Audi,A5 45Tfsi Quattro Sport,DBA-F5CYRF,At,4WD,2000.0,Wagon,,,Gasoline,8564512.0725,KRA CRSP July 2025,2026-05-20T12:50:34.557157
Audi,A5 Cabriolet 2.0Tfsi Quattro Sport,ABA-F5CYRC,At,4WD,2000.0,Convertible,,,Gasoline,19275564.95357143,KRA CRSP July 2025,2026-05-20T12:50:34.557157
Audi,A5 Sportback 40Tfsi Sport,WAUZZZF56KA09,At,2WD,2000.0,Wagon,,,Gasoline,9819146.975,KRA CRSP July 2025,2026-05-20T12:50:34.557157
Audi,A5 Sportback 45Tfsi Quattro S Line,WAUZZZF5XMA04,At,4WD,2000.0,Sedan,,,Gasoline,15353809.807500001,KRA CRSP July 2025,2026-05-20T12:50:34.557157
Audi,A5 Sportback 45Tfsi Quattro Sport,WAUZZZF56KA06,At,4WD,2000.0,Sedan,,,Gasoline,15687216.590625,KRA CRSP July 2025,2026-05-20T12:50:34.557157
Audi,A5 Sportback Black Style Plus,WAUZZZF58PA03,At,2WD,2000.0,Sedan,,,Diesel,10221881.367857143,KRA CRSP July 2025,2026-05-20T12:50:34.557157
Audi,A5 Sportback S Line Competition Plus,3AA-F5DDWL,At,4WD,2000.0,Sedan,,,Gasoline,14027834.460937496,KRA CRSP July 2025,2026-05-20T12:50:34.557157
Audi,A6 2.0 Tfsi Quattro S Line Package,WAUZZZ4GXJN00,At,4WD,2000.0,Sedan,,,Gasoline,10653095.314285714,KRA CRSP July 2025,2026-05-20T12:50:34.557157
Audi,A6 45 Tfsi Quattro,WAUZZZF26LN02,At,4WD,2000.0,Sedan,,,Hybrid,12511637.475000001,KRA CRSP July 2025,2026-05-20T12:50:34.557157
Audi,A6 45 Tfsi Quattro Sport,WAUZZZF2XNN06,At,4WD,2000.0,Sedan,,,Gasoline,21151194.846428573,KRA CRSP July 2025,2026-05-20T12:50:34.557157
Audi,A6 45 Tfsi Quattro Sport S Line Package,WAUZZZF2XLN05,At,2WD,2000.0,Sedan,,,Gasoline,12713339.725,KRA CRSP July 2025,2026-05-20T12:50:34.557157
Audi,A6 45 Tfsi Quattro Sport S Line Package,WAUZZZF29MN09,At,4WD,2000.0,Wagon,,,Hybrid,10269928.05,KRA CRSP July 2025,2026-05-20T12:50:34.557157
Audi,A6 55 Tfsi Quattro Debut Package,WAUZZZF2XKN05,At,4WD,3000.0,Sedan,,,Gasoline,11766863.643749999,KRA CRSP July 2025,2026-05-20T12:50:34.557157
Audi,A6 55 Tfsi Quattro S Line,WAUZZZF21LN08,At,4WD,2000.0,Wagon,,,Hybrid,9637732.21875,KRA CRSP July 2025,2026-05-20T12:50:34.557157
Audi,A6 Avant,WAUZZZF21NN04,At,4WD,2000.0,Wagon,,,Gasoline,13009443.318750001,KRA CRSP July 2025,2026-05-20T12:50:34.557157
Audi,A6 Avant 40 Tdi Quattro S Line,WAUZZZF20LN06,At,4WD,2000.0,Wagon,,,Diesel,15158158.624999998,KRA CRSP July 2025,2026-05-20T12:50:34.557157
Audi,A6 Avant 40 Tdi Quattro Sport,WAUZZZF28NN01,At,4WD,2000.0,Wagon,,,Diesel,12679097.25,KRA CRSP July 2025,2026-05-20T12:50:34.557157
Audi,A6 Avant 40 Tdi Quattro Sport S Line Package,WAUZZZF24MN06,At,4WD,2000.0,Wagon,,,Gasoline,16449334.47,KRA CRSP July 2025,2026-05-20T12:50:34.557157
Audi,A6 Avant 45 Tfsi Quattro S Line,WAUZZZF2XNN06,At,4WD,2000.0,Wagon,,,Gasoline,11542360.998214286,KRA CRSP July 2025,2026-05-20T12:50:34.557157
Audi,A6 Avant 45 Tfsi Quattro Sport,WAUZZZF23LN05,At,4WD,2000.0,Wagon,,,Gasoline,13682448.674999999,KRA CRSP July 2025,2026-05-20T12:50:34.557157
Audi,A6 Avant 45 Tfsi Quattro Sport S Line Package,WAUZZZF24NN03,At,4WD,2000.0,Wagon,,,Gasoline,15983683.7175,KRA CRSP July 2025,2026-05-20T12:50:34.557157
Audi,A7 Sportback,WAUZZZF28KN0226497,At,4WD,3000.0,Sedan,,,Gasoline,15980246.067857143,KRA CRSP July 2025,2026-05-20T12:50:34.557157
Audi,A7 Sportback 2.0 Tfsi Quattro,WAUZZZ4G9JN02,At,4WD,2000.0,Sedan,,,Gasoline,11481749.807142857,KRA CRSP July 2025,2026-05-20T12:50:34.557157
Audi,A7 Sportback 40Tdi Quattro S Line Package,WAUZZZF28LN05,At,4WD,2000.0,Sedan,,,Gasoline,13158960.974999998,KRA CRSP July 2025,2026-05-20T12:50:34.557157
Audi,A7 Sportback 45Tfsi Quattro,WAUZZZF24PN03,At,4WD,2000.0,Sedan,,,Gasoline,16791410.764285713,KRA CRSP July 2025,2026-05-20T12:50:34.557157
Audi,A7 Sportback 45Tfsi Quattro S Line Package,WAUZZZF28LN07,At,4WD,2000.0,Sedan,,,Gasoline,15831281.25,KRA CRSP July 2025,2026-05-20T12:50:34.557157
Audi,A7 Sportback 55 Tfsi Quattro 1St Edition,AAA-F2DLZS,At,4WD,3000.0,Sedan,,,Hybrid,20322540.353571422,KRA CRSP July 2025,2026-05-20T12:50:34.557157
Audi,A7 Sportback 55 Tfsi Quattro S Line,WAUZZZF24KN05,At,4WD,2000.0,Sedan,,,Hybrid,16967967.24375,KRA CRSP July 2025,2026-05-20T12:50:34.557157
Audi,A8,WAUZZZF85JN01,At,4WD,4000.0,Sedan,,,Hybrid,19975006.036607146,KRA CRSP July 2025,2026-05-20T12:50:34.557157
Audi,A8 55Tfsi Quattro,WAUZZZF81NN00,At,4WD,3000.0,Sedan,,,Gasoline,18588386.83125,KRA CRSP July 2025,2026-05-20T12:50:34.557157
Audi,A8 60Tfsi E Quattro,WAUZZZF81PN01,At,4WD,3000.0,Sedan,,,Plug-In Hybrid,23583181.194642857,KRA CRSP July 2025,2026-05-20T12:50:34.557157
Audi,A8 60Tfsi Quattro,WAUZZZF82KN00,At,4WD,4000.0,Sedan,,,Hybrid,16130015.014285717,KRA CRSP July 2025,2026-05-20T12:50:34.557157
Audi,E-Tron 50 Quattro Advanced,WAUZZZGE8MB01,At,4WD,,Wagon,,,Electric,14782195.012500001,KRA CRSP July 2025,2026-05-20T12:50:34.557157
Audi,E-Tron 50 Quattro S Line,ZAA-GEEASB,At,4WD,,Wagon,,,Electric,18322333.354687497,KRA CRSP July 2025,2026-05-20T12:50:34.557157
Audi,E-Tron 55 Quattro S Line,ZAA-GEEAS,At,4WD,,Wagon,,,Electric,13338080.614285715,KRA CRSP July 2025,2026-05-20T12:50:34.557157
Audi,E-Tron S Sportback,ZAA-GEEAV,At,4WD,,Wagon,,,Electric,14807525.0625,KRA CRSP July 2025,2026-05-20T12:50:34.557157
Audi,Q2 1.0Tfsi Sport,ABA-GACHZ,At,2WD,990.0,Wagon,,,Gasoline,7262085.128571429,KRA CRSP July 2025,2026-05-20T12:50:34.557157
Audi,Q2 1.4 Tfsi Cylinder On Demand Sport,ABA-GACZE,At,2WD,1400.0,Wagon,,,Gasoline,8950453.580357144,KRA CRSP July 2025,2026-05-20T12:50:34.557157
Audi,Q2 30Tfsi Sport,WAUZZZGA4LA03,At,2WD,990.0,Wagon,,,Gasoline,8069536.314583335,KRA CRSP July 2025,2026-05-20T12:50:34.557157
Audi,Q2 35Tfsi Advanced,WAUZZZGAXNA04,At,2WD,1500.0,Wagon,,,Gasoline,6205979.518749999,KRA CRSP July 2025,2026-05-20T12:50:34.557157
Audi,Q2 Hashtag Black Elegance,WAUZZZGA5KA07,At,2WD,1000.0,Suv,,,Gasoline,6631020.103124999,KRA CRSP July 2025,2026-05-20T12:50:34.557157
Audi,Q2 Hashtag Contrast Styling,WAUZZZGA7LA00,At,2WD,1000.0,Suv,,,Gasoline,6849237.702083334,KRA CRSP July 2025,2026-05-20T12:50:34.557157
Audi,Q3 2.0Tfsi Quattro 180Ps,ABA-8UCULB,At,2WD,2000.0,Suv,,,Gasoline,7526718.815624999,KRA CRSP July 2025,2026-05-20T12:50:34.557157
Audi,Q3 35 Tdi Quattro Advanced,WAUZZZF39M105,At,2WD,1500.0,Suv,,,Diesel,9475760.62125,KRA CRSP July 2025,2026-05-20T12:50:34.557157
Audi,Q3 35 Tdi Quattro S Line,3DA-F3DFGF,At,2WD,2000.0,Suv,,,Diesel,10395171.075,KRA CRSP July 2025,2026-05-20T12:50:34.557157
Audi,Q3 35 Tfsi Advanced,WAUZZZF3XL112,At,2WD,1500.0,Suv,,,Gasoline,8502531.629166668,KRA CRSP July 2025,2026-05-20T12:50:34.557157
Audi,Q3 35 Tfsi S Line,3AA-F3DFY,At,2WD,1500.0,Suv,,,Hybrid,7239798.830859374,KRA CRSP July 2025,2026-05-20T12:50:34.557157
Audi,Q3 Sportback 35 Tdi Quattro S Line,WAUZZZF32P102,At,4WD,2000.0,Suv,,,Diesel,9483641.08125,KRA CRSP July 2025,2026-05-20T12:50:34.557157
Audi,Q3 Sportback 35 Tfsi,WAUZZZF37N105,At,2WD,1500.0,Suv,,,Gasoline,7683301.914062499,KRA CRSP July 2025,2026-05-20T12:50:34.557157
Audi,Q3 Sportback 35 Tfsi S Line,WAUZZZF35N110,At,2WD,1500.0,Suv,,,Gasoline,10078750.6703125,KRA CRSP July 2025,2026-05-20T12:50:34.557157
Audi,Q3 Sportback High Style,WAUZZZF39R104,At,2WD,1500.0,Suv,,,Gasoline,8696147.919642858,KRA CRSP July 2025,2026-05-20T12:50:34.557157
Audi,Q4 E-Tron 40 E-Tron,WAUZZZFZ5PP07,At,2WD,,Suv,,,Electric,8565778.575000001,KRA CRSP July 2025,2026-05-20T12:50:34.557157
Audi,Q4 E-Tron 40 E-Tron Advanced,WAUZZZFZ6NP05,At,2WD,,Suv,,,Electric,8381783.90625,KRA CRSP July 2025,2026-05-20T12:50:34.557157
Audi,Q4 E-Tron 40 E-Tron S Line,WAUZZZFZ7PP07,At,2WD,,Suv,,,Electric,9026242.698214285,KRA CRSP July 2025,2026-05-20T12:50:34.557157
Audi,Q4 Sportback E-Tron,WAUZZZFZ6PP07,At,2WD,,Suv,,,Electric,8565778.575000001,KRA CRSP July 2025,2026-05-20T12:50:34.557157
Audi,Q4 Sportback E-Tron 40 E-Tron Advanced,WAUZZZFZ2NP05,At,2WD,,Suv,,,Electric,10995000.73125,KRA CRSP July 2025,2026-05-20T12:50:34.557157
Audi,Q4 Sportback E-Tron 40 E-Tron Advanced,ZAA-FZEBJ,At,2WD,,Suv,,,Electric,7293471.271875,KRA CRSP July 2025,2026-05-20T12:50:34.557157
Audi,Q4 Sportback E-Tron 40 E-Tron S Line,WAUZZZFZ6PP07,At,2WD,,Suv,,,Electric,9026242.698214285,KRA CRSP July 2025,2026-05-20T12:50:34.557157
Audi,Q5,WAUZZZFYXJ221,At,4WD,2000.0,Suv,,,Gasoline,14290369.875,KRA CRSP July 2025,2026-05-20T12:50:34.557157
Audi,Q5 2.0Tfsi Quattro,DBA-FYDAXS,At,4WD,2000.0,Suv,,,Gasoline,11605987.67142857,KRA CRSP July 2025,2026-05-20T12:50:34.557157
Audi,Q5 40Tdi Quattro,LDA-FYDETS,At,4WD,2000.0,Suv,,,Diesel,8213972.324999998,KRA CRSP July 2025,2026-05-20T12:50:34.557157
Audi,Q5 40Tdi Quattro Advanced,WAUZZZFY1N201,At,4WD,2000.0,Suv,,,Diesel,9999037.2375,KRA CRSP July 2025,2026-05-20T12:50:34.557157
Audi,Q5 40Tdi Quattro S Line,WAUZZZFY6R207,At,4WD,2000.0,Suv,,,Diesel,18765814.45,KRA CRSP July 2025,2026-05-20T12:50:34.557157
Audi,Q5 40Tdi Quattro S Line,WAUZZZFY5M208,At,2WD,2000.0,Suv,,,Electric,13120121.564999998,KRA CRSP July 2025,2026-05-20T12:50:34.557157
Audi,Q5 40Tdi Quattro S Line,WAUZZZFY3M208,At,4WD,2000.0,Suv,,,Hybrid,12314203.8075,KRA CRSP July 2025,2026-05-20T12:50:34.557157
Audi,Q5 40Tdi Quattro Sport,LDA-FYDETS,At,4WD,2000.0,Suv,,,Diesel,10922880.45,KRA CRSP July 2025,2026-05-20T12:50:34.557157
Audi,Q5 45Tfsi Quattro Sport S Line Package,WAUZZZFY0J220,At,4WD,2000.0,Suv,,,Gasoline,11565278.662499996,KRA CRSP July 2025,2026-05-20T12:50:34.557157
Audi,Q5 Black Edition,DBA-FYDAXS,At,4WD,2000.0,Suv,,,Gasoline,13447844.164285714,KRA CRSP July 2025,2026-05-20T12:50:34.557157
Audi,Q5 S Line Dynamic Limited,LDA-FYDETS,At,4WD,2000.0,Suv,,,Diesel,10935545.475000001,KRA CRSP July 2025,2026-05-20T12:50:34.557157
Audi,Q5 Tdi 1St Edition Black Styling,WAUZZZFY0K203,At,4WD,2000.0,Suv,,,Gasoline,12068185.696874999,KRA CRSP July 2025,2026-05-20T12:50:34.557157
Audi,Q7,WAUZZZ4M3KD01,At,4WD,2000.0,Suv,,,Gasoline,14998555.85625,KRA CRSP July 2025,2026-05-20T12:50:34.557157
Audi,Q7 3.0Tfsi Quattro,WAUZZZ4M1JD02,At,4WD,3000.0,Suv,,,Gasoline,16805885.078571428,KRA CRSP July 2025,2026-05-20T12:50:34.557157
Audi,Q7 45 S Line Limited,ABA-4MCYRA,At,4WD,2000.0,Suv,,,Gasoline,15537452.669999998,KRA CRSP July 2025,2026-05-20T12:50:34.557157
Audi,Q7 50Tdi Quattro S Line,3DA-4MCVMA,At,4WD,3000.0,Suv,,,Gasoline,16333057.47857143,KRA CRSP July 2025,2026-05-20T12:50:34.557157
Audi,Q8,WAUZZZF13LD01,At,4WD,3000.0,Suv,,,Gasoline,12329665.6921875,KRA CRSP July 2025,2026-05-20T12:50:34.557157
Audi,Q8 55Tfsi Quattro,WAUZZZF1XMD01,At,4WD,3000.0,Suv,,,Diesel,17156957.56125,KRA CRSP July 2025,2026-05-20T12:50:34.557157
Audi,Q8 55Tfsi Quattro Debut Package Luxury,WAUZZZF12LD00,At,4WD,3000.0,Suv,,,Gasoline,16601736.937499994,KRA CRSP July 2025,2026-05-20T12:50:34.557157
Audi,Q8 55Tfsi Quattro Debut Package S Line,,At,4WD,3000.0,Suv,,,Gasoline,19018645.874999993,KRA CRSP July 2025,2026-05-20T12:50:34.557157
Audi,Q8 55Tfsi Quattro S Line,WAUZZZF16PD04,At,4WD,3000.0,Suv,,,Hybrid,21838460.920312498,KRA CRSP July 2025,2026-05-20T12:50:34.557157
Audi,Q8 Bronze Edition,3DA-F1CVMA,At,4WD,3000.0,Suv,,,Diesel,22824815.70585937,KRA CRSP July 2025,2026-05-20T12:50:34.557157
Audi,Q8 E-Tron 55 E-Tron Quattro S Line,ZAA-GEEDE,At,4WD,,Suv,,,Electric,14091046.505357146,KRA CRSP July 2025,2026-05-20T12:50:34.557157
Audi,Q8 Sportback E-Tron 55 E-Tron Quattro S Line,ZAA-GEEDE,At,4WD,,Coupe,,,Gasoline,16031810.8125,KRA CRSP July 2025,2026-05-20T12:50:34.557157
Audi,Q8 Sportback E-Tron 55 E-Tron Quattro S Line,ZAA-GEEDE,At,4WD,,Suv,,,Electric,16031810.8125,KRA CRSP July 2025,2026-05-20T12:50:34.557157
Audi,R8,7BA-4SDMWF,At,4WD,5200.0,Coupe,,,Gasoline,78781072.95703122,KRA CRSP July 2025,2026-05-20T12:50:34.557157
Audi,R8 Japan Final Edition,WUAZZZFX0L790,At,4WD,5200.0,Coupe,,,Gasoline,75636804.59765622,KRA CRSP July 2025,2026-05-20T12:50:34.557157
Audi,R8 Spyder Basegrade,ABA-4SDKAF,At,4WD,5200.0,Coupe,,,Gasoline,93028528.75178573,KRA CRSP July 2025,2026-05-20T12:50:34.557157
Audi,R8 Spyder V10 Performance 5.2 Fsi Quattro S Tronic,WUAZZZFX3N790,At,4WD,,Coupe,,,Gasoline,68074087.20749998,KRA CRSP July 2025,2026-05-20T12:50:34.557157
Audi,R8 Spyder V10 Performance 5.2 Fsi Quattro S Tronic,WUAZZZFX3N790,At,4WD,5200.0,Convertible,,,Gasoline,46091829.88007812,KRA CRSP July 2025,2026-05-20T12:50:34.557157
Audi,R8 V10 Coupe Performance 5.2 Fsi Quattro S Tronic,WUAZZZFX0L790,At,4WD,5200.0,Coupe,,,Gasoline,79658152.32374999,KRA CRSP July 2025,2026-05-20T12:50:34.557157
Audi,Rs E-Tron Gt,FWEBGE,At,4WD,,Sedan,,,Electric,21149084.00892857,KRA CRSP July 2025,2026-05-20T12:50:34.557157
Audi,Rs E-Tron Gt Base Grade,WAUZZZFW2N790,At,4WD,,Sedan,,,Electric,19394023.143749997,KRA CRSP July 2025,2026-05-20T12:50:34.557157
Audi,Rs Q3,3BA-F3DNWF,At,4WD,2500.0,Sedan,,,Gasoline,19875645.9,KRA CRSP July 2025,2026-05-20T12:50:34.557157
Audi,Rs Q3 Base Grade,WAUZZZF36N190,At,4WD,2500.0,Sedan,,,Gasoline,14755457.737499999,KRA CRSP July 2025,2026-05-20T12:50:34.557157
Audi,Rs Q3 Sportback,WUAZZZF39P190,At,4WD,2500.0,Sedan,,,Gasoline,18325235.75625,KRA CRSP July 2025,2026-05-20T12:50:34.557157
Audi,Rs Q3 Sportback Base Grade,WUAZZZF33M190,At,4WD,2500.0,Sedan,,,Gasoline,20818345.927500002,KRA CRSP July 2025,2026-05-20T12:50:34.557157
Audi,Rs Q8,WUAZZZF19MD02,At,4WD,4000.0,Sedan,,,Hybrid,44201781.58499999,KRA CRSP July 2025,2026-05-20T12:50:34.557157
Audi,Rs Q8 Base Grade,WUAZZZF14MD02,At,4WD,4000.0,Sedan,,,Hybrid,50042117.14125,KRA CRSP July 2025,2026-05-20T12:50:34.557157
Audi,Rs3,WUAZZZGY0PA90,At,4WD,2500.0,Coupe,,,Gasoline,18198233.7,KRA CRSP July 2025,2026-05-20T12:50:34.557157
Audi,Rs3 Base Grade,ABA-8VDAZL,At,4WD,2500.0,Coupe,,,Gasoline,25842681.964285713,KRA CRSP July 2025,2026-05-20T12:50:34.557157
Audi,Rs3 Sportback,WUAZZZGYXPA90,At,4WD,2500.0,Wagon,,,Gasoline,15309602.839285716,KRA CRSP July 2025,2026-05-20T12:50:34.557157
Audi,Rs3 Sportback Base Grade,ABA-8VDAZF,At,4WD,2500.0,Wagon,,,Gasoline,8001280.317857143,KRA CRSP July 2025,2026-05-20T12:50:34.557157
Audi,Rs4 Avant,WUAZZZF46PA90,At,4WD,2900.0,Wagon,,,Gasoline,24958241.051785715,KRA CRSP July 2025,2026-05-20T12:50:34.557157
Audi,Rs4 Avant Base Grade,WUAZZZF47PA90,At,4WD,2900.0,Wagon,,,Gasoline,27151401.214285713,KRA CRSP July 2025,2026-05-20T12:50:34.557157
Audi,Rs5,F5DECF,At,4WD,2900.0,Sedan,,,Gasoline,23449821.49687499,KRA CRSP July 2025,2026-05-20T12:50:34.557157
Audi,Rs5 Base Grade,ABA-F5DECF,At,4WD,2900.0,Sedan,,,Gasoline,22210232.174999997,KRA CRSP July 2025,2026-05-20T12:50:34.557157
Audi,Rs5 Sportback Base Grade,WUAZZZF54KA90,At,4WD,2900.0,Sedan,,,Gasoline,18708880.471874997,KRA CRSP July 2025,2026-05-20T12:50:34.557157
Audi,Rs6 Avant Base Grade,WUAZZZF26MN90,At,4WD,4000.0,Sedan,,,Hybrid,40646357.26125,KRA CRSP July 2025,2026-05-20T12:50:34.557157
Audi,Rs6 Avant Performance Base Grade,WUAZZZF23RN90,At,4WD,4000.0,Sedan,,,Hybrid,39529455.97148437,KRA CRSP July 2025,2026-05-20T12:50:34.557157
Audi,Rs7 Sportback Base Grade,WUAZZZF22MN90,At,4WD,4000.0,Sedan,,,Hybrid,32869609.74375,KRA CRSP July 2025,2026-05-20T12:50:34.557157
Audi,Rs7 Sportback Performance Base Grade,WAUZZZ4G8GN90,At,4WD,4000.0,Sedan,,,Gasoline,32173133.88482143,KRA CRSP July 2025,2026-05-20T12:50:34.557157
Audi,S3 Sedan,3BA-GYDNFF,At,4WD,2000.0,Sedan,,,Gasoline,10356032.6296875,KRA CRSP July 2025,2026-05-20T12:50:34.557157
Audi,S3 Sedan Base Grade,WAUZZZ8V4KA09,At,4WD,2000.0,Sedan,,,Gasoline,9999037.237499999,KRA CRSP July 2025,2026-05-20T12:50:34.557157
Audi,S3 Sportback,WAUZZZ8V2LA05,At,4WD,2000.0,Sedan,,,Gasoline,11837576.700000001,KRA CRSP July 2025,2026-05-20T12:50:34.557157
Audi,S4 Avant Base Grade,WAUZZZF47PA06,At,4WD,3000.0,Sedan,,,Gasoline,13860663.669642856,KRA CRSP July 2025,2026-05-20T12:50:34.557157
Audi,S4 Base Grade,WAUZZZF48LA07,At,4WD,3000.0,Sedan,,,Gasoline,14870005.8525,KRA CRSP July 2025,2026-05-20T12:50:34.557157
Audi,S5 Cabriolet,F5CWGC,At,4WD,3000.0,Sedan,,,Gasoline,27354644.71071428,KRA CRSP July 2025,2026-05-20T12:50:34.557157
Audi,S5 Cabriolet Base Grade,WAUZZZF59JN01,At,4WD,3000.0,Sedan,,,Gasoline,26600774.174999997,KRA CRSP July 2025,2026-05-20T12:50:34.557157
Audi,S5 Sportback Base Grade,WAUZZZF55JA06,At,4WD,3000.0,Sedan,,,Gasoline,16133658.721874997,KRA CRSP July 2025,2026-05-20T12:50:34.557157
Audi,S6 Base Grade,WAUZZZF22MN06,At,4WD,2900.0,Sedan,,,Hybrid,17888081.309999995,KRA CRSP July 2025,2026-05-20T12:50:34.557157
Audi,S7 Sportback,WAUZZZF24NN02,At,4WD,2900.0,Sedan,,,Hybrid,24160997.831249997,KRA CRSP July 2025,2026-05-20T12:50:34.557157
Audi,S7 Sportback Base Grade,WAUZZZF2XNN01,At,4WD,2900.0,Sedan,,,Gasoline,22463884.48125,KRA CRSP July 2025,2026-05-20T12:50:34.557157
Audi,S8 Base Grade,WAUZZZF80RN00,At,4WD,2900.0,Sedan,,,Hybrid,26233488.449999996,KRA CRSP July 2025,2026-05-20T12:50:34.557157
Audi,Sq2,WAUZZZGA1PA01,At,4WD,2000.0,Wagon,,,Gasoline,10265907.407142859,KRA CRSP July 2025,2026-05-20T12:50:34.557157
Audi,Sq2 Base Grade,3BA-GADNUF,At,4WD,2000.0,Wagon,,,Gasoline,13256528.575,KRA CRSP July 2025,2026-05-20T12:50:34.557157
Audi,Sq5,FYCWGS,At,4WD,3000.0,Wagon,,,Gasoline,14174273.8125,KRA CRSP July 2025,2026-05-20T12:50:34.557157
Audi,Sq5 Base Grade,WAUZZZFY2N208,At,4WD,3000.0,Wagon,,,Gasoline,16098302.193750001,KRA CRSP July 2025,2026-05-20T12:50:34.557157
Audi,Sq5 Sportback,WAUZZZFY8N204,At,4WD,3000.0,Wagon,,,Gasoline,16005777.150000002,KRA CRSP July 2025,2026-05-20T12:50:34.557157
Audi,Sq5 Sportback Base Grade,3BA-FYCWGA,At,4WD,3000.0,Wagon,,,Gasoline,17302112.82,KRA CRSP July 2025,2026-05-20T12:50:34.557157
Audi,Sq7,3BA-4MDWRA,At,4WD,4000.0,Wagon,,,Gasoline,24606472.495312493,KRA CRSP July 2025,2026-05-20T12:50:34.557157
Audi,Sq8,WAUZZZF10PD03,At,2WD,4000.0,Wagon,,,Gasoline,24213724.792968746,KRA CRSP July 2025,2026-05-20T12:50:34.557157
Audi,Sq8 Base Grade,3BA-F1DWRA,At,4WD,4000.0,Wagon,,,Gasoline,23994442.70089286,KRA CRSP July 2025,2026-05-20T12:50:34.557157
Audi,Tt Coupe 2.0Tfsi Quattro,ABA-FVCHHF,At,4WD,2000.0,Coupe,,,Gasoline,10653095.314285714,KRA CRSP July 2025,2026-05-20T12:50:34.557157
Audi,Tt Coupe 40Tfsi,TRUZZZFV1P100,At,4WD,2000.0,Coupe,,,Gasoline,14755457.737499999,KRA CRSP July 2025,2026-05-20T12:50:34.557157
Audi,Tt Coupe 40Tfsi S Line Package,TRUZZZFV9N100,At,4WD,2000.0,Coupe,,,Gasoline,12767752.424999999,KRA CRSP July 2025,2026-05-20T12:50:34.557157
Audi,Tt Coupe 45Tfsi Quattro S Line Package,TRUZZZFVXP100,At,4WD,2000.0,Coupe,,,Gasoline,14022293.512500001,KRA CRSP July 2025,2026-05-20T12:50:34.557157
Audi,Tt Coupe Final Edition,3BA-FVDNPF,At,4WD,2000.0,Coupe,,,Gasoline,17021793.6,KRA CRSP July 2025,2026-05-20T12:50:34.557157
Audi,Tt Coupe S Line Dynamic Limited,ABA-FVCJS,At,2WD,1800.0,Coupe,,,Gasoline,12494951.807142857,KRA CRSP July 2025,2026-05-20T12:50:34.557157
Audi,Tt Coupe S-Line Competition Plus,3BA-FVDNPF,At,4WD,2000.0,Coupe,,,Gasoline,14662580.8875,KRA CRSP July 2025,2026-05-20T12:50:34.557157
Audi,Tt Roadster 45 Tfsi Quattro S Line Package,,At,4WD,2000.0,Convertible,,,Gasoline,14373865.225,KRA CRSP July 2025,2026-05-20T12:50:34.557157
Audi,Tt Roadster Final Edition,ABA-FVCHHF,At,4WD,2000.0,Convertible,,,Gasoline,21858425.924999997,KRA CRSP July 2025,2026-05-20T12:50:34.557157
Audi,Tt Roadster Final Edition,TRUZZZFV2L100,At,4WD,2000.0,Coupe,,,Gasoline,19865936.0475,KRA CRSP July 2025,2026-05-20T12:50:34.557157
Audi,Tt Rs Coupe Base Grade,,At,4WD,2500.0,Coupe,,,Gasoline,35056186.10357143,KRA CRSP July 2025,2026-05-20T12:50:34.557157
Audi,Tts Coupe,ABA-FVCJXF,At,4WD,2000.0,Coupe,,,Gasoline,18857016.03214286,KRA CRSP July 2025,2026-05-20T12:50:34.557157
Audi,Tts Coupe Base Grade,3BA-FVDNFF,At,4WD,4000.0,Wagon,,,Gasoline,18315485.69732143,KRA CRSP July 2025,2026-05-20T12:50:34.557157
Audi,Tts Coupe Memorial Edition,3BA-FVDNFF,At,4WD,2000.0,Wagon,,,Gasoline,15393433.242857141,KRA CRSP July 2025,2026-05-20T12:50:34.557157
Bentley,Bentayga Basegrade,,At,4WD,6000.0,Suv,,5,Gasoline,63120742.42500001,KRA CRSP July 2025,2026-05-20T12:50:34.557157
Bentley,Bentayga,,At,2WD,6000.0,Suv,,5,Gasoline,13646221.875000004,KRA CRSP July 2025,2026-05-20T12:50:34.557157
Bentley,Bentayga Azure,7BA-BADCU,At,4WD,4000.0,Suv,,5,Gasoline,10234666.40625,KRA CRSP July 2025,2026-05-20T12:50:34.557157
Bentley,Bentayga Ewb Azure,,At,4WD,4000.0,Suv,,5,Gasoline,53984286.738281235,KRA CRSP July 2025,2026-05-20T12:50:34.557157
Bentley,Bentayga Hybrid,,At,4WD,3000.0,Suv,,5,Plug-In Hybrid,51820062.0669643,KRA CRSP July 2025,2026-05-20T12:50:34.557157
Bentley,Bentayga S,,At,4WD,4000.0,Suv,,5,Gasoline,58655493.457031235,KRA CRSP July 2025,2026-05-20T12:50:34.557157
Bentley,Bentayga V8,,At,4WD,4000.0,Suv,,5,Gasoline,66500997.468750015,KRA CRSP July 2025,2026-05-20T12:50:34.557157
Bentley,Continental Gt,,At,4WD,6000.0,Convertible,,4,Gasoline,23393523.214285716,KRA CRSP July 2025,2026-05-20T12:50:34.557157
Bentley,Continental Gt Convertible,,At,4WD,4000.0,Convertible,,4,Gasoline,18194962.500000004,KRA CRSP July 2025,2026-05-20T12:50:34.557157
Bentley,Continental Gt Mulliner Convertible,7BA-BDDDB,At,4WD,6000.0,Convrtible,,4,Gasoline,86615496.703125,KRA CRSP July 2025,2026-05-20T12:50:34.557157
Bentley,Continental Gt Speed Coupe,,At,4WD,6000.0,Coupe,,2,Gasoline,63644888.21785715,KRA CRSP July 2025,2026-05-20T12:50:34.557157
Bentley,Continental Gt V8 Azure,7BA-BCCVD,At,4WD,4000.0,Coupe,,2,Gasoline,65662303.53515625,KRA CRSP July 2025,2026-05-20T12:50:34.557157
Bentley,Continental Gt V8 Coupe,,At,4WD,4000.0,Coupe,,2,Gasoline,60965920.832142875,KRA CRSP July 2025,2026-05-20T12:50:34.557157
Bentley,Flying Spur Basegrade,,At,4WD,6000.0,Sedan,,5,Gasoline,45879743.08125,KRA CRSP July 2025,2026-05-20T12:50:34.557157
Bentley,Flying Spur S,ABA-BECYC,At,4WD,4000.0,Sedan,,5,Gasoline,47852569.607142866,KRA CRSP July 2025,2026-05-20T12:50:34.557157
Bentley,Flying Spur V8,,At,4WD,4000.0,Sedan,,5,Gasoline,63164421.24107143,KRA CRSP July 2025,2026-05-20T12:50:34.557157
Bentley,Flying Spur V8 Azure,,At,4WD,4000.0,Sedan,,5,Gasoline,53984286.738281235,KRA CRSP July 2025,2026-05-20T12:50:34.557157
Bentley,Flying Spur V8 S,,At,4WD,4000.0,Sedan,,5,Gasoline,58188372.78515625,KRA CRSP July 2025,2026-05-20T12:50:34.557157
Bentley,Mulsanne Speed,,At,2WD,6800.0,Coupe,,2,Gasoline,44387080.20703124,KRA CRSP July 2025,2026-05-20T12:50:34.557157
Bmw,Bmw 3 Series 320D X Drive M-Sport,,At,4WD,2000.0,Hatchback,,5,Gasoline,8039947.845375,KRA CRSP July 2025,2026-05-20T12:50:34.557157
Bmw,Bmw 3 Series 320D X Drive M-Sport Edition Joy+,,At,4WD,2000.0,Hatchback,,5,Gasoline,7197027.106500001,KRA CRSP July 2025,2026-05-20T12:50:34.557157
Bmw,Bmw 3 Series 320D X Drive M-Sport Edition Shadow,3DA-5V20,At,4WD,2000.0,Hatchback,,5,Diesel,25733955.74014286,KRA CRSP July 2025,2026-05-20T12:50:34.557157
Bmw,Bmw 3 Series 320D X Drive M-Sport Hi-Line Package,,At,2WD,2000.0,Hatchback,,5,Diesel,10411695.4145625,KRA CRSP July 2025,2026-05-20T12:50:34.557157
Bmw,Bmw 3 Series 320D X Drive Touring M-Sport,,At,4WDD,2000.0,Hatchback,,5,Diesel,18386793.808714285,KRA CRSP July 2025,2026-05-20T12:50:34.557157
Bmw,Bmw 3 Series 320I,,At,4WDD,2000.0,Hatchback,,5,Diesel,7565959.2847500015,KRA CRSP July 2025,2026-05-20T12:50:34.557157
Bmw,Bmw 3 Series 320I Hi-Line Package,,At,2WD,2000.0,Hatchback,,5,Diesel,8872229.96325,KRA CRSP July 2025,2026-05-20T12:50:34.557157
Bmw,Bmw 3 Series 320I M-Sport,,At,2WD,2000.0,Hatchback,,5,Diesel,7197027.106500001,KRA CRSP July 2025,2026-05-20T12:50:34.557157
Bmw,Bmw 3 Series 320I Style Meister,DBA-8A20,At,2WD,2000.0,Hatchback,,5,Diesel,3393910.074375,KRA CRSP July 2025,2026-05-20T12:50:34.557157
Bmw,Bmw 3 Series 330E M-Sport,,At,2WD,2000.0,Hatchback,,5,Gasoline,10889578.470375,KRA CRSP July 2025,2026-05-20T12:50:34.557157
Bmw,Bmw 4 Series 420D X Drive Gran Coupe M Sport,,At,2WD,2000.0,Hatchback,,5,Gasoline,27223579.794857144,KRA CRSP July 2025,2026-05-20T12:50:34.557157
Bmw,Bmw 4 Series 420D X Drive Gran Coupe M Sport Hi-Line Package,,At,2WD,2000.0,Hatchback,,5,Gasoline,25202133.2475,KRA CRSP July 2025,2026-05-20T12:50:34.557157
Bmw,Bmw 4 Series 420I Cabriolet M Sport,,At,2WD,2000.0,Hatchback,,5,Gasoline,29223206.313428577,KRA CRSP July 2025,2026-05-20T12:50:34.557157
Bmw,Bmw 4 Series 420I Coupe M Sport,12AP20-CL6,At,2WD,2000.0,Sedan,,5,Plug-In Hybrid,18027333.259875,KRA CRSP July 2025,2026-05-20T12:50:34.557157
Bmw,Bmw 4 Series 420I Gran Coupe In Style Sport,DBA-4D20,At,2WD,2000.0,Coupe,,2,Diesel,8683068.768428572,KRA CRSP July 2025,2026-05-20T12:50:34.557157
Bmw,Bmw 4 Series 420I Gran Coupe Luxury,,At,2WD,2000.0,Coupe,,2,Diesel,9688744.125,KRA CRSP July 2025,2026-05-20T12:50:34.557157
Bmw,Bmw 4 Series 420I Gran Coupe M Spirit,4D20-BP2,At,2WD,2000.0,Convertible,,2,Gasoline,9892207.751625,KRA CRSP July 2025,2026-05-20T12:50:34.557157
Bmw,Bmw 4 Series 420I Gran Coupe M Sport,,At,2WD,2000.0,Coupe,,2,Gasoline,5763662.902125,KRA CRSP July 2025,2026-05-20T12:50:34.557157
Bmw,Bmw 4 Series 420I Gran Coupe M Sport Edition Shadow,3BA-12AV20,At,2WD,2000.0,Coupe,,2,Gasoline,11063120.9754375,KRA CRSP July 2025,2026-05-20T12:50:34.557157
Bmw,Bmw 4 Series 420I Gran Coupe M Sport Hi-Line Package,,At,2WD,2000.0,Coupe,,2,Gasoline,8362241.069062499,KRA CRSP July 2025,2026-05-20T12:50:34.557157
Bmw,Bmw 4 Series M 440I X Drive Coupe,,At,2WD,2000.0,Coupe,,2,Gasoline,16297607.4705,KRA CRSP July 2025,2026-05-20T12:50:34.557157
Bmw,Bmw 4 Series M440I X Drive Gran Coupe,,At,2WD,2000.0,Coupe,,2,Gasoline,13687060.854937501,KRA CRSP July 2025,2026-05-20T12:50:34.557157
Bmw,Bmw 5 Series 523D M Sport,,At,2WD,2000.0,Coupe,,2,Gasoline,5572167.724125,KRA CRSP July 2025,2026-05-20T12:50:34.557157
Bmw,Bmw 5 Series 523D Touring M-Sport,,At,2WD,2000.0,Coupe,,2,Gasoline,7266178.143,KRA CRSP July 2025,2026-05-20T12:50:34.557157
Bmw,Bmw 5 Series 523D X Drive Touring M-Sport,,At,2WD,3000.0,Coupe,,2,Gasoline,14694405.280875,KRA CRSP July 2025,2026-05-20T12:50:34.557157
Bmw,Bmw 6 Series 623D Gran Turismo M-Sport,,At,2WD,2000.0,Coupe,,2,Gasoline,12818778.403499998,KRA CRSP July 2025,2026-05-20T12:50:34.557157
Bmw,Bmw 6 Series 630I Gran Turismo M-Sport,,At,2WD,2000.0,Coupe,,2,Gasoline,20859296.175,KRA CRSP July 2025,2026-05-20T12:50:34.557157
Bmw,Bmw 6 Series 640I Gran Coupe M-Sport,,At,2WD,3000.0,Coupe,,2,Gasoline,15408197.043428572,KRA CRSP July 2025,2026-05-20T12:50:34.557157
Bmw,Bmw 6 Series 640I X Drive Gran Turismo M-Sport,,At,4WD,3000.0,Coupe,,2,Gasoline,15683064.271714289,KRA CRSP July 2025,2026-05-20T12:50:34.557157
Bmw,Bmw 7 Series 740D X Drive Excellence,,At,4WD,2000.0,Coupe,,2,Gasoline,19952543.710125003,KRA CRSP July 2025,2026-05-20T12:50:34.557157
Bmw,Bmw 7 Series 740D X Drive M-Sport,,At,4WD,2000.0,Coupe,,2,Diesel,13945332.37725,KRA CRSP July 2025,2026-05-20T12:50:34.557157
Bmw,Bmw 7 Series 740E Iperformance M-Sport,,At,2WD,4400.0,Coupe,,2,Gasoline,9094066.922571428,KRA CRSP July 2025,2026-05-20T12:50:34.557157
Bmw,Bmw 7 Series 740E Iperformance M-Sport,,At,2WD,3000.0,Coupe,,2,Hybrid,16131758.968125,KRA CRSP July 2025,2026-05-20T12:50:34.557157
Bmw,Bmw 7 Series 740I M-Sport,,At,2WD,3000.0,Coupe,,2,Hybrid,9947327.749714285,KRA CRSP July 2025,2026-05-20T12:50:34.557157
Bmw,Bmw 7 Series 740I M-Sport The First Edition,3AA-22EH30,At,2WD,3000.0,Coupe,,2,Diesel,30638848.52925001,KRA CRSP July 2025,2026-05-20T12:50:34.557157
Bmw,Bmw 7 Series 740Li Excellence,,At,2WD,3000.0,Coupe,,2,Gasoline,26817873.811874997,KRA CRSP July 2025,2026-05-20T12:50:34.557157
Bmw,Bmw 7 Series 745E Luxury,,At,2WD,3000.0,Coupe,,2,Gasoline,27347986.526142854,KRA CRSP July 2025,2026-05-20T12:50:34.557157
Bmw,Bmw 7 Series 750Li M-Sport Package,,At,2WD,3000.0,Coupe,,2,Gasoline,18571775.545285717,KRA CRSP July 2025,2026-05-20T12:50:34.557157
Bmw,Bmw 7 Series M760Li X Drive,,At,4WD,2000.0,Coupe,,2,Plug-In Hybrid,28729406.035125002,KRA CRSP July 2025,2026-05-20T12:50:34.557157
Bmw,Bmw 7 Series M760Li X Drive V12 Excellence,,At,4WD,4400.0,Coupe,,2,Gasoline,26162458.768125,KRA CRSP July 2025,2026-05-20T12:50:34.557157
Bmw,Bmw 8 Series,,At,4WD,3000.0,Coupe,,2,Gasoline,25550168.1345,KRA CRSP July 2025,2026-05-20T12:50:34.557157
Bmw,Bmw 8 Series 840D X Drive Gran Coupe Exclusive M Sport,,At,2WD,6600.0,Coupe,,2,Gasoline,19726568.0015625,KRA CRSP July 2025,2026-05-20T12:50:34.557157
Bmw,Bmw 8 Series 840D X Drive Gran Coupe M Sport,,At,4WD,2000.0,Coupe,,2,Plug-In Hybrid,26041390.17557143,KRA CRSP July 2025,2026-05-20T12:50:34.557157
Bmw,Bmw 8 Series 840I Cabriolet Exclusive M Sport,,At,2WD,3000.0,Coupe,,2,Gasoline,19162626.100875005,KRA CRSP July 2025,2026-05-20T12:50:34.557157
Bmw,Bmw 8 Series 840I Coupe Exclusive M Sport,,At,2WD,3000.0,Coupe,,2,Gasoline,17361944.5089375,KRA CRSP July 2025,2026-05-20T12:50:34.557157
Bmw,Bmw 8 Series 840I Gran Coupe,,At,2WD,4400.0,Coupe,,2,Gasoline,39226983.88885715,KRA CRSP July 2025,2026-05-20T12:50:34.557157
Bmw,Bmw 8 Series 840I Gran Coupe Exclusive M Sport,,At,2WD,6600.0,Coupe,,2,Gasoline,19985266.96846875,KRA CRSP July 2025,2026-05-20T12:50:34.557157
Bmw,Bmw 8 Series 840I Gran Coupe M Sport,GV30-CF4,At,2WD,3000.0,Coupe,,2,Plug-In Hybrid,16599288.365999999,KRA CRSP July 2025,2026-05-20T12:50:34.557157
Bmw,Bmw 8 Series M 850I X Drive Cabriolet,,At,4WD,3000.0,Coupe,,2,Gasoline,36606192.17271429,KRA CRSP July 2025,2026-05-20T12:50:34.557157
Bmw,Bmw 8 Series M 850I X Drive Coupe,,At,4WD,3000.0,Coupe,,2,Gasoline,29597973.449625,KRA CRSP July 2025,2026-05-20T12:50:34.557157
Bmw,Bmw 8 Series M 850I X Drive Gran Coupe,,At,2WD,3000.0,Coupe,,2,Gasoline,37798151.95414287,KRA CRSP July 2025,2026-05-20T12:50:34.557157
Bmw,Bmw I3,,At,2WD,4400.0,Coupe,,2,Gasoline,18198012.56464286,KRA CRSP July 2025,2026-05-20T12:50:34.557157
Bmw,Bmw I3 Atelier Range Extender,,At,2WD,4400.0,Coupe,,2,Gasoline,14040482.900785718,KRA CRSP July 2025,2026-05-20T12:50:34.557157
Bmw,Bmw I3 Base Grade,ZAA-8P00,At,2WD,4400.0,Coupe,,2,Gasoline,9508884.93871875,KRA CRSP July 2025,2026-05-20T12:50:34.557157
Bmw,Bmw I3 Lodge Range Extender,,At,2WD,3000.0,Coupe,,2,Gasoline,9351347.859000001,KRA CRSP July 2025,2026-05-20T12:50:34.557157
Bmw,Bmw I3 Suite Range Extender,,At,2WD,650.0,Hatchback,,5,Plug-In Hybrid,12876422.360142857,KRA CRSP July 2025,2026-05-20T12:50:34.557157
Bmw,Bmw I4 E Drive 35 M Sport,ZAA-42AW44,At,2WD,,Coupe,,2,Elecctric,9762953.255859379,KRA CRSP July 2025,2026-05-20T12:50:34.557157
Bmw,Bmw I4 E Drive 40 M Sport,72AW44-FS6,At,2WD,650.0,Hatchback,,5,Plug-In Hybrid,11280547.792125,KRA CRSP July 2025,2026-05-20T12:50:34.557157
Bmw,Bmw I4 E Drive 40 M Sport Hi-Line Package,,At,2WD,,Hatchback,,5,Elecctric,12431014.916203128,KRA CRSP July 2025,2026-05-20T12:50:34.557157
Bmw,Bmw I4 M50,,At,4WD,,Hatchback,,5,Elecctric,13287020.209031252,KRA CRSP July 2025,2026-05-20T12:50:34.557157
Bmw,Bmw I4 M50 X Drive,ZAA-32AW89,At,4WD,650.0,Hatchback,,5,Plug-In Hybrid,16493092.131375002,KRA CRSP July 2025,2026-05-20T12:50:34.557157
Bmw,Bmw I5 E Drive 40 Excellence,ZAA-32FK45,At,2WD,,Coupe,,2,Elecctric,18782224.15935938,KRA CRSP July 2025,2026-05-20T12:50:34.557157
Bmw,Bmw I5 E Drive 40 M-Sport,ZAA-32FK45,At,2WD,,Coupe,,2,Elecctric,11593033.537078127,KRA CRSP July 2025,2026-05-20T12:50:34.557157
Bmw,Bmw I5 E Drive 40 The First Edition,ZAA-32FK45,At,2WD,,Coupe,,2,Elecctric,10157128.412062503,KRA CRSP July 2025,2026-05-20T12:50:34.557157
Bmw,Bmw I5 E Drive 40 Touring Excellence,ZAA-12HH45,At,2WD,,Coupe,,2,Elecctric,12859931.81910938,KRA CRSP July 2025,2026-05-20T12:50:34.557157
Bmw,Bmw I5 E Drive 40 Touring M-Sport,ZAA-12HH45,At,2WD,,Coupe,,2,Elecctric,13945807.315687504,KRA CRSP July 2025,2026-05-20T12:50:34.557157
Bmw,Bmw I5 M60 X Drive,,At,4WD,,Coupe,,2,Elecctric,13403000.17546875,KRA CRSP July 2025,2026-05-20T12:50:34.557157
Bmw,Bmw I5 M60 X Drive Touring,ZAA-32HH89,At,4WD,,Coupe,,2,Elecctric,25611197.72371876,KRA CRSP July 2025,2026-05-20T12:50:34.557157
Bmw,Bmw I7 E Drive 50 M-Sport,ZAA-42EJ49,At,4WD,,Coupe,,2,Elecctric,23819254.999031253,KRA CRSP July 2025,2026-05-20T12:50:34.557157
Bmw,Bmw I7 M70 X Drive,,At,4WD,,Coupe,,2,Elecctric,25770539.569500007,KRA CRSP July 2025,2026-05-20T12:50:34.557157
Bmw,Bmw I7 X Drive 60 Excellence,,At,2WD,,Coupe,,2,Elecctric,20872736.932781257,KRA CRSP July 2025,2026-05-20T12:50:34.557157
Bmw,Bmw I7 X Drive 60 M-Sport,52EJ89-CP7,At,4WD,,Coupe,,2,Elecctric,20117822.286375005,KRA CRSP July 2025,2026-05-20T12:50:34.557157
Bmw,Bmw I8 Roadster,CLA-2Z15U,At,4WD,,Coupe,,2,Elecctric,34546357.02993751,KRA CRSP July 2025,2026-05-20T12:50:34.557157
Bmw,Bmw Ix M60,,At,4WD,,Coupe,,2,Elecctric,22087130.770546883,KRA CRSP July 2025,2026-05-20T12:50:34.557157
Bmw,Bmw Ix X Drive 40,,At,4WD,,Coupe,,2,Elecctric,13228283.893982146,KRA CRSP July 2025,2026-05-20T12:50:34.557157
Bmw,Bmw Ix X Drive 50,ZAA-22CF89A,At,4WD,,Coupe,,2,Elecctric,14307852.886593755,KRA CRSP July 2025,2026-05-20T12:50:34.557157
Bmw,Bmw Ix2 X Drive 30 M Sport,ZAA-72GM67,At,4WD,,Suv,,5,Elecctric,8729582.203546878,KRA CRSP July 2025,2026-05-20T12:50:34.557157
Bmw,Bmw Ix2 X Drive 30 M Sport Hi-Line Package,,At,4WD,1500.0,Convertible,,2,Plug-In Hybrid,13604421.5668125,KRA CRSP July 2025,2026-05-20T12:50:34.557157
Bmw,Bmw Ix3 M Sport,ZAA-42DU44,At,2WD,,Suv,,5,Elecctric,11236473.505125003,KRA CRSP July 2025,2026-05-20T12:50:34.557157
Bmw,Bmw X1,,At,4WD,1500.0,Suv,,5,Gasoline,7622513.389285714,KRA CRSP July 2025,2026-05-20T12:50:34.557157
Bmw,Bmw X3 M Competition,,At,4WD,,Suv,,5,Elecctric,14493316.346437505,KRA CRSP July 2025,2026-05-20T12:50:34.557157
Bmw,Bmw X4 M Base Grade,,At,4WD,2000.0,Suv,,5,Diesel,23516291.76975,KRA CRSP July 2025,2026-05-20T12:50:34.557157
Bmw,Bmw X4 M Competition,,At,4WD,2000.0,Suv,,5,Gasoline,21753591.68314286,KRA CRSP July 2025,2026-05-20T12:50:34.557157
Bmw,Bmw X4 M40I,CBA-UJ30,At,4WD,,Suv,,5,Elecctric,24126818.346321438,KRA CRSP July 2025,2026-05-20T12:50:34.557157
Bmw,Bmw X4 X Drive 20D M Sport,VJ20-9T9,At,4wd,,Suv,,5,Elecctric,11049965.180718752,KRA CRSP July 2025,2026-05-20T12:50:34.557157
Bmw,Bmw X4 X Drive 28I M Sport,,At,4WD,3000.0,Suv,,5,Gasoline,10443651.986571431,KRA CRSP July 2025,2026-05-20T12:50:34.557157
Bmw,Bmw X4 X Drive 30I M Sport,,At,4wd,,Suv,,5,Elecctric,16300409.607281255,KRA CRSP July 2025,2026-05-20T12:50:34.557157
Bmw,Bmw X5 Limited Black,,At,4WD,4400.0,Suv,,5,Gasoline,18090052.27296429,KRA CRSP July 2025,2026-05-20T12:50:34.557157
Bmw,Bmw X5 Limited White,,At,4WD,3000.0,Suv,,5,Hybrid,18883118.04557143,KRA CRSP July 2025,2026-05-20T12:50:34.557157
Bmw,Bmw X5 M Competition,3BA-JU44M,At,4WD,3000.0,Suv,,5,Plug-In Hybrid,26968904.235000003,KRA CRSP July 2025,2026-05-20T12:50:34.557157
Bmw,Bmw X5 M50I,,At,4WD,3000.0,Suv,,5,Hybrid,28622667.01371429,KRA CRSP July 2025,2026-05-20T12:50:34.557157
Bmw,Bmw X5 X Drive 35D,,At,4WD,3000.0,Suv,,5,Hybrid,12196744.74707143,KRA CRSP July 2025,2026-05-20T12:50:34.557157
Bmw,Bmw X5 X Drive 35D Edition X,3CA-12EV30A,At,4WD,2000.0,Sedan,,5,Gasoline,17405543.857499998,KRA CRSP July 2025,2026-05-20T12:50:34.557157
Bmw,Bmw X5 X Drive 35D M-Sport,,At,4WD,3000.0,Suv,,5,Gasoline,17126849.982375003,KRA CRSP July 2025,2026-05-20T12:50:34.557157
Bmw,Bmw X5 X Drive 35D M-Sport Hi-Line Package,,At,4WD,3000.0,Suv,,5,Diesel,14044933.752428574,KRA CRSP July 2025,2026-05-20T12:50:34.557157
Bmw,Bmw X5 X Drive 35D Pleasure3 Edition,3CA-JU8230A,At,4WD,3000.0,Suv,,5,Gasoline,19094804.892,KRA CRSP July 2025,2026-05-20T12:50:34.557157
Bmw,Bmw X5 X Drive 40D M-Sport,JU8230A-9R2,At,4WD,3000.0,Suv,,5,Plug-In Hybrid,17302672.1919375,KRA CRSP July 2025,2026-05-20T12:50:34.557157
Bmw,Bmw X5 X Drive 45E,3LA-TA30,At,4WD,3000.0,Suv,,5,Hybrid,14282348.692499999,KRA CRSP July 2025,2026-05-20T12:50:34.557157
Bmw,Bmw X5 X Drive 45E M-Sport,3LA-TA30,At,4WD,3000.0,Suv,,5,Gasoline,15519848.285249999,KRA CRSP July 2025,2026-05-20T12:50:34.557157
Bmw,Bmw X5 X Drive 50E M-Sport,,At,4WD,3000.0,Suv,,5,Hybrid,20268567.7464375,KRA CRSP July 2025,2026-05-20T12:50:34.557157
Bmw,Bmw X6 M Competition,3AA-12ET44,At,4WD,3000.0,Suv,,5,Hybrid,33651857.97675,KRA CRSP July 2025,2026-05-20T12:50:34.557157
Bmw,Bmw X6 M50I,3BA-CY44,At,4WD,3000.0,Suv,,5,Diesel,19760858.55675,KRA CRSP July 2025,2026-05-20T12:50:34.557157
Bmw,Bmw X6 X Drive 35D,,At,4WD,4400.0,Suv,,5,Gasoline,31169476.890964292,KRA CRSP July 2025,2026-05-20T12:50:34.557157
Bmw,Bmw X6 X Drive 35D M Sport,,At,4W,3000.0,Suv,,5,Plug-In Hybrid,18620952.02807143,KRA CRSP July 2025,2026-05-20T12:50:34.557157
Bmw,Bmw X6 X Drive 35D M Sport Hi-Line Package,,At,4WD,3000.0,Suv,,5,Diesel,16619697.149142861,KRA CRSP July 2025,2026-05-20T12:50:34.557157
Bmw,Bmw X7 M50I,,At,4WD,4400.0,Suv,,5,Gasoline,23673998.47033929,KRA CRSP July 2025,2026-05-20T12:50:34.557157
Bmw,Bmw X7 M60I X Drive,,At,4WD,4400.0,Suv,,5,Gasoline,35091372.63389063,KRA CRSP July 2025,2026-05-20T12:50:34.557157
Bmw,Bmw X7 X Drive 35D Design Pure Excellence,,At,4WD,4400.0,Suv,,5,Hybrid,39119023.597178586,KRA CRSP July 2025,2026-05-20T12:50:34.557157
Bmw,Bmw X7 X Drive 35D M Sport,,At,4WD,3000.0,Suv,,5,Diesel,40925906.52814286,KRA CRSP July 2025,2026-05-20T12:50:34.557157
Bmw,Bmw X7 X Drive 40D Excellence,,At,4WD,3000.0,Suv,,5,Hybrid,19952543.710125003,KRA CRSP July 2025,2026-05-20T12:50:34.557157
Bmw,Bmw X7 X Drive 40D M Sport,,At,4WD,3000.0,Suv,,5,Hybrid,25463444.3758125,KRA CRSP July 2025,2026-05-20T12:50:34.557157
Bmw,Bmw Xm Base Grade,3LA-22CS44,At,2WD,3000.0,Suv,,5,Diesel,27456191.071875,KRA CRSP July 2025,2026-05-20T12:50:34.557157
Bmw,Bmw Xm Label Red,3LA-22CS44,At,2WD,3000.0,Suv,,5,Diesel,47941330.7458125,KRA CRSP July 2025,2026-05-20T12:50:34.557157
Bmw,Bmw Z4 M40I,,At,2WD,4400.0,Suv,,5,Hybrid,20800261.32721875,KRA CRSP July 2025,2026-05-20T12:50:34.557157
Bmw,Bmw Z4 S Drive 20I M-Sport Edition Sunrise,3BA-HF20,At,2WD,4400.0,Suv,,5,Plug-In Hybrid,10597807.956937503,KRA CRSP July 2025,2026-05-20T12:50:34.557157
Bmw,Bmw Z4 S Drive 20I Sport,,At,2WD,3000.0,Suv,,5,Hybrid,20347991.022857144,KRA CRSP July 2025,2026-05-20T12:50:34.557157
Bmw,I3 Base Grade,,At,2WD,,Hatchback,,5,Electric(Ev),7986685.518281252,KRA CRSP July 2025,2026-05-20T12:50:34.557157
Bmw,I3 Lodge Range Extender,,At,2WD,,Hatchback,,5,Electric(Ev),8508782.700000003,KRA CRSP July 2025,2026-05-20T12:50:34.557157
Bmw,I3 Range Extender,3LA-8P06,At,2WD,650.0,Hatchback,,5,Plug-In Hybrid,10627223.945625,KRA CRSP July 2025,2026-05-20T12:50:34.557157
Bmw,I3 Suite Range Extender,,At,2WD,650.0,Hatchback,,5,Plug-In Hybrid,3015182.2725,KRA CRSP July 2025,2026-05-20T12:50:34.557157
Bmw,I4 E Drive 40 Hi-Line Package,,At,2WD,,Sedan,,5,Electric(Ev),11549686.94196429,KRA CRSP July 2025,2026-05-20T12:50:34.557157
Bmw,I4 E Drive 40 M Sport Hi-Line Package,,At,2WD,,Sedan,,5,Electric(Ev),12339172.209375003,KRA CRSP July 2025,2026-05-20T12:50:34.557157
Bmw,I4 M50 X Drive,,At,4WD,,Sedan,,5,Electric(Ev),13726982.592321433,KRA CRSP July 2025,2026-05-20T12:50:34.557157
Bmw,I5 E Drive 40 M-Sport,ZAA-32FK45,At,2WD,,Sedan,,5,Electric(Ev),10659334.408593751,KRA CRSP July 2025,2026-05-20T12:50:34.557157
Bmw,I5 E Drive 40 The First Edition,ZAA-32FK45,At,2WD,,Sedan,,5,Electric(Ev),10082260.717031252,KRA CRSP July 2025,2026-05-20T12:50:34.557157
Bmw,I5 E Drive 40 Touring Excellence,ZAA-12HH45,At,2WD,,Sedan,,5,Electric(Ev),12764970.667968754,KRA CRSP July 2025,2026-05-20T12:50:34.557157
Bmw,I5 E Drive 40 Touring M-Sport,ZAA-12HH45,At,2WD,,Sedan,,5,Electric(Ev),15995289.775781253,KRA CRSP July 2025,2026-05-20T12:50:34.557157
Bmw,I5 M60 X Drive,,At,4WD,,Sedan,,5,Electric(Ev),19414253.770312503,KRA CRSP July 2025,2026-05-20T12:50:34.557157
Bmw,I5 M60 X Drive Touring,ZAA-32HH89,At,4WD,,Sedan,,5,Electric(Ev),21029413.324218757,KRA CRSP July 2025,2026-05-20T12:50:34.557157
Bmw,I7 E Drive 50 M-Sport,,At,2WD,,Sedan,,5,Electric(Ev),21748060.511718757,KRA CRSP July 2025,2026-05-20T12:50:34.557157
Bmw,I7 M70 X Drive,,At,4WD,,Sedan,,5,Electric(Ev),26943879.677343752,KRA CRSP July 2025,2026-05-20T12:50:34.557157
Bmw,Ix M60,,At,4WD,,Suv,,5,Electric(Ev),21924129.072656255,KRA CRSP July 2025,2026-05-20T12:50:34.557157
Bmw,Ix X Drive 50,,At,4WD,,Sedan,,5,Electric(Ev),16925167.904464293,KRA CRSP July 2025,2026-05-20T12:50:34.557157
Bmw,Ix1 E Drive 20 M Sport,ZAA-72EG33,At,2WD,,Suv,,5,Electric(Ev),8228510.296875003,KRA CRSP July 2025,2026-05-20T12:50:34.557157
Bmw,Ix1 X Drive 30 X Line,,At,4WD,,Suv,,5,Electric(Ev),12904850.209821431,KRA CRSP July 2025,2026-05-20T12:50:34.557157
Bmw,Ix2 X Drive 30 M Sport,ZAA-72GM67,At,2WD,,Suv,,5,Electric(Ev),13070395.722656254,KRA CRSP July 2025,2026-05-20T12:50:34.557157
Bmw,Ix2 X Drive 30 M Sport Hi-Line Package,,At,4WD,,Suv,,5,Electric(Ev),8920208.214843752,KRA CRSP July 2025,2026-05-20T12:50:34.557157
Bmw,Ix3 M Sport,ZAA-42DU44,At,2WD,,Suv,,5,Electric(Ev),14792154.609375004,KRA CRSP July 2025,2026-05-20T12:50:34.557157
Bmw,M2 Base Grade,,At,2WD,3000.0,Coupe,,2,Gasoline,17551846.918125,KRA CRSP July 2025,2026-05-20T12:50:34.557157
Bmw,M2 Base Grade Hi-Line Package,,At,2WD,4400.0,Convertible,,2,Gasoline,20094681.99375,KRA CRSP July 2025,2026-05-20T12:50:34.557157
Bmw,M2 Competition,,At,2WD,4400.0,Convertible,,2,Gasoline,26169704.291250005,KRA CRSP July 2025,2026-05-20T12:50:34.557157
Bmw,M2 Cs,,Mt,2WD,3000.0,Coupe,,2,Gasoline,31996633.609687507,KRA CRSP July 2025,2026-05-20T12:50:34.557157
Bmw,M2 Edition Black Shadow,CBA-1H30G,At,2WD,4400.0,Convertible,,2,Gasoline,26978948.72678572,KRA CRSP July 2025,2026-05-20T12:50:34.557157
Bmw,M3 M3 50Th Anniversary Limited,3BA-32AY30,Mt,2WD,3000.0,Sedan,,5,Gasoline,27262861.031250007,KRA CRSP July 2025,2026-05-20T12:50:34.557157
Bmw,M3 M3 Mt Final Edition,,Mt,4WD,4400.0,Sedan,,5,Gasoline,31982903.092968747,KRA CRSP July 2025,2026-05-20T12:50:34.557157
Bmw,M3 M3 Sedan Competition,3BA-32AY30,At,2WD,4400.0,Sedan,,5,Plug-In Hybrid,24644154.234375,KRA CRSP July 2025,2026-05-20T12:50:34.557157
Bmw,M3 M3 Sedan Competition,,At,2WD,3000.0,Sedan,,5,Gasoline,28374891.333750006,KRA CRSP July 2025,2026-05-20T12:50:34.557157
Bmw,M3 M3 Sedan Competition M X Drive,,At,4WD,4400.0,Sedan,,5,Gasoline,28292649.785156243,KRA CRSP July 2025,2026-05-20T12:50:34.557157
Bmw,M3 M3 Touring Competition M X Drive,,At,4WD,3000.0,Sedan,,5,Gasoline,24492623.119453125,KRA CRSP July 2025,2026-05-20T12:50:34.557157
Bmw,M4 Cabriolet Competition M X Drive,,At,4WD,3000.0,Coupe,,2,Gasoline,21031046.61328125,KRA CRSP July 2025,2026-05-20T12:50:34.557157
Bmw,M4 Coupe Competition M X Drive,,At,4WD,3000.0,Coupe,,2,Gasoline,23621443.066406246,KRA CRSP July 2025,2026-05-20T12:50:34.557157
Bmw,M4 Coupe Competition M X Drive Track Package,,At,4WD,3000.0,Convertible,,2,Gasoline,25846636.085156247,KRA CRSP July 2025,2026-05-20T12:50:34.557157
Bmw,M4 Coupe Edition Heritage,CBA-3C30,At,2WD,3000.0,Coupe,,2,Gasoline,30159952.875,KRA CRSP July 2025,2026-05-20T12:50:34.557157
Bmw,M4 Csl,3BA-52AZ30,At,2WD,3000.0,Coupe,,2,Gasoline,66500997.468750015,KRA CRSP July 2025,2026-05-20T12:50:34.557157
Bmw,M4 Dtm Champion Edition,,At,2WD,3000.0,Coupe,,2,Gasoline,65639554.151785724,KRA CRSP July 2025,2026-05-20T12:50:34.557157
Bmw,M4 M4 Coupe,,Mt,2WD,,Suv,,5,Electric(Ev),28409429.953125,KRA CRSP July 2025,2026-05-20T12:50:34.557157
Bmw,M4 M4 Coupe Competition,,At,2WD,3000.0,Coupe,,2,Gasoline,29786256.337500002,KRA CRSP July 2025,2026-05-20T12:50:34.557157
Bmw,M4 M4 Cs,CBA-3C30,At,2WD,3000.0,Coupe,,2,Gasoline,52924165.4732143,KRA CRSP July 2025,2026-05-20T12:50:34.557157
Bmw,M5,,At,4WD,3000.0,Coupe,,2,Gasoline,39896351.92968749,KRA CRSP July 2025,2026-05-20T12:50:34.557157
Bmw,M5 Competition,,At,4WD,3000.0,Coupe,,4,Gasoline,27913998.9375,KRA CRSP July 2025,2026-05-20T12:50:34.557157
Bmw,M5 M5,3LA-82FK44,At,4WD,3000.0,Coupe,,4,Gasoline,45295842.24140625,KRA CRSP July 2025,2026-05-20T12:50:34.557157
Bmw,M8 M8 Cabriolet Competition,,At,4WD,3000.0,Coupe,,2,Gasoline,46670545.35000001,KRA CRSP July 2025,2026-05-20T12:50:34.557157
Bmw,M8 M8 Coupe Competition,,At,4WD,3000.0,Coupe,,2,Gasoline,50445257.85000001,KRA CRSP July 2025,2026-05-20T12:50:34.557157
Bmw,X1 M35I X Drive,3BA-12EF20,At,4WD,1500.0,Suv,,5,Gasoline,12690656.015625,KRA CRSP July 2025,2026-05-20T12:50:34.557157
Bmw,X1 S Drive 18I,,At,2WD,2000.0,Suv,,5,Diesel,12288306.921428572,KRA CRSP July 2025,2026-05-20T12:50:34.557157
Bmw,X1 S Drive 18I M Sport,3BA-AA15,At,4WD,2000.0,Suv,,5,Gasoline,14236270.12125,KRA CRSP July 2025,2026-05-20T12:50:34.557157
Bmw,X1 S Drive 18I X Line,,At,2WD,3000.0,Sedan,,5,Gasoline,10662111.0,KRA CRSP July 2025,2026-05-20T12:50:34.557157
Bmw,X1 S Drive 18I X Line Hi-Line Package,,At,2WD,3000.0,Sedan,,5,Gasoline,11152097.71875,KRA CRSP July 2025,2026-05-20T12:50:34.557157
Bmw,X1 X Drive 18D M Sport,,At,4WD,1500.0,Suv,,5,Gasoline,8921678.174999999,KRA CRSP July 2025,2026-05-20T12:50:34.557157
Bmw,X1 X Drive 18D X Line,,At,4WD,3000.0,Sedan,,5,Gasoline,7270842.921428572,KRA CRSP July 2025,2026-05-20T12:50:34.557157
Bmw,X1 X Drive 18D X Line,,At,4WD,1500.0,Suv,,5,Gasoline,19052923.564285714,KRA CRSP July 2025,2026-05-20T12:50:34.557157
Bmw,X1 X Drive 18D X Line Edition Joy+,3DA-AD20,At,4WD,2000.0,Suv,,5,Hybrid,12662127.900000002,KRA CRSP July 2025,2026-05-20T12:50:34.557157
Bmw,X1 X Drive 18D X Line Edition Joy+ Hi-Line Package,,At,4WD,2000.0,Suv,,5,Diesel,11411246.250000002,KRA CRSP July 2025,2026-05-20T12:50:34.557157
Bmw,X1 X Drive 20D X Line,,At,4WD,2000.0,Suv,,5,Diesel,8531648.746875,KRA CRSP July 2025,2026-05-20T12:50:34.557157
Bmw,X1 X Drive 20I M Sport,,At,4WD,2000.0,Suv,,5,Diesel,11645612.341874998,KRA CRSP July 2025,2026-05-20T12:50:34.557157
Bmw,X1 X Drive 20I X Line,,At,4WD,2000.0,Suv,,5,Diesel,8947157.484375,KRA CRSP July 2025,2026-05-20T12:50:34.557157
Bmw,X2 M35I,,At,4WD,2000.0,Coupe,,2,Diesel,13421019.330000002,KRA CRSP July 2025,2026-05-20T12:50:34.557157
Bmw,X2 M35I X Drive,3BA-82GM20,At,4WD,2000.0,Coupe,,2,Diesel,15810891.440625,KRA CRSP July 2025,2026-05-20T12:50:34.557157
Bmw,X2 S Drive 18I,,At,4WD,2000.0,Coupe,,2,Gasoline,7216524.393749999,KRA CRSP July 2025,2026-05-20T12:50:34.557157
Bmw,X2 S Drive 18I M Sport X,DBA-YH15,At,2WD,2000.0,Coupe,,2,Gasoline,13313303.13857143,KRA CRSP July 2025,2026-05-20T12:50:34.557157
Bmw,X2 X Drive 18D M Sport Edition Sunrise,3DA-YK20,At,4WD,1500.0,Coupe,,2,Gasoline,10264895.100000001,KRA CRSP July 2025,2026-05-20T12:50:34.557157
Bmw,X2 X Drive 18D M Sport X,3DA-YK20,At,4WD,2000.0,Suv,,5,Gasoline,6909466.050000001,KRA CRSP July 2025,2026-05-20T12:50:34.557157
Bmw,X2 X Drive 20I,ABA-YH20,At,4WD,2000.0,Coupe,,2,Gasoline,6379347.085714286,KRA CRSP July 2025,2026-05-20T12:50:34.557157
Bmw,X2 X Drive 20I M Sport,,At,4WD,2000.0,Suv,,5,Gasoline,8862879.76875,KRA CRSP July 2025,2026-05-20T12:50:34.557157
Bmw,X2 X Drive 20I M Sport Hi-Line Package,,At,4WD,2000.0,Suv,,5,Diesel,11089379.41875,KRA CRSP July 2025,2026-05-20T12:50:34.557157
Bmw,X2 X Drive 20I M Sport Hi-Line Package,,At,4WD,2000.0,Coupe,,2,Gasoline,9084353.765625,KRA CRSP July 2025,2026-05-20T12:50:34.557157
Bmw,X2 X Drive 20I M Sport X,,At,4WD,2000.0,Coupe,,4,Gasoline,8449050.985714287,KRA CRSP July 2025,2026-05-20T12:50:34.557157
Bmw,X3,,At,4WD,2000.0,Suv,,5,Diesel,16799357.981250003,KRA CRSP July 2025,2026-05-20T12:50:34.557157
Bmw,X3 20 X Drive X Line,3AA-32GP20,At,4WD,2000.0,Suv,,5,Diesel,16048045.012500001,KRA CRSP July 2025,2026-05-20T12:50:34.557157
Bmw,X3 M40D,,At,4WD,2000.0,Coupe,,2,Gasoline,15913951.980468746,KRA CRSP July 2025,2026-05-20T12:50:34.557157
Bmw,X3 M40D M Sport Edition,,At,4WD,3000.0,Suv,,5,Hybrid,17333210.177678574,KRA CRSP July 2025,2026-05-20T12:50:34.557157
Bmw,X3 Midnight Edition,LDA-TX20,At,4WD,2000.0,Suv,,5,Gasoline,15000126.750000004,KRA CRSP July 2025,2026-05-20T12:50:34.557157
Bmw,X3 X Drive 20D,3DA-UZ20,At,4WD,2000.0,Suv,,5,Diesel,14665106.497499999,KRA CRSP July 2025,2026-05-20T12:50:34.557157
Bmw,X3 X Drive 20D M Sport,,At,4WD,3000.0,Coupe,,2,Gasoline,11022741.225,KRA CRSP July 2025,2026-05-20T12:50:34.557157
Bmw,X3 X Drive 20D M Sport,,At,4WD,2000.0,Suv,,5,Hybrid,11154897.642857144,KRA CRSP July 2025,2026-05-20T12:50:34.557157
Bmw,X3 X Drive 20D X Line,,At,4WD,3000.0,Suv,,5,Hybrid,11894077.607142858,KRA CRSP July 2025,2026-05-20T12:50:34.557157
Bmw,X3 X Drive 20D X Line Hi-Line Package,,At,4WD,2000.0,Coupe,,2,Gasoline,11790517.7475,KRA CRSP July 2025,2026-05-20T12:50:34.557157
Bmw,X3 X Drive 20I,,At,4WD,2000.0,Suv,,5,Diesel,9956530.125,KRA CRSP July 2025,2026-05-20T12:50:34.557157
Bmw,X3 X Drive 30E M Sport Edition Joy+,,At,4WD,2000.0,Suv,,5,Diesel,12917356.537499998,KRA CRSP July 2025,2026-05-20T12:50:34.557157
Bmw,X4 M40I,CBA-UJ30,At,4WD,2000.0,Coupe,,2,Gasoline,28302902.173928574,KRA CRSP July 2025,2026-05-20T12:50:34.557157
Bmw,X4 X Drive 20D M Sport,,At,4WD,2000.0,Coupe,,2,Gasoline,13585959.748124998,KRA CRSP July 2025,2026-05-20T12:50:34.557157
Bmw,X4 X Drive 28I M Sport,,At,4WD,2000.0,Coupe,,2,Diesel,10366439.014285713,KRA CRSP July 2025,2026-05-20T12:50:34.557157
Bmw,X4 X Drive 30I M Sport,,At,4WD,1500.0,Coupe,,2,Gasoline,14693329.732499998,KRA CRSP July 2025,2026-05-20T12:50:34.557157
Bmw,X5 Limited Black,,At,4WD,3000.0,Suv,,5,Plug-In Hybrid,17956846.60714286,KRA CRSP July 2025,2026-05-20T12:50:34.557157
Bmw,X5 Limited White,,At,4WD,3000.0,Suv,,5,Hybrid,20305796.271428578,KRA CRSP July 2025,2026-05-20T12:50:34.557157
Bmw,X5 X Drive 35D,,At,4WD,3000.0,Suv,,5,Diesel,13115777.825892858,KRA CRSP July 2025,2026-05-20T12:50:34.557157
Bmw,X5 X Drive 35D Edition X,,At,4WD,2000.0,Suv,,5,Diesel,22313505.18515625,KRA CRSP July 2025,2026-05-20T12:50:34.557157
Bmw,X5 X Drive 35D M-Sport,,At,4WD,2000.0,Suv,,5,Plug-In Hybrid,19423726.846874997,KRA CRSP July 2025,2026-05-20T12:50:34.557157
Bmw,X5 X Drive 35D M-Sport Hi-Line Package,,At,4WD,3000.0,Suv,,5,Diesel,15103163.95714286,KRA CRSP July 2025,2026-05-20T12:50:34.557157
Bmw,X5 X Drive 35D Pleasure3 Edition,3CA-JU8230A,At,4WD,4400.0,Suv,,5,Gasoline,20533492.321875002,KRA CRSP July 2025,2026-05-20T12:50:34.557157
Bmw,X5 X Drive 40D M-Sport,,At,4WD,3000.0,Suv,,5,Hybrid,18759141.52734375,KRA CRSP July 2025,2026-05-20T12:50:34.557157
Bmw,X5 X Drive 45E,3LA-TA30,At,4WD,3000.0,Suv,,5,Hybrid,15358361.484375004,KRA CRSP July 2025,2026-05-20T12:50:34.557157
Bmw,X5 X Drive 50E M-Sport,,At,4WD,3000.0,Suv,,5,Hybrid,21795425.894531246,KRA CRSP July 2025,2026-05-20T12:50:34.557157
Bmw,X5 X Drive 50I M-Sport,,At,4WD,3000.0,Suv,,5,Plug-In Hybrid,20917299.696428575,KRA CRSP July 2025,2026-05-20T12:50:34.557157
Bmw,X6 M50I,3BA-CY44,At,4WD,3000.0,Suv,,5,Hybrid,21249744.01875,KRA CRSP July 2025,2026-05-20T12:50:34.557157
Bmw,X6 X Drive 35D,,At,4WD,3000.0,Suv,,5,Hybrid,24063792.187500004,KRA CRSP July 2025,2026-05-20T12:50:34.557157
Bmw,X6 X Drive 35D M Sport,,At,4WD,3000.0,Suv,,5,Diesel,19913495.793750003,KRA CRSP July 2025,2026-05-20T12:50:34.557157
Bmw,X6 X Drive 35D M Sport Hi-Line Package,,At,4WD,4400.0,Suv,,5,Gasoline,17871915.575892862,KRA CRSP July 2025,2026-05-20T12:50:34.557157
Bmw,X6 X Drive 35I M Sport,,At,4WD,3000.0,Suv,,5,Diesel,25521774.890625,KRA CRSP July 2025,2026-05-20T12:50:34.557157
Bmw,X7 M50I,,At,4WD,3000.0,Suv,,5,Diesel,30284518.387500007,KRA CRSP July 2025,2026-05-20T12:50:34.557157
Bmw,X7 M60I X Drive,,At,4WD,4400.0,Suv,,5,Gasoline,34832339.19140624,KRA CRSP July 2025,2026-05-20T12:50:34.557157
Bmw,X7 X Drive 35D Design Pure Excellence,,At,4WD,3000.0,Suv,,5,Hybrid,30201474.712500002,KRA CRSP July 2025,2026-05-20T12:50:34.557157
Bmw,X7 X Drive 35D M Sport,,At,2WD,4400.0,Suv,,5,Gasoline,25691636.953124993,KRA CRSP July 2025,2026-05-20T12:50:34.557157
Bmw,X7 X Drive 40D Excellence,,At,4WD,3000.0,Suv,,5,Diesel,21455701.76953125,KRA CRSP July 2025,2026-05-20T12:50:34.557157
Bmw,X7 X Drive 40D M Sport,,At,4WD,3000.0,Suv,,5,Gasoline,27381764.474999998,KRA CRSP July 2025,2026-05-20T12:50:34.557157
Bmw,Z4 M40I,,At,2WD,3000.0,Suv,,5,Diesel,24466082.1721875,KRA CRSP July 2025,2026-05-20T12:50:34.557157
Bmw,Z4 S Drive 20I,,At,2WD,3000.0,Convertible,,2,Gasoline,15690028.05,KRA CRSP July 2025,2026-05-20T12:50:34.557157
Bmw,Z4 S Drive 20I M-Sport,,At,2WD,3000.0,Suv,,5,Hybrid,12102671.953125,KRA CRSP July 2025,2026-05-20T12:50:34.557157
Bmw,Z4 S Drive 20I M-Sport Edition Sunrise,,At,2WD,2000.0,Convertible,,2,Gasoline,9640325.362499999,KRA CRSP July 2025,2026-05-20T12:50:34.557157
Bmw,Z4 S Drive 20I Sport,,At,2WD,4400.0,Suv,,5,Hybrid,15595950.600000003,KRA CRSP July 2025,2026-05-20T12:50:34.557157
Brabus,900,GLE 63 S COUPÉ,At,AWD,4500.0,Suv,,5,Petrol,137672239.2964286,KRA CRSP July 2025,2026-05-20T12:50:34.557157
Brabus,900 Deep Blue,GLS 63 4MATIC,At,AWD,4500.0,Suv,,5,Petrol,132479051.33705357,KRA CRSP July 2025,2026-05-20T12:50:34.557157
Brabus,900 Masterpiece Bichromatic,GLS 63 S 4MATIC,At,AWD,4500.0,Suv,,5,Petrol,161576519.08125,KRA CRSP July 2025,2026-05-20T12:50:34.557157
Brabus,900 Rocket Edition,GLE 63 S 4MATIC+,At,AWD,4500.0,Suv,,5,Petrol,148207580.0330357,KRA CRSP July 2025,2026-05-20T12:50:34.557157
Brabus,900 Superblack,W463A,At,AWD,4500.0,Suv,,5,Petrol,200060403.73660713,KRA CRSP July 2025,2026-05-20T12:50:34.557157
Brabus,900 Superblack,GLS 63 4MATIC+,At,AWD,4500.0,Suv,,5,Petrol,144430864.55223215,KRA CRSP July 2025,2026-05-20T12:50:34.557157
Brabus,900 Xlp,W463A,At,AWD,4500.0,Pickup,,5,Petrol,271393392.8571429,KRA CRSP July 2025,2026-05-20T12:50:34.557157
Byd,Atto 3,,At,FWD,60.0,Suv,,,Electric,14434328.992500002,KRA CRSP July 2025,2026-05-20T12:50:34.557157
Byd,Tang,,At,AWD,86.0,Suv,,,Electric,27128483.549999997,KRA CRSP July 2025,2026-05-20T12:50:34.557157
Byd,Dolphin 60.4 Kwh,,At,FWD,60.0,Hatchback,,,Electric,10743921.63642857,KRA CRSP July 2025,2026-05-20T12:50:34.557157
Byd,Seal 82.5 Awd Excellence,,At,AWD,82.0,Sedan,,,Electric,16606018.922142858,KRA CRSP July 2025,2026-05-20T12:50:34.557157
Byd,Han,,At,FWD,85.0,Sedan,,,Electric,22477886.370000005,KRA CRSP July 2025,2026-05-20T12:50:34.557157
Byd,Seal 82.5 Rwd Design,,At,RWD,82.0,Sedan,,,Electric,14651986.49357143,KRA CRSP July 2025,2026-05-20T12:50:34.557157
Byd,Dolphin 44.9 Active,,At,FWD,44.0,Hatchback,,,Electric,9766905.422142858,KRA CRSP July 2025,2026-05-20T12:50:34.557157
Byd,Dolphin 44.9 Boost,,At,FWD,44.0,Hatchback,,,Electric,10743921.63642857,KRA CRSP July 2025,2026-05-20T12:50:34.557157
Byd,Sealion 7 91.3 Awd Excellence,,At,AWD,91.0,Suv,,,Electric,16809971.056874998,KRA CRSP July 2025,2026-05-20T12:50:34.557157
Byd,Tang Flagship,,At,AWD,108.0,Suv,,,Electric,19837703.595937498,KRA CRSP July 2025,2026-05-20T12:50:34.557157
Byd,Sealion 7 82.5 Rwd Comfort,,At,RWD,82.0,Suv,,,Electric,13675377.369375,KRA CRSP July 2025,2026-05-20T12:50:34.557157
Byd,Seal U 87 Kwh Design,,At,FWD,87.0,Suv,,,Electric,12820488.181875,KRA CRSP July 2025,2026-05-20T12:50:34.557157
Byd,Seal U 71.8 Comfort,,At,FWD,71.0,Suv,,,Electric,11965598.994374998,KRA CRSP July 2025,2026-05-20T12:50:34.557157
Byd,Sealion 7 82.5 Awd Design,,At,AWD,82.0,Suv,,,Electric,15385155.744375,KRA CRSP July 2025,2026-05-20T12:50:34.557157
Byd,Atto 2,,At,FWD,45.0,Crossover,,,Electric,7292774.6955,KRA CRSP July 2025,2026-05-20T12:50:34.557157
Byd,Seal 61.4 Rwd Comfort,,At,RWD,61.0,Sedan,,,Electric,9504088.0605,KRA CRSP July 2025,2026-05-20T12:50:34.557157
Cadillac,Ct5 Platinum,7BA-A2LL,At,2WD,2000.0,Sedan,,5,Gasoline,9472423.246875,KRA CRSP July 2025,2026-05-20T12:50:34.557157
Cadillac,Ct5 Sport,7BA-A2LL,At,4WD,2000.0,Sedan,,5,Gasoline,9731136.234375,KRA CRSP July 2025,2026-05-20T12:50:34.557157
Cadillac,Ct6 Platinum,,At,4WD,3600.0,Sedan,,5,Gasoline,26222455.898437493,KRA CRSP July 2025,2026-05-20T12:50:34.557157
Cadillac,Escalade Platinum,7BA-T1UL,At,4WD,6200.0,Suv,,5,Gasoline,28251363.867187493,KRA CRSP July 2025,2026-05-20T12:50:34.557157
Cadillac,Xt4 Platinum,,At,4WD,2000.0,Suv,,5,Gasoline,8410972.017857144,KRA CRSP July 2025,2026-05-20T12:50:34.557157
Cadillac,Xt4 Premium,7BA-E2UL,At,4WD,2000.0,Suv,,5,Gasoline,7359600.515625,KRA CRSP July 2025,2026-05-20T12:50:34.557157
Cadillac,Xt4 Sport,,At,4WD,2000.0,Suv,,5,Gasoline,13756736.4525,KRA CRSP July 2025,2026-05-20T12:50:34.557157
Cadillac,Xt5 Crossover Luxury,ABA-C1UL,At,4WD,3600.0,Suv,,5,Gasoline,15821437.821428575,KRA CRSP July 2025,2026-05-20T12:50:34.557157
Cadillac,Xt5 Crossover Platinum,,At,4WD,3600.0,Suv,,5,Gasoline,15308818.3828125,KRA CRSP July 2025,2026-05-20T12:50:34.557157
Cadillac,Xt5 Crossover Urban Black Special,ABA-C1UL,At,4WD,3600.0,Suv,,5,Gasoline,16913408.223214287,KRA CRSP July 2025,2026-05-20T12:50:34.557157
Cadillac,Xt5 Midnight Sky Edition,7BA-C1UL,At,4WD,3600.0,Suv,,5,Gasoline,16381072.652343746,KRA CRSP July 2025,2026-05-20T12:50:34.557157
Cadillac,Xt5 Platinum Sport,,At,4WD,3600.0,Suv,,5,Gasoline,15446831.308593746,KRA CRSP July 2025,2026-05-20T12:50:34.557157
Cadillac,Xt5 Premium,ABA-C1UL,At,4WD,3600.0,Suv,,5,Gasoline,12128151.262500001,KRA CRSP July 2025,2026-05-20T12:50:34.557157
Cadillac,Xt6 Night Cruise Edition,7BA-C1TL,At,4WD,3600.0,Suv,,5,Gasoline,19281231.450000003,KRA CRSP July 2025,2026-05-20T12:50:34.557157
Cadillac,Xt6 Platinum,,At,4WD,3600.0,Suv,,5,Gasoline,17163995.208750002,KRA CRSP July 2025,2026-05-20T12:50:34.557157
Chery,Tiggo 4 Pro Ultimate,,Cvt,,1500.0,Suv,,,Petrol,4126208.8559999997,KRA CRSP July 2025,2026-05-20T12:50:34.557157
Chery,Tiggo 4 Pro Urban,,Cvt,,1500.0,Suv,,,Petrol,3630865.6559999995,KRA CRSP July 2025,2026-05-20T12:50:34.557157
Chery,Tiggo 4 Ultimate,,Cvt,,1500.0,Suv,,,Petrol,4126208.8559999997,KRA CRSP July 2025,2026-05-20T12:50:34.557157
Chery,Tiggo 4 Urban,,Cvt,,1500.0,Suv,,,Petrol,3630865.6559999995,KRA CRSP July 2025,2026-05-20T12:50:34.557157
Chery,Tiggo 7 Pro Elite 2Wd,,7At,2WD,1600.0,Suv,,,Petrol,5349706.56,KRA CRSP July 2025,2026-05-20T12:50:34.557157
Chery,Tiggo 7 Pro Se,,7At,,1600.0,Suv,,,Petrol,5041693.152,KRA CRSP July 2025,2026-05-20T12:50:34.557157
Chery,Tiggo 7 Pro Se+,,7At,,1600.0,Suv,,,Petrol,5762192.352,KRA CRSP July 2025,2026-05-20T12:50:34.557157
Chery,Tiggo 7 Pro Ultimate Awd,,7At,AWD,1600.0,Suv,,,Petrol,5666726.208000001,KRA CRSP July 2025,2026-05-20T12:50:34.557157
Chery,Tiggo 7 Pro Urban 2Wd,,7At,2WD,1600.0,Suv,,,Petrol,4676039.808,KRA CRSP July 2025,2026-05-20T12:50:34.557157
Chery,Tiggo 8 Pro Max Elite 2Wd,,7At,2WD,2000.0,Suv,,,Petrol,7383315.551999999,KRA CRSP July 2025,2026-05-20T12:50:34.557157
Chery,Tiggo 8 Pro Max Ultimate Awd,,7At,AWD,2000.0,Suv,,,Petrol,8103814.752,KRA CRSP July 2025,2026-05-20T12:50:34.557157
Chery,Tiggo 8 Pro Max Urban 2Wd,,7At,2WD,2000.0,Suv,,,Petrol,7023065.952,KRA CRSP July 2025,2026-05-20T12:50:34.557157
Chery,Omoda5,BX (BASIC VERSION),Cvt,,1500.0,Suv,,5,Petrol,4543402.1799375,KRA CRSP July 2025,2026-05-20T12:50:34.557157
Chery,Omoda5,EX (HIGH VERSION),Cvt,,1500.0,Suv,,5,Petrol,5468165.4555,KRA CRSP July 2025,2026-05-20T12:50:34.557157
Chery,Omoda5,GT ,At,AWD,1600.0,Suv,,5,Petrol,6171789.686906249,KRA CRSP July 2025,2026-05-20T12:50:34.557157
Chery,Omoda5,GT ,At,4WD,1600.0,Suv,,5,Petrol,5789822.2469999995,KRA CRSP July 2025,2026-05-20T12:50:34.557157
Chevrolet,Belair,,At,2WD,5700.0,Sedan,,,Gasoline,8187733.125,KRA CRSP July 2025,2026-05-20T12:50:34.557157
Chevrolet,C-10,,At,2WD,5700.0,Suv,,,Gasoline,26010128.320312493,KRA CRSP July 2025,2026-05-20T12:50:34.557157
Chevrolet,Captiva Base Grade,,At,4WD,2400.0,Suv,,,Gasoline,9295748.035714284,KRA CRSP July 2025,2026-05-20T12:50:34.557157
Chevrolet,Captiva,,At,2WD,2400.0,Suv,,,Gasoline,5882080.564285714,KRA CRSP July 2025,2026-05-20T12:50:34.557157
Chevrolet,Colorado Crew Cab Short Z2,,At,4WD,3600.0,D/Cab,,,Gasoline,9442632.054375,KRA CRSP July 2025,2026-05-20T12:50:34.557157
Chevrolet,Camaro Convertible Heritage Edition,,At,2WD,2000.0,Convertible,,,Gasoline,18857431.25,KRA CRSP July 2025,2026-05-20T12:50:34.557157
Chevrolet,Camaro Ss,,At,2WD,6200.0,Coupe,,,Gasoline,11696761.607142858,KRA CRSP July 2025,2026-05-20T12:50:34.557157
Chevrolet,Camaro Zl1,,Mt,2WD,6500.0,Coupe,,,Gasoline,22138610.15375,KRA CRSP July 2025,2026-05-20T12:50:34.557157
Chevrolet,Camaro Lt Rs,,At,2WD,2000.0,Convertible,,,Gasoline,20575086.75,KRA CRSP July 2025,2026-05-20T12:50:34.557157
Chevrolet,Camaro Final Edition,,At,2WD,6200.0,Coupe,,,Gasoline,20500227.66796875,KRA CRSP July 2025,2026-05-20T12:50:34.557157
Chevrolet,Camaro Convertible,7BA-A1XC,At,2WD,2000.0,Convertible,,,Gasoline,13801292.578124996,KRA CRSP July 2025,2026-05-20T12:50:34.557157
Chevrolet,Camaro Lt Rs Heritage Edition,ABA-A1XC,At,2WD,2000.0,Coupe,,,Gasoline,20624771.0,KRA CRSP July 2025,2026-05-20T12:50:34.557157
Chevrolet,Camaro Lt Rs,,At,2WD,2000.0,Coupe,,,Gasoline,10208056.640624998,KRA CRSP July 2025,2026-05-20T12:50:34.557157
Chevrolet,Chevelle Maribu,,At,2WD,6200.0,S. Wagon,,,Gasoline,22634119.828125004,KRA CRSP July 2025,2026-05-20T12:50:34.557157
Chevrolet,Corvette 3Lt,,At,2WD,6200.0,Coupe,,,Gasoline,22223053.636875,KRA CRSP July 2025,2026-05-20T12:50:34.557157
Chevrolet,Corvette,,At,2WD,6200.0,Coupe,,,Gasoline,20018244.065625,KRA CRSP July 2025,2026-05-20T12:50:34.557157
Chevrolet,Corvette Convertible Edition Cerv I,7BA-Y2XC,At,2WD,6200.0,Convertible,,,Gasoline,10234666.40625,KRA CRSP July 2025,2026-05-20T12:50:34.557157
Chevrolet,Corvette 2Lt,,At,2WD,6200.0,Coupe,,,Gasoline,13646221.875000004,KRA CRSP July 2025,2026-05-20T12:50:34.557157
Chevrolet,Corvette Convertible,,At,2WD,6200.0,Coupe,,,Gasoline,26090812.799999997,KRA CRSP July 2025,2026-05-20T12:50:34.557157
Chevrolet,Corvette Z06,,At,2WD,5500.0,Coupe,,,Gasoline,40506156.7340625,KRA CRSP July 2025,2026-05-20T12:50:34.557157
Chevrolet,Corvette 2Lt,,At,2WD,6200.0,Coupe,,,Gasoline,26774507.6015625,KRA CRSP July 2025,2026-05-20T12:50:34.557157
Chevrolet,Corvette Z06 3Lz,,At,2WD,5500.0,Coupe,,,Gasoline,39450464.015625,KRA CRSP July 2025,2026-05-20T12:50:34.557157
Chevrolet,Chevy Van,,At,2WD,5700.0,Van,,,Gasoline,7243403.665178573,KRA CRSP July 2025,2026-05-20T12:50:34.557157
Chevrolet,Camaro 2Ss,,At,,6200.0,Coupe,,,Gasoline,24518397.778875,KRA CRSP July 2025,2026-05-20T12:50:34.557157
Chevrolet,Corvette Stingray,,Atm,,6200.0,Convertible,,,Gasoline,50977981.1165625,KRA CRSP July 2025,2026-05-20T12:50:34.557157
Chevrolet,Corvette  E-Ray 3Lz,,Atm,,6200.0,Coupe,,,Gasoline,59372297.04656249,KRA CRSP July 2025,2026-05-20T12:50:34.557157
Chevrolet,Corvette Stingray,,Atm,,6200.0,Coupe,,,Gasoline,46955704.73343749,KRA CRSP July 2025,2026-05-20T12:50:34.557157
Chevrolet,Silverado 1500 Lt Trail Boss,,Atm,,6200.0,D/Cab,,,Gasoline,29954716.666875005,KRA CRSP July 2025,2026-05-20T12:50:34.557157
Chevrolet,Silverado 1500 Ltz Premium Tech Pack,,Atm,,6200.0,D/Cab,,,Gasoline,29654919.669375002,KRA CRSP July 2025,2026-05-20T12:50:34.557157
Chevrolet,Silverado 2500 Hd Ltz Premium,,Atm,,6200.0,D/Cab,,,Diesel,26470712.165625002,KRA CRSP July 2025,2026-05-20T12:50:34.557157
Chevrolet,Silverado 1500 Ltz Premium,,Atm,,6200.0,D/Cab,,,Gasoline,20747314.940624997,KRA CRSP July 2025,2026-05-20T12:50:34.557157
Chevrolet,Silverado 1500 Zr2,,Atm,,6200.0,D/Cab,,,Gasoline,21939689.362499997,KRA CRSP July 2025,2026-05-20T12:50:34.557157
Chevrolet,Silverado Hd Ltz Premium (Nb1),,Atm,,6500.0,D/Cab,,,Diesel,25914270.768749997,KRA CRSP July 2025,2026-05-20T12:50:34.557157
Chevrolet,Silverado Hd Ltz Premium (Nb2),,Atm,,6500.0,D/Cab,,,Diesel,2591427.0768750003,KRA CRSP July 2025,2026-05-20T12:50:34.557157
Chrysler,Chrysler 300,ABA-LX36,At,2WD,3600.0,Sedan,,5,Gasoline,2357345.703375,KRA CRSP July 2025,2026-05-20T12:50:34.557157
Citroen,Berlingo Debut Edition,,At,2WD,1500.0,Van,,7,Diesel,4415368.32,KRA CRSP July 2025,2026-05-20T12:50:34.557157
Citroen,Berlingo Feel,,Mt,2WD,1200.0,Van,,7,Gasoline,7918185.375,KRA CRSP July 2025,2026-05-20T12:50:34.557157
Citroen,Berlingo Max Blue Hdi,,At,2WD,1500.0,Van,,7,Diesel,6836294.700000001,KRA CRSP July 2025,2026-05-20T12:50:34.557157
Citroen,Berlingo Shine,3DA-K9CYH01,At,2WD,1500.0,Van,,7,Diesel,11129013.900000002,KRA CRSP July 2025,2026-05-20T12:50:34.557157
Citroen,Berlingo Shine Blue Hdi,,At,2WD,1500.0,Van,,7,Diesel,9467850.0375,KRA CRSP July 2025,2026-05-20T12:50:34.557157
Citroen,Berlingo Shine Xtr Pack,3DA-K9CYH01,At,2WD,1500.0,Van,,7,Diesel,11519261.100000001,KRA CRSP July 2025,2026-05-20T12:50:34.557157
Citroen,Berlingo Surf Edition By Rip Curl,3DA-K9CYH01,At,2WD,1500.0,Van,,7,Diesel,7332814.574999999,KRA CRSP July 2025,2026-05-20T12:50:34.557157
Citroen,C3 Aircross Surf Edition By Rip Curl,,At,2WD,1500.0,Suv,,5,Diesel,6869613.796875,KRA CRSP July 2025,2026-05-20T12:50:34.557157
Citroen,C5 Aircross Shine,,At,2WD,2000.0,Suv,,5,Diesel,7965224.100000001,KRA CRSP July 2025,2026-05-20T12:50:34.557157
Citroen,C3 Aircross,,At,2WD,1500.0,Suv,,5,Diesel,6395026.660714285,KRA CRSP July 2025,2026-05-20T12:50:34.557157
Citroen,C3 Aircross Cuir,,At,2WD,1200.0,Suv,,5,Gasoline,5205618.9,KRA CRSP July 2025,2026-05-20T12:50:34.557157
Citroen,C3 Aircross Edition  Hdi,,At,2WD,1500.0,Suv,,5,Diesel,6663819.375000002,KRA CRSP July 2025,2026-05-20T12:50:34.557157
Citroen,C3 Aircross Hdi,,At,2WD,1500.0,Suv,,5,Diesel,6346307.981249999,KRA CRSP July 2025,2026-05-20T12:50:34.557157
Citroen,C3 Aircross Shine Pack,,At,2WD,1200.0,Suv,,5,Gasoline,5639159.14875,KRA CRSP July 2025,2026-05-20T12:50:34.557157
Citroen,C3 Edition 2021,5BA-B6HN05,At,2WD,1200.0,Hatchback,,5,Gasoline,6206498.4375,KRA CRSP July 2025,2026-05-20T12:50:34.557157
Citroen,C3 Elle,,At,2WD,1200.0,Hatchback,,5,Gasoline,3664540.6714285715,KRA CRSP July 2025,2026-05-20T12:50:34.557157
Citroen,C3 Jcc+,ABA-B6HN01,At,2WD,1200.0,Hatchback,,5,Gasoline,5017464.0,KRA CRSP July 2025,2026-05-20T12:50:34.557157
Citroen,C3 Origins,,At,2WD,1200.0,Hatchback,,5,Gasoline,8247064.460625,KRA CRSP July 2025,2026-05-20T12:50:34.557157
Citroen,C3 Shine,3BA-B6HN05,At,2WD,1200.0,Hatchback,,5,Gasoline,7142917.500000002,KRA CRSP July 2025,2026-05-20T12:50:34.557157
Citroen,C4 Cactus,,At,2WD,1200.0,Hatchback,,5,Gasoline,7179005.410714285,KRA CRSP July 2025,2026-05-20T12:50:34.557157
Citroen,C4 Feel,,At,2WD,1200.0,Hatchback,,5,Gasoline,5185459.446428572,KRA CRSP July 2025,2026-05-20T12:50:34.557157
Citroen,C4 Max Blue Hdi,,At,2WD,1500.0,Hatchback,,5,Diesel,8545368.375,KRA CRSP July 2025,2026-05-20T12:50:34.557157
Citroen,C4 Picasso Shine Blue Hdi,LDA-B78AH01,At,2WD,2000.0,S. Wagon,,5,Diesel,6966211.178571429,KRA CRSP July 2025,2026-05-20T12:50:34.557157
Citroen,C4 Shine,,At,2WD,1200.0,Hatchback,,5,Gasoline,5508010.7035714295,KRA CRSP July 2025,2026-05-20T12:50:34.557157
Citroen,C4 Shine Blue Hdi,,At,2WD,1500.0,Hatchback,,5,Diesel,6389426.8125,KRA CRSP July 2025,2026-05-20T12:50:34.557157
Citroen,C5 Aircross Max Plug-In Hybrid,,At,2WD,1600.0,Suv,,5,Plug-In Hybrid,9060834.403125,KRA CRSP July 2025,2026-05-20T12:50:34.557157
Citroen,C5 Aircross Plug-In Hybrid,,At,2WD,1600.0,Suv,,5,Plug-In Hybrid,8114180.0625,KRA CRSP July 2025,2026-05-20T12:50:34.557157
Citroen,C5 Aircross Plug-In Hybrid Edition Noire,3LA-C845G06H,At,2WD,1600.0,Suv,,5,Plug-In Hybrid,13374677.474999998,KRA CRSP July 2025,2026-05-20T12:50:34.557157
Citroen,C5 Aircross Shine Nappa Leather Package,,At,2WD,2000.0,Suv,,5,Diesel,7377240.037500001,KRA CRSP July 2025,2026-05-20T12:50:34.557157
Citroen,C5 Aircross Shine Pack Blue Hdi,,At,2WD,2000.0,Suv,,5,Diesel,9041234.934375,KRA CRSP July 2025,2026-05-20T12:50:34.557157
Citroen,C5 X Hypnos Plug-In Hybrid,3LA-E435G06H,At,2WD,1600.0,S. Wagon,,5,Plug-In Hybrid,13827425.203125,KRA CRSP July 2025,2026-05-20T12:50:34.557157
Citroen,C5 X Shine Pack,,At,2WD,1600.0,S. Wagon,,5,Gasoline,7418398.921875,KRA CRSP July 2025,2026-05-20T12:50:34.557157
Citroen,E-C4 Max,,At,2WD,,Hatchback,,5,Electric(Ev),7375116.761718752,KRA CRSP July 2025,2026-05-20T12:50:34.557157
Citroen,E-C4 Shine,ZAA-C41ZK01,At,2WD,,Hatchback,,5,Electric(Ev),7186471.875000002,KRA CRSP July 2025,2026-05-20T12:50:34.557157
Citroen,Grand C4 Picasso Dune Beige,LDA-B787AH01,At,2WD,2000.0,S. Wagon,,5,Diesel,5035383.514285714,KRA CRSP July 2025,2026-05-20T12:50:34.557157
Citroen,Grand C4 Picasso Shine Blue Hdi,LDA-B787AH01,At,2WD,2000.0,S. Wagon,,5,Diesel,9223174.002857145,KRA CRSP July 2025,2026-05-20T12:50:34.557157
Citroen,Grand C4 Picasso Wild Blue,LDA-B787AH01,At,2WD,2000.0,S. Wagon,,5,Diesel,5882080.564285714,KRA CRSP July 2025,2026-05-20T12:50:34.557157
Citroen,Grand C4 Spacetourer Shine,,At,2WD,1600.0,Van,,7,Gasoline,7898585.906249998,KRA CRSP July 2025,2026-05-20T12:50:34.557157
Citroen,Grand C4 Spacetourer Shine Blue Hdi,LDA-B787AH01,At,2WD,200.0,Van,,7,Diesel,10854745.778571429,KRA CRSP July 2025,2026-05-20T12:50:34.557157
Daihatsu,Altis G,6AA-AXVH70N-DEXNB,Cvt,4WD,2497.0,Sedan,1845,5,Gasoline,5798643.524999999,KRA CRSP July 2025,2026-05-20T12:50:34.557157
Daihatsu,Altis G,DAA-AXVH70N-DEXNB,Cvt,2WD,2487.0,Sedan,1845,5,Gasoline,5658917.175,KRA CRSP July 2025,2026-05-20T12:50:34.557157
Daihatsu,Atrai,ABA-S331G-ZQCZ,Cvt,4WD,658.0,Wagon,1310,4,Gasoline,3160610.037,KRA CRSP July 2025,2026-05-20T12:50:34.557157
Daihatsu,"Atrai ""Sa Iii""",3BA-S331G-ZQCZ,Cvt,4WD,658.0,Wagon,1310,4,Gasoline,3177377.199,KRA CRSP July 2025,2026-05-20T12:50:34.557157
Daihatsu,Atrai Rar Seat Lift,3BA-S331G-ZQCZ,4At,4WD,658.0,Wagon,1310,4,Gasoline,3177377.199,KRA CRSP July 2025,2026-05-20T12:50:34.557157
Daihatsu,Atrai Rar Seat Lift,ABA-S331G-ZQCZ,Cvt,4WD,658.0,Wagon,1290,4,Gasoline,2959404.093,KRA CRSP July 2025,2026-05-20T12:50:34.557157
Daihatsu,Atrai Rs,3BD-S700V-ZBXZ,Cvt,2WD,658.0,Van,1430,4,Gasoline,2803469.4864,KRA CRSP July 2025,2026-05-20T12:50:34.557157
Daihatsu,Atrai Sloper,3BD-S710V-ZBXZ,Cvt,4WD,658.0,Van,1290,4,Gasoline,3688775.6399999997,KRA CRSP July 2025,2026-05-20T12:50:34.557157
Daihatsu,Atrai Sloper,3BA-S331G-ZQCZ,4At,2WD,658.0,Wagon,1320,4,Gasoline,3454035.372,KRA CRSP July 2025,2026-05-20T12:50:34.557157
Daihatsu,Atrai Sloper,3BD-S710-ZBXZ,Cvt,4WD,658.0,Wagon,1290,4,Gasoline,3688775.6399999997,KRA CRSP July 2025,2026-05-20T12:50:34.557157
Daihatsu,Atrai Sloper,ABA-S331G-ZQCZ,Cvt,2WD,658.0,Wagon,980,4,Gasoline,3437268.21,KRA CRSP July 2025,2026-05-20T12:50:34.557157
Daihatsu,Atrai Sloper,ABA-S331G-ZQCZ,4At,4WD,658.0,Wagon,1320,4,Gasoline,3437268.21,KRA CRSP July 2025,2026-05-20T12:50:34.557157
Daihatsu,Atrai Sloper With Rear Seat,ABA-S331G-ZQCZ,Cvt,2WD,658.0,Wagon,1320,4,Gasoline,3267919.8738,KRA CRSP July 2025,2026-05-20T12:50:34.557157
Daihatsu,Atrai Wagon Custom Turbo Rs,ABA-S321G-ZQXZ,Cvt,2WD,658.0,Wagon,1200,4,Gasoline,2371356.2476332,KRA CRSP July 2025,2026-05-20T12:50:34.557157
Daihatsu,Atrai Wagon Custom Turbo Rs Limited,3BA-S321G-ZQXZ,Cvt,2WD,658.0,Wagon,1230,4,Gasoline,2565375.786,KRA CRSP July 2025,2026-05-20T12:50:34.557157
Daihatsu,Atrai Wagon Rs,3BA-S321G-ZQXZ,4At,2WD,658.0,Wagon,1230,4,Gasoline,2821913.3646,KRA CRSP July 2025,2026-05-20T12:50:34.557157
Daihatsu,Atrai Wagon Rs,ABA-S321G-ZQXZ,4At,2WD,658.0,Wagon,1230,4,Gasoline,2565375.786,KRA CRSP July 2025,2026-05-20T12:50:34.557157
Daihatsu,"Boon  Style""Sa Iii""",5BA-M700S-GBSE,Cvt,2WD,996.0,Hatchback,1185,5,Gasoline,2600586.8262000005,KRA CRSP July 2025,2026-05-20T12:50:34.557157
Daihatsu,"Boon  X""L Sa Iii""",5BA-M700S-GBNE,Cvt,2WD,996.0,Hatchback,1185,5,Gasoline,2305484.775,KRA CRSP July 2025,2026-05-20T12:50:34.557157
Daihatsu,Boon Cilq,5BA-M700S-GBSE,Cvt,2WD,996.0,Hatchback,1185,5,Gasoline,2632444.434,KRA CRSP July 2025,2026-05-20T12:50:34.557157
Daihatsu,"Boon Cilq ""G Packagev Sa Iii 2Wd""",5BA-M700S-GBSE,Cvt,2WD,996.0,Hatchback,1185,5,Gasoline,2632444.434,KRA CRSP July 2025,2026-05-20T12:50:34.557157
Daihatsu,"Boon Cilq""G Sa Ii",DBA-M700S-GBSE,Cvt,2WD,996.0,Hatchback,1185,5,Gasoline,2573759.367,KRA CRSP July 2025,2026-05-20T12:50:34.557157
Daihatsu,"Boon Cliq ""G Sa Iii""",5BA-M700S-GBSE,Cvt,2WD,996.0,Hatchback,1185,5,Gasoline,2895688.8774,KRA CRSP July 2025,2026-05-20T12:50:34.557157
Daihatsu,Boon Style,5BA-M700S-GBSE,Cvt,2WD,996.0,Hatchback,1185,5,Gasoline,2364169.842,KRA CRSP July 2025,2026-05-20T12:50:34.557157
Daihatsu,"Boon Style""Sa Iii""",5BA-M700S-GBSE,Cvt,2WD,996.0,Hatchback,1185,5,Gasoline,2364169.842,KRA CRSP July 2025,2026-05-20T12:50:34.557157
Daihatsu,Boon X,5BA-M700S-GBNE,Cvt,2WD,996.0,Hatchback,1185,5,Gasoline,2095895.2500000002,KRA CRSP July 2025,2026-05-20T12:50:34.557157
Daihatsu,Boon X L Package,5BA-M700S-GBNE,Cvt,2WD,996.0,Hatchback,1185,5,Gasoline,2095895.2500000002,KRA CRSP July 2025,2026-05-20T12:50:34.557157
Daihatsu,"Boon X""L Sa Ii""",DBA-M700S-GBNE,Cvt,2WD,996.0,Hatchback,1185,5,Gasoline,2053977.345,KRA CRSP July 2025,2026-05-20T12:50:34.557157
Daihatsu,Cast Activa G,DBA-LA250S-GBGF,Cvt,2WD,658.0,Wagon,1060,4,Gasoline,2297101.1939999997,KRA CRSP July 2025,2026-05-20T12:50:34.557157
Daihatsu,"Cast Activa G""Sa Iii""",DBA-LAS250S-GBGF,Cvt,2WD,658.0,Wagon,1060,4,Gasoline,2196498.222,KRA CRSP July 2025,2026-05-20T12:50:34.557157
Daihatsu,Cast Sport,DBA-LA250S-GBSZ,Cvt,2WD,658.0,Wagon,1070,4,Gasoline,2556992.205,KRA CRSP July 2025,2026-05-20T12:50:34.557157
Daihatsu,"Cast Sport Sport ""Sa Iii""",DBA-LAS25S-GBSZ,Cvt,2WD,658.0,Wagon,1070,4,Gasoline,2556992.205,KRA CRSP July 2025,2026-05-20T12:50:34.557157
Daihatsu,Cast Style G,5BA-LA250S-GBVF,Cvt,2WD,658.0,Wagon,1060,4,Gasoline,2526811.3134,KRA CRSP July 2025,2026-05-20T12:50:34.557157
Daihatsu,Cast Style G,DBA-LA250S-GBVF,Cvt,2WD,658.0,Wagon,1060,4,Gasoline,2297101.1939999997,KRA CRSP July 2025,2026-05-20T12:50:34.557157
Daihatsu,"Cast Style G""Sa Iii""",DBA-LAS250S-GBVF,Cvt,2WD,658.0,Wagon,1060,4,Gasoline,2196498.222,KRA CRSP July 2025,2026-05-20T12:50:34.557157
Daihatsu,Copen Cero,3BA-LA400K-KBPZ,Cvt,2WD,658.0,Convertible,980,2,Gasoline,3259033.27794,KRA CRSP July 2025,2026-05-20T12:50:34.557157
Daihatsu,Copen Cero,DBA-LA400K-KBPZ,Cvt,2WD,658.0,Hatchback,980,2,Gasoline,2959404.093,KRA CRSP July 2025,2026-05-20T12:50:34.557157
Daihatsu,"Copen Cliq ""G Sa Iii""",3BA-LA400K-KBPZ,Cvt,2WD,658.0,Hatchback,980,2,Gasoline,3259033.27794,KRA CRSP July 2025,2026-05-20T12:50:34.557157
Daihatsu,Copen G,3BA-LA400K-KBPZ,Cvt,2WD,658.0,Convertible,980,2,Gasoline,3166813.88694,KRA CRSP July 2025,2026-05-20T12:50:34.557157
Daihatsu,Copen Gr,3BA-LA400K-KBVZ,Cvt,2WD,658.0,Convertible,980,2,Gasoline,3994273.33164,KRA CRSP July 2025,2026-05-20T12:50:34.557157
Daihatsu,Copen Gr,DBA-LA400K-KBVZ,Cvt,2WD,658.0,Convertible,980,2,Gasoline,3627803.5321032,KRA CRSP July 2025,2026-05-20T12:50:34.557157
Daihatsu,Copen Gr Sport,3BA-LA400K-KBVZ,Cvt,2WD,658.0,Convertible,980,2,Gasoline,3994273.33164,KRA CRSP July 2025,2026-05-20T12:50:34.557157
Daihatsu,Copen Gr Sport,3BA-LA400K-KBVZ,Cvt,2WD,658.0,Convertible,980,4,Gasoline,3627803.5321032,KRA CRSP July 2025,2026-05-20T12:50:34.557157
Daihatsu,Copen Robe,3BA-LA400K-KBPZ,Cvt,2WD,658.0,Convertible,980,2,Gasoline,3166813.88694,KRA CRSP July 2025,2026-05-20T12:50:34.557157
Daihatsu,Copen Robe,3BA-LA400K-KBPZ,Cvt,2WD,658.0,Convertible,980,4,Gasoline,2875568.283,KRA CRSP July 2025,2026-05-20T12:50:34.557157
Daihatsu,Copen Robe,DBA-LA400K-KBPZ,Cvt,2WD,658.0,Convertible,980,2,Gasoline,2875568.283,KRA CRSP July 2025,2026-05-20T12:50:34.557157
Daihatsu,"Copen Style ""Sa Iii""",3BA-LA400K-KBPZ,Cvt,2WD,658.0,Convertible,980,2,Gasoline,3166813.88694,KRA CRSP July 2025,2026-05-20T12:50:34.557157
Daihatsu,"Copen X ""L Sa Iii""",3BA-LA400K-KBVZ,Cvt,2WD,658.0,Convertible,980,2,Gasoline,3994273.33164,KRA CRSP July 2025,2026-05-20T12:50:34.557157
Daihatsu,Copen Xplay,3BA-LA400K-KBPZ,Cvt,2WD,658.0,Convertible,980,2,Gasoline,3166813.88694,KRA CRSP July 2025,2026-05-20T12:50:34.557157
Daihatsu,Copen Xplay,3BA-LA400K-KBPZ,Cvt,2WD,658.0,Convertible,980,4,Gasoline,2875568.283,KRA CRSP July 2025,2026-05-20T12:50:34.557157
Daihatsu,Copen Xplay,DBA-LA400K-KBPZ,Cvt,2WD,658.0,Convertible,980,2,Gasoline,2875568.283,KRA CRSP July 2025,2026-05-20T12:50:34.557157
Daihatsu,Gran Max,5BF-S413V-ZQDFJD,4At,4WD,1496.0,Van,,4,Gasoline,3577502.0461031995,KRA CRSP July 2025,2026-05-20T12:50:34.557157
Daihatsu,Gran Max Cargo Gl,5BF-S413V-ZQDFJD,4At,4WD,1496.0,Van,2160,5,Gasoline,3935252.9214,KRA CRSP July 2025,2026-05-20T12:50:34.557157
Daihatsu,Gran Max Gl,5BF-S413P-TQDFJD,4At,4WD,1496.0,Truck,2090,2,Gasoline,3569728.7898000004,KRA CRSP July 2025,2026-05-20T12:50:34.557157
Daihatsu,Gran Maxv Gl,5BF-S413P-TQDJD,4At,4WD,1496.0,Truck,2090,2,Gasoline,3245208.752871,KRA CRSP July 2025,2026-05-20T12:50:34.557157
Daihatsu,Hijet Caddie D,HBD-LA700V-GBDF,Cvt,2WD,658.0,Van,1230,2,Gasoline,1953374.373,KRA CRSP July 2025,2026-05-20T12:50:34.557157
Daihatsu,Hijet Caddie D Deluxe,HBD-LA700V-GBDF,Cvt,2WD,658.0,Van,1230,2,Gasoline,1953374.373,KRA CRSP July 2025,2026-05-20T12:50:34.557157
Daihatsu,Hijet Caddle D Deluxe,GBD700V-GBDF,Cvt,2WD,658.0,Van,1230,2,Gasoline,1953374.373,KRA CRSP July 2025,2026-05-20T12:50:34.557157
Daihatsu,Hijet Cargo Deckvan,3BD-S331W-ZQRF,4At,4WD,658.0,Van,1430,4,Gasoline,2511720.8676,KRA CRSP July 2025,2026-05-20T12:50:34.557157
Daihatsu,Hijet Cargo Deckvan G,3BD-S331W-ZQRF,4At,4WD,658.0,Van,1430,,Gasoline,2762892.95436,KRA CRSP July 2025,2026-05-20T12:50:34.557157
Daihatsu,Hijet Cargo Deckvan G,3BD-S710W-ZBGF,Cvt,4WD,658.0,Van,1430,4,Gasoline,2858801.121,KRA CRSP July 2025,2026-05-20T12:50:34.557157
Daihatsu,Hijet Cargo Deckvan G,EBD-S331W-ZQRF,4At,4WD,658.0,Van,1430,4,Gasoline,2511720.8676,KRA CRSP July 2025,2026-05-20T12:50:34.557157
Daihatsu,Hijet Cargo Deckvan Gl,EBD-S331W-ZQRF,4At,4WD,658.0,Van,250,4,Gasoline,2251989.144639,KRA CRSP July 2025,2026-05-20T12:50:34.557157
Daihatsu,Hijet Cargo Deluxe,3BD-S321V-ZQDF,4At,2WD,658.0,Van,1390,4,Gasoline,1810853.496,KRA CRSP July 2025,2026-05-20T12:50:34.557157
Daihatsu,Hijet Cargo Deluxe,3BD-S700V-ZBDF,Cvt,2WD,658.0,Van,1370,4,Gasoline,2028826.6020000002,KRA CRSP July 2025,2026-05-20T12:50:34.557157
Daihatsu,Hijet Cargo Deluxe,EBD-S321V-ZMDF,5Mt,2WD,658.0,Van,350,2(4),Gasoline,1596872.6512722,KRA CRSP July 2025,2026-05-20T12:50:34.557157
Daihatsu,Hijet Cargo Deluxe,EBD-S321V-ZQDF,4At,2WD,658.0,Van,1390,4,Gasoline,1794086.334,KRA CRSP July 2025,2026-05-20T12:50:34.557157
Daihatsu,Hijet Jumbo,EBD-S500P-ZQJF,4At,2WD,658.0,Truck,1270,2,Gasoline,1936607.2110000001,KRA CRSP July 2025,2026-05-20T12:50:34.557157
Daihatsu,Hijet Sloper,3BD-S331V-ZQDF,4At,4WD,658.0,Van,1270,5,Gasoline,3034856.322,KRA CRSP July 2025,2026-05-20T12:50:34.557157
Daihatsu,Hijet Sloper,3BD-S710V-ZBDF,Cvt,4WD,658.0,Van,1240,4,Gasoline,3060007.0650000004,KRA CRSP July 2025,2026-05-20T12:50:34.557157
Daihatsu,Hijet Sloper,EBD-S331V-ZQDF,4At,4WD,658.0,Van,1270,4,Gasoline,3018089.1599999997,KRA CRSP July 2025,2026-05-20T12:50:34.557157
Daihatsu,Hijet Truck,3BD-S510P-TMRF,5Mt,4WD,658.0,Truck,1390,2,Gasoline,2280334.032,KRA CRSP July 2025,2026-05-20T12:50:34.557157
Daihatsu,Hijet Truck,3BD-S510P-ZQRF-ZQRF,4At,4WD,658.0,Truck,1420,,Gasoline,3495114.9189,KRA CRSP July 2025,2026-05-20T12:50:34.557157
Daihatsu,Hijet Truck,EBD-S510P-ZQRF,4At,4WD,658.0,Truck,1420,2,Gasoline,3085157.8079999997,KRA CRSP July 2025,2026-05-20T12:50:34.557157
Daihatsu,Hijet Truck Aluminium Moderate Temp Refrigerating,3BD-S510P-ZBRF,4At,4WD,658.0,Truck,1470,2,Gasoline,3541224.6144000003,KRA CRSP July 2025,2026-05-20T12:50:34.557157
Daihatsu,Hijet Truck Color Aluminium Moderate Refrigerating Truck,3BD-S510P-ZBRF,4Wd,4AT,658.0,Truck,1470,2,Gasoline,3541224.6144000003,KRA CRSP July 2025,2026-05-20T12:50:34.557157
Daihatsu,Hijet Truck Color Alumiunium Moderate Temperature Refrigerating Truck,3BD-S510P-ZQRF,4At,4WD,658.0,Truck,1420,2,Gasoline,3177377.199,KRA CRSP July 2025,2026-05-20T12:50:34.557157
Daihatsu,Hijet Truck Color Moderate Temperature Refrigerating Truck,3BD-S510P-ZBRF,4At,4WD,658.0,Truck,1480,2,Gasoline,3541224.6144000003,KRA CRSP July 2025,2026-05-20T12:50:34.557157
Daihatsu,Hijet Truck Extra,3BD-S500P-TMNF,5Mt,2WD,658.0,Truck,1220,2,Gasoline,1618031.133,KRA CRSP July 2025,2026-05-20T12:50:34.557157
Daihatsu,Hijet Truck Extra,3BD-S510P-TBNF,Cvt,4WD,658.0,Truck,1320,2,Gasoline,2220307.59204,KRA CRSP July 2025,2026-05-20T12:50:34.557157
Daihatsu,Hijet Truck Extra,EBD-S500P-TMNF,5Mt,2WD,658.0,Truck,1220,2,Gasoline,1609647.552,KRA CRSP July 2025,2026-05-20T12:50:34.557157
Daihatsu,Hijet Truck Jumbo,3BD-S500P-ZMJF,5Mt,2WD,658.0,Truck,1260,2,Gasoline,1794086.334,KRA CRSP July 2025,2026-05-20T12:50:34.557157
Daihatsu,Hijet Truck Jumbo,3BD-S510P-ZBGF,Cvt,4WD,658.0,Truck,1350,2,Gasoline,2434591.9224,KRA CRSP July 2025,2026-05-20T12:50:34.557157
Daihatsu,Hijet Truck Jumbo,EBD-S500P-ZQJF,4At,2WD,658.0,Truck,1270,2,Gasoline,1936607.2110000001,KRA CRSP July 2025,2026-05-20T12:50:34.557157
Daihatsu,Hijet Truck Jumbo Extra,3BD-S510P-ZBGF,Cvt,4WD,658.0,Truck,1350,2,Gasoline,2434591.9224,KRA CRSP July 2025,2026-05-20T12:50:34.557157
Daihatsu,Hijet Truck Moderate Temperature Refrigerating Truck,EBD-S510P-ZQRF,4At,4WD,658.0,Truck,1420,2,Gasoline,3085157.8079999997,KRA CRSP July 2025,2026-05-20T12:50:34.557157
Daihatsu,Hijet Truck Multipurpose Dump,EBD-S510P-TMRF,5Mt,4WD,658.0,Truck,1470,2,Gasoline,2255183.2890000003,KRA CRSP July 2025,2026-05-20T12:50:34.557157
Daihatsu,Hijet Truck Panel Van,3BD-S510P-TQRF,4At,4WD,658.0,Truck,1390,2,Gasoline,2204881.8030000003,KRA CRSP July 2025,2026-05-20T12:50:34.557157
Daihatsu,Hijet Truck Panel Van,3BD-S510P-ZBRF,Cvt,4WD,658.0,Truck,1430,2,Gasoline,2563699.0697999997,KRA CRSP July 2025,2026-05-20T12:50:34.557157
Daihatsu,Hijet Truck Panel Van,EBD-S510P-TQRF,4At,4WD,658.0,Truck,1390,2,Gasoline,2075774.6556000002,KRA CRSP July 2025,2026-05-20T12:50:34.557157
Daihatsu,Hijet Truck Pto,3BD-S510P-TMRF,5Mt,4WD,658.0,Truck,1470,2,Gasoline,2347402.68,KRA CRSP July 2025,2026-05-20T12:50:34.557157
Daihatsu,Hijet Truck Vehicle Tail,3BDS510P-TMRF,5Mt,4WD,658.0,Truck,1390,,Gasoline,2508367.4352,KRA CRSP July 2025,2026-05-20T12:50:34.557157
Daihatsu,Hijet Truck Vertical Lift,3BD-S510P-TMRF,Cvt,4WD,658.0,Truck,1400,2,Gasoline,2748137.8518,KRA CRSP July 2025,2026-05-20T12:50:34.557157
Daihatsu,Hijet Truck Vertical Tail Lift,3BD-S510P-TMRF,5Mt,4WD,658.0,Truck,1400,2,Gasoline,2748137.8518,KRA CRSP July 2025,2026-05-20T12:50:34.557157
Daihatsu,Hijet Truck Vertical Tail Lift,EBD-S510P-TMRF,5Mt,4WD,658.0,Truck,1390,2,Gasoline,2179731.06,KRA CRSP July 2025,2026-05-20T12:50:34.557157
Daihatsu,Hujet Truck Jumbo,3BD-S500P-ZMJF,5Mt,2WD,658.0,Truck,1260,,Gasoline,1973494.9674000002,KRA CRSP July 2025,2026-05-20T12:50:34.557157
Daihatsu,Mebius S,DAA-ZVW41N-BXXB(T),Cvt,2WD,1797.0,Wagon,1735,5,Gasoline,4879942.77375,KRA CRSP July 2025,2026-05-20T12:50:34.557157
Daihatsu,Mebius S Touring,6AA-ZVW41N-BXXEB(T),Cvt,2WD,1797.0,Wagon,1735,5,Gasoline,4879942.77375,KRA CRSP July 2025,2026-05-20T12:50:34.557157
Daihatsu,"Mebius S""Touring Selection""",DAA-ZVW41N-BXXEB (T),Cvt,2WD,1797.0,Wagon,1735,5,Gasoline,4741168.309509374,KRA CRSP July 2025,2026-05-20T12:50:34.557157
Daihatsu,Mira,DBA-L275S-GMMF,Mt,2WD,658.0,Wagon,970,4,Gasoline,1373311.0501776,KRA CRSP July 2025,2026-05-20T12:50:34.557157
Daihatsu,Mira Cocoa,DBA-L675S-GBXF,Cvt,2WD,658.0,Wagon,1030,4,Gasoline,2179731.06,KRA CRSP July 2025,2026-05-20T12:50:34.557157
Daihatsu,Mira E:S,5BA-LA350S-GBPF,Cvt,2WD,658.0,Wagon,890,4,Gasoline,1877922.144,KRA CRSP July 2025,2026-05-20T12:50:34.557157
Daihatsu,Mira E:S G,5BA-LA350S-GBPF,Cvt,2WD,658.0,Wagon,890,4,Gasoline,1877922.144,KRA CRSP July 2025,2026-05-20T12:50:34.557157
Daihatsu,Mira G,5BA-LA350S-GBPF,Cvt,2WD,658.0,Wagon,890,4,Gasoline,1877922.144,KRA CRSP July 2025,2026-05-20T12:50:34.557157
Daihatsu,Mira Tocot G,5BA-LA550S-GBVF,Cvt,2WD,658.0,Wagon,940,4,Gasoline,2012059.44,KRA CRSP July 2025,2026-05-20T12:50:34.557157
Daihatsu,Mira Tocot G,5BA-LA650S-GBVF,Cvt,2WD,658.0,Wagon,940,4,Gasoline,2102602.1148,KRA CRSP July 2025,2026-05-20T12:50:34.557157
Daihatsu,Mira Tocot G,DBA-LA550S-GBVF,Cvt,2WD,658.0,Wagon,940,4,Gasoline,2012059.44,KRA CRSP July 2025,2026-05-20T12:50:34.557157
Daihatsu,Mira Van Tx,HBD-L275V-FBRF,Cvt,2WD,658.0,Van,200,2(4),Gasoline,1253544.8887278,KRA CRSP July 2025,2026-05-20T12:50:34.557157
Daihatsu,Move Canbus,3BA-LA800S-GBVF,Cvt,2WD,658.0,Van,1140,4,Gasoline,2655918.4608,KRA CRSP July 2025,2026-05-20T12:50:34.557157
Daihatsu,Move Canbus G,5BA-LA800S-GBVF,Cvt,2WD,658.0,Van,1140,4,Gasoline,2414471.328,KRA CRSP July 2025,2026-05-20T12:50:34.557157
Daihatsu,"Move Canbus G""Make Sa"" Iii",DBA-LAS8000S-GBVF,Cvt,2WD,658.0,Van,1140,4,Gasoline,2397704.166,KRA CRSP July 2025,2026-05-20T12:50:34.557157
Daihatsu,Move Canbus Stripes G,5BA-LA850S-GBPF,Cvt,2WD,658.0,Van,1100,4,Gasoline,2803469.4864,KRA CRSP July 2025,2026-05-20T12:50:34.557157
Daihatsu,Move Canbus Theory G,5BA-LA850S-GBPZ,Cvt,2WD,658.0,Van,1120,4,Gasoline,3006352.1466,KRA CRSP July 2025,2026-05-20T12:50:34.557157
Daihatsu,Move Canbusv G,5BA-LA800S-GBVF,Cvt,2WD,658.0,Van,1140,4,Gasoline,2414471.328,KRA CRSP July 2025,2026-05-20T12:50:34.557157
Daihatsu,Move Custom Rs,3BA-LA150S-GBVZ,Cvt,2WD,658.0,Van,1070,4,Gasoline,2523457.881,KRA CRSP July 2025,2026-05-20T12:50:34.557157
Daihatsu,Move Custom Rs,DBA-LA150S-GBVZ,Cvt,2WD,658.0,Van,1070,4,Gasoline,2523457.881,KRA CRSP July 2025,2026-05-20T12:50:34.557157
Daihatsu,"Move Custom Rs""Hyper Sa Ii""",DBA-LA150S-GBVZ,Cvt,2WD,658.0,Van,1070,4,Gasoline,2523457.881,KRA CRSP July 2025,2026-05-20T12:50:34.557157
Daihatsu,Move Custom X,5BA-LA150S-GBVF,Cvt,2WD,658.0,Van,1100,4,Gasoline,2538548.3268,KRA CRSP July 2025,2026-05-20T12:50:34.557157
Daihatsu,Move Custom X,DBA-LA150S-GBVF,Cvt,2WD,658.0,Van,1100,4,Gasoline,2689452.7848,KRA CRSP July 2025,2026-05-20T12:50:34.557157
Daihatsu,"Move Custom X""Limited Sa Iii""",DBA-LA150S-GBVF,Cvt,2WD,658.0,Van,1100,4,Gasoline,2959404.093,KRA CRSP July 2025,2026-05-20T12:50:34.557157
Daihatsu,"Move Custom""Sa Iii""",5BA-LA150S-GBVF,Cvt,2WD,658.0,Van,1100,4,Gasoline,2538548.3268,KRA CRSP July 2025,2026-05-20T12:50:34.557157
Daihatsu,Move L,5BA-LA150S-GBMF,Cvt,2WD,658.0,Van,1090,4,Gasoline,2203205.0867999997,KRA CRSP July 2025,2026-05-20T12:50:34.557157
Daihatsu,Move L,DBA-LA150S-GBMF,Cvt,2WD,658.0,Van,1090,4,Gasoline,2203205.0867999997,KRA CRSP July 2025,2026-05-20T12:50:34.557157
Daihatsu,"Move L ""Sa Iii""",5BA-LA650-GBMF,Cvt,2WD,658.0,Van,1090,4,Gasoline,2206558.5192,KRA CRSP July 2025,2026-05-20T12:50:34.557157
Daihatsu,"Move L""Sa Iii""",DBA-LA150S-GBMF,Cvt,2WD,658.0,Van,1090,4,Gasoline,2196498.222,KRA CRSP July 2025,2026-05-20T12:50:34.557157
Daihatsu,Move Rs,3BA-LA150S-GBVZ,Cvt,2WD,658.0,Van,1070,4,Gasoline,2775803.6691,KRA CRSP July 2025,2026-05-20T12:50:34.557157
Daihatsu,Move X,5BA-LA50S-GBGF,Cvt,2WD,658.0,Van,1040,4,Gasoline,1978525.1160000002,KRA CRSP July 2025,2026-05-20T12:50:34.557157
Daihatsu,Move X,DBA-LA150S-GBGF,Cvt,2WD,658.0,Van,1040,4,Gasoline,1978525.1160000002,KRA CRSP July 2025,2026-05-20T12:50:34.557157
Daihatsu,"Move X""Sa Ii""",DBA-LA150S-GBGF,Cvt,2WD,658.0,Van,1040,4,Gasoline,1978525.1160000002,KRA CRSP July 2025,2026-05-20T12:50:34.557157
Daihatsu,Rocky G,5BA-A200S-GBSV,Cvt,2WD,996.0,Wagon,1255,5,Gasoline,3356785.8324,KRA CRSP July 2025,2026-05-20T12:50:34.557157
Daihatsu,Rocky G,5BA-A299S-GBSV,Cvt,2WD,996.0,Wagon,1255,5,Gasoline,3051623.484,KRA CRSP July 2025,2026-05-20T12:50:34.557157
Daihatsu,Rocky Premium G,5BA-A201S-GBSF,Cvt,2WD,1196.0,Wagon,1255,5,Gasoline,3467449.1016,KRA CRSP July 2025,2026-05-20T12:50:34.557157
Daihatsu,Rocky Premium G Hev,5AA-A202S-GBSH,Cvt,2WD,1196.0,Wagon,1345,5,Gasoline,3935252.9214,KRA CRSP July 2025,2026-05-20T12:50:34.557157
Daihatsu,Taft 2,2BA-LA900S-GBGF,Cvt,2WD,658.0,Wagon,1050,4,Gasoline,2489923.557,KRA CRSP July 2025,2026-05-20T12:50:34.557157
Daihatsu,Taft G,5BA-LA900S-GBGF,Cvt,2WD,658.0,Wagon,1050,4,Gasoline,2489923.557,KRA CRSP July 2025,2026-05-20T12:50:34.557157
Daihatsu,Taft G,6BA-LA900S-GBGF,Cvt,2WD,658.0,Wagon,1050,4,Gasoline,2263566.87,KRA CRSP July 2025,2026-05-20T12:50:34.557157
Daihatsu,Tant X,6BA-LA650S-GBLF,Cvt,2WD,658.0,Van,950,4,Gasoline,2783348.892,KRA CRSP July 2025,2026-05-20T12:50:34.557157
Daihatsu,Tanto,3BA-LA650S-GBLF,Cvt,2WD,658.0,Van,1170,4,Gasoline,2800116.0539999995,KRA CRSP July 2025,2026-05-20T12:50:34.557157
Daihatsu,Tanto  Sloper X,DBA-LA600S-GBLF,Cvt,2WD,658.0,Van,1200,4,Gasoline,2682745.92,KRA CRSP July 2025,2026-05-20T12:50:34.557157
Daihatsu,Tanto Custom Rs,5BA-LA650S-GBMZ,4At,2WD,658.0,Van,1190,4,Gasoline,3336665.2380000004,KRA CRSP July 2025,2026-05-20T12:50:34.557157
Daihatsu,Tanto Custom Rs,5BA-LA650S-GBVZ,Cvt,2WD,658.0,Van,1180,4,Gasoline,3403733.886,KRA CRSP July 2025,2026-05-20T12:50:34.557157
Daihatsu,Tanto Custom Rs,DBA-LA600S-GBVZ,Cvt,2WD,658.0,Van,1180,4,Gasoline,2716280.2440000004,KRA CRSP July 2025,2026-05-20T12:50:34.557157
Daihatsu,"Tanto Custom Rs ""Top Edition Sa Ii""",DBA-LA600S-GBVZ,Cvt,2WD,658.0,Van,1180,4,Gasoline,2716280.2440000004,KRA CRSP July 2025,2026-05-20T12:50:34.557157
Daihatsu,Tanto Custom Sloper Custom Rs,5BA-LA650S-GBMZ,Cvt,2WD,658.0,Van,1200,4,Gasoline,3495953.2770000002,KRA CRSP July 2025,2026-05-20T12:50:34.557157
Daihatsu,Tanto Custom Sloper X,DBA-A600S-GBMF,Cvt,2WD,658.0,Van,1210,4,Gasoline,3034856.322,KRA CRSP July 2025,2026-05-20T12:50:34.557157
Daihatsu,"Tanto Custom Sloper X""Sa Iii""",DBA-LA600S-GBMF,Cvt,2WD,658.0,Van,1210,4,Gasoline,2196498.222,KRA CRSP July 2025,2026-05-20T12:50:34.557157
Daihatsu,"Tanto Custom Welcome Seat X""Sa Iii""",DBA-LA600S-GBVF,Cvt,2WD,658.0,Van,1220,4,Gasoline,2875568.283,KRA CRSP July 2025,2026-05-20T12:50:34.557157
Daihatsu,Tanto Custom X,DBA-LA600S-GBVF,Cvt,2WD,658.0,Van,1220,4,Gasoline,3118692.132,KRA CRSP July 2025,2026-05-20T12:50:34.557157
Daihatsu,Tanto Funcross Turbo,5BA-LA650S-GBQZ,Cvt,2WD,658.0,Van,1160,4,Gasoline,3034017.9639000003,KRA CRSP July 2025,2026-05-20T12:50:34.557157
Daihatsu,Tanto Slope X,5BA-LA650S-GBLF,Cvt,2WD,658.0,Van,1180,4,Gasoline,3034856.322,KRA CRSP July 2025,2026-05-20T12:50:34.557157
Daihatsu,Tanto Sloper Custom Rs,5BA-LA650S-GBMZ,Cvt,2WD,658.0,Van,1190,4,Gasoline,3227678.685,KRA CRSP July 2025,2026-05-20T12:50:34.557157
Daihatsu,Tanto Sloper X,5BA-LA650S-GBLF,Cvt,2WD,658.0,Van,1180,5,Gasoline,2917486.1880000005,KRA CRSP July 2025,2026-05-20T12:50:34.557157
Daihatsu,Tanto Sloper X,6BA-LA650S-GBLF,Cvt,2WD,658.0,Van,1320,4,Gasoline,2800116.0539999995,KRA CRSP July 2025,2026-05-20T12:50:34.557157
Daihatsu,Tanto Sloper X,DBA-LA600S-GBLF,Cvt,2WD,658.0,Van,1200,4,Gasoline,2682745.92,KRA CRSP July 2025,2026-05-20T12:50:34.557157
Daihatsu,Tanto Welcome Seat Ift  Custom Rs,5BA-LA1650S-GBMF,Cvt,2WD,658.0,Van,1180,4,Gasoline,3277980.1710000006,KRA CRSP July 2025,2026-05-20T12:50:34.557157
Daihatsu,"Tanto Welcome Seat X""Sa Iii""",DBA-LA600S-GBGF,Cvt,2WD,658.0,Van,1210,4,Gasoline,2875568.283,KRA CRSP July 2025,2026-05-20T12:50:34.557157
Daihatsu,Tanto X,5BA-ALA650S-GBGF,Cvt,2WD,658.0,Van,1130,4,Gasoline,2582142.948,KRA CRSP July 2025,2026-05-20T12:50:34.557157
Daihatsu,Tanto X,DBA-LA600S-GBGF,Cvt,2WD,658.0,Van,1210,4,Gasoline,2766581.7300000004,KRA CRSP July 2025,2026-05-20T12:50:34.557157
Daihatsu,"Tanto X""Sa Ii""",DBA-LA600S-GBGF,Cvt,2WD,658.0,Van,1150,4,Gasoline,2204881.8030000003,KRA CRSP July 2025,2026-05-20T12:50:34.557157
Daihatsu,Tanto Xwlecome Seat Lift X,6BA-LA650S-GBVZ,Cvt,2WD,658.0,Van,1170,4,Gasoline,2833650.3780000005,KRA CRSP July 2025,2026-05-20T12:50:34.557157
Daihatsu,Thor  G,4BA-M900S-GBVJ,Cvt,2WD,996.0,Minivan,1385,5,Gasoline,3430561.3452000003,KRA CRSP July 2025,2026-05-20T12:50:34.557157
Daihatsu,Thor  G,5BA-M900S-GBGE,Cvt,2WD,996.0,Minivan,1355,5,Gasoline,2923354.6947000003,KRA CRSP July 2025,2026-05-20T12:50:34.557157
Daihatsu,Thor Custom G,4BA-M900S-GBVJ,Cvt,2WD,996.0,Minivan,1385,5,Gasoline,3118692.132,KRA CRSP July 2025,2026-05-20T12:50:34.557157
Daihatsu,Thor Custom G,5BA-M900S-GBVE,Cvt,2WD,996.0,Minivan,1365,5,Gasoline,3226001.9688,KRA CRSP July 2025,2026-05-20T12:50:34.557157
Daihatsu,Thor Custom G,DBA-M900S-GBVJ,Cvt,2WD,996.0,Minivan,1375,5,Gasoline,3051623.484,KRA CRSP July 2025,2026-05-20T12:50:34.557157
Daihatsu,"Thor Custom G Turbo ""Sa Ii""",DBA-M900S-GBVJ,Cvt,2WD,996.0,Minivan,1375,5,Gasoline,3051623.484,KRA CRSP July 2025,2026-05-20T12:50:34.557157
Daihatsu,Thor G,DBA-M900S-GBGE,Cvt,2WD,996.0,Minivan,1345,5,Gasoline,2625737.5692000003,KRA CRSP July 2025,2026-05-20T12:50:34.557157
Daihatsu,"Thor G""Sa Ii""",DBA-M900S-GBGE,Cvt,2WD,996.0,Minivan,1345,5,Gasoline,2615677.2720000003,KRA CRSP July 2025,2026-05-20T12:50:34.557157
Daihatsu,Wake G,3BA-LA700S-GBVZ,Cvt,2WD,658.0,Minivan,1240,4,Gasoline,2858801.121,KRA CRSP July 2025,2026-05-20T12:50:34.557157
Daihatsu,Wake G Turbo,DBA-LA700S-GBVZ,Cvt,2WD,658.0,Minivan,1240,4,Gasoline,2665978.758,KRA CRSP July 2025,2026-05-20T12:50:34.557157
Daihatsu,Wake G Turbo Leisure Edition,5BA-LA700S-GBVZ,Cvt,2WD,658.0,Minivan,1240,4,Gasoline,2665978.758,KRA CRSP July 2025,2026-05-20T12:50:34.557157
Daihatsu,"Wake G Turbo""Sa Ii""",DBA-LA700S-GBVZ,Cvt,2WD,658.0,Minivan,1240,4,Gasoline,2598910.11,KRA CRSP July 2025,2026-05-20T12:50:34.557157
Daihatsu,Wake Turbo,DBA-LA700S-GBVZ,Cvt,2WD,658.0,Minivan,1240,4,Gasoline,2665978.758,KRA CRSP July 2025,2026-05-20T12:50:34.557157
Dodge,Hornet Plug-In Hybrid R/T,,At,AWD,1300.0,Suv,,,Hybrid,6089550.53625,KRA CRSP July 2025,2026-05-20T12:50:34.557157
Dodge,Hornet Plug-In Hybrid R/T Plus,,At,AWD,1300.0,Suv,,,Hybrid,6089550.536250001,KRA CRSP July 2025,2026-05-20T12:50:34.557157
Dodge,Hornet Gt,,At,4WD,2000.0,Suv,,,Hybrid,4246015.696875,KRA CRSP July 2025,2026-05-20T12:50:34.557157
Dodge,Hornet Gt,,At,AWD,2000.0,Suv,,,Hybrid,4386026.37375,KRA CRSP July 2025,2026-05-20T12:50:34.557157
Dodge,Hornet Gt Plus,,At,4WD,2000.0,Suv,,,Hybrid,4881912.7528125,KRA CRSP July 2025,2026-05-20T12:50:34.557157
Dodge,Hornet Gt Plus,,At,AWD,2000.0,Suv,,,Hybrid,4386026.37375,KRA CRSP July 2025,2026-05-20T12:50:34.557157
Dodge,Durango Citadel,,At,RWD,3600.0,Suv,,,Hybrid,7562952.711562499,KRA CRSP July 2025,2026-05-20T12:50:34.557157
Dodge,Durango Citadel,,At,AWD,3600.0,Suv,,,Hybrid,8071816.581562499,KRA CRSP July 2025,2026-05-20T12:50:34.557157
Dodge,Durango Gt,,At,RWD,3600.0,Suv,,,Hybrid,5762371.539375,KRA CRSP July 2025,2026-05-20T12:50:34.557157
Dodge,Durango Gt,,At,AWD,3600.0,Suv,,,Hybrid,12428415.123750001,KRA CRSP July 2025,2026-05-20T12:50:34.557157
Dodge,Durango Gt,,At,AWD,3600.0,Suv,,,Hybrid,5628940.998750001,KRA CRSP July 2025,2026-05-20T12:50:34.557157
Dodge,Durango Gt,,At,AWD,3600.0,Suv,,,Hybrid,6142008.8446875,KRA CRSP July 2025,2026-05-20T12:50:34.557157
Dodge,Durango Gt Plus,,At,RWD,3600.0,Suv,,,Hybrid,6054639.2578125,KRA CRSP July 2025,2026-05-20T12:50:34.557157
Dodge,Durango Gt Plus,,At,AWD,3600.0,Suv,,,Hybrid,6274159.914375,KRA CRSP July 2025,2026-05-20T12:50:34.557157
Dodge,Durango Gt Plus,,At,AWD,3600.0,Suv,,,Hybrid,5921391.49875,KRA CRSP July 2025,2026-05-20T12:50:34.557157
Dodge,Durango Gt Premium,,At,RWD,3600.0,Suv,,,Hybrid,6605542.8871875,KRA CRSP July 2025,2026-05-20T12:50:34.557157
Dodge,Durango Gt Premium,,At,AWD,3600.0,Suv,,,Hybrid,6886112.585625,KRA CRSP July 2025,2026-05-20T12:50:34.557157
Dodge,Durango Sxt,,At,RWD,3600.0,Suv,,,Hybrid,5547603.2034375,KRA CRSP July 2025,2026-05-20T12:50:34.557157
Dodge,Durango Sxt,,At,AWD,3600.0,Suv,,,Hybrid,5861439.14625,KRA CRSP July 2025,2026-05-20T12:50:34.557157
Dodge,Durango Sxt Plus,,At,RWD,3600.0,Suv,,,Hybrid,5669701.2871875,KRA CRSP July 2025,2026-05-20T12:50:34.557157
Dodge,Durango Sxt Plus,,At,AWD,3600.0,Suv,,,Hybrid,5966904.1078125,KRA CRSP July 2025,2026-05-20T12:50:34.557157
Dodge,Charger Daytona R/T,,At,AWD,5700.0,Suv,,,Hybrid,10600416.7171875,KRA CRSP July 2025,2026-05-20T12:50:34.557157
Dodge,Charger Daytona R/T Scat Pack,,At,AWD,5700.0,Suv,,,Hybrid,11879887.6546875,KRA CRSP July 2025,2026-05-20T12:50:34.557157
Dodge,Durango R/T,,At,RWD,5700.0,Suv,,,Hybrid,7346356.5600000005,KRA CRSP July 2025,2026-05-20T12:50:34.557157
Dodge,Durango R/T,,At,AWD,5700.0,Suv,,,Hybrid,7480152.66375,KRA CRSP July 2025,2026-05-20T12:50:34.557157
Dodge,Durango R/T,,At,AWD,5700.0,Suv,,,Hybrid,5921391.49875,KRA CRSP July 2025,2026-05-20T12:50:34.557157
Dodge,Durango R/T 20Th Anniversary Plus,,At,AWD,5700.0,Suv,,,Hybrid,12428415.123750001,KRA CRSP July 2025,2026-05-20T12:50:34.557157
Dodge,Durango R/T 20Th Anniversary Plus,,At,AWD,5700.0,Suv,,,Hybrid,7310531.373750001,KRA CRSP July 2025,2026-05-20T12:50:34.557157
Dodge,Durango R/T 20Th Anniversary Premium,,At,AWD,5700.0,Suv,,,Hybrid,7310531.373750001,KRA CRSP July 2025,2026-05-20T12:50:34.557157
Dodge,Durango R/T Plus,,At,RWD,5700.0,Suv,,,Hybrid,7714661.4084375,KRA CRSP July 2025,2026-05-20T12:50:34.557157
Dodge,Durango R/T Plus,,At,AWD,5700.0,Suv,,,Hybrid,7958309.231249999,KRA CRSP July 2025,2026-05-20T12:50:34.557157
Dodge,Durango R/T Premium,,At,RWD,5700.0,Suv,,,Hybrid,7504279.83,KRA CRSP July 2025,2026-05-20T12:50:34.557157
Dodge,Durango R/T Premium,,At,AWD,5700.0,Suv,,,Hybrid,8303035.258125,KRA CRSP July 2025,2026-05-20T12:50:34.557157
Dodge,Durango R/T Premium,,At,AWD,5700.0,Suv,,,Hybrid,7310531.373750001,KRA CRSP July 2025,2026-05-20T12:50:34.557157
Dodge,Durango Srt Hellcat,,At,AWD,6200.0,Suv,,,Hybrid,7310531.373750001,KRA CRSP July 2025,2026-05-20T12:50:34.557157
Dodge,Durango Srt Hellcat Hammerhead,,At,AWD,6200.0,Suv,,,Hybrid,12428415.123750001,KRA CRSP July 2025,2026-05-20T12:50:34.557157
Dodge,Durango Srt Hellcat Plus,,At,AWD,6200.0,Suv,,,Hybrid,14970723.876562499,KRA CRSP July 2025,2026-05-20T12:50:34.557157
Dodge,Durango Srt Hellcat Premium,,At,AWD,6200.0,Suv,,,Hybrid,15251841.9196875,KRA CRSP July 2025,2026-05-20T12:50:34.557157
Dodge,Durango Srt Hellcat Silver Bullet,,At,AWD,6200.0,Suv,,,Hybrid,12428415.123750001,KRA CRSP July 2025,2026-05-20T12:50:34.557157
Dodge,Durango Srt 392,,At,AWD,6400.0,Suv,,,Hybrid,10713192.94125,KRA CRSP July 2025,2026-05-20T12:50:34.557157
Dodge,Durango Srt 392 Plus,,At,AWD,6400.0,Suv,,,Hybrid,11497508.6259375,KRA CRSP July 2025,2026-05-20T12:50:34.557157
Dodge,Durango Srt 392 Premium,,At,AWD,6400.0,Suv,,,Hybrid,11996136.7284375,KRA CRSP July 2025,2026-05-20T12:50:34.557157
Dodge,2C3Cdzbt3Mh58,2C3CDZFJ2JH30,At,2WD,6400.0,Coupe,,,Gasoline,14317969.075312499,KRA CRSP July 2025,2026-05-20T12:50:34.557157
Dodge,Charenger,2C3CDZBT4JH30,At,2WD,5700.0,Coupe,,,Gasoline,16155410.9023125,KRA CRSP July 2025,2026-05-20T12:50:34.557157
Dodge,Charenger,2C3CDZC90LH10,At,2WD,6200.0,Coupe,,,Gasoline,26290977.1093125,KRA CRSP July 2025,2026-05-20T12:50:34.557157
Dodge,Charenger,2C3CDZFJ0JH13,At,2WD,6400.0,Coupe,,,Gasoline,12658591.1673,KRA CRSP July 2025,2026-05-20T12:50:34.557157
Dodge,Charenger,2C3CDZFJ9KH62,At,2WD,6400.0,Coupe,,,Gasoline,15675552.1026,KRA CRSP July 2025,2026-05-20T12:50:34.557157
Dodge,Charenger,2C3CDZFJ4JH17,At,2WD,6400.0,Coupe,,,Gasoline,14779799.211937502,KRA CRSP July 2025,2026-05-20T12:50:34.557157
Dodge,Charenger,2C3CDZFJ4NH23,At,2WD,6400.0,Coupe,,,Gasoline,24122598.1790625,KRA CRSP July 2025,2026-05-20T12:50:34.557157
Dodge,Charenger,2C3CDZFJ8NH15,At,2WD,6400.0,Coupe,,,Gasoline,18520870.286587503,KRA CRSP July 2025,2026-05-20T12:50:34.557157
Dodge,Charenger,2C3CDZFJ9PH58,At,2WD,6400.0,Coupe,,,Gasoline,24640243.0808625,KRA CRSP July 2025,2026-05-20T12:50:34.557157
Dodge,Charenger,2C3CDZFJ1LH13,At,2WD,6400.0,Coupe,,,Gasoline,16241108.793975,KRA CRSP July 2025,2026-05-20T12:50:34.557157
Dodge,Charenger 392 Srt8,2C3CDZFJ9LH20,At,2WD,6400.0,Coupe,,,Gasoline,15264103.435425002,KRA CRSP July 2025,2026-05-20T12:50:34.557157
Dodge,Charenger 392 Srt8,2C3CDZFJ7MH57,At,2WD,6400.0,Coupe,,,Gasoline,16121082.352050003,KRA CRSP July 2025,2026-05-20T12:50:34.557157
Dodge,Charenger R/T,2C3CDZBTXKH65,Mt,2WD,5700.0,Coupe,,,Gasoline,11236055.559300002,KRA CRSP July 2025,2026-05-20T12:50:34.557157
Dodge,Charenger R/T,2C3CDZBT7MH59,At,2WD,5700.0,Coupe,,,Gasoline,15658264.343475003,KRA CRSP July 2025,2026-05-20T12:50:34.557157
Dodge,Charenger R/T,2C3CDZBT7KH65,At,2WD,5700.0,Coupe,,,Gasoline,11489691.682462499,KRA CRSP July 2025,2026-05-20T12:50:34.557157
Dodge,Charenger R/T,2C3CDZBT3MH58,At,2WD,5700.0,Coupe,,,Gasoline,17504350.0500375,KRA CRSP July 2025,2026-05-20T12:50:34.557157
Dodge,Charenger R/T,2C3CDZFJ9HH50,At,2WD,6400.0,Coupe,,,Gasoline,11580081.965887502,KRA CRSP July 2025,2026-05-20T12:50:34.557157
Dodge,Charenger R/T,2C3CDZFJXKH55,At,2WD,6400.0,Coupe,,,Gasoline,13375045.299037501,KRA CRSP July 2025,2026-05-20T12:50:34.557157
Dodge,Charenger R/T,2C3CDZFJXKH56,At,2WD,6400.0,Coupe,,,Gasoline,18466043.3933625,KRA CRSP July 2025,2026-05-20T12:50:34.557157
Dodge,Charenger R/T,2C3CDZFJ2MH55,At,2WD,6400.0,Coupe,,,Gasoline,17903697.285825003,KRA CRSP July 2025,2026-05-20T12:50:34.557157
Dodge,Charenger R/T,2C3CDZFJ0NH25,Mt,2WD,6400.0,Coupe,,,Gasoline,28459356.0395625,KRA CRSP July 2025,2026-05-20T12:50:34.557157
Dodge,Charenger R/T,2C3CDZFJ1PH58,At,2WD,6400.0,Coupe,,,Gasoline,29967589.539225005,KRA CRSP July 2025,2026-05-20T12:50:34.557157
Dodge,Charenger R/T,2C3CDZFJ0PH68,At,2WD,6400.0,Coupe,,,Gasoline,24725940.972525,KRA CRSP July 2025,2026-05-20T12:50:34.557157
Dodge,Charenger R/T,2C3CDZFJ3PH67,At,2WD,6400.0,D/Cab,,,Gasoline,21263449.787775002,KRA CRSP July 2025,2026-05-20T12:50:34.557157
Dodge,Charenger R/T,2C3CDZF2PH68*,At,2WD,6400.0,Coupe,,,Gasoline,21263449.787775002,KRA CRSP July 2025,2026-05-20T12:50:34.557157
Dodge,Charenger R/T Plus,2C3CDZBT6KH57,At,2WD,5700.0,Coupe,,,Gasoline,12432368.49075,KRA CRSP July 2025,2026-05-20T12:50:34.557157
Dodge,Charenger R/T Plus,2C3CDZBT0KH52,At,2WD,5700.0,Coupe,,,Gasoline,13549898.6341875,KRA CRSP July 2025,2026-05-20T12:50:34.557157
Dodge,Charenger R/T Plus,2C3CDZBT0MH56,At,2WD,5700.0,Coupe,,,Gasoline,16241108.793975,KRA CRSP July 2025,2026-05-20T12:50:34.557157
Dodge,Charenger R/T Plus,2C3CDZBT3NH21,At,2WD,5700.0,Coupe,,,Gasoline,15298431.9856875,KRA CRSP July 2025,2026-05-20T12:50:34.557157
Dodge,Charenger R/T Plus,H60,Mt,2WD,5700.0,Coupe,,,Gasoline,12658591.1673,KRA CRSP July 2025,2026-05-20T12:50:34.557157
Dodge,Charenger R/T Plus,2C3CDZBT8PH65,At,2WD,5700.0,Coupe,,,Gasoline,15486868.560150001,KRA CRSP July 2025,2026-05-20T12:50:34.557157
Dodge,Charenger Srt Hellca,2C3CDZC96PH54,At,2WD,6200.0,Coupe,,,Gasoline,29609485.95735,KRA CRSP July 2025,2026-05-20T12:50:34.557157
Dodge,Charenger Srt Hellcat,2C3CDZL97KH53,At,2WD,6100.0,Coupe,,,Gasoline,33776329.84245001,KRA CRSP July 2025,2026-05-20T12:50:34.557157
Dodge,Charenger Srt Hellcat,2C3CDZC96GH15,At,2WD,6200.0,Coupe,,,Gasoline,14419719.886162503,KRA CRSP July 2025,2026-05-20T12:50:34.557157
Dodge,Charenger Srt Hellcat,2C3CDZC90KH58,At,2WD,6200.0,Coupe,,,Gasoline,21143423.345850002,KRA CRSP July 2025,2026-05-20T12:50:34.557157
Dodge,Charenger Srt Hellcat,2C3CDZC95KH61,At,2WD,6200.0,Coupe,,,Gasoline,23011736.171287503,KRA CRSP July 2025,2026-05-20T12:50:34.557157
Dodge,Charenger Srt Hellcat,2C3CDZL97MH62,At,2WD,6200.0,Coupe,,,Gasoline,34681467.516637504,KRA CRSP July 2025,2026-05-20T12:50:34.557157
Dodge,Charenger Srt Hellcat,2C3CDZC94LH25,At,2WD,6200.0,Coupe,,,Gasoline,25668617.780812502,KRA CRSP July 2025,2026-05-20T12:50:34.557157
Dodge,Charenger Srt Hellcat,2C3CDZC9XPH52,A,2WD,6200.0,Coupe,,,Gasoline,34681467.516637504,KRA CRSP July 2025,2026-05-20T12:50:34.557157
Dodge,Charenger Srt Hellcat,2C3CDZC96PH62,At,2WD,6200.0,Coupe,,,Gasoline,32216480.0334,KRA CRSP July 2025,2026-05-20T12:50:34.557157
Dodge,Charenger Srt Hellcat,2C3CDZC91PH69,At,2WD,6200.0,Coupe,,,Gasoline,31873688.466749996,KRA CRSP July 2025,2026-05-20T12:50:34.557157
Dodge,Charenger Sxt,2C3CDZAGXHH56,At,2WD,3600.0,Coupe,,,Gasoline,6677767.4140125,KRA CRSP July 2025,2026-05-20T12:50:34.557157
Dodge,Charenger Sxt,2C3CDZAG6KH53,At,2WD,3600.0,Coupe,,,Gasoline,7584880.8321,KRA CRSP July 2025,2026-05-20T12:50:34.557157
Dodge,Charenger Sxt,2C3CDZAG9LH11,At,2WD,3600.0,Coupe,,,Gasoline,8284294.172700003,KRA CRSP July 2025,2026-05-20T12:50:34.557157
Dodge,Charenger Sxt,2C3CDZAG8JH30,At,2WD,3600.0,Coupe,,,Gasoline,7567840.0409625005,KRA CRSP July 2025,2026-05-20T12:50:34.557157
Dodge,Charenger Sxt Plus,2C3CDZAG6GH10,At,2WD,3600.0,Coupe,,,Gasoline,9453193.6575375,KRA CRSP July 2025,2026-05-20T12:50:34.557157
Dodge,Charenger Sxt Plus,2C3CDZAG5MH66,At,2WD,3600.0,Coupe,,,Gasoline,10169894.757262502,KRA CRSP July 2025,2026-05-20T12:50:34.557157
Dodge,Charger,2C3CDXL99MH61,At,2WD,6200.0,Coupe,,,Gasoline,34153449.95936251,KRA CRSP July 2025,2026-05-20T12:50:34.557157
Dodge,Charger,2C3CDXL99PH58,At,2WD,6200.0,Coupe,,,Gasoline,39604280.411475,KRA CRSP July 2025,2026-05-20T12:50:34.557157
Dodge,Charger,2C3CDXEJ1JH29,At,2WD,6400.0,Coupe,,,Gasoline,13601514.943575002,KRA CRSP July 2025,2026-05-20T12:50:34.557157
Dodge,Charger,2C3CDXGJXPH63,At,2WD,6400.0,Coupe,,,Gasoline,22463220.27105,KRA CRSP July 2025,2026-05-20T12:50:34.557157
Dodge,Charger Sxt,2C3CDXHG6JH17,At,2WD,3600.0,Sedan,,,Gasoline,8322080.2747875005,KRA CRSP July 2025,2026-05-20T12:50:34.557157
Dodge,Charger Sxt,2C3CDXJG0KH74,At,2WD,3600.0,Coupe,,,Gasoline,11664545.0176125,KRA CRSP July 2025,2026-05-20T12:50:34.557157
Dodge,Durango,1C4SDJGJ0JC46,At,4WD,6400.0,Suv,,,Gasoline,14784244.6357125,KRA CRSP July 2025,2026-05-20T12:50:34.557157
Dodge,Durango Citadel,1C4SDJET5KC82,At,2WD,5700.0,Suv,,,Gasoline,9641877.1999875,KRA CRSP July 2025,2026-05-20T12:50:34.557157
Dodge,Durango Rt,1C4SDJCT9KC77,At,4WD,5700.0,Suv,,,Gasoline,10841647.683262503,KRA CRSP July 2025,2026-05-20T12:50:34.557157
Dodge,Ram,1C6RREFT9KN55,At,2WD,5700.0,D/Cab,,,Gasoline,13014965.9732625,KRA CRSP July 2025,2026-05-20T12:50:34.557157
Dodge,Ram,1C6SRFLT1KN83,At,2WD,5700.0,D/Cab,,,Gasoline,15260645.883600002,KRA CRSP July 2025,2026-05-20T12:50:34.557157
Dodge,Ram Base Grade,2B6HB21Y9LK71,At,2WD,5200.0,Wagon,,,Gasoline,4328113.9809375,KRA CRSP July 2025,2026-05-20T12:50:34.557157
Dodge,Ram Raramy,1C6RR7PT7HS81,At,4WD,5700.0,Coupe,,,Gasoline,8887636.966162499,KRA CRSP July 2025,2026-05-20T12:50:34.557157
Dodge,Ram Raramy,1C6SRFJT8KN72,At,2WD,5700.0,D/Cab,,,Gasoline,14695089.192225002,KRA CRSP July 2025,2026-05-20T12:50:34.557157
Dongfeng,Fengshen E70,,At,FWD,50.0,Sedan,1600,5,Electric,3482881.874999999,KRA CRSP July 2025,2026-05-20T12:50:34.557157
Dongfeng,Forthing T5 Evo,,At,FWD,1500.0,Suv,1700,5,Petrol,3869868.749999999,KRA CRSP July 2025,2026-05-20T12:50:34.557157
Dongfeng,Fengon E3 Ev,,At,FWD,53.0,Suv,1800,5,Electric,3905049.374999999,KRA CRSP July 2025,2026-05-20T12:50:34.557157
Dongfeng,Ex1 Nano Box,,At,FWD,33.0,Suv,1200,4,Electric,1583128.1249999995,KRA CRSP July 2025,2026-05-20T12:50:34.557157
Dongfeng,Eπ 007,,At,RWD/AWD,28.0,Sedan,2300,5,Electric,4221674.999999999,KRA CRSP July 2025,2026-05-20T12:50:34.557157
Dongfeng,Nammi 01,,At,FWD,31.0,Hatchback,1500,5,Electric,2005295.6249999995,KRA CRSP July 2025,2026-05-20T12:50:34.557157
Dongfeng,Lingxi L,,At,FWD,59.0,Sedan,1700,5,Electric,3482881.874999999,KRA CRSP July 2025,2026-05-20T12:50:34.557157
Dongfeng,Eπ 008,,At,RWD/AWD,34.0,Suv,2600,5–6,Electric,4327216.874999999,KRA CRSP July 2025,2026-05-20T12:50:34.557157
Dongfeng,Aeolus Sky Ev01,,At,FWD,50.0,Suv,2000,5,Electric,4010591.249999999,KRA CRSP July 2025,2026-05-20T12:50:34.557157
Dongfeng,Forthing Xinghai S7,,At,FWD,,Sedan,2000,5,Electric,4854926.249999999,KRA CRSP July 2025,2026-05-20T12:50:34.557157
Eicher,Pro 6042Ht Truck,MAN,4Wd,260 HP,,3,,,Diesel,7925408.550000002,KRA CRSP July 2025,2026-05-20T12:50:34.557157
Eicher,Pro 60,MAN,4Wd,,,3,,,Diesel,8334839.250000002,KRA CRSP July 2025,2026-05-20T12:50:34.557157
Eicher,Pro 6028,MAN,4Wd,,,3,,,Diesel,6770229.075000001,KRA CRSP July 2025,2026-05-20T12:50:34.557157
Eicher,Pro 6019,MAN,4Wd,,,3,,,Diesel,5907500.100000001,KRA CRSP July 2025,2026-05-20T12:50:34.557157
Eicher,Pro 6035T,MAN,4Wd,191HP,,3,,,Diesel,7157725.987500001,KRA CRSP July 2025,2026-05-20T12:50:34.557157
Eicher,Pro 6035Tm,MAN,4Wd,191HP,,3,,,Diesel,5980612.725000001,KRA CRSP July 2025,2026-05-20T12:50:34.557157
Eicher,Pro 6042Ht,MAN,4Wd,260 HP,,3,,,Diesel,7925408.550000002,KRA CRSP July 2025,2026-05-20T12:50:34.557157
Eicher,Pro 8028Xm,MAN,4Wd,258HP,,3,,,Diesel,10279635.075,KRA CRSP July 2025,2026-05-20T12:50:34.557157
Eicher,Pro 8035Xm,MAN,4Wd,258HP,,3,,,Diesel,13174895.025000002,KRA CRSP July 2025,2026-05-20T12:50:34.557157
Eicher,Pro 6019T,MAN,4Wd,154.5HP,,3,,,Diesel,6214573.125,KRA CRSP July 2025,2026-05-20T12:50:34.557157
Eicher,Pro 6028T,MAN,4Wd,191HP,,3,,,Diesel,8758892.475000001,KRA CRSP July 2025,2026-05-20T12:50:34.557157
Eicher,Icher Pro 6055 4X2,MAN,4Wd,191HP,,3,,,Diesel,7309800.2475000005,KRA CRSP July 2025,2026-05-20T12:50:34.557157
Eicher,Pro 8055,MAN,4Wd,248HP,,3,,,Diesel,8709175.89,KRA CRSP July 2025,2026-05-20T12:50:34.557157
Eicher,Pro 2049,MAN,4Wd,75HP,,3,,,Diesel,2149511.1750000003,KRA CRSP July 2025,2026-05-20T12:50:34.557157
Eicher,Pro 2049Cng,MAN,4Wd,75HP,,3,,,Diesel,2193378.75,KRA CRSP July 2025,2026-05-20T12:50:34.557157
Eicher,Pro 2050,MAN,4Wd,285HP,,3,,,Diesel,2778279.7500000005,KRA CRSP July 2025,2026-05-20T12:50:34.557157
Eicher,Pro 2055,MAN,4Wd,70HP,,3,,,Diesel,2705167.125,KRA CRSP July 2025,2026-05-20T12:50:34.557157
Eicher,Pro 2050 Cng,MAN,4Wd,285HP,,3,,,Diesel,2807524.8000000003,KRA CRSP July 2025,2026-05-20T12:50:34.557157
Eicher,Pro 2055Dsd,MAN,4Wd,90HP,,3,,,Diesel,2807524.8000000003,KRA CRSP July 2025,2026-05-20T12:50:34.557157
Eicher,Pro 2055K,MAN,4Wd,75HP,,3,,,Diesel,2582337.915,KRA CRSP July 2025,2026-05-20T12:50:34.557157
Eicher,Pro 2059,MAN,4Wd,70HP,,3,,,Diesel,2573564.4000000004,KRA CRSP July 2025,2026-05-20T12:50:34.557157
Eicher,Pro 2059 Cng,MAN,4Wd,70HP,,3,,,Diesel,2529696.825,KRA CRSP July 2025,2026-05-20T12:50:34.557157
Eicher,Pro 2059Xp,MAN,4Wd,90HP,,3,,,Diesel,3091201.785,KRA CRSP July 2025,2026-05-20T12:50:34.557157
Eicher,Pro 2059Xp Cng,MAN,4Wd,70HP,,3,,,Diesel,2968372.575,KRA CRSP July 2025,2026-05-20T12:50:34.557157
Eicher,Pro 2075,MAN,4Wd,90HP,,3,,,Diesel,3692187.5625,KRA CRSP July 2025,2026-05-20T12:50:34.557157
Eicher,Pro 2075 Cng,MAN,4Wd,70HP,,3,,,Diesel,3216955.5,KRA CRSP July 2025,2026-05-20T12:50:34.557157
Eicher,Pro 2080Xp,MAN,4Wd,90HP,,3,,,Diesel,3392425.8000000003,KRA CRSP July 2025,2026-05-20T12:50:34.557157
Eicher,Pro 2090,MAN,4Wd,90HP,,3,,,Diesel,3524028.5250000004,KRA CRSP July 2025,2026-05-20T12:50:34.557157
Eicher,Pro 2095,MAN,4Wd,90HP,,3,,,Diesel,3582518.625,KRA CRSP July 2025,2026-05-20T12:50:34.557157
Eicher,Pro 2095Xp,MAN,4Wd,90HP,,3,,,Diesel,3443604.6375,KRA CRSP July 2025,2026-05-20T12:50:34.557157
Eicher,2095Xp Cng,MAN,4Wd,70HP,,3,,,Diesel,3719970.3600000003,KRA CRSP July 2025,2026-05-20T12:50:34.557157
Faw,Caminhão Tipper Ca3312P2K2 Hlq,,Mt,8X4,340.0,Trk,80000,,Diesel,10533517.5,KRA CRSP July 2025,2026-05-20T12:50:34.557157
Faw,Back Dumper Ca3252P2K2 J5P,,Mt,6X4,7700.0,Trk,,,Diesel,6360412.8,KRA CRSP July 2025,2026-05-20T12:50:34.557157
Faw,Ca3310P6,,Mt,8X4,8600.0,Trk,,,Diesel,11943038.68,KRA CRSP July 2025,2026-05-20T12:50:34.557157
Faw,Ca3120Pk,,Mt,4X4,8600.0,Trk,,,Diesel,5343088.75,KRA CRSP July 2025,2026-05-20T12:50:34.557157
Faw,Ca6371,,Mt,4X4,7100.0,Van,,,Diesel,1125000.0,KRA CRSP July 2025,2026-05-20T12:50:34.557157
Faw,Ca1024V Mini,,Mt,4X4,1100.0,S/Cab,,,Diesel,840000.0,KRA CRSP July 2025,2026-05-20T12:50:34.557157
Faw,Ca1021 Dja Admiral,,Mt,4X4,970.0,S/Cab,,,Diesel,2543220.0,KRA CRSP July 2025,2026-05-20T12:50:34.557157
Faw,Ca1021 Dja Admiral,,Mt,4X4,970.0,Double  Cab,,,Diesel,2949180.0,KRA CRSP July 2025,2026-05-20T12:50:34.557157
Faw,Bq2023 Grand Tiger,,Mt,4X4,2237.0,Double  Cab,,,Diesel,3963600.0,KRA CRSP July 2025,2026-05-20T12:50:34.557157
Faw,Ca1223,,Mt,6X4,2237.0,Trk,,,Diesel,5040000.0,KRA CRSP July 2025,2026-05-20T12:50:34.557157
Faw,Ca3250,,Mt,6X4,,Tipper,,,Diesel,6960000.0,KRA CRSP July 2025,2026-05-20T12:50:34.557157
Faw,Ca3320,,Mt,6X4,8000.0,Tipper,,,Diesel,7440000.0,KRA CRSP July 2025,2026-05-20T12:50:34.557157
Faw,Ca1041K2L2Y,,Mt,6X4,6557.0,Trk,,,Diesel,1680000.0,KRA CRSP July 2025,2026-05-20T12:50:34.557157
Faw,Ca1075 Chassis Only,,Mt,4X4,3168.0,Trk,,,Diesel,1980000.0,KRA CRSP July 2025,2026-05-20T12:50:34.557157
Faw,Ca1081 Faw Fighter Chassis Only,,Mt,4X4,,Trk,,,Diesel,2990000.0,KRA CRSP July 2025,2026-05-20T12:50:34.557157
Faw,Ca1170,,Mt,6X2,,Trk,,,Diesel,5460000.0,KRA CRSP July 2025,2026-05-20T12:50:34.557157
Faw,Ca1320 Cement Mixer J5P,,Mt,6X4,,Mixer,,,Diesel,7200000.0,KRA CRSP July 2025,2026-05-20T12:50:34.557157
Faw,Ca1311,,Mt,8*4,,Trk,,,Diesel,6875000.0,KRA CRSP July 2025,2026-05-20T12:50:34.557157
Faw,Ca1083 Tanker,,Mt,4X4,280.0,Trk,,,Diesel,2520000.0,KRA CRSP July 2025,2026-05-20T12:50:34.557157
Faw,Ca1074 Fbu,,Mt,4X4,140.0,Bus,,,Diesel,5165580.0,KRA CRSP July 2025,2026-05-20T12:50:34.557157
Faw,Ca1074 Chassis Cab,,Mt,4X4,3857.0,Bus,,,Diesel,3360000.0,KRA CRSP July 2025,2026-05-20T12:50:34.557157
Faw,Ca6680,,Mt,4X4,3857.0,Bus,,,Diesel,9545117.5,KRA CRSP July 2025,2026-05-20T12:50:34.557157
Faw,Ca1044,,Mt,,6842.0,Bus,,,Diesel,5366256.0,KRA CRSP July 2025,2026-05-20T12:50:34.557157
Faw,Ca1081,,Mt,4X4,,Bus,,,Diesel,7300603.2,KRA CRSP July 2025,2026-05-20T12:50:34.557157
Faw,Ca1083,,Mt,4X4,,Bus,,,Diesel,7084808.75,KRA CRSP July 2025,2026-05-20T12:50:34.557157
Faw,Xq6751Tq2 Luxury Bus,,Mt,4X4,,Bus,,,Diesel,7487798.399999999,KRA CRSP July 2025,2026-05-20T12:50:34.557157
Faw,Xq6100Mh2 Luxury Bus,,Mt,4X4,,Bus,,,Diesel,14850800.4,KRA CRSP July 2025,2026-05-20T12:50:34.557157
Faw,Ca6413 Sirus,,Mt,2WD,,Sal,,,Diesel,3556704.0,KRA CRSP July 2025,2026-05-20T12:50:34.557157
Faw,Ca1170,,Mt,6X4,,Trk,,,Diesel,7051010.399999999,KRA CRSP July 2025,2026-05-20T12:50:34.557157
Faw,Ca1223 Long Chassis,,Mt,6X4,,Trk,,,Diesel,8610968.4,KRA CRSP July 2025,2026-05-20T12:50:34.557157
Faw,Ca1311,,Mt,8X4,,Trk,,,Diesel,11049702.5,KRA CRSP July 2025,2026-05-20T12:50:34.557157
Faw,Ca1128,,Mt,4X4,280.0,Tipper,,,Diesel,6551823.6,KRA CRSP July 2025,2026-05-20T12:50:34.557157
Faw,Ca3223,,Mt,6X4,,Tipper,,,Diesel,9234951.6,KRA CRSP July 2025,2026-05-20T12:50:34.557157
Faw,Ca3075,,Mt,4X4,230.0,Tipper,,,Diesel,5459852.5,KRA CRSP July 2025,2026-05-20T12:50:34.557157
Faw,Ca3120,,Mt,4X4,130.0,Tipper,,,Diesel,7051010.399999999,KRA CRSP July 2025,2026-05-20T12:50:34.557157
Faw,Ca4258 J5,,Mt,6X4,290.0,Pm,,,Diesel,10046130.0,KRA CRSP July 2025,2026-05-20T12:50:34.557157
Faw,Ca4250 J6,,Mt,6X4,420.0,Pm,,,Diesel,10482918.0,KRA CRSP July 2025,2026-05-20T12:50:34.557157
Faw,Ca4322P2K15Tia82,,Mt,,420.0,Pm,,,Diesel,9234951.6,KRA CRSP July 2025,2026-05-20T12:50:34.557157
Faw,Ca4161,,Mt,6*4,380.0,Pm,,,Diesel,8486172.0,KRA CRSP July 2025,2026-05-20T12:50:34.557157
Faw,Ca4080,,Mt,4X4,280.0,Trk,,,Diesel,4867069.2,KRA CRSP July 2025,2026-05-20T12:50:34.557157
Faw,Ca1120 Swb,,Mt,4X4,,Trk,,,Diesel,6239832.0,KRA CRSP July 2025,2026-05-20T12:50:34.557157
Faw,Ca1120 Lwb,,Mt,4X4,,Trk,,,Diesel,6427027.2,KRA CRSP July 2025,2026-05-20T12:50:34.557157
Faw,Ca1150 Lwb,,Mt,4X4,,Trk,,,Diesel,6824816.25,KRA CRSP July 2025,2026-05-20T12:50:34.557157
Faw,Ca5150 Cement Mixer 3.5M,,Mt,4X4,,Trk,,,Diesel,8059782.5,KRA CRSP July 2025,2026-05-20T12:50:34.557157
Faw,Ca5250 Cement Mixer 8 Cbm,,Mt,6X4,,Trk,,,Diesel,11762082.8,KRA CRSP July 2025,2026-05-20T12:50:34.557157
Faw,Ca 2160 Fighter,,Mt,4X4,,Trk,,,Diesel,21277827.599999998,KRA CRSP July 2025,2026-05-20T12:50:34.557157
Ferrari,Ferrari 488 Gtb Base Grade,ZFF79AMJ00023,At,2wd,3900.0,Coupe,,,Gasoline,58665269.686725006,KRA CRSP July 2025,2026-05-20T12:50:34.557157
Ferrari,Ferrari 488 Spider Base Grade,ZFF80AMJ00023,At,2wd,3900.0,Convertible,,,Gasoline,53517715.92326251,KRA CRSP July 2025,2026-05-20T12:50:34.557157
Ferrari,Ferrari 488 Spider,ZFF80AMC00023,At,2wd,3900.0,Convertible,,,Gasoline,59287382.0472375,KRA CRSP July 2025,2026-05-20T12:50:34.557157
Ferrari,Ferrari 812 Superfast Base Grade,ZFF83CMJ00023,At,2wd,6500.0,Coupe,,,Gasoline,70921056.06641251,KRA CRSP July 2025,2026-05-20T12:50:34.557157
Ferrari,Ferrari Gtc4 Lusso Base Grade,ABA-F151BME,At,2wd,3900.0,Coupe,,,Gasoline,48037743.248625,KRA CRSP July 2025,2026-05-20T12:50:34.557157
Ferrari,Ferrari Gtc4 Lusso,ABA-F151BME,At,2wd,6300.0,Coupe,,,Gasoline,47523555.89865,KRA CRSP July 2025,2026-05-20T12:50:34.557157
Ferrari,Ferrari 488Pista Base Grade,ZFF90HMJ00024,At,2wd,3900.0,Coupe,,,Gasoline,117606402.61548753,KRA CRSP July 2025,2026-05-20T12:50:34.557157
Ferrari,Ferrari 488Pista Spider Base Grade,ZFF91HMJ00024,At,2wd,3900.0,Convertible,,,Gasoline,169571183.83335,KRA CRSP July 2025,2026-05-20T12:50:34.557157
Ferrari,Ferrari 488 Spider Base Grade,ABA-F142B,At,2wd,3900.0,Convertible,,,Gasoline,69695353.94445,KRA CRSP July 2025,2026-05-20T12:50:34.557157
Ferrari,Ferrari 812 Superfast Base Grade,ZFF83CMJ00024,At,2wd,6500.0,Coupe,,,Gasoline,75125686.05360001,KRA CRSP July 2025,2026-05-20T12:50:34.557157
Ferrari,Ferrari 812 Superfast,ZFF83CMJ00024,At,2wd,6500.0,Coupe,,,Gasoline,78613861.90904999,KRA CRSP July 2025,2026-05-20T12:50:34.557157
Ferrari,Ferrari Portofino Base Grade,ZFF89FPC00024,At,2wd,3900.0,Convertible,,,Gasoline,47729280.2322375,KRA CRSP July 2025,2026-05-20T12:50:34.557157
Ferrari,Ferrari Gtc4 Lusso T,ABA-F151CME,At,2wd,3900.0,Coupe,,,Gasoline,37034578.5015375,KRA CRSP July 2025,2026-05-20T12:50:34.557157
Ferrari,Ferrari Portofino,ABA-F164BCA,At,2wd,3900.0,Convertible,,,Gasoline,56402548.985249996,KRA CRSP July 2025,2026-05-20T12:50:34.557157
Ferrari,Ferrari F8 Spider,7BA-F142CE,At,2wd,3900.0,Convertible,,,Gasoline,82148467.74615002,KRA CRSP July 2025,2026-05-20T12:50:34.557157
Ferrari,Ferrari F8 Tributo Base Grade,F142CE,At,2wd,3900.0,Coupe,,,Gasoline,69978379.25812499,KRA CRSP July 2025,2026-05-20T12:50:34.557157
Ferrari,Ferrari Sf90 Stradale Base Grade,7LA-173H,At,2wd,4000.0,Coupe,,,Plug-In Hybrid,101174881.50315002,KRA CRSP July 2025,2026-05-20T12:50:34.557157
Ferrari,Ferrari F8 Tributo,,At,2wd,3900.0,Coupe,,,Gasoline,84033821.36272502,KRA CRSP July 2025,2026-05-20T12:50:34.557157
Ferrari,Ferrari Portofino M Base Grade,7BA-F164BCA,At,2wd,3900.0,Convertible,,,Gasoline,58665269.686725006,KRA CRSP July 2025,2026-05-20T12:50:34.557157
Ferrari,Ferrari Portofino M,7BA-F164BCA,At,2wd,3900.0,Convertible,,,Gasoline,60036435.95332501,KRA CRSP July 2025,2026-05-20T12:50:34.557157
Ferrari,Ferrari Roma,7BA-F164BAA,At,2wd,3900.0,Coupe,,,Gasoline,69035455.48185,KRA CRSP July 2025,2026-05-20T12:50:34.557157
Ferrari,Ferrari Sf90 Spider,7LA-173H,At,2wd,4000.0,Convertible,,,Gasoline,109762699.33248751,KRA CRSP July 2025,2026-05-20T12:50:34.557157
Ferrari,Ferrari Sf90 Stradale,7LA-173H,At,2wd,4000.0,Convertible,,,Plug-In Hybrid,94318556.234175,KRA CRSP July 2025,2026-05-20T12:50:34.557157
Ferrari,Ferrari F8 Spider Base Grade,7BA-F142CE,At,2wd,3900.0,Convertible,,,Gasoline,99203829.9949125,KRA CRSP July 2025,2026-05-20T12:50:34.557157
Ferrari,Ferrari Roma Base Grade,7BA-F164BAA,At,2wd,3900.0,Coupe,,,Gasoline,61116426.9626625,KRA CRSP July 2025,2026-05-20T12:50:34.557157
Ferrari,Ferrari 296Gtb Base Grade,ZFF99SMJ00030,At,2wd,3000.0,Coupe,,,Plug-In-Hybrid,66716426.079225,KRA CRSP July 2025,2026-05-20T12:50:34.557157
Ferrari,Ferrari 296Gtb,ZFF99SMJ00031,At,2wd,3000.0,Coupe,,,Plug-In-Hybrid,92432955.64961249,KRA CRSP July 2025,2026-05-20T12:50:34.557157
Ferrari,Ferrari 296Gts Base Grade,ZFF01SMJ00030,At,2wd,3000.0,Convertible,,,Plug-In-Hybrid,111874275.62561251,KRA CRSP July 2025,2026-05-20T12:50:34.557157
Ferrari,Ferrari 296Gts,ZFF01SMJ00030,At,2wd,3000.0,Convertible,,,Plug-In-Hybrid,84033821.36272502,KRA CRSP July 2025,2026-05-20T12:50:34.557157
Ferrari,Ferrari Sf90 Spider Base Grade,7LA-173H,At,2wd,4000.0,Convertible,,,Gasoline,127914846.4137375,KRA CRSP July 2025,2026-05-20T12:50:34.557157
Ferrari,296Gtb,ZFF99SMJ00031,At,2WD,3000.0,Coupe,,,Plug-In Hybrid,115541194.56201562,KRA CRSP July 2025,2026-05-20T12:50:34.557157
Ferrari,296Gtb Base Grade,ZFF99SMJ00030,At,2WD,3000.0,Coupe,,,Plug-In Hybrid,83395532.59903125,KRA CRSP July 2025,2026-05-20T12:50:34.557157
Ferrari,296Gts,ZFF01SMJ00030,At,2WD,3000.0,Convertible,,,Plug-In Hybrid,105042276.70340624,KRA CRSP July 2025,2026-05-20T12:50:34.557157
Ferrari,296Gts Base Grade,ZFF01SMJ00030,At,2WD,3000.0,Convertible,,,Plug-In Hybrid,139842844.53201565,KRA CRSP July 2025,2026-05-20T12:50:34.557157
Ferrari,488 Spider,ZFF80AMC00023,At,2WD,3900.0,Convertible,,,Gasoline,169392520.13496435,KRA CRSP July 2025,2026-05-20T12:50:34.557157
Ferrari,488 Spider Base Grade,ABA-F142B,At,2WD,3900.0,Convertible,,,Gasoline,174238384.861125,KRA CRSP July 2025,2026-05-20T12:50:34.557157
Ferrari,488Pista Base Grade,ZFF90HMJ00024,At,2WD,3900.0,Coupe,,,Gasoline,294016006.53871876,KRA CRSP July 2025,2026-05-20T12:50:34.557157
Ferrari,488Pista Spider Base Grade,ZFF91HMJ00024,At,2WD,3900.0,Convertible,,,Gasoline,423927959.583375,KRA CRSP July 2025,2026-05-20T12:50:34.557157
Ferrari,812 Superfast,ZFF83CMJ00024,At,2WD,6500.0,Coupe,,,Gasoline,196534654.772625,KRA CRSP July 2025,2026-05-20T12:50:34.557157
Ferrari,812 Superfast Base Grade,ZFF83CMJ00023,At,2WD,6500.0,Coupe,,,Gasoline,202631588.7611786,KRA CRSP July 2025,2026-05-20T12:50:34.557157
Ferrari,812 Superfast Base Grade,ZFF83CMJ00024,At,2WD,6500.0,Coupe,,,Gasoline,187814215.134,KRA CRSP July 2025,2026-05-20T12:50:34.557157
Ferrari,F8 Spider,7BA-F142CE,At,2WD,3900.0,Convertible,,,Gasoline,164296935.49230003,KRA CRSP July 2025,2026-05-20T12:50:34.557157
Ferrari,F8 Spider Base Grade,7BA-F142CE,At,2WD,3900.0,Convertible,,,Gasoline,141719757.1355893,KRA CRSP July 2025,2026-05-20T12:50:34.557157
Ferrari,F8 Tributo,,At,2WD,3900.0,Coupe,,,Gasoline,140056368.93787503,KRA CRSP July 2025,2026-05-20T12:50:34.557157
Ferrari,F8 Tributo Base Grade,F142CE,At,2WD,3900.0,Coupe,,,Gasoline,139956758.51624998,KRA CRSP July 2025,2026-05-20T12:50:34.557157
Ferrari,Gtc4 Lusso,ABA-F151BME,At,2WD,6300.0,Coupe,,,Gasoline,135781588.28185713,KRA CRSP July 2025,2026-05-20T12:50:34.557157
Ferrari,Gtc4 Lusso Base Grade,ABA-F151BME,At,2WD,3900.0,Coupe,,,Gasoline,137250694.99607143,KRA CRSP July 2025,2026-05-20T12:50:34.557157
Ferrari,Gtc4 Lusso T,ABA-F151CME,At,2WD,3900.0,Coupe,,,Gasoline,82299063.33675003,KRA CRSP July 2025,2026-05-20T12:50:34.557157
Ferrari,Portofino,ABA-F164BCA,At,2WD,3900.0,Convertible,,,Gasoline,125338997.74500002,KRA CRSP July 2025,2026-05-20T12:50:34.557157
Ferrari,Portofino Base Grade,ZFF89FPC00024,At,2WD,3900.0,Convertible,,,Gasoline,119323200.58059376,KRA CRSP July 2025,2026-05-20T12:50:34.557157
Ferrari,Portofino M,7BA-F164BCA,At,2WD,3900.0,Convertible,,,Gasoline,100060726.58887503,KRA CRSP July 2025,2026-05-20T12:50:34.557157
Ferrari,Portofino M Base Grade,7BA-F164BCA,At,2WD,3900.0,Convertible,,,Gasoline,97775449.47787502,KRA CRSP July 2025,2026-05-20T12:50:34.557157
Ferrari,Roma,7BA-F164BAA,At,2WD,3900.0,Coupe,,,Gasoline,115059092.46975003,KRA CRSP July 2025,2026-05-20T12:50:34.557157
Ferrari,Roma Base Grade,7BA-F164BAA,At,2WD,3900.0,Coupe,,,Gasoline,87309181.37523216,KRA CRSP July 2025,2026-05-20T12:50:34.557157
Ferrari,Sf90 Spider,7LA-173H,At,2WD,4000.0,Convertible,,,Gasoline,182937832.22081256,KRA CRSP July 2025,2026-05-20T12:50:34.557157
Ferrari,Sf90 Spider Base Grade,7LA-173H,At,2WD,4000.0,Convertible,,,Gasoline,159893558.01717186,KRA CRSP July 2025,2026-05-20T12:50:34.557157
Ferrari,Sf90 Stradale,7LA-173H,At,2WD,4000.0,Convertible,,,Plug-In Hybrid,134740794.62025002,KRA CRSP July 2025,2026-05-20T12:50:34.557157
Ferrari,Sf90 Stradale Base Grade,7LA-173H,At,2WD,4000.0,Coupe,,,Plug-In Hybrid,202349763.00630003,KRA CRSP July 2025,2026-05-20T12:50:34.557157
Fiat,126 Base Grade,FIAT126A606,At,2WD,600.0,Wagon,,,Gasoline,4879707.482250001,KRA CRSP July 2025,2026-05-20T12:50:34.557157
Fiat,500 1.2 Pop,ZFA3120000JD8,At,2WD,1200.0,Hatchback,,,Gasoline,5270676.804000001,KRA CRSP July 2025,2026-05-20T12:50:34.557157
Fiat,500 Mimosa,ABA-31212,At,2WD,1200.0,Suv,,,Gasoline,6511849.254000002,KRA CRSP July 2025,2026-05-20T12:50:34.557157
Fiat,500 Twin Air Cult,ZFABF1B86NJG1,At,2WD,900.0,Hatchback,,,Gasoline,6093650.1285,KRA CRSP July 2025,2026-05-20T12:50:34.557157
Fiat,500 Twin Air Lounge,ABA-31209,At,2WD,900.0,Suv,,,Gasoline,5938883.523000001,KRA CRSP July 2025,2026-05-20T12:50:34.557157
Fiat,500 Twin Air Pop,ZFA3120000JD8,At,2WD,900.0,Hatchback,,,Gasoline,5608073.070000001,KRA CRSP July 2025,2026-05-20T12:50:34.557157
Fiat,500C 1.2 Dolcevita,3BA-31212,At,2WD,1200.0,Hatchback,,,Gasoline,6771862.21725,KRA CRSP July 2025,2026-05-20T12:50:34.557157
Fiat,500C 120Th Tuxedo,ABA-31212,At,2WD,1200.0,Suv,,,Gasoline,8382220.146000001,KRA CRSP July 2025,2026-05-20T12:50:34.557157
Fiat,500C Twin Air Dolcevita,ZFABF1C85NJF9,At,2WD,900.0,Suv,,,Gasoline,5255098.82325,KRA CRSP July 2025,2026-05-20T12:50:34.557157
Fiat,500C Twin Air Dolcevita,ZFABF1C88NJG9,At,2WD,900.0,Suv,,,Gasoline,6815013.766714286,KRA CRSP July 2025,2026-05-20T12:50:34.557157
Fiat,500E Icon,ZFAEFAA43PX13,At,2WD,,Suv,,,Electric,9795890.2365,KRA CRSP July 2025,2026-05-20T12:50:34.557157
Fiat,500E Open,ZFAEFAJ49NX09,At,2WD,,Suv,,,Electric,8733873.611571431,KRA CRSP July 2025,2026-05-20T12:50:34.557157
Fiat,500E Pop,ZFAEFAC48NX07,At,2WD,,Suv,,,Electric,9835405.114500001,KRA CRSP July 2025,2026-05-20T12:50:34.557157
Fiat,500X Base Grade,ZFANF2D18MP95,At,2WD,1300.0,Hatchback,,,Gasoline,5870239.087499999,KRA CRSP July 2025,2026-05-20T12:50:34.557157
Fiat,500X Base Grade,ZFANF2D16MP94,At,2WD,1300.0,Suv,,,Gasoline,6415468.41375,KRA CRSP July 2025,2026-05-20T12:50:34.557157
Fiat,500X Club,3BA-33413PM,At,2WD,1300.0,Suv,,,Gasoline,6830564.608124999,KRA CRSP July 2025,2026-05-20T12:50:34.557157
Fiat,500X Cross,ZFA3340000P85,At,2WD,1300.0,Hatchback,,,Gasoline,6884707.590000001,KRA CRSP July 2025,2026-05-20T12:50:34.557157
Fiat,500X Cross,ZFA3340000P84,At,2WD,1300.0,Suv,,,Gasoline,7615732.8330000015,KRA CRSP July 2025,2026-05-20T12:50:34.557157
Fiat,500X Cross,3BA-33413PM,At,2WD,1300.0,Suv,,,Gasoline,8136518.661,KRA CRSP July 2025,2026-05-20T12:50:34.557157
Fiat,500X Cross,ZFANF2D13NP97,At,2WD,1300.0,Suv,,,Gasoline,5546846.7205714295,KRA CRSP July 2025,2026-05-20T12:50:34.557157
Fiat,500X Indigo,VYFECYHZ3PJ78,At,2WD,1300.0,Suv,,,Gasoline,8248984.0830000015,KRA CRSP July 2025,2026-05-20T12:50:34.557157
Fiat,500X Infinito,3BA-33413PM,At,2WD,1300.0,Suv,,,Gasoline,6534392.9985,KRA CRSP July 2025,2026-05-20T12:50:34.557157
Fiat,Cinquecento,00FIAT110F121,At,2WD,500.0,Wagon,,,Gasoline,7063501.557214287,KRA CRSP July 2025,2026-05-20T12:50:34.557157
Fiat,Cinquecento Base Grade,FIAT110F256,At,2WD,500.0,Wagon,,,Gasoline,7491963.8761875,KRA CRSP July 2025,2026-05-20T12:50:34.557157
Fiat,Cinquecento Base Grade,FIAT110F516,Mt,2WD,500.0,Wagon,,,Gasoline,5735736.522,KRA CRSP July 2025,2026-05-20T12:50:34.557157
Fiat,Doblo Base Grade,VYFEBYHZ7SJ56,At,2WD,1500.0,Suv,,,Gasoline,5656630.775850001,KRA CRSP July 2025,2026-05-20T12:50:34.557157
Fiat,Doblo Maxi,VYFECYHZ3RJ53,At,2WD,1500.0,Minivan,,,Gasoline,8725568.973749999,KRA CRSP July 2025,2026-05-20T12:50:34.557157
Fiat,Doblo Maxi,VYFECYHZ3PJ78,At,2WD,1500.0,Minivan,,,Gasoline,7760969.0071875,KRA CRSP July 2025,2026-05-20T12:50:34.557157
Fiat,Ducato,ZFA25000002W9,At,2WD,2200.0,Van,,,Diesel,29108691.871312503,KRA CRSP July 2025,2026-05-20T12:50:34.557157
Fiat,Ducato,ZFA25000002H9,At,2WD,2300.0,Van,,,Diesel,33856651.43100001,KRA CRSP July 2025,2026-05-20T12:50:34.557157
Fiat,Ducato L2H2,ZAF25000002W5,At,2WD,2200.0,Van,,,Diesel,13268165.1530625,KRA CRSP July 2025,2026-05-20T12:50:34.557157
Fiat,Fiat Fiat Other,ZFA25000002Y4,At,2WD,2300.0,Van,,,Gasoline,28638787.78125,KRA CRSP July 2025,2026-05-20T12:50:34.557157
Fiat,Panda 30,ZFA141A000573,Mt,2WD,650.0,Suv,,,Gasoline,4596340.212900002,KRA CRSP July 2025,2026-05-20T12:50:34.557157
Fiat,Panda 4X4 Foresta,ABA-13909,Mt,4WD,900.0,Suv,,,Gasoline,6224244.629142858,KRA CRSP July 2025,2026-05-20T12:50:34.557157
Fiat,Panda 4X4 Succosa,ZFA31200003C5,Mt,4WD,900.0,Suv,,,Gasoline,9327410.961749999,KRA CRSP July 2025,2026-05-20T12:50:34.557157
Fiat,Panda Comfort,ABA-13909,At,2WD,900.0,Suv,,,Gasoline,6030071.703,KRA CRSP July 2025,2026-05-20T12:50:34.557157
Fiat,Panda Cross 4X4,ZFABF6G84M3G1,Mt,4WD,900.0,Suv,,,Gasoline,9885710.5938,KRA CRSP July 2025,2026-05-20T12:50:34.557157
Fiat,Panda Easy,ZFA31200003A3,At,2WD,900.0,Suv,,,Gasoline,3960172.388571429,KRA CRSP July 2025,2026-05-20T12:50:34.557157
Fiat,Panda Street 4X4,7BA-13909,Mt,4WD,900.0,Suv,,,Gasoline,7436396.079,KRA CRSP July 2025,2026-05-20T12:50:34.557157
Fiat,Scudo Lwb,,Man,,2000.0,Van,,,Petrol,8444508.1875,KRA CRSP July 2025,2026-05-20T12:50:34.557157
Fiat,Doblo,SWB (LOW),Man,,1400.0,Van,,,Petrol,5397336.450000001,KRA CRSP July 2025,2026-05-20T12:50:34.557157
Fiat,Doblo,SWB (LOW),Aut,,1600.0,Van,,,Diesel,7398997.65,KRA CRSP July 2025,2026-05-20T12:50:34.557157
Fiat,Doblo,SWB (LOW),Man,,1600.0,Van,,,Diesel,6719862.600000001,KRA CRSP July 2025,2026-05-20T12:50:34.557157
Fiat,Doblo,MAXI LWB (LOW),Man,,2000.0,Van,,,Diesel,7899412.950000001,KRA CRSP July 2025,2026-05-20T12:50:34.557157
Fiat,Dolcevita,500C,Aut,,1200.0,Convertible,,,Petrol,5602864.1625,KRA CRSP July 2025,2026-05-20T12:50:34.557157
Fiat,Dolcevita,500C,Man,,1200.0,Convertible,,,Petrol,5066704.912500001,KRA CRSP July 2025,2026-05-20T12:50:34.557157
Fiat,Pop,500X,Aut,,1400.0,Suv,,,Petrol,5576056.199999999,KRA CRSP July 2025,2026-05-20T12:50:34.557157
Fiat,Pop,500X,Man,,1400.0,Suv,,,Petrol,4396505.850000001,KRA CRSP July 2025,2026-05-20T12:50:34.557157
Fiat,Pop Star,500X,Aut,,1400.0,Suv,,,Petrol,5817327.8625,KRA CRSP July 2025,2026-05-20T12:50:34.557157
Fiat,Dolcevita,500,Aut,,1200.0,Hatchback,,,Petrol,4225909.725,KRA CRSP July 2025,2026-05-20T12:50:34.557157
Fiat,Ducato,LWB\MR,Aut,,2200.0,Van,,,Diesel,8776731.955500001,KRA CRSP July 2025,2026-05-20T12:50:34.557157
Fiat,Ducato,MWB\MR,Aut,,2200.0,Van,,,Diesel,8456498.658000002,KRA CRSP July 2025,2026-05-20T12:50:34.557157
Fiat,Ducato,XLWB\MR,Aut,,2200.0,Van,,,Diesel,9479490.507000003,KRA CRSP July 2025,2026-05-20T12:50:34.557157
Fiat,La Prima,500E,Aut,,,Hatchback,,,Electric,7676825.625000002,KRA CRSP July 2025,2026-05-20T12:50:34.557157
Ford,Ecosport,TITANIUM,Aut,4WD,1000.0,Suv,,,Petrol,6240893.67,KRA CRSP July 2025,2026-05-20T12:50:34.557157
Ford,Ecosport,TREND,Aut,4WD,1000.0,Suv,,,Petrol,5275807.020000001,KRA CRSP July 2025,2026-05-20T12:50:34.557157
Ford,Puma,BASE,Aut,,1000.0,Suv,,,Petrol,4443419.784375,KRA CRSP July 2025,2026-05-20T12:50:34.557157
Ford,Puma,ST-LINE,Aut,,1000.0,Suv,,,Petrol,5066704.912500001,KRA CRSP July 2025,2026-05-20T12:50:34.557157
Ford,Puma,ST-LINE V,Aut,,1000.0,Suv,,,Petrol,5368294.490625,KRA CRSP July 2025,2026-05-20T12:50:34.557157
Ford,Ecosport,AMBIENTE,Aut,4WD,1500.0,Suv,,,Petrol,4857602.805,KRA CRSP July 2025,2026-05-20T12:50:34.557157
Ford,Fiesta,ST,Man,2WD,1500.0,Hatchback,,,Petrol,5928389.421428571,KRA CRSP July 2025,2026-05-20T12:50:34.557157
Ford,Endura,ST-LINE (AWD),Aut,AWD,2000.0,Suv,,,Diesel,6862838.399999999,KRA CRSP July 2025,2026-05-20T12:50:34.557157
Ford,Endura,ST-LINE (FWD),Aut,FWD,2000.0,Suv,,,Diesel,8283660.4125,KRA CRSP July 2025,2026-05-20T12:50:34.557157
Ford,Endura,TITANIUM (AWD),Aut,AWD,2000.0,Suv,,,Diesel,10669569.075,KRA CRSP July 2025,2026-05-20T12:50:34.557157
Ford,Endura,TITANIUM (FWD),Aut,FWD,2000.0,Suv,,,Diesel,8927051.5125,KRA CRSP July 2025,2026-05-20T12:50:34.557157
Ford,Endura,TREND (AWD),Aut,AWD,2000.0,Suv,,,Diesel,5978175.637499999,KRA CRSP July 2025,2026-05-20T12:50:34.557157
Ford,Endura,TREND (AWD),Aut,FWD,2000.0,Suv,,,Diesel,5468824.35,KRA CRSP July 2025,2026-05-20T12:50:34.557157
Ford,Escape,(FWD),Aut,FWD,2000.0,Suv,,,Diesel,6353487.112500001,KRA CRSP July 2025,2026-05-20T12:50:34.557157
Ford,Escape,ST-LINE (AWD),Aut,AWD,2000.0,Suv,,,Petrol,5770413.928125,KRA CRSP July 2025,2026-05-20T12:50:34.557157
Ford,Escape,ST-LINE (FWD),Aut,FWD,2000.0,Suv,,,Diesel,6695288.634374999,KRA CRSP July 2025,2026-05-20T12:50:34.557157
Ford,Escape,VIGNALE (AWD),Aut,AWD,2000.0,Suv,,,Diesel,8545038.046875,KRA CRSP July 2025,2026-05-20T12:50:34.557157
Ford,Escape,VIGNALE (FWD),Aut,FWD,2000.0,Suv,,,Diesel,8303766.384375,KRA CRSP July 2025,2026-05-20T12:50:34.557157
Ford,Everest,AMBIENTE (4WD),Aut,4WD,2000.0,Suv,,,Diesel,8662383.810000002,KRA CRSP July 2025,2026-05-20T12:50:34.557157
Ford,Everest,AMBIENTE (RWD),Aut,RWD,2000.0,Suv,,,Diesel,7931257.560000001,KRA CRSP July 2025,2026-05-20T12:50:34.557157
Ford,Everest,SPORT (RWD),Aut,RWD,2000.0,Suv,,,Diesel,9320397.435,KRA CRSP July 2025,2026-05-20T12:50:34.557157
Ford,Everest,TREND (4WD),Aut,4WD,2000.0,Suv,,,Diesel,9802940.760000002,KRA CRSP July 2025,2026-05-20T12:50:34.557157
Ford,Mondeo,AMBIENTE TDCI,Aut,2WD,2000.0,Hatchback,,,Diesel,7452613.574999999,KRA CRSP July 2025,2026-05-20T12:50:34.557157
Ford,Mondeo,AMBIENTE TDCI,Aut,2WD,2000.0,Station Wagon,,,Diesel,7774309.125,KRA CRSP July 2025,2026-05-20T12:50:34.557157
Ford,Ranger,XL 2.0 (4X4),Aut,4*4,2000.0,Double Cabin,,,Diesel,7162112.745,KRA CRSP July 2025,2026-05-20T12:50:34.557157
Ford,Ranger,XL 2.0 (4X4),Aut,4*4,2000.0,Single Cabin,,,Diesel,7015887.495,KRA CRSP July 2025,2026-05-20T12:50:34.557157
Ford,Ranger,XL 2.0 HI-RIDER (4X2),Aut,4*2,2000.0,Double Cabin,,,Diesel,6182403.57,KRA CRSP July 2025,2026-05-20T12:50:34.557157
Ford,Ranger,XL 2.0 HI-RIDER (4X2),Aut,4*2,2000.0,Single Cabin,,,Diesel,5392787.220000001,KRA CRSP July 2025,2026-05-20T12:50:34.557157
Ford,Ranger,SPORT 2.0 (4X4),Aut,4*4,2000.0,Double Cabin,,,Diesel,9671338.035,KRA CRSP July 2025,2026-05-20T12:50:34.557157
Ford,Ranger,WILDTRAK 2.0 (4X4),Aut,4*4,2000.0,Double Cabin,,,Diesel,10183126.41,KRA CRSP July 2025,2026-05-20T12:50:34.557157
Ford,Ranger,WILDTRAK X 2.0 (4X4),Aut,4*4,2000.0,Double Cabin,,,Diesel,11352928.410000002,KRA CRSP July 2025,2026-05-20T12:50:34.557157
Ford,Ranger,XLS 2.0 (4X4),Aut,4*4,2000.0,Double Cabin,,,Diesel,8426961.1575,KRA CRSP July 2025,2026-05-20T12:50:34.557157
Ford,Ranger,XLT,Aut,4*4,2000.0,Double Cabin,,,Diesel,9307237.162500001,KRA CRSP July 2025,2026-05-20T12:50:34.557157
Ford,Ranger,XLT HI-RIDER,Aut,,2000.0,Double Cabin,,,Diesel,8252953.11,KRA CRSP July 2025,2026-05-20T12:50:34.557157
Ford,Tourneo Custom,ACTIVE (LWB),Aut,,2000.0,Station Wagon,,,Diesel,9649404.2475,KRA CRSP July 2025,2026-05-20T12:50:34.557157
Ford,Tourneo Custom,ACTIVE (SWB),Aut,,2000.0,Station Wagon,,,Diesel,9649404.2475,KRA CRSP July 2025,2026-05-20T12:50:34.557157
Ford,Tourneo Custom,TITANIUM X (LWB),Aut,,2000.0,Station Wagon,,,Diesel,10380530.4975,KRA CRSP July 2025,2026-05-20T12:50:34.557157
Ford,Tourneo Custom,TITANIUM X (SWB),Aut,,2000.0,Station Wagon,,,Diesel,10380530.4975,KRA CRSP July 2025,2026-05-20T12:50:34.557157
Ford,Transit,410L (RWD) SRW,Aut,,2000.0,People Mover,,,Diesel,10234305.2475,KRA CRSP July 2025,2026-05-20T12:50:34.557157
Ford,Transit,430E ELWB (RWD) DRW,Aut,,2000.0,Single Cabin,,,Diesel,9210728.497500002,KRA CRSP July 2025,2026-05-20T12:50:34.557157
Ford,Transit,350L LWB (FWD) SRW,Aut,,2000.0,Van,,,Diesel,8772052.7475,KRA CRSP July 2025,2026-05-20T12:50:34.557157
Ford,Transit,350L LWB (RWD) SRW,Aut,,2000.0,Van,,,Diesel,9210728.497500002,KRA CRSP July 2025,2026-05-20T12:50:34.557157
Ford,Transit,430E LWB (RWD) JUMBO DRW,Aut,,2000.0,Van,,,Diesel,9795629.497500002,KRA CRSP July 2025,2026-05-20T12:50:34.557157
Ford,Transit Custom,SPORT DCIV (LWB),Aut,,2000.0,Van,,,Diesel,9210728.497500002,KRA CRSP July 2025,2026-05-20T12:50:34.557157
Ford,Transit Custom,SPORT (SWB),Aut,,2000.0,Van,,,Diesel,8772052.7475,KRA CRSP July 2025,2026-05-20T12:50:34.557157
Ford,Transit Custom,TREND (LWB),Aut,,2000.0,Van,,,Diesel,8421112.147499999,KRA CRSP July 2025,2026-05-20T12:50:34.557157
Ford,Transit Custom,TREND (SWB),Aut,,2000.0,Van,,,Diesel,8274886.897500001,KRA CRSP July 2025,2026-05-20T12:50:34.557157
Ford,Focus,ST,Man,2WD,2300.0,Hatchback,,,Petrol,8961518.892857144,KRA CRSP July 2025,2026-05-20T12:50:34.557157
Ford,Focus,ST,Aut,2WD,2300.0,Hatchback,,,Petrol,8961518.892857144,KRA CRSP July 2025,2026-05-20T12:50:34.557157
Ford,Focus,ST X,Aut,2WD,2300.0,Hatchback,,,Petrol,9811714.275,KRA CRSP July 2025,2026-05-20T12:50:34.557157
Ford,Ranger,PHEV SPORT (4X4),Aut,4*4,2300.0,Double Cabin,,,Diesel,11111656.7475,KRA CRSP July 2025,2026-05-20T12:50:34.557157
Ford,Ranger,PHEV STORMTRAK (4X4),Aut,4*4,2300.0,Double Cabin,,,Diesel,12720134.497500002,KRA CRSP July 2025,2026-05-20T12:50:34.557157
Ford,Ranger,PHEV WILDTRAK (4X4),Aut,4*4,2300.0,Double Cabin,,,Diesel,11696557.7475,KRA CRSP July 2025,2026-05-20T12:50:34.557157
Ford,Ranger,PHEV XLT (4X4),Aut,4*4,2300.0,Double Cabin,,,Diesel,10526755.747500002,KRA CRSP July 2025,2026-05-20T12:50:34.557157
Ford,Escape,ST-LINE PHEV (FWD),Aut,FWD,2500.0,Suv,,,Diesel,9892138.1625,KRA CRSP July 2025,2026-05-20T12:50:34.557157
Ford,Escape,ST-LINE PHEV (FWD),Aut,FWD,2500.0,Suv,,,Petrol,6996878.212499999,KRA CRSP July 2025,2026-05-20T12:50:34.557157
Ford,Everest,WILDTRAK SPECIAL EDITION (4WD),Aut,4WD,3000.0,Suv,,,Diesel,13460948.170312498,KRA CRSP July 2025,2026-05-20T12:50:34.557157
Ford,Everest,PLATINUM (4WD),Aut,4WD,3000.0,Suv,,,Diesel,12849482.916562498,KRA CRSP July 2025,2026-05-20T12:50:34.557157
Ford,Everest,SPORT (4WD),Aut,4WD,3000.0,Suv,,,Diesel,11681204.09625,KRA CRSP July 2025,2026-05-20T12:50:34.557157
Ford,Everest,TREMOR (4WD),Aut,4WD,3000.0,Suv,,,Diesel,12132674.555625001,KRA CRSP July 2025,2026-05-20T12:50:34.557157
Ford,Everest,WILDTRAK (4WD),Aut,4WD,3000.0,Suv,,,Diesel,12189702.403125001,KRA CRSP July 2025,2026-05-20T12:50:34.557157
Ford,Ranger,PLATINUM 3.0 (4X4),Aut,4*4,3000.0,Double Cabin,,,Diesel,12774237.84,KRA CRSP July 2025,2026-05-20T12:50:34.557157
Ford,Ranger,RAPTOR 3.0 (4X4),Aut,4*4,3000.0,Double Cabin,,,Diesel,14326662.577500002,KRA CRSP July 2025,2026-05-20T12:50:34.557157
Ford,Ranger,SPORT 3.0 (4X4),Aut,4*4,3000.0,Double Cabin,,,Diesel,11301018.446250001,KRA CRSP July 2025,2026-05-20T12:50:34.557157
Ford,Ranger,WILDTRAK 3.0 (4X4),Aut,4*4,3000.0,Double Cabin,,,Diesel,11855455.852500003,KRA CRSP July 2025,2026-05-20T12:50:34.557157
Ford,Ranger,XLT 3.0 (4X4),Aut,4*4,3000.0,Double Cabin,,,Diesel,10904991.727500001,KRA CRSP July 2025,2026-05-20T12:50:34.557157
Ford,F150,LARIAT LWB (4WD),Aut,4WD,3500.0,Dual Cab,,,Petrol,22327194.3496875,KRA CRSP July 2025,2026-05-20T12:50:34.557157
Ford,F150,LARIAT SWB (4WD),Aut,4WD,3500.0,Dual Cab,,,Petrol,22169575.715625003,KRA CRSP July 2025,2026-05-20T12:50:34.557157
Ford,F150,XLT LWB (4X4),Aut,4*4,3500.0,Dual Cab,,,Petrol,17099641.6621875,KRA CRSP July 2025,2026-05-20T12:50:34.557157
Ford,F150,XLT SWB (4X4),Aut,4*4,3500.0,Dual Cab,,,Petrol,16942023.028125003,KRA CRSP July 2025,2026-05-20T12:50:34.557157
Ford,Mustang,GT 5.0 V8,Aut,,5000.0,Coupe,,,Petrol,12988092.268125001,KRA CRSP July 2025,2026-05-20T12:50:34.557157
Ford,Mustang,GT 5.0 V8,Man,,5000.0,Coupe,,,Petrol,12512860.205625,KRA CRSP July 2025,2026-05-20T12:50:34.557157
Ford,Mustang,GT 5.0 V8,Aut,,5000.0,Convertible,,,Petrol,13887389.7410625,KRA CRSP July 2025,2026-05-20T12:50:34.557157
Foton,Sauvana,,Aut,4*4,2000.0,Suv,,,Diesel,5744563.39285714,KRA CRSP July 2025,2026-05-20T12:50:34.557157
Foton,Sauvana,,Aut,4*2,2800.0,Suv,,,Diesel,6372635.657142858,KRA CRSP July 2025,2026-05-20T12:50:34.557157
Foton,View Cs2,,Man,,2800.0,Van,,,Diesel,6002004.937500001,KRA CRSP July 2025,2026-05-20T12:50:34.557157
Foton,Tunland S,,Aut, (4X4),2800.0,Dual Cab,,,Diesel,5684963.54765625,KRA CRSP July 2025,2026-05-20T12:50:34.557157
Great Wall,Great Wall Steed,,Manual,2WD,2000.0,D/Cab,,4,Diesel,3446322.766071429,KRA CRSP July 2025,2026-05-20T12:50:34.557157
Great Wall,Great Wall Steed,,Manual,4WD,2000.0,D/Cab,,4,Diesel,4227489.259714285,KRA CRSP July 2025,2026-05-20T12:50:34.557157
Great Wall,Great Wall V240,,Manual,2WD,2400.0,D/Cab,,4,Petrol,4549146.051214286,KRA CRSP July 2025,2026-05-20T12:50:34.557157
Great Wall,Great Wall V240,,Manual,4WD,2400.0,D/Cab,,4,Petrol,5789822.2469999995,KRA CRSP July 2025,2026-05-20T12:50:34.557157
Great Wall,Great Wall V200,,Manual,2WD,2000.0,D/Cab,,4,Diesel,5927675.157642856,KRA CRSP July 2025,2026-05-20T12:50:34.557157
Great Wall,Great Wall V200,,Manual,4WD,2000.0,S/Cab,,4,Diesel,6525037.77042857,KRA CRSP July 2025,2026-05-20T12:50:34.557157
Great Wall,Great Wall X200,,Atm,4WD,2000.0,Suv,,5,Diesel,7352155.234285715,KRA CRSP July 2025,2026-05-20T12:50:34.557157
Great Wall,Great Wall X200,,Mtm,4WD,2000.0,Suv,,5,Diesel,6754792.6215,KRA CRSP July 2025,2026-05-20T12:50:34.557157
Haval,City,H2,At,2WD,1500.0,Suv,,5,Petrol,6031064.840624999,KRA CRSP July 2025,2026-05-20T12:50:34.557157
Haval,City 2Wd,H2,Mtm,2WD,1500.0,Suv,,5,Petrol,3900088.5969374995,KRA CRSP July 2025,2026-05-20T12:50:34.557157
Haval,Luxury,H2,At,2WD,1500.0,Suv,,5,Petrol,5126405.11453125,KRA CRSP July 2025,2026-05-20T12:50:34.557157
Haval,Luxury,H6,At,2WD,2000.0,Suv,,5,Petrol,5414555.99025,KRA CRSP July 2025,2026-05-20T12:50:34.557157
Haval,Luxury,H9,At,2WD,2000.0,Suv,,5,Petrol,6203380.978928572,KRA CRSP July 2025,2026-05-20T12:50:34.557157
Haval,Luxury,H8,At,4WD,2000.0,Suv,,5,Petrol,9971360.5365,KRA CRSP July 2025,2026-05-20T12:50:34.557157
Haval,Luxury,H9,At,4WD,2000.0,Suv,,5,Petrol,9086804.359875,KRA CRSP July 2025,2026-05-20T12:50:34.557157
Haval,Premium,H6,At,2WD,2000.0,Suv,,5,Petrol,6570988.740642857,KRA CRSP July 2025,2026-05-20T12:50:34.557157
Haval,Premium,H2,At,2WD,1500.0,Suv,,5,Petrol,6019577.098071428,KRA CRSP July 2025,2026-05-20T12:50:34.557157
Haval,Premium,H2,At,4WD,1500.0,Suv,,5,Petrol,6191893.236374999,KRA CRSP July 2025,2026-05-20T12:50:34.557157
Haval,Premium,H2,Mtm,2WD,1500.0,Suv,,5,Petrol,5508372.5544374995,KRA CRSP July 2025,2026-05-20T12:50:34.557157
Haval,Premium,H6,At,2WD,2000.0,Suv,,5,Petrol,6433135.83,KRA CRSP July 2025,2026-05-20T12:50:34.557157
Haval,Premium,H8,At,2WD,2000.0,Suv,,5,Petrol,7581910.085357144,KRA CRSP July 2025,2026-05-20T12:50:34.557157
Haval,Premium,H8,At,4WD,2000.0,Suv,,5,Petrol,8730684.340714287,KRA CRSP July 2025,2026-05-20T12:50:34.557157
Haval,Ultra,H9,At,4WD,2000.0,Suv,,5,Petrol,9149348.736000001,KRA CRSP July 2025,2026-05-20T12:50:34.557157
Hino,300,16 3870 WIDE CREW ALLOY TRAY,Aut,,4000.0,Double Cabin,,,Diesel,12239601.7696875,KRA CRSP July 2025,2026-05-20T12:50:34.557157
Hino,300,616 3870 WIDE CREW TRADEACE,Aut,,4000.0,Double Cabin,,,Diesel,13165987.4701875,KRA CRSP July 2025,2026-05-20T12:50:34.557157
Hino,300,721 4400 WIDE CREW ALLOY TRAY,Aut,,5100.0,Double Cabin,,,Diesel,13663080.207562499,KRA CRSP July 2025,2026-05-20T12:50:34.557157
Hino,300,721 4400 WIDE CREW TRADEACE,Aut,,5100.0,Double Cabin,,,Diesel,14659008.199875,KRA CRSP July 2025,2026-05-20T12:50:34.557157
Hino,300,16 2525 STD ALLOY TRAY,Man,,4000.0,Single Cabin,,,Diesel,8791646.931000002,KRA CRSP July 2025,2026-05-20T12:50:34.557157
Hino,300,616 2525 STD TRADEACE,Man,,4000.0,Single Cabin,,,Diesel,8932461.84675,KRA CRSP July 2025,2026-05-20T12:50:34.557157
Hino,300,616 2525 STD ALLOY TRAY,Aut,,4000.0,Single Cabin,,,Diesel,9054998.606250001,KRA CRSP July 2025,2026-05-20T12:50:34.557157
Hino,300,616 2525 STD TRADEACE,Aut,,4000.0,Single Cabin,,,Diesel,9210289.82175,KRA CRSP July 2025,2026-05-20T12:50:34.557157
Hino,300,616 2810 WIDE ALLOY TRAY,Aut,,4000.0,Single Cabin,,,Diesel,10389157.787250001,KRA CRSP July 2025,2026-05-20T12:50:34.557157
Hino,300,616 2810 WIDE TRADEACE,Aut,,4000.0,Single Cabin,,,Diesel,10759253.895,KRA CRSP July 2025,2026-05-20T12:50:34.557157
Hino,300,616 3375 STD ALLOY TRAY,Aut,,4000.0,Single Cabin,,,Diesel,9250209.315000001,KRA CRSP July 2025,2026-05-20T12:50:34.557157
Hino,300,616 3375 STD TRADEACE,Aut,,4000.0,Single Cabin,,,Diesel,9487386.6705,KRA CRSP July 2025,2026-05-20T12:50:34.557157
Hino,300,616 3430 WIDE ALLOY TRAY,Aut,,4000.0,Single Cabin,,,Diesel,10579981.7385,KRA CRSP July 2025,2026-05-20T12:50:34.557157
Hino,300,616 3430 WIDE STEELACE,Aut,,4000.0,Single Cabin,,,Diesel,12265227.744750002,KRA CRSP July 2025,2026-05-20T12:50:34.557157
Hino,300,616 3430 WIDE TRADEACE,Aut,,4000.0,Single Cabin,,,Diesel,11031817.761,KRA CRSP July 2025,2026-05-20T12:50:34.557157
Hino,300,617 2810 WIDE ALLOY TRAY,Man,,4000.0,Single Cabin,,,Diesel,10110452.460749999,KRA CRSP July 2025,2026-05-20T12:50:34.557157
Hino,300,617 2810 WIDE TRADEACE,Man,,4000.0,Single Cabin,,,Diesel,10479817.44225,KRA CRSP July 2025,2026-05-20T12:50:34.557157
Hino,300,617 3430 WIDE ALLOY TRAY,Man,,4000.0,Single Cabin,,,Diesel,10300983.9615,KRA CRSP July 2025,2026-05-20T12:50:34.557157
Hino,300,617 3430 WIDE STEELACE,Man,,4000.0,Single Cabin,,,Diesel,11980673.40825,KRA CRSP July 2025,2026-05-20T12:50:34.557157
Hino,300,617 3430 WIDE TRADEACE,Man,,4000.0,Single Cabin,,,Diesel,10769635.88775,KRA CRSP July 2025,2026-05-20T12:50:34.557157
Hino,300,716 3430 WIDE STEELACE,Aut,,4000.0,Single Cabin,,,Diesel,12996938.895750001,KRA CRSP July 2025,2026-05-20T12:50:34.557157
Hino,300,717 3430 WIDE STEELACE,Man,,4000.0,Single Cabin,,,Diesel,12710191.1805,KRA CRSP July 2025,2026-05-20T12:50:34.557157
Hino,300,721 3500 WIDE ALLOY TRAY,Aut,,5100.0,Single Cabin,,,Diesel,11780783.491500001,KRA CRSP July 2025,2026-05-20T12:50:34.557157
Hino,300,721 3500 WIDE TRADEACE,Aut,,5100.0,Single Cabin,,,Diesel,12256015.554000001,KRA CRSP July 2025,2026-05-20T12:50:34.557157
Hino,8Dutro Route Van,XZC605,At,2WD,4000.0,Van,,,Diesel,11020476.1178571,KRA CRSP July 2025,2026-05-20T12:50:34.557157
Hino,Dutro,XZC605,Mt,2WD,4000.0,Van,,,Diesel,14870632.6929375,KRA CRSP July 2025,2026-05-20T12:50:34.557157
Hino,Dutro,XZC605,Mt,2WD,4000.0,Trk,,,Diesel,10514202.61809375,KRA CRSP July 2025,2026-05-20T12:50:34.557157
Hino,Dutro,XZU605,Mt,2WD,4000.0,Trk,,,Diesel,8610534.920250002,KRA CRSP July 2025,2026-05-20T12:50:34.557157
Hino,Dutro,XZC605,At,2WD,4000.0,Trk,,,Diesel,9926688.429000001,KRA CRSP July 2025,2026-05-20T12:50:34.557157
Hino,Dutro,XZU710,Mt,2WD,4000.0,Trk,,,Diesel,15401930.498678572,KRA CRSP July 2025,2026-05-20T12:50:34.557157
Hino,Dutro,XZU655,Mt,2WD,4000.0,Trk,,,Diesel,20230724.916,KRA CRSP July 2025,2026-05-20T12:50:34.557157
Hino,Dutro,XZC645,At,2WD,4000.0,Trk,,,Diesel,19026660.010500006,KRA CRSP July 2025,2026-05-20T12:50:34.557157
Hino,Dutro,XZU720,At,2WD,4000.0,Trk,,,Diesel,11282402.621250004,KRA CRSP July 2025,2026-05-20T12:50:34.557157
Hino,Dutro,XZU712,Mt,2WD,4000.0,Trk,,,Diesel,16125923.6116875,KRA CRSP July 2025,2026-05-20T12:50:34.557157
Hino,Dutro,XZU720,Mt,2WD,4000.0,Trk,,,Diesel,12215773.912178572,KRA CRSP July 2025,2026-05-20T12:50:34.557157
Hino,Dutro,XZU722,Mt,2WD,4000.0,Trk,,,Diesel,19571697.183656253,KRA CRSP July 2025,2026-05-20T12:50:34.557157
Hino,Dutro,XZU675,Mt,2WD,4000.0,Trk,,,Diesel,12183454.246640628,KRA CRSP July 2025,2026-05-20T12:50:34.557157
Hino,Dutro,XZU775,Mt,4WD,4000.0,Trk,,,Diesel,10256867.979750002,KRA CRSP July 2025,2026-05-20T12:50:34.557157
Hino,Dutro All Low Floor,XZU655,Mt,2WD,4000.0,Trk,,,Diesel,12056879.079000002,KRA CRSP July 2025,2026-05-20T12:50:34.557157
Hino,Dutro All Low Floor,XZC605,Mt,2WD,4000.0,Trk,,,Diesel,9613531.383890625,KRA CRSP July 2025,2026-05-20T12:50:34.557157
Hino,Dutro All Low Floor Build-Up Dump,XZC610,At,2WD,4000.0,Trk,,,Diesel,14754396.014357144,KRA CRSP July 2025,2026-05-20T12:50:34.557157
Hino,Dutro All Low Floor Build-Up Dump,XZU620,Mt,2WD,4000.0,Trk,,,Diesel,25408392.393857144,KRA CRSP July 2025,2026-05-20T12:50:34.557157
Hino,Dutro All Low Floor Build-Up Dump,XZC610001,Mt,2WD,4000.0,Trk,,,Diesel,6019405.248796875,KRA CRSP July 2025,2026-05-20T12:50:34.557157
Hino,Dutro All Low Floor Build-Up Dump,XZU675,Mt,2WD,4000.0,Trk,,,Diesel,12401418.397078125,KRA CRSP July 2025,2026-05-20T12:50:34.557157
Hino,Dutro All Low Floor Dump,XZU600-004,Mt,2WD,4000.0,Trk,,,Diesel,13215931.0273125,KRA CRSP July 2025,2026-05-20T12:50:34.557157
Hino,Dutro All Low Floor Dump,XZU600,Mt,2WD,4000.0,Trk,,,Diesel,12553765.067671876,KRA CRSP July 2025,2026-05-20T12:50:34.557157
Hino,Dutro All Low Floor Dump,XZU675,Mt,4WD,4000.0,Trk,,,Diesel,12286445.160656251,KRA CRSP July 2025,2026-05-20T12:50:34.557157
Hino,Dutro All Low Floor Super Yokozuna Dump,XZU620,Mt,2WD,4000.0,Trk,,,Diesel,25408392.393857144,KRA CRSP July 2025,2026-05-20T12:50:34.557157
Hino,Dutro Basegrade,XZU605,Mt,2WD,4000.0,Trk,,,Diesel,9433225.961015623,KRA CRSP July 2025,2026-05-20T12:50:34.557157
Hino,Dutro Double Cab,XZU605,At,2WD,4000.0,Trk,,,Diesel,11717570.139750002,KRA CRSP July 2025,2026-05-20T12:50:34.557157
Hino,Dutro Dump,XZU600-003,Mt,2WD,4000.0,Trk,,,Diesel,12668548.108500004,KRA CRSP July 2025,2026-05-20T12:50:34.557157
Hino,Dutro Dump,XZU700,Mt,2WD,4000.0,Trk,,,Diesel,15141090.82725,KRA CRSP July 2025,2026-05-20T12:50:34.557157
Hino,Dutro High Floor Build-Up Multi Trend Dump,XZU610,Mt,2WD,4000.0,Trk,,,Diesel,12314892.987321429,KRA CRSP July 2025,2026-05-20T12:50:34.557157
Hino,Dutro High Floor Dump,XZU600,Mt,2WD,4000.0,Trk,,,Diesel,15721948.1705625,KRA CRSP July 2025,2026-05-20T12:50:34.557157
Hino,Dutro Hybrid,XKU645,At,2WD,4000.0,Trk,,,Diesel,9527168.998928573,KRA CRSP July 2025,2026-05-20T12:50:34.557157
Hino,Dutro Hybrid,XKU605,At,2WD,4000.0,Trk,,,Hybrid,7464986.85909375,KRA CRSP July 2025,2026-05-20T12:50:34.557157
Hino,Dutro Long,XZC710,Mt,2WD,4000.0,Trk,,,Diesel,13563988.963875001,KRA CRSP July 2025,2026-05-20T12:50:34.557157
Hino,Dutro Long All Low Floor,XZU645,Mt,2WD,4000.0,Trk,,,Diesel,15262625.81165625,KRA CRSP July 2025,2026-05-20T12:50:34.557157
Hino,Dutro Long All Low Floor,XZC710,At,2WD,4000.0,Trk,,,Diesel,11129637.52035,KRA CRSP July 2025,2026-05-20T12:50:34.557157
Hino,Dutro Long All Low Floor Turbo,XZU620,Mt,2WD,4000.0,Trk,,,Diesel,25408392.393857144,KRA CRSP July 2025,2026-05-20T12:50:34.557157
Hino,Dutro Long All Low Floor Turbo,XZU655,Mt,2WD,4000.0,Trk,,,Diesel,15737354.013656251,KRA CRSP July 2025,2026-05-20T12:50:34.557157
Hino,Dutro Route Van,XZC605,Mt,2WD,4000.0,Van,,,Diesel,9999533.341406249,KRA CRSP July 2025,2026-05-20T12:50:34.557157
Hino,Dutro Semi Long All Low Floor,XZC645,At,2WD,4000.0,Trk,,,Diesel,12173025.188250003,KRA CRSP July 2025,2026-05-20T12:50:34.557157
Hino,Dutro Semi Long Double Cab High Floor,XZU685,Mt,2WD,4000.0,Trk,,,Diesel,15381650.214225003,KRA CRSP July 2025,2026-05-20T12:50:34.557157
Hino,Dutro Semi Long High Floor,XZU685,Mt,4WD,4000.0,Trk,,,Diesel,11355818.1204375,KRA CRSP July 2025,2026-05-20T12:50:34.557157
Hino,Dutro Wide Cab Super Long All Low Floor,XZU722,Mt,2WD,4000.0,Trk,,,Diesel,11020476.117857143,KRA CRSP July 2025,2026-05-20T12:50:34.557157
Hino,Dutro Wide Cab Super Long All Low Floor,XZU720,Mt,2WD,4000.0,Trk,,,Diesel,24584872.643718753,KRA CRSP July 2025,2026-05-20T12:50:34.557157
Hino,Dutro Wide Cab Super Long All Low Floor,XZU720M,Mt,2WD,4000.0,Trk,,,Diesel,13079370.590999998,KRA CRSP July 2025,2026-05-20T12:50:34.557157
Hino,Dutro Wide Cab Super Long High Floor,XZU720,Mt,2WD,4000.0,Trk,,,Diesel,17388632.15859375,KRA CRSP July 2025,2026-05-20T12:50:34.557157
Hino,Dutro Wide Cab Super Long High Floor,XZU720,Mt,2WD,4000.0,Trk,,,Diesel,20028737.195437502,KRA CRSP July 2025,2026-05-20T12:50:34.557157
Hino,Melpha,RR2AJD,At,2WD,5120.0,Bus,,,Diesel,73202697.48889288,KRA CRSP July 2025,2026-05-20T12:50:34.557157
Hino,Melpha,RR2AJD,Mt,2WD,5120.0,Bus,,,Diesel,58135945.96800001,KRA CRSP July 2025,2026-05-20T12:50:34.557157
Hino,Poncho,HX9JHC,Mt,2WD,5100.0,Bus,,,Diesel,41887590.735535726,KRA CRSP July 2025,2026-05-20T12:50:34.557157
Hino,Poncho,HX9JHC,At,2WD,5100.0,Bus,,,Diesel,41887590.735535726,KRA CRSP July 2025,2026-05-20T12:50:34.557157
Hino,Profia,FR1AH,Mt,2WD,8600.0,Trk,,,Diesel,52327626.129000016,KRA CRSP July 2025,2026-05-20T12:50:34.557157
Hino,Profia,FS1AG,Mt,2WD,8600.0,Trk,,,Diesel,34444041.6369375,KRA CRSP July 2025,2026-05-20T12:50:34.557157
Hino,Profia,FS1AG,Mt,2WD,8860.0,Trk,,,Diesel,47264800.56203572,KRA CRSP July 2025,2026-05-20T12:50:34.557157
Hino,Profia,FW1AH,Mt,2WD,8900.0,Trk,,,Diesel,89275148.96793751,KRA CRSP July 2025,2026-05-20T12:50:34.557157
Hino,Profia Basegrade,FR1AH,At,2WD,8860.0,Trk,,,Diesel,21973786.020321433,KRA CRSP July 2025,2026-05-20T12:50:34.557157
Hino,Profia Basegrade,FW1AH,At,2WD,8860.0,Trk,,,Diesel,50591647.546312496,KRA CRSP July 2025,2026-05-20T12:50:34.557157
Hino,Profia Basegrade,FW1AH,At,2WD,8860.0,Trk,,,Diesel,82293220.87785,KRA CRSP July 2025,2026-05-20T12:50:34.557157
Hino,Profia Basegrade,FW1AH,Mt,2WD,8860.0,Trk,,,Diesel,34661720.49398438,KRA CRSP July 2025,2026-05-20T12:50:34.557157
Hino,Profia Basegrade,FW1AH,At,2WD,9900.0,Trk,,,Diesel,52342696.86557143,KRA CRSP July 2025,2026-05-20T12:50:34.557157
Hino,Ranger,FD2AB,Mt,2WD,5100.0,Trk,,,Diesel,31920906.890250005,KRA CRSP July 2025,2026-05-20T12:50:34.557157
Hino,Ranger,FD2AB,Mt,2WD,5100.0,Trk,,,Diesel,35355513.26378572,KRA CRSP July 2025,2026-05-20T12:50:34.557157
Hino,Ranger,FC2AB,Mt,2WD,5100.0,Trk,,,Diesel,15741918.70790625,KRA CRSP July 2025,2026-05-20T12:50:34.557157
Hino,Ranger,FD2AB,Mt,2WD,5100.0,Trk,,,Diesel,32251847.223375,KRA CRSP July 2025,2026-05-20T12:50:34.557157
Hino,Ranger,FD2AB,Mt,2WD,5100.0,Trk,,,Diesel,32251847.223375,KRA CRSP July 2025,2026-05-20T12:50:34.557157
Hino,Ranger,FD2AB,Mt,2WD,5100.0,Trk,,,Diesel,35179718.1935625,KRA CRSP July 2025,2026-05-20T12:50:34.557157
Hino,Ranger,FD2JKBA,Mt,2WD,5100.0,Trk,,,Diesel,27672032.423671883,KRA CRSP July 2025,2026-05-20T12:50:34.557157
Hino,Ranger,FX1AB,Mt,2WD,5100.0,Trk,,,Diesel,26107768.762875002,KRA CRSP July 2025,2026-05-20T12:50:34.557157
Hino,Ranger Basegrade,FD2AB,Mt,2WD,5100.0,Trk,,,Diesel,20850382.160437502,KRA CRSP July 2025,2026-05-20T12:50:34.557157
Hino,Ranger Basegrade,FE2AB,Mt,2WD,5100.0,Trk,,,Diesel,27545393.85750001,KRA CRSP July 2025,2026-05-20T12:50:34.557157
Hino,Ranger Dump,FC2AB,Mt,2WD,5100.0,Trk,,,Diesel,36859253.96957143,KRA CRSP July 2025,2026-05-20T12:50:34.557157
Hino,Ranger Dump,FC2AB,Mt,2WD,5100.0,Trk,,,Diesel,19908457.50195,KRA CRSP July 2025,2026-05-20T12:50:34.557157
Hino,Ranger Pro,FE2AC,Mt,2WD,5120.0,Trk,,,Diesel,19888144.612537503,KRA CRSP July 2025,2026-05-20T12:50:34.557157
Hino,Ranger Pro,FD2AB,Mt,2WD,5200.0,Trk,,,Diesel,31562806.6263375,KRA CRSP July 2025,2026-05-20T12:50:34.557157
Hino,Riesse,GDB70,At,2WD,2700.0,Van,,,Diesel,16316043.127200002,KRA CRSP July 2025,2026-05-20T12:50:34.557157
Hino,Riesse Ii,XZB70M,At,2WD,4000.0,Bus,,,Diesel,35764379.448750004,KRA CRSP July 2025,2026-05-20T12:50:34.557157
Hino,Riesse Ii Gx Turbo,XZB70,At,2WD,4000.0,Bus,,,Diesel,45799859.757375,KRA CRSP July 2025,2026-05-20T12:50:34.557157
Hino,Riesse Ii Lx,XZB60,At,2WD,4000.0,Bus,,,Diesel,68016797.25890625,KRA CRSP July 2025,2026-05-20T12:50:34.557157
Hino,Riesse Ii Lx Turbo,XZB70,Mt,2WD,4000.0,Van,,,Diesel,34509740.629178576,KRA CRSP July 2025,2026-05-20T12:50:34.557157
Honda,Accord E:Hev,6AA-CY2,Cvt,2WD,1993.0,Sedan,1855,5,Gasoline,9517809.646125,KRA CRSP July 2025,2026-05-20T12:50:34.557157
Honda,Accord Ex,6AA-CV3,Cvt,2WD,1993.0,Sedan,1835,5,Gasoline,8121594.09375,KRA CRSP July 2025,2026-05-20T12:50:34.557157
Honda,Accord Ex,6AA-CV3,Cvt,2WD,1496.0,Sedan,1835,5,Gasoline,7796730.33,KRA CRSP July 2025,2026-05-20T12:50:34.557157
Honda,Accord Ex,6AA-CV3,6Mt,2WD,1993.0,Sedan,1835,5,Gasoline,6903498.338922599,KRA CRSP July 2025,2026-05-20T12:50:34.557157
Honda,Accord Hybrid Ex,DAA-CR7,Cvt,2WD,1993.0,Sedan,1875,5,Gasoline,6630534.041574374,KRA CRSP July 2025,2026-05-20T12:50:34.557157
Honda,Acty Dump Frame Torii,EBD-HA9,5Mt,4WD,656.0,Truck,1450,2,Gasoline,2260213.4376,KRA CRSP July 2025,2026-05-20T12:50:34.557157
Honda,Acty Truck,EBD-HA9,5Mt,AWD,656.0,Truck,1430,2,Gasoline,2340695.8152,KRA CRSP July 2025,2026-05-20T12:50:34.557157
Honda,Actyb Truck Freezing Van,EBD-HA9,5Mt,AWD/4WD,656.0,Truck,1430,2,Gasoline,2340695.8152,KRA CRSP July 2025,2026-05-20T12:50:34.557157
Honda,Acty Truck Lifter,EBD-HA9,5Mt,AWD,658.0,Truck,1390,2,Gasoline,2340695.8152,KRA CRSP July 2025,2026-05-20T12:50:34.557157
Honda,Acty Truck Lifter V,EBD-HA9,5Mt,4WD,658.0,Truck,1390,2,Gasoline,2340695.8152,KRA CRSP July 2025,2026-05-20T12:50:34.557157
Honda,Acty Truck Sdx,EBD-HA9,5Mt,4WD/AWD,658.0,Truck,1280,2,Gasoline,1535872.0392,KRA CRSP July 2025,2026-05-20T12:50:34.557157
Honda,Civic,DBA-FC1,2Wd,2WD,1496.0,Sedan,1575,5,Gasoline,4114661.5548,KRA CRSP July 2025,2026-05-20T12:50:34.557157
Honda,Civic  Ex,6BA-FLT1,Cvt,2WD,1496.0,Sedan,1645,5,Gasoline,6020081.84448,KRA CRSP July 2025,2026-05-20T12:50:34.557157
Honda,Civic,DBA-FK7,2Wd,2WD,1496.0,Sedan,1575,5,Gasoline,4347725.1066000005,KRA CRSP July 2025,2026-05-20T12:50:34.557157
Honda,Civic E:Hev,6AA-FL4,Cvt,2WD,1993.0,Sedan,1735,5,Gasoline,6881872.053374999,KRA CRSP July 2025,2026-05-20T12:50:34.557157
Honda,Civic E:Hev Ex,6AA-FL4,Cvt,2WD,1993.0,Sedan,1765,5,Gasoline,7523565.31575,KRA CRSP July 2025,2026-05-20T12:50:34.557157
Honda,Civic Ex,6BA-FL1,Cvt,2WD,1496.0,Sedan,1645,5,Gasoline,5935240.00476,KRA CRSP July 2025,2026-05-20T12:50:34.557157
Honda,Civic Hatchback,DBA-FK7,6Mt,2WD,1496.0,Hatchback,1595,5,Gasoline,4347725.1066000005,KRA CRSP July 2025,2026-05-20T12:50:34.557157
Honda,Civic Hatchback,6BA-FK7,6Mt,2WD,1496.0,Hatchback,1605,5,Gasoline,4493599.416,KRA CRSP July 2025,2026-05-20T12:50:34.557157
Honda,Civic Rs,5BA-FL1,6Mt,2WD,1496.0,Sedan,1625,5,Gasoline,7040028.30894,KRA CRSP July 2025,2026-05-20T12:50:34.557157
Honda,Civic Sedan,DBA-FC1,Cvt,2WD,1496.0,Sedan,1575,5,Gasoline,4114661.5548,KRA CRSP July 2025,2026-05-20T12:50:34.557157
Honda,Civic Type R,6BA-FL5,6Mt,2WD,1995.0,Sedan,1650,4,Gasoline,8728181.1106875,KRA CRSP July 2025,2026-05-20T12:50:34.557157
Honda,Civic Type R,DBA-FK8,6Mt,2WD,1995.0,Sedan,1610,4,Gasoline,6986876.4054000005,KRA CRSP July 2025,2026-05-20T12:50:34.557157
Honda,Clarity Fuel Cell,ZBA-ZC4,Cvt,2WD,0.0,Sedan,2165,5,Electric,10918775.894400002,KRA CRSP July 2025,2026-05-20T12:50:34.557157
Honda,Clarity Phev Ex,6LA-ZC5,Cvt,2WD,1496.0,Sedan,2125,5,Gasoline,9129719.709,KRA CRSP July 2025,2026-05-20T12:50:34.557157
Honda,"Cr-V E""Hev Ex Masterpiece",6AA-RT5,7At,2WD,1993.0,Suv,1925,5,Gasoline,6478831.396799999,KRA CRSP July 2025,2026-05-20T12:50:34.557157
Honda,Cr-V E:Fcev,ZBA-ZC8,Cvt,2WD,0.0,Suv,2285,5,Electric,12441779.136765003,KRA CRSP July 2025,2026-05-20T12:50:34.557157
Honda,Cr-V Hybrid Ex,6AA-RT5,7At,2WD,1993.0,Suv,1925,5,Gasoline,6703371.641249999,KRA CRSP July 2025,2026-05-20T12:50:34.557157
Honda,Fit 13G.F,DBA-GK3,(Ff/Cvt),2WD,1317.0,Hatchback,1305,5,Gasoline,2218295.5326,KRA CRSP July 2025,2026-05-20T12:50:34.557157
Honda,Fit E:Hev Basic,6AA-GR3,Cvt,2WD,1496.0,Hatchback,1485,5,Gasoline,3288040.4682,KRA CRSP July 2025,2026-05-20T12:50:34.557157
Honda,Fit E:Hev Home,6AA-GR3,Cvt,2WD,1496.0,Hatchback,1465,4,Gasoline,3721974.62076,KRA CRSP July 2025,2026-05-20T12:50:34.557157
Honda,Fit E:Hve Basic,6AA-GR3,Cvt,2WD,1496.0,Hatchback,1465,5,Gasoline,3616844.5150200007,KRA CRSP July 2025,2026-05-20T12:50:34.557157
Honda,Fit Hybrid,DAA-GP5,7At,2WD,1496.0,Hatchback,1445,5,Gasoline,3423854.4804,KRA CRSP July 2025,2026-05-20T12:50:34.557157
Honda,Fit Hybrid F,DAA-GP5,2Wd,2WD,1496.0,Hatchback,1415,5,Gasoline,2969464.3902000003,KRA CRSP July 2025,2026-05-20T12:50:34.557157
Honda,Fit Hybrid Module,DAA-GP5,7At,2WD,1496.0,Hatchback,1425,5,Gasoline,3504336.8579999995,KRA CRSP July 2025,2026-05-20T12:50:34.557157
Honda,Fit Hybrid S,DAA-GP7,7At,2WD,1496.0,Hatchback,1445,5,Gasoline,3423854.4804000002,KRA CRSP July 2025,2026-05-20T12:50:34.557157
Honda,Fit Hybrid S Sensing,DAA-GP5,Cvt,2WD,1496.0,Hatchback,1445,5,Gasoline,3423854.4804000002,KRA CRSP July 2025,2026-05-20T12:50:34.557157
Honda,Freed Crosstar,5BA-GT2,Cvt,2WD,1496.0,Minivan,1800,6,Gasoline,5021765.019,KRA CRSP July 2025,2026-05-20T12:50:34.557157
Honda,Freed E:Hev Air Ex,6AA-GT5,Cvt,2WD,1496.0,Minivan,1810,6,Gasoline,5108954.2614,KRA CRSP July 2025,2026-05-20T12:50:34.557157
Honda,Freed E:Hev Crosstar Slope,6AA-GT6,Cvt,2WD,1496.0,Minivan,1860,6,Gasoline,5524779.879,KRA CRSP July 2025,2026-05-20T12:50:34.557157
Honda,Freed G,5BA-GB5,Cvt,2WD,1496.0,Minivan,1690,6,Gasoline,4300106.36652,KRA CRSP July 2025,2026-05-20T12:50:34.557157
Honda,Freed G,DBA-GB5,Cvt,2WD,1496.0,Minivan,1680,6,Gasoline,4024118.88,KRA CRSP July 2025,2026-05-20T12:50:34.557157
Honda,Freed G Honda Sensing,6BA-GB5,Cvt,2WD,1496.0,Minivan,1690,6,Gasoline,4300106.36652,KRA CRSP July 2025,2026-05-20T12:50:34.557157
Honda,Freed Hybrid G,6AA-GB7,7At,2WD,1496.0,Minivan,1690,4,Gasoline,4736555.59338,KRA CRSP July 2025,2026-05-20T12:50:34.557157
Honda,Freed Hybrid G,DAA-GB7,7At,2WD,1496.0,Minivan,1740,6,Gasoline,3875078.9304144,KRA CRSP July 2025,2026-05-20T12:50:34.557157
Honda,Freed Hybrid Modulo X,DAA-GB7,7At,2WD,1496.0,Minivan,1770,6,Gasoline,4860800.2638,KRA CRSP July 2025,2026-05-20T12:50:34.557157
Honda,Freed+ Hybrid G,DAA-GB7,7At,2WD,1496.0,Minivan,1750,6,Gasoline,4564021.4964,KRA CRSP July 2025,2026-05-20T12:50:34.557157
Honda,Freed+ Hybrid G. Honda Sensing,6AA-GB7,Cvt,2WD,1496.0,Minivan,1760,6,Gasoline,4831290.05868,KRA CRSP July 2025,2026-05-20T12:50:34.557157
Honda,Grace Hybrid Dx,DAA-GM4,Cvt,2WD,1496.0,Sedan,1455,5,Gasoline,3356785.8324,KRA CRSP July 2025,2026-05-20T12:50:34.557157
Honda,Grace Hybrid Ex,DAA-GM4,Cvt,2WD,1496.0,Sedan,1465,5,Gasoline,3653564.5998000004,KRA CRSP July 2025,2026-05-20T12:50:34.557157
Honda,Grace Lx,DBA-GM6,Cvt,2WD,1496.0,Sedan,1385,5,Gasoline,2746461.1356,KRA CRSP July 2025,2026-05-20T12:50:34.557157
Honda,Honda E,ZAA-ZC7,7At,2WD,0.0,Hatchback,1760,5,Electric,7545222.900000001,KRA CRSP July 2025,2026-05-20T12:50:34.557157
Honda,Honda E Advance,ZAA-ZC7,7At,2WD,0.0,Hatchback,1760,4,Electric,7608099.757500001,KRA CRSP July 2025,2026-05-20T12:50:34.557157
Honda,Insight Ex-Black Style,6AA-ZE4,7At,2WD,1496.0,Sedan,1665,5,Gasoline,5633766.432,KRA CRSP July 2025,2026-05-20T12:50:34.557157
Honda,Jade Hybrid Rs,DBA-FR4,7At,2WD,1496.0,Wagon,1725,5,Gasoline,4500306.2808,KRA CRSP July 2025,2026-05-20T12:50:34.557157
Honda,Jade Hybrid X,DAA-FR4,Cvt,2WD,1496.0,Wagon,1840,6,Gasoline,4533344.2968048,KRA CRSP July 2025,2026-05-20T12:50:34.557157
Honda,Jade Rs,DBA-FR5,Cvt,2WD,1496.0,Wagon,1840,6,Gasoline,3927863.6331066,KRA CRSP July 2025,2026-05-20T12:50:34.557157
Honda,Legend Hybrid Ex,DAA-KC2,7At,AWD,3471.0,Sedan,2285,5,Gasoline,12355302.49875,KRA CRSP July 2025,2026-05-20T12:50:34.557157
Honda,Legend Hybrid X,DAA-KC2,Cvt,2WD,3471.0,Sedan,2255,5,Gasoline,11876741.077400325,KRA CRSP July 2025,2026-05-20T12:50:34.557157
Honda,N-B0X Ex,6BA-JF3,Cvt,2WD,658.0,Minivan,1150,4,Gasoline,2781336.83256,KRA CRSP July 2025,2026-05-20T12:50:34.557157
Honda,N-Box,6BA-JF5,Cvt,2WD,658.0,Minivan,1130,4,Gasoline,2764737.34218,KRA CRSP July 2025,2026-05-20T12:50:34.557157
Honda,N-Box Custom G,DBA-JF3,Cvt,2WD,658.0,Minivan,1180,4,Gasoline,3026472.741,KRA CRSP July 2025,2026-05-20T12:50:34.557157
Honda,N-Box Custom G.Ex,DBA-JF3,Cvt,2WD,658.0,Minivan,1180,4,Gasoline,3026472.741,KRA CRSP July 2025,2026-05-20T12:50:34.557157
Honda,N-Box Custom G.Ex Turbo,6BA-JF3,Cvt,2WD,658.0,Minivan,1180,4,Gasoline,3043239.9030000004,KRA CRSP July 2025,2026-05-20T12:50:34.557157
Honda,N-Box Custom Slope,6BA-JF5,Cvt,2WD,658.0,Minivan,1180,4,Gasoline,3465772.3854,KRA CRSP July 2025,2026-05-20T12:50:34.557157
Honda,N-Box Ex,6BA-JF3,Cvt,2WD,658.0,Minivan,1150,4,Gasoline,2814535.81332,KRA CRSP July 2025,2026-05-20T12:50:34.557157
Honda,N-Box G,DBA-JF3,Cvt,2WD,658.0,Minivan,1150,4,Gasoline,2478186.5436,KRA CRSP July 2025,2026-05-20T12:50:34.557157
Honda,N-Box G,6BA-JF3,Cvt,2WD,658.0,Minivan,1150,4,Gasoline,2503337.2865999998,KRA CRSP July 2025,2026-05-20T12:50:34.557157
Honda,N-Box G Slope L,6BA-JF3,Cvt,2WD,658.0,Minivan,1160,4,Gasoline,2848807.8924479997,KRA CRSP July 2025,2026-05-20T12:50:34.557157
Honda,N-Box G Slope L,DBA-JF3,Cvt,2WD,658.0,Minivan,1160,4,Gasoline,2832040.7304479997,KRA CRSP July 2025,2026-05-20T12:50:34.557157
Honda,N-Box G.Ex,DBA-JF3,Cvt,2WD,658.0,Minivan,1150,4,Gasoline,2478186.5436,KRA CRSP July 2025,2026-05-20T12:50:34.557157
Honda,N-Box G.L,DBA-JF1,Cvt,2WD,658.0,Minivan,1140,5,Gasoline,2406087.747,KRA CRSP July 2025,2026-05-20T12:50:34.557157
Honda,N-Box G-Ex Turbo,DBA-JF3,Cvt,2WD,658.0,Minivan,1180,5,Gasoline,3026472.741,KRA CRSP July 2025,2026-05-20T12:50:34.557157
Honda,N-Box Joy Turbo,6BA-JF5,Cvt,2WD,658.0,Minivan,1150,4,Gasoline,3567046.04388,KRA CRSP July 2025,2026-05-20T12:50:34.557157
Honda,N-Box L,6BA-JF3,Cvt,2WD,658.0,Minivan,1170,4,Gasoline,2930899.9176,KRA CRSP July 2025,2026-05-20T12:50:34.557157
Honda,N-Box Slash G,DBA-JF1,Cvt,2WD,658.0,Minivan,1140,4,Gasoline,2406087.747,KRA CRSP July 2025,2026-05-20T12:50:34.557157
Honda,N-Box Slash X,DBA-JF1,Cvt,2WD,658.0,Minivan,1150,4,Gasoline,2484024.8694084003,KRA CRSP July 2025,2026-05-20T12:50:34.557157
Honda,N-One G.L,DBA-JG1,Cvt,2WD,658.0,Hatchback,1060,4,Gasoline,2015164.7184024,KRA CRSP July 2025,2026-05-20T12:50:34.557157
Honda,N-One Modulo X,DBA-JG1,Cvt,2WD,658.0,Hatchback,1090,4,Gasoline,2946674.4636095995,KRA CRSP July 2025,2026-05-20T12:50:34.557157
Honda,N-One Original,6BA-JG3,Cvt,2WD,658.0,Hatchback,1060,4,Gasoline,2786869.99602,KRA CRSP July 2025,2026-05-20T12:50:34.557157
Honda,N-One Premium Tourer,DBA-JG1,Cvt,2WD,658.0,Hatchback,1090,4,Gasoline,2480919.591006,KRA CRSP July 2025,2026-05-20T12:50:34.557157
Honda,N-One Prmium,DBA-JG1,Cvt,2WD,658.0,Hatchback,1080,4,Gasoline,2548608.6240000003,KRA CRSP July 2025,2026-05-20T12:50:34.557157
Honda,N-One Rs,DBA-JG1,Cvt,2WD,658.0,Hatchback,1080,4,Gasoline,2702866.5144,KRA CRSP July 2025,2026-05-20T12:50:34.557157
Honda,N-One Select,DBA-JG1,Cvt,2WD,658.0,Hatchback,1060,4,Gasoline,2204881.8030000003,KRA CRSP July 2025,2026-05-20T12:50:34.557157
Honda,N-One Standard,DBA-JG1,Cvt,2WD,658.0,Hatchback,1050,4,Gasoline,2065714.3584000003,KRA CRSP July 2025,2026-05-20T12:50:34.557157
Honda,N-One Standard. L,DBA-JG1,Cvt,2WD,658.0,Hatchback,1050,4,Gasoline,2065714.3584000003,KRA CRSP July 2025,2026-05-20T12:50:34.557157
Honda,Nsx,5AA-NC1,6Mt,AWD,3492.0,Coupe,1910,2,Gasoline,36887756.4,KRA CRSP July 2025,2026-05-20T12:50:34.557157
Honda,Nsx,CAA-NC1,9At,AWD,3492.0,Coupe,1910,2,Gasoline,39696257.08294763,KRA CRSP July 2025,2026-05-20T12:50:34.557157
Honda,N-Van,5BD-JJ1,Cvt,2WD,658.0,Van,1410,4,Gasoline,2357127.6339600002,KRA CRSP July 2025,2026-05-20T12:50:34.557157
Honda,N-Van E (Ev) E:L4,ZAB-JJ3,Cvt,2WD,0.0,Van,1540,4,Electric,4526127.71028,KRA CRSP July 2025,2026-05-20T12:50:34.557157
Honda,N-Van L,5BD-JJ1,Cvt,2WD,658.0,Van,1410,4,Gasoline,2532344.4768600003,KRA CRSP July 2025,2026-05-20T12:50:34.557157
Honda,N-Van L,GBD-JJ1,Cvt,2WD,658.0,Van,1410,4,Gasoline,2082481.5203999998,KRA CRSP July 2025,2026-05-20T12:50:34.557157
Honda,N-Van L,5BD-JJ1,Cvt,2WD,658.0,Van,1410,4,Gasoline,2357127.6339600002,KRA CRSP July 2025,2026-05-20T12:50:34.557157
Honda,N-Van L,HBD-JJ1,Cvt,2WD,658.0,Van,1410,4,Gasoline,2082481.5203999998,KRA CRSP July 2025,2026-05-20T12:50:34.557157
Honda,N-Wgn  C,DBA-JH1,Cvt,2WD,658.0,Wagon,1050,5,Gasoline,1692242.592012,KRA CRSP July 2025,2026-05-20T12:50:34.557157
Honda,N-Wgn Custom,6BA-JH3,Cvt,2WD,658.0,Wagon,1090,4,Gasoline,2582142.948,KRA CRSP July 2025,2026-05-20T12:50:34.557157
Honda,N-Wgn Custom G.L,DBA-JH1,Cvt,2WD,658.0,Wagon,1060,4,Gasoline,2251147.4331066,KRA CRSP July 2025,2026-05-20T12:50:34.557157
Honda,N-Wgn Custom L,6BA-JH3,Cvt,2WD,658.0,Wagon,1090,4,Gasoline,2582142.948,KRA CRSP July 2025,2026-05-20T12:50:34.557157
Honda,N-Wgn E:Hev Home,6BA-JH3,Cvt,2WD,658.0,Wagon,1070,4,Gasoline,2427214.3711200003,KRA CRSP July 2025,2026-05-20T12:50:34.557157
Honda,N-Wgn G,6BA-JH3,Cvt,2WD,658.0,Wagon,1090,4,Gasoline,2213265.384,KRA CRSP July 2025,2026-05-20T12:50:34.557157
Honda,N-Wgn G. Honda Sensing,6BA-JH3,Cvt,2WD,658.0,Wagon,1070,4,Gasoline,2434591.9224,KRA CRSP July 2025,2026-05-20T12:50:34.557157
Honda,N-Wgn G.L,DBA-JH1,Cvt,2WD,658.0,Wagon,1050,4,Gasoline,1897174.1994084,KRA CRSP July 2025,2026-05-20T12:50:34.557157
Honda,N-Wgn G.L Package,DBA-JH1,Cvt,2WD,658.0,Wagon,1060,4,Gasoline,2212334.8065090002,KRA CRSP July 2025,2026-05-20T12:50:34.557157
Honda,N-Wgn L,6BA-JH3,Cvt,2WD,658.0,Wagon,1070,4,Gasoline,2379260.2878,KRA CRSP July 2025,2026-05-20T12:50:34.557157
Honda,N-Wgn L Honda Sensing,6BA-JH3,Cvt,2WD,658.0,Wagon,1070,4,Gasoline,2287040.8967999998,KRA CRSP July 2025,2026-05-20T12:50:34.557157
Honda,Odssey Absolute X,DBA-RC1,Cvt,2WD,2356.0,Minivan,2200,8,Gasoline,5175050.064688126,KRA CRSP July 2025,2026-05-20T12:50:34.557157
Honda,Odssey E:Hev Absolute Black Edition,6AA-RC5,Cvt,2WD,1993.0,Minivan,2335,7,Gasoline,9020209.1821875,KRA CRSP July 2025,2026-05-20T12:50:34.557157
Honda,Odssey G,DBA-RC1,Cvt,2WD,2356.0,Minivan,2190,8,Gasoline,4819266.6062625,KRA CRSP July 2025,2026-05-20T12:50:34.557157
Honda,Odssey G,DBA-RC1,Cvt,2WD,2356.0,Minivan,2160,8,Gasoline,5274669.712499999,KRA CRSP July 2025,2026-05-20T12:50:34.557157
Honda,Odssey G,DBA-RC21,Cvt,2WD,2356.0,Minivan,2165,7,Gasoline,5274669.712499999,KRA CRSP July 2025,2026-05-20T12:50:34.557157
Honda,Odssey Hybrid Absolute Sensing Ex,DAA-RC4,Cvt,2WD,1993.0,Minivan,2285,7,Gasoline,6468813.0175049985,KRA CRSP July 2025,2026-05-20T12:50:34.557157
Honda,Odyssey G,DBA-RC1,Cvt,2WD,2356.0,Minivan,2205,7,Gasoline,5623985.587499999,KRA CRSP July 2025,2026-05-20T12:50:34.557157
Honda,Odyssey G Aero,6BA-RC1,Cvt,2WD,2356.0,Minivan,2190,8,Gasoline,4626495.942012,KRA CRSP July 2025,2026-05-20T12:50:34.557157
Honda,Odyssey G.Aero,DBA-RC1,Cvt,2WD,2356.0,Minivan,2190,5,Gasoline,4819266.6062625,KRA CRSP July 2025,2026-05-20T12:50:34.557157
Honda,Odyssey Hybrid,DAA-RC4,Cvt,2WD,1993.0,Minivan,2245,7,Gasoline,5896970.704074374,KRA CRSP July 2025,2026-05-20T12:50:34.557157
Honda,Odyssey Hybrid Absolute,6AA-RC4,Cvt,2WD,1993.0,Minivan,2275,7,Gasoline,6577075.229106599,KRA CRSP July 2025,2026-05-20T12:50:34.557157
Honda,Odyssey Hybrid Absolute Ex,6AA-RC4,Cvt,2WD,1993.0,Minivan,2275,8,Gasoline,6711393.680319375,KRA CRSP July 2025,2026-05-20T12:50:34.557157
Honda,S660,3BA-JWS,6Mt,2WD,658.0,Convertible,940,2,Gasoline,3537871.182,KRA CRSP July 2025,2026-05-20T12:50:34.557157
Honda,S660,DBA-JW5,6Mt,2WD,658.0,Convertible,940,2,Gasoline,3393673.5888,KRA CRSP July 2025,2026-05-20T12:50:34.557157
Honda,S669 Modulo X,DBA-JW5,6Mt,2WD,658.0,Convertible,940,2,Gasoline,4424854.0518,KRA CRSP July 2025,2026-05-20T12:50:34.557157
Honda,Shutte Hybrid Sensing (Ff),DAA-GP7,Cvt,2WD,1496.0,Wagon,1515,5,Gasoline,3834649.9494000003,KRA CRSP July 2025,2026-05-20T12:50:34.557157
Honda,Shuttle Hybrid,DAA-GP7,Cvt,2WD,1496.0,Wagon,1465,5,Gasoline,3380259.8592,KRA CRSP July 2025,2026-05-20T12:50:34.557157
Honda,Shuttle Hybrid Z,6AA-GP7,7At,2WD,1496.0,Wagon,1515,5,Gasoline,3973817.3940000003,KRA CRSP July 2025,2026-05-20T12:50:34.557157
Honda,Shuttle Hybrid Z,DAA-GP7,7At,2WD,1496.0,Wagon,1515,5,Gasoline,3834649.9494000003,KRA CRSP July 2025,2026-05-20T12:50:34.557157
Honda,Shuttle Hybrid Z Honda Sensing,6AA-GP7,7At,2WD,1496.0,Wagon,1515,5,Gasoline,4371199.1334,KRA CRSP July 2025,2026-05-20T12:50:34.557157
Honda,Shuttleg Sensing (Ff),DBA-GK8,Cvt,2WD,1496.0,Wagon,1405,5,Gasoline,2748137.8518,KRA CRSP July 2025,2026-05-20T12:50:34.557157
Honda,Step Wgn  Spada,5BA-RP6,Cvt,2WD,1496.0,Wagon,2175,7,Gasoline,6103246.968,KRA CRSP July 2025,2026-05-20T12:50:34.557157
Honda,Step Wgn E:Hev Spada,6AA-RP8,Cvt,2WD,1993.0,Wagon,2225,7,Gasoline,6359295.504375,KRA CRSP July 2025,2026-05-20T12:50:34.557157
Honda,Step Wgn E:Hev Spada,6AA-RP6,Cvt,2WD,1993.0,Wagon,2225,7,Gasoline,6724330.59375,KRA CRSP July 2025,2026-05-20T12:50:34.557157
Honda,Step Wgn E:Hev Spada G,6AA-RP5,Cvt,2WD,1993.0,Wagon,2205,7,Gasoline,5549930.622,KRA CRSP July 2025,2026-05-20T12:50:34.557157
Honda,Step Wgn G,DBA-RP1,Cvt,2WD,1496.0,Wagon,2135,7,Gasoline,5286686.178599999,KRA CRSP July 2025,2026-05-20T12:50:34.557157
Honda,Step Wgn G,6BA-RP1,Cvt,2WD,1496.0,Wagon,2065,7,Gasoline,4450004.7948,KRA CRSP July 2025,2026-05-20T12:50:34.557157
Honda,Step Wgn G,66A-RP1,Cvt,2WD,1496.0,Wagon,2135,7,Gasoline,5293393.0434,KRA CRSP July 2025,2026-05-20T12:50:34.557157
Honda,Step Wgn G. Honda Sensing,6BA-RP1,Cvt,2WD,1496.0,Wagon,2135,7,Gasoline,5293393.0434,KRA CRSP July 2025,2026-05-20T12:50:34.557157
Honda,Step Wgn G-Ex,DBA-RP1,Cvt,2WD,1496.0,Wagon,2065,7,Gasoline,4443297.930000001,KRA CRSP July 2025,2026-05-20T12:50:34.557157
Honda,Step Wgn Modulo X,DBA-RP3,Cvt,2WD,1496.0,Wagon,2085,7,Gasoline,5308483.4892,KRA CRSP July 2025,2026-05-20T12:50:34.557157
Honda,Step Wgn Spada,5BA-RP6,Cvt,2WD,1496.0,Wagon,2165,7,Gasoline,5777964.0252,KRA CRSP July 2025,2026-05-20T12:50:34.557157
Honda,Step Wgn Spada,DBA-RP3,Cvt,2WD,1496.0,Wagon,2065,7,Gasoline,5179376.3418000005,KRA CRSP July 2025,2026-05-20T12:50:34.557157
Honda,Step Wgn Spada Hybrid G,6AA-RP5,Cvt,2WD,1993.0,Wagon,2205,7,Gasoline,5756725.62,KRA CRSP July 2025,2026-05-20T12:50:34.557157
Honda,Step Wgn Spada Hybrid G.Ex,6AA-RP5,Cvt,2WD,1993.0,Wagon,2205,7,Gasoline,5756725.62,KRA CRSP July 2025,2026-05-20T12:50:34.557157
Honda,Vezel E:Hev Z,6AA-RV5,Cvt,2WD,1496.0,Suv,1655,5,Gasoline,4859961.9057,KRA CRSP July 2025,2026-05-20T12:50:34.557157
Honda,Vezel Hybrid Rs,DAA-RU3,7At,2WD,1496.0,Suv,1585,5,Gasoline,4362567.398402399,KRA CRSP July 2025,2026-05-20T12:50:34.557157
Honda,Vezel Hybrid Rs Honda Sensing,6AA-RU3,7At,2WD,1496.0,Suv,1585,5,Gasoline,4362567.398402399,KRA CRSP July 2025,2026-05-20T12:50:34.557157
Honda,Wr-V Z+,5BA-DGS,Cvt,2WD,1496.0,Suv,1505,5,Gasoline,4173849.63666,KRA CRSP July 2025,2026-05-20T12:50:34.557157
Honda,Zr-V  E:Hev,6AA-RZ4,Cvt,2WD,1993.0,Suv,1835,5,Gasoline,5936623.295624999,KRA CRSP July 2025,2026-05-20T12:50:34.557157
Honda,Vezel Hybrid Modulo X Sensing,DAA-RU3,At,2WD,1500.0,Suv,,5,Hybrid,6512510.209992187,KRA CRSP July 2025,2026-05-20T12:50:34.557157
Honda,Vezel Hybrid Modulo X Sensing,RU3-,At,2WD,1500.0,Suv,,5,Hybrid,7689606.114535717,KRA CRSP July 2025,2026-05-20T12:50:34.557157
Honda,Vezel Hybrid Sensing,RU4-,At,4WD,1500.0,Suv,,5,Hybrid,5423630.727796875,KRA CRSP July 2025,2026-05-20T12:50:34.557157
Honda,Vezel Hybrid Sensing,DAA-RU3,At,2WD,1500.0,Suv,,5,Hybrid,4644124.447580358,KRA CRSP July 2025,2026-05-20T12:50:34.557157
Honda,Vezel Hybrid Sensing,RU3-,At,2WD,1500.0,Suv,,5,Hybrid,4293217.879242187,KRA CRSP July 2025,2026-05-20T12:50:34.557157
Honda,Vezel Hybrid X Sensing,RU4-,At,4WD,1500.0,Suv,,5,Hybrid,4356637.426526787,KRA CRSP July 2025,2026-05-20T12:50:34.557157
Honda,Vezel Hybrid X Sensing,6AA-RU3,At,2WD,1500.0,Suv,,5,Hybrid,4745147.924137501,KRA CRSP July 2025,2026-05-20T12:50:34.557157
Honda,Vezel Hybrid X Sensing,RU3-,At,2WD,1500.0,Suv,,5,Hybrid,4356040.361062501,KRA CRSP July 2025,2026-05-20T12:50:34.557157
Honda,Vezel Hybrid Z Sensing,RU4-,At,2WD,1500.0,Suv,,5,Hybrid,5093366.454000001,KRA CRSP July 2025,2026-05-20T12:50:34.557157
Honda,Vezel Hybrid Z Sensing,6AA-RU3,At,2WD,1500.0,Suv,,5,Hybrid,4696561.721981251,KRA CRSP July 2025,2026-05-20T12:50:34.557157
Honda,Vezel Hybrid Z Sensing,RU3-,At,2WD,1500.0,Suv,,5,Hybrid,4356693.401414062,KRA CRSP July 2025,2026-05-20T12:50:34.557157
Honda,Vezel Rs Sensing,RU1-,At,2WD,1500.0,Suv,,5,Gasoline,5098590.776812501,KRA CRSP July 2025,2026-05-20T12:50:34.557157
Honda,Vezel Special Edition Hybrid X Sensing Brilliant Style Edition,RU3-,At,2WD,1500.0,Suv,,5,Gasoline,5086549.956616072,KRA CRSP July 2025,2026-05-20T12:50:34.557157
Honda,Vezel Touring Sensing,RU1-,At,2WD,1500.0,Suv,,5,Gasoline,6788833.350750002,KRA CRSP July 2025,2026-05-20T12:50:34.557157
Honda,Vezel X Sensing,RU1-,At,2WD,1500.0,Suv,,5,Gasoline,4464445.059421875,KRA CRSP July 2025,2026-05-20T12:50:34.557157
Hummer,Gmc Hummer Ev 2X,,Aut,4WD,1.0,Crew Cab,,5,Electric,14118047.887500001,KRA CRSP July 2025,2026-05-20T12:50:34.557157
Hummer,Gmc Hummer Ev 3X,,Aut,4WD,1.0,Crew Cab,,5,Electric,15302472.412500001,KRA CRSP July 2025,2026-05-20T12:50:34.557157
Hummer,Hummer Ev 2X,,Aut,4WD,570.0,Crew Cab,,5,Electric,17761798.335937496,KRA CRSP July 2025,2026-05-20T12:50:34.557157
Hummer,Hummer Ev 3X,,Aut,4WD,1.0,Crew Cab,,5,Electric,21069230.709375,KRA CRSP July 2025,2026-05-20T12:50:34.557157
Hummer,Hummer Ev Edition 1,,Aut,4WD,1.0,Crew Cab,,5,Electric,19868355.84375,KRA CRSP July 2025,2026-05-20T12:50:34.557157
Hummer,Hummer Ev 3X Omega Limited Edition,,Aut,4WD,1.0,Crew Cab,,5,Electric,27051671.25,KRA CRSP July 2025,2026-05-20T12:50:34.557157
Hummer,Hummer Ev Suv Ev2,,Aut,4WD,625.0,Suv,,5,Electric,14621611.092187498,KRA CRSP July 2025,2026-05-20T12:50:34.557157
Hummer,Hummer Ev 2X,,Aut,4WD,625.0,Crew Cab,,5,Electric,18799344.819642857,KRA CRSP July 2025,2026-05-20T12:50:34.557157
Hummer,Hummer Ev 3X,,Aut,4WD,800.0,Crew Cab,,5,Electric,24369656.456249997,KRA CRSP July 2025,2026-05-20T12:50:34.557157
Hyundai,I30 N Line Mhev,N LINE MHEV,Aut,,1500.0,Hatchback,,,Petrol,5264109.000000001,KRA CRSP July 2025,2026-05-20T12:50:34.557157
Hyundai,I30 N Line Prm Mhev,N LINE PRM MHEV,Aut,,1500.0,Hatchback,,,Petrol,5995235.250000001,KRA CRSP July 2025,2026-05-20T12:50:34.557157
Hyundai,Accent Sport, SPORT,Aut,,1600.0,Hatchback,,,Petrol,4745009.3625,KRA CRSP July 2025,2026-05-20T12:50:34.557157
Hyundai,Accent Sport, SPORT,Man,,1600.0,Hatchback,,,Petrol,4061406.3187500006,KRA CRSP July 2025,2026-05-20T12:50:34.557157
Hyundai,Accent Sport, SPORT,Aut,,1600.0,Sedan,,,Petrol,4745009.3625,KRA CRSP July 2025,2026-05-20T12:50:34.557157
Hyundai,Accent Sport,SPORT,Man,,1600.0,Sedan,,,Petrol,4061406.3187500006,KRA CRSP July 2025,2026-05-20T12:50:34.557157
Hyundai,Elantra Sport (Black), SPORT (BLACK),Man,,1600.0,Sedan,,,Petrol,6139023.4125,KRA CRSP July 2025,2026-05-20T12:50:34.557157
Hyundai,Elantra Sport (Black),SPORT (BLACK),Aut,,1600.0,Sedan,,,Petrol,6836030.4375,KRA CRSP July 2025,2026-05-20T12:50:34.557157
Hyundai,Elantra Sport (Red),SPORT (RED),Man,,1600.0,Sedan,,,Petrol,6192639.3375,KRA CRSP July 2025,2026-05-20T12:50:34.557157
Hyundai,Elantra Sport (Red),SPORT (RED),Aut,,1600.0,Sedan,,,Petrol,6889646.362500001,KRA CRSP July 2025,2026-05-20T12:50:34.557157
Hyundai,Elantra Sport Premium (Black),SPORT PREMIUM (BLACK),Man,,1600.0,Sedan,,,Petrol,6836030.4375,KRA CRSP July 2025,2026-05-20T12:50:34.557157
Hyundai,Elantra Sport Premium (Black),SPORT PREMIUM (BLACK),Aut,,1600.0,Sedan,,,Petrol,7425805.612499999,KRA CRSP July 2025,2026-05-20T12:50:34.557157
Hyundai,Elantra Sport Premium (Red),SPORT PREMIUM (RED),Man,,1600.0,Sedan,,,Petrol,6889646.362500001,KRA CRSP July 2025,2026-05-20T12:50:34.557157
Hyundai,Elantra Sport Premium (Red),SPORT PREMIUM (RED),Aut,,1600.0,Sedan,,,Petrol,7506229.5,KRA CRSP July 2025,2026-05-20T12:50:34.557157
Hyundai,I20 N,N,Man,,1600.0,Hatchback,,,Petrol,5190996.375000001,KRA CRSP July 2025,2026-05-20T12:50:34.557157
Hyundai,I20 N Ttr, N TTR,Man,,1600.0,Hatchback,,,Petrol,5337221.625,KRA CRSP July 2025,2026-05-20T12:50:34.557157
Hyundai,I30 Elite Hev 1.6P Dct, ELITE HEV 1.6P DCT,Aut,,1600.0,Sedan,,,Hybrid,5483446.875,KRA CRSP July 2025,2026-05-20T12:50:34.557157
Hyundai,I30 Hev 1.6P Dct,HEV 1.6P DCT,Aut,,1600.0,Sedan,,,Hybrid,4825433.250000001,KRA CRSP July 2025,2026-05-20T12:50:34.557157
Hyundai,I30 N Line, N LINE,Man,,1600.0,Hatchback,,,Petrol,4459870.125000001,KRA CRSP July 2025,2026-05-20T12:50:34.557157
Hyundai,I30 N Line,N LINE,Aut,,1600.0,Hatchback,,,Petrol,4752320.625,KRA CRSP July 2025,2026-05-20T12:50:34.557157
Hyundai,I30 N Line,N LINE,Aut,,1600.0,Sedan,,,Petrol,5264109.000000001,KRA CRSP July 2025,2026-05-20T12:50:34.557157
Hyundai,I30 N Line Premium, N LINE PREMIUM,Aut,,1600.0,Sedan,,,Petrol,6068347.875,KRA CRSP July 2025,2026-05-20T12:50:34.557157
Hyundai,Ioniq Hybrid Premium,IONIQ HYBRID PREMIUM,Aut,,1600.0,Hatchback,,,Hybrid,8069196.712499999,KRA CRSP July 2025,2026-05-20T12:50:34.557157
Hyundai,Ioniq Plug-In Hybrid Premium,IONIQ PLUG-IN HYBRID PREMIUM,Aut,,1600.0,Hatchback,,,Hybrid,10213833.712499999,KRA CRSP July 2025,2026-05-20T12:50:34.557157
Hyundai,Kona Hybrid,KONA HYBRID,Aut,,1600.0,Suv,,,Hybrid,5337221.625,KRA CRSP July 2025,2026-05-20T12:50:34.557157
Hyundai,Kona Hybrid N Line,KONA HYBRID N LINE,Aut,,1600.0,Suv,,,Hybrid,5922122.625000001,KRA CRSP July 2025,2026-05-20T12:50:34.557157
Hyundai,Kona Hybrid Premium,KONA HYBRID PREMIUM,Aut,,1600.0,Suv,,,Hybrid,6360798.375,KRA CRSP July 2025,2026-05-20T12:50:34.557157
Hyundai,Kona Hybrid Premium N Line,KONA HYBRID PREMIUM N LINE,Aut,,1600.0,Suv,,,Hybrid,6799474.125,KRA CRSP July 2025,2026-05-20T12:50:34.557157
Hyundai,Kona Hybrid Premium N Line Sunroof,KONA HYBRID PREMIUM N LINE SUNROOF,Aut,,1600.0,Suv,,,Hybrid,7018812.0,KRA CRSP July 2025,2026-05-20T12:50:34.557157
Hyundai,Kona Hybrid Premium Sunroof,KONA HYBRID PREMIUM SUNROOF,Aut,,1600.0,Suv,,,Hybrid,6580136.250000002,KRA CRSP July 2025,2026-05-20T12:50:34.557157
Hyundai,Kona N Line,KONA N LINE,Aut,,1600.0,Suv,,,Hybrid,5922122.625000001,KRA CRSP July 2025,2026-05-20T12:50:34.557157
Hyundai,Kona Premium N Line,KONA PREMIUM N LINE,Aut,,1600.0,Suv,,,Hybrid,6799474.125,KRA CRSP July 2025,2026-05-20T12:50:34.557157
Hyundai,Kona Premium N Line Sunroof,KONA PREMIUM N LINE SUNROOF,Aut,,1600.0,Suv,,,Hybrid,7018812.0,KRA CRSP July 2025,2026-05-20T12:50:34.557157
Hyundai,Santa Fe Caligraphy (6 Seat),SANTA FE CALIGRAPHY (6 SEAT) ,Aut,,1600.0,Suv,,,Hybrid,11040006.375,KRA CRSP July 2025,2026-05-20T12:50:34.557157
Hyundai,Santa Fe Caligraphy (6 Seat),SANTA FE CALIGRAPHY (6 SEAT) ,Aut,,1600.0,Suv,,,Hybrid,11083142.82375,KRA CRSP July 2025,2026-05-20T12:50:34.557157
Hyundai,Santa Fe Caligraphy (6 Seat),SANTA FE CALIGRAPHY (6 SEAT) ,Aut,,1600.0,Suv,,,Hybrid,11668043.82375,KRA CRSP July 2025,2026-05-20T12:50:34.557157
Hyundai,Santa Fe Caligraphy (7 Seat),SANTA FE CALIGRAPHY (7 SEAT) ,Aut,,1600.0,Suv,,,Hybrid,10966893.75,KRA CRSP July 2025,2026-05-20T12:50:34.557157
Hyundai,Santa Fe Caligraphy (7 Seat),SANTA FE CALIGRAPHY (7 SEAT) ,Aut,,1600.0,Suv,,,Hybrid,11010030.19875,KRA CRSP July 2025,2026-05-20T12:50:34.557157
Hyundai,Santa Fe Caligraphy (7 Seat),SANTA FE CALIGRAPHY (7 SEAT) ,Aut,,1600.0,Suv,,,Hybrid,11010030.19875,KRA CRSP July 2025,2026-05-20T12:50:34.557157
Hyundai,Santa Fe Elite Hev (7 Seat),SANTA FE ELITE HEV (7 SEAT),Aut,,1600.0,Suv,,,Hybrid,9504641.25,KRA CRSP July 2025,2026-05-20T12:50:34.557157
Hyundai,Santa Fe Hev (2Wd),SANTA FE HEV (2WD),Aut,,1600.0,Suv,,,Hybrid,8115501.375,KRA CRSP July 2025,2026-05-20T12:50:34.557157
Hyundai,Santa Fe Hev (Awd),SANTA FE HEV (AWD),Aut,,1600.0,Suv,,,Hybrid,8554177.125000002,KRA CRSP July 2025,2026-05-20T12:50:34.557157
Hyundai,Tucson Elite (Awd),TUCSON ELITE (AWD),Aut,,1600.0,Suv,,,Petrol,7106547.15,KRA CRSP July 2025,2026-05-20T12:50:34.557157
Hyundai,Tucson Elite (Fwd),TUCSON ELITE (FWD),Aut,,1600.0,Suv,,,Petrol,6740984.025,KRA CRSP July 2025,2026-05-20T12:50:34.557157
Hyundai,Tucson Elite Hybrid (Awd),TUCSON ELITE HYBRID (AWD),Aut,,1600.0,Suv,,,Hybrid,7691448.15,KRA CRSP July 2025,2026-05-20T12:50:34.557157
Hyundai,Tucson Elite Hybrid (Fwd),TUCSON ELITE HYBRID (FWD),Aut,,1600.0,Suv,,,Hybrid,7325885.025,KRA CRSP July 2025,2026-05-20T12:50:34.557157
Hyundai,Tucson Elite Hybrid N Line (Awd),TUCSON ELITE HYBRID N LINE (AWD),Aut,,1600.0,Suv,,,Hybrid,8057011.275,KRA CRSP July 2025,2026-05-20T12:50:34.557157
Hyundai,Tucson Elite Hybrid N Line (Fwd),TUCSON ELITE HYBRID N LINE (FWD),Aut,,1600.0,Suv,,,Hybrid,7691448.15,KRA CRSP July 2025,2026-05-20T12:50:34.557157
Hyundai,Tucson Elite N Line (Awd),TUCSON ELITE N LINE (AWD),Aut,,1600.0,Suv,,,Petrol,7472110.275,KRA CRSP July 2025,2026-05-20T12:50:34.557157
Hyundai,Tucson Elite N Line (Fwd),TUCSON ELITE N LINE (FWD),Aut,,1600.0,Suv,,,Petrol,7106547.15,KRA CRSP July 2025,2026-05-20T12:50:34.557157
Hyundai,Tucson Highlander (Awd),TUCSON HIGHLANDER (AWD),Aut,,1600.0,Suv,,,Petrol,7552534.162500001,KRA CRSP July 2025,2026-05-20T12:50:34.557157
Hyundai,Tucson Highlander (Awd) No Srf,TUCSON HIGHLANDER (AWD) NO SRF,Aut,,1600.0,Suv,,,Petrol,7333196.287500001,KRA CRSP July 2025,2026-05-20T12:50:34.557157
Hyundai,Tucson Highlander N Line (Awd),HIGHLANDER N LINE (AWD),Aut,,1600.0,Suv,,,Petrol,7771872.037500001,KRA CRSP July 2025,2026-05-20T12:50:34.557157
Hyundai,Tucson Highlander N Line (Awd) No Srf,HIGHLANDER N LINE (AWD) NO SRF,Aut,,1600.0,Suv,,,Petrol,7552534.162500001,KRA CRSP July 2025,2026-05-20T12:50:34.557157
Hyundai,Tucson Hybrid (Fwd),TUCSON HYBRID (FWD),Aut,,1600.0,Suv,,,Hybrid,6594758.775,KRA CRSP July 2025,2026-05-20T12:50:34.557157
Hyundai,Tucson Hybrid N Line (Fwd),TUCSON HYBRID N LINE (FWD),Aut,,1600.0,Suv,,,Hybrid,7179659.775,KRA CRSP July 2025,2026-05-20T12:50:34.557157
Hyundai,Tucson Premium Hybrid (Awd),TUCSON PREMIUM HYBRID (AWD),Aut,,1600.0,Suv,,,Hybrid,8715024.9,KRA CRSP July 2025,2026-05-20T12:50:34.557157
Hyundai,Tucson Premium N Line Hybrid (Awd),TUCSON PREMIUM N LINE HYBRID (AWD),Aut,,1600.0,Suv,,,Petrol,8934362.775,KRA CRSP July 2025,2026-05-20T12:50:34.557157
Hyundai,Veloster Turbo,TURBO,Man,,1600.0,Hatchback,,,Petrol,4407229.035,KRA CRSP July 2025,2026-05-20T12:50:34.557157
Hyundai,Veloster Turbo,TURBO,Aut,,1600.0,Hatchback,,,Petrol,4841518.027500001,KRA CRSP July 2025,2026-05-20T12:50:34.557157
Hyundai,Veloster Turbo Premium, TURBO PREMIUM,Man,,1600.0,Hatchback,,,Petrol,4938026.6925,KRA CRSP July 2025,2026-05-20T12:50:34.557157
Hyundai,Veloster Turbo Premium,TURBO PREMIUM,Aut,,1600.0,Hatchback,,,Petrol,5275807.020000001,KRA CRSP July 2025,2026-05-20T12:50:34.557157
Hyundai,Veloster Turbo Premium Ttr,TURBO PREMIUM TTR,Man,,1600.0,Hatchback,,,Petrol,5066704.912500001,KRA CRSP July 2025,2026-05-20T12:50:34.557157
Hyundai,Veloster Turbo Premium Ttr, TURBO PREMIUM TTR,Aut,,1600.0,Hatchback,,,Petrol,5468824.350000001,KRA CRSP July 2025,2026-05-20T12:50:34.557157
Hyundai,Venue (Base),(BASE),Aut,,1600.0,Suv,,,Hybrid,3582518.625,KRA CRSP July 2025,2026-05-20T12:50:34.557157
Hyundai,Venue (Base), (BASE),Aut,,1600.0,Suv,,,Petrol,3582518.625,KRA CRSP July 2025,2026-05-20T12:50:34.557157
Hyundai,Venue (Base),(BASE),Man,,1600.0,Suv,,,Petrol,3290068.125000001,KRA CRSP July 2025,2026-05-20T12:50:34.557157
Hyundai,Venue (Base),(BASE),Man,,1600.0,Suv,,,Petrol,3290068.125000001,KRA CRSP July 2025,2026-05-20T12:50:34.557157
Hyundai,Venue Active, ACTIVE,Aut,,1600.0,Suv,,,Petrol,3911525.4375,KRA CRSP July 2025,2026-05-20T12:50:34.557157
Hyundai,Venue Active, ACTIVE,Aut,,1600.0,Suv,,,Petrol,3911525.4375,KRA CRSP July 2025,2026-05-20T12:50:34.557157
Hyundai,Venue Elite (Black) Sunroof, ELITE (BLACK) SUNROOF,Aut,,1600.0,Suv,,,Petrol,4277088.562500001,KRA CRSP July 2025,2026-05-20T12:50:34.557157
Hyundai,Venue Elite (Black) Sunroof, ELITE (BLACK) SUNROOF,Aut,,1600.0,Suv,,,Petrol,4277088.562500001,KRA CRSP July 2025,2026-05-20T12:50:34.557157
Hyundai,Venue Elite (Black) Two-Tone Roof,ELITE (BLACK) TWO-TONE ROOF,Aut,,1600.0,Suv,,,Petrol,4277088.562500001,KRA CRSP July 2025,2026-05-20T12:50:34.557157
Hyundai,Venue Elite (Denim) Two-Tone Roof,ELITE (DENIM) TWO-TONE ROOF,Aut,,1600.0,Suv,,,Petrol,4277088.562500001,KRA CRSP July 2025,2026-05-20T12:50:34.557157
Hyundai,I40 Active,ACTIVE,Aut,,1700.0,Sedan,,,Diesel,5428612.406249999,KRA CRSP July 2025,2026-05-20T12:50:34.557157
Hyundai,I40 Active Tourer,ACTIVE TOURER,Aut,,1700.0,Station Wagon,,,Diesel,5348188.518750001,KRA CRSP July 2025,2026-05-20T12:50:34.557157
Hyundai,I40 Premium,PREMIUM,Aut,,1700.0,Sedan,,,Diesel,6675182.662500001,KRA CRSP July 2025,2026-05-20T12:50:34.557157
Hyundai,I40 Premium Tourer,PREMIUM TOURER,Aut,,1700.0,Station Wagon,,,Diesel,7479421.5375,KRA CRSP July 2025,2026-05-20T12:50:34.557157
Hyundai,Elantra Active,ACTIVE,Aut,,2000.0,Sedan,,,Petrol,5415208.425,KRA CRSP July 2025,2026-05-20T12:50:34.557157
Hyundai,Elantra Active Smartsense,ACTIVE SMARTSENSE,Aut,,2000.0,Sedan,,,Petrol,5763711.937499999,KRA CRSP July 2025,2026-05-20T12:50:34.557157
Hyundai,Elantra Go, GO,Aut,,2000.0,Sedan,,,Petrol,4852241.2125,KRA CRSP July 2025,2026-05-20T12:50:34.557157
Hyundai,Elantra Go, GO,Man,,2000.0,Sedan,,,Petrol,4342889.925000001,KRA CRSP July 2025,2026-05-20T12:50:34.557157
Hyundai,Elantra Go Smartsense,GO SMARTSENSE,Aut,,2000.0,Sedan,,,Petrol,5200744.725,KRA CRSP July 2025,2026-05-20T12:50:34.557157
Hyundai,I30 (Base), (BASE),Aut,,2000.0,Hatchback,,,Petrol,3801856.5,KRA CRSP July 2025,2026-05-20T12:50:34.557157
Hyundai,I30 (Base),(BASE),Man,,2000.0,Hatchback,,,Petrol,3509406.0,KRA CRSP July 2025,2026-05-20T12:50:34.557157
Hyundai,I30 (Base),(BASE),Aut,,2000.0,Sedan,,,Petrol,4240532.25,KRA CRSP July 2025,2026-05-20T12:50:34.557157
Hyundai,I30 Active, ACTIVE,Aut,,2000.0,Hatchback,,,Petrol,4021194.375,KRA CRSP July 2025,2026-05-20T12:50:34.557157
Hyundai,I30 Elite,ELITE,Aut,,2000.0,Hatchback,,,Petrol,4503737.699999999,KRA CRSP July 2025,2026-05-20T12:50:34.557157
Hyundai,I30 Elite,ELITE,Aut,,2000.0,Sedan,,,Petrol,4898545.875000001,KRA CRSP July 2025,2026-05-20T12:50:34.557157
Hyundai,I30 N, N,Man,,2000.0,Hatchback,,,Petrol,7311262.500000002,KRA CRSP July 2025,2026-05-20T12:50:34.557157
Hyundai,I30 N,N,Aut,,2000.0,Hatchback,,,Petrol,7311262.500000002,KRA CRSP July 2025,2026-05-20T12:50:34.557157
Hyundai,I30 N Premium,N PREMIUM,Man,,2000.0,Hatchback,,,,7823050.875,KRA CRSP July 2025,2026-05-20T12:50:34.557157
Hyundai,I30 N Premium,N PREMIUM,Man,,2000.0,Hatchback,,,Petrol,7194282.300000001,KRA CRSP July 2025,2026-05-20T12:50:34.557157
Hyundai,I30 N Premium,N PREMIUM,Aut,,2000.0,Hatchback,,,,7823050.875,KRA CRSP July 2025,2026-05-20T12:50:34.557157
Hyundai,I30 N Premium, N PREMIUM,Man,,2000.0,Sedan,,,Petrol,7603713.0,KRA CRSP July 2025,2026-05-20T12:50:34.557157
Hyundai,I30 N Premium,N PREMIUM,Aut,,2000.0,Sedan,,,Petrol,7603713.0,KRA CRSP July 2025,2026-05-20T12:50:34.557157
Hyundai,I30 N Premium With Sunroof,N PREMIUM WITH SUNROOF,Man,,2000.0,Hatchback,,,Petrol,8115501.375,KRA CRSP July 2025,2026-05-20T12:50:34.557157
Hyundai,I30 N Premium With Sunroof,N PREMIUM WITH SUNROOF,Aut,,2000.0,Hatchback,,,Petrol,8115501.375,KRA CRSP July 2025,2026-05-20T12:50:34.557157
Hyundai,I30 N Premium With Sunroof,N PREMIUM WITH SUNROOF,Man,,2000.0,Sedan,,,Petrol,7896163.5,KRA CRSP July 2025,2026-05-20T12:50:34.557157
Hyundai,I30 N Premium With Sunroof, N PREMIUM WITH SUNROOF,Aut,,2000.0,Sedan,,,Petrol,7896163.5,KRA CRSP July 2025,2026-05-20T12:50:34.557157
Hyundai,I30 Premium,PREMIUM,Aut,,2000.0,Sedan,,,Petrol,5629672.125000001,KRA CRSP July 2025,2026-05-20T12:50:34.557157
Hyundai,I40 Active Tourer,ACTIVE TOURER,Aut,,2000.0,Station Wagon,,,Petrol,5307976.574999999,KRA CRSP July 2025,2026-05-20T12:50:34.557157
Hyundai,I40 Premium Tourer,PREMIUM TOURER,Aut,,2000.0,Station Wagon,,,Petrol,6594758.774999999,KRA CRSP July 2025,2026-05-20T12:50:34.557157
Hyundai,Kona (Base),KONA (BASE),Aut,,2000.0,Suv,,,Petrol,4752320.625,KRA CRSP July 2025,2026-05-20T12:50:34.557157
Hyundai,Kona Premium,KONA PREMIUM,Aut,,2000.0,Suv,,,Petrol,5775897.375,KRA CRSP July 2025,2026-05-20T12:50:34.557157
Hyundai,Kona Premium Sunroof,KONA PREMIUM SUNROOF,Aut,,2000.0,Suv,,,Petrol,5995235.250000001,KRA CRSP July 2025,2026-05-20T12:50:34.557157
Hyundai,Tucson (Fwd),(FWD),Aut,,2000.0,Suv,,,Petrol,5717407.275,KRA CRSP July 2025,2026-05-20T12:50:34.557157
Hyundai,Tucson Elite (Awd),ELITE (AWD),Aut,,2000.0,Suv,,,Diesel,6821407.912500001,KRA CRSP July 2025,2026-05-20T12:50:34.557157
Hyundai,Tucson Elite N Line (Awd),ELITE N LINE (AWD),Aut,,2000.0,Suv,,,Diesel,7186971.037500001,KRA CRSP July 2025,2026-05-20T12:50:34.557157
Hyundai,Tucson Highlander (Awd),HIGHLANDER (AWD),Aut,,2000.0,Suv,,,Diesel,7844984.662500001,KRA CRSP July 2025,2026-05-20T12:50:34.557157
Hyundai,Tucson Highlander (Awd) No Srf,HIGHLANDER (AWD) NO SRF,Aut,,2000.0,Suv,,,Diesel,7625646.787500001,KRA CRSP July 2025,2026-05-20T12:50:34.557157
Hyundai,Tucson Highlander (Fwd),HIGHLANDER (FWD),Aut,,2000.0,Suv,,,Petrol,6967633.162500001,KRA CRSP July 2025,2026-05-20T12:50:34.557157
Hyundai,Tucson Highlander (Fwd) No Srf,HIGHLANDER (FWD) NO SRF,Aut,,2000.0,Suv,,,Petrol,6748295.287500001,KRA CRSP July 2025,2026-05-20T12:50:34.557157
Hyundai,Tucson Highlander N Line (Awd),HIGHLANDER N LINE (AWD),Aut,,2000.0,Suv,,,Diesel,8064322.537500001,KRA CRSP July 2025,2026-05-20T12:50:34.557157
Hyundai,Tucson Highlander N Line (Awd) No Srf,HIGHLANDER N LINE (AWD) NO SRF,Aut,,2000.0,Suv,,,Diesel,7844984.662500001,KRA CRSP July 2025,2026-05-20T12:50:34.557157
Hyundai,Tucson Highlander N Line (Fwd),HIGHLANDER N LINE (FWD),Aut,,2000.0,Suv,,,Petrol,7186971.037500001,KRA CRSP July 2025,2026-05-20T12:50:34.557157
Hyundai,Tucson Highlander N Line (Fwd) No Srf,HIGHLANDER N LINE (FWD) NO SRF,Aut,,2000.0,Suv,,,Petrol,6967633.162500001,KRA CRSP July 2025,2026-05-20T12:50:34.557157
Hyundai,Tucson N Line (Fwd), N LINE (FWD),Aut,,2000.0,Suv,,,Petrol,5797831.162500001,KRA CRSP July 2025,2026-05-20T12:50:34.557157
Hyundai,Tucson Premium (Awd),PREMIUM (AWD),Aut,,2000.0,Suv,,,Petrol,8130123.899999999,KRA CRSP July 2025,2026-05-20T12:50:34.557157
Hyundai,Tucson Premium N Line (Awd),PREMIUM N LINE (AWD),Aut,,2000.0,Suv,,,Petrol,8349461.775,KRA CRSP July 2025,2026-05-20T12:50:34.557157
Hyundai,Veloster (Base),(BASE),Aut,,2000.0,Hatchback,,,Petrol,3860346.6000000006,KRA CRSP July 2025,2026-05-20T12:50:34.557157
Hyundai,Veloster (Base),(BASE),Man,,2000.0,Hatchback,,,Petrol,3570820.6050000004,KRA CRSP July 2025,2026-05-20T12:50:34.557157
Hyundai,Palisade Calligraphy (7 Seat),PALISADE CALLIGRAPHY (7 SEAT),Aut,,2200.0,Suv,,,Diesel,11583818.07975,KRA CRSP July 2025,2026-05-20T12:50:34.557157
Hyundai,Palisade Calligraphy (8 Seat),PALISADE CALLIGRAPHY (8 SEAT),Aut,,2200.0,Suv,,,Diesel,11583818.07975,KRA CRSP July 2025,2026-05-20T12:50:34.557157
Hyundai,Palisade Calligraphy Black Ink (7 Seat),PALISADE CALLIGRAPHY BLACK INK (7 SEAT),Aut,,2200.0,Suv,,,Diesel,11949381.20475,KRA CRSP July 2025,2026-05-20T12:50:34.557157
Hyundai,Palisade Calligraphy Black Ink (8 Seat),PALISADE CALLIGRAPHY BLACK INK (8 SEAT),Aut,,2200.0,Suv,,,Diesel,11949381.20475,KRA CRSP July 2025,2026-05-20T12:50:34.557157
Hyundai,Palisade Elite (7 Seat),PALISADE ELITE (7 SEAT),Aut,,2200.0,Suv,,,Diesel,10352747.700000001,KRA CRSP July 2025,2026-05-20T12:50:34.557157
Hyundai,Palisade Elite (8 Seat),PALISADE ELITE (8 SEAT),Aut,,2200.0,Suv,,,Diesel,10352747.700000001,KRA CRSP July 2025,2026-05-20T12:50:34.557157
Hyundai,Staria (Base),STARIA (BASE),Aut,,2200.0,Station Wagon,,,Diesel,7676825.625000002,KRA CRSP July 2025,2026-05-20T12:50:34.557157
Hyundai,Staria Elite,STARIA ELITE,Aut,,2200.0,Station Wagon,,,Diesel,8846627.625,KRA CRSP July 2025,2026-05-20T12:50:34.557157
Hyundai,Staria Highlander,STARIA HIGHLANDER,Aut,,2200.0,Station Wagon,,,Diesel,9870204.375,KRA CRSP July 2025,2026-05-20T12:50:34.557157
Hyundai,Staria Load 2S 2.2D Liftback,STARIA LOAD 2S 2.2D LIFTBACK,Aut,,2200.0,Van,,,Diesel,6834568.1850000005,KRA CRSP July 2025,2026-05-20T12:50:34.557157
Hyundai,Staria Load 2S 2.2D Twin Swing,STARIA LOAD 2S 2.2D TWIN SWING,Aut,,2200.0,Van,,,Diesel,6834568.1850000005,KRA CRSP July 2025,2026-05-20T12:50:34.557157
Hyundai,Staria Load 5S 2.2D Liftback,STARIA LOAD 5S 2.2D LIFTBACK,Aut,,2200.0,Other,,,Diesel,7404846.66,KRA CRSP July 2025,2026-05-20T12:50:34.557157
Hyundai,Staria Load 5S 2.2D Twin Swing,STARIA LOAD 5S 2.2D TWIN SWING,Aut,,2200.0,Other,,,Diesel,7404846.66,KRA CRSP July 2025,2026-05-20T12:50:34.557157
Hyundai,Staria Load Premium 2S 2.2D Liftback,STARIA LOAD PREMIUM 2S 2.2D LIFTBACK,Aut,,2200.0,Van,,,Diesel,7565694.4350000005,KRA CRSP July 2025,2026-05-20T12:50:34.557157
Hyundai,6S Liftback,LIFTBACK,Aut,,2500.0,Van,,,Diesel,9624058.5375,KRA CRSP July 2025,2026-05-20T12:50:34.557157
Hyundai,6S Liftback,LIFTBACK,Man,,2500.0,Van,,,Diesel,8846627.624999998,KRA CRSP July 2025,2026-05-20T12:50:34.557157
Hyundai,6S Twin Swing, TWIN SWING,Aut,,2500.0,Van,,,Diesel,9650866.5,KRA CRSP July 2025,2026-05-20T12:50:34.557157
Hyundai,6S Twin Swing,TWIN SWING,Man,,2500.0,Van,,,Diesel,8900243.549999999,KRA CRSP July 2025,2026-05-20T12:50:34.557157
Hyundai,Iload 3S Liftback,3S LIFTBACK,Aut,,2500.0,Van,,,Diesel,9195131.1375,KRA CRSP July 2025,2026-05-20T12:50:34.557157
Hyundai,Iload 3S Liftback,3S LIFTBACK,Man,,2500.0,Van,,,Diesel,8417700.225000001,KRA CRSP July 2025,2026-05-20T12:50:34.557157
Hyundai,Iload 3S Twin Swing,3S TWIN SWING,Aut,,2500.0,Van,,,Diesel,9302362.987499999,KRA CRSP July 2025,2026-05-20T12:50:34.557157
Hyundai,Iload 3S Twin Swing,3S TWIN SWING,Man,,2500.0,Van,,,Diesel,8551740.0375,KRA CRSP July 2025,2026-05-20T12:50:34.557157
Hyundai,Imax Active,IMAX ACTIVE ,Aut,,2500.0,Station Wagon,,,Diesel,9999370.0125,KRA CRSP July 2025,2026-05-20T12:50:34.557157
Hyundai,Imax Elite,IMAX ELITE,Aut,,2500.0,Station Wagon,,,Diesel,11125304.4375,KRA CRSP July 2025,2026-05-20T12:50:34.557157
Hyundai,Santa Fe (7 Seat) (2Wd),SANTA FE (7 SEAT) (2WD),Aut,,2500.0,Suv,,,Hybrid,7749938.25,KRA CRSP July 2025,2026-05-20T12:50:34.557157
Hyundai,Santa Fe (7 Seat) (Awd),SANTA FE (7 SEAT) (AWD),Aut,,2500.0,Suv,,,Hybrid,8188614.000000002,KRA CRSP July 2025,2026-05-20T12:50:34.557157
Hyundai,Santa Fe Calligraphy (6 Seat),SANTA FE CALLIGRAPHY (6 SEAT) ,Aut,,2500.0,Suv,,,Hybrid,10674443.25,KRA CRSP July 2025,2026-05-20T12:50:34.557157
Hyundai,Santa Fe Calligraphy (6 Seat),SANTA FE CALLIGRAPHY (6 SEAT) ,Aut,,2500.0,Suv,,,Hybrid,10717579.69875,KRA CRSP July 2025,2026-05-20T12:50:34.557157
Hyundai,Santa Fe Calligraphy (6 Seat),SANTA FE CALLIGRAPHY (6 SEAT) ,Aut,,2500.0,Suv,,,Hybrid,10717579.69875,KRA CRSP July 2025,2026-05-20T12:50:34.557157
Hyundai,Santa Fe Calligraphy (7 Seat),SANTA FE CALLIGRAPHY (7 SEAT),Aut,,2500.0,Suv,,,Hybrid,10601330.625,KRA CRSP July 2025,2026-05-20T12:50:34.557157
Hyundai,Santa Fe Calligraphy (7 Seat),SANTA FE CALLIGRAPHY (7 SEAT) ,Aut,,2500.0,Suv,,,Hybrid,10644467.07375,KRA CRSP July 2025,2026-05-20T12:50:34.557157
Hyundai,Santa Fe Calligraphy (7 Seat),SANTA FE CALLIGRAPHY (7 SEAT) ,Aut,,2500.0,Suv,,,Hybrid,10644467.07375,KRA CRSP July 2025,2026-05-20T12:50:34.557157
Hyundai,Santa Fe Elite (7 Seat),SANTA FE ELITE (7 SEAT),Aut,,2500.0,Suv,,,Hybrid,9139078.125,KRA CRSP July 2025,2026-05-20T12:50:34.557157
Hyundai,Staria (Base),STARIA (BASE),Aut,,3500.0,Station Wagon,,,Hybrid,7841329.03125,KRA CRSP July 2025,2026-05-20T12:50:34.557157
Hyundai,Staria (Base),STARIA (BASE),Aut,,3500.0,Station Wagon,,,Petrol,7841329.03125,KRA CRSP July 2025,2026-05-20T12:50:34.557157
Hyundai,Staria Elite,STARIA ELITE,Aut,,3500.0,Station Wagon,,,Hybrid,9108614.53125,KRA CRSP July 2025,2026-05-20T12:50:34.557157
Hyundai,Staria Elite,STARIA ELITE,Aut,,3500.0,Station Wagon,,,Petrol,9108614.53125,KRA CRSP July 2025,2026-05-20T12:50:34.557157
Hyundai,Staria Highlander,STARIA HIGHLANDER,Aut,,3500.0,Station Wagon,,,Hybrid,10217489.34375,KRA CRSP July 2025,2026-05-20T12:50:34.557157
Hyundai,Staria Highlander,STARIA HIGHLANDER,Aut,,3500.0,Station Wagon,,,Petrol,10217489.34375,KRA CRSP July 2025,2026-05-20T12:50:34.557157
Hyundai,Genesis Base,BASE,Aut,,3800.0,Sedan,,,Petrol,25540328.844642863,KRA CRSP July 2025,2026-05-20T12:50:34.557157
Hyundai,Genesis Ultimate Pack,ULTIMATE PACK,Aut,,3800.0,Sedan,,,Petrol,34103558.008928575,KRA CRSP July 2025,2026-05-20T12:50:34.557157
Hyundai,Palisade Calligraphy (7 Seat),PALISADE CALLIGRAPHY (7 SEAT),Aut,,3800.0,Suv,,,Petrol,12023371.181249999,KRA CRSP July 2025,2026-05-20T12:50:34.557157
Hyundai,Palisade Calligraphy (8 Seat),PALISADE CALLIGRAPHY (8 SEAT),Aut,,3800.0,Suv,,,Petrol,12023371.181249999,KRA CRSP July 2025,2026-05-20T12:50:34.557157
Hyundai,Palisade Calligraphy Black Ink (7 Seat),PALISADE CALLIGRAPHY BLACK INK (7 SEAT),Aut,,3800.0,Suv,,,Petrol,12419397.899999999,KRA CRSP July 2025,2026-05-20T12:50:34.557157
Hyundai,Palisade Elite (7 Seat),PALISADE ELITE (7 SEAT),Aut,,3800.0,Suv,,,Petrol,10581833.924999999,KRA CRSP July 2025,2026-05-20T12:50:34.557157
Hyundai,Palisade Elite (8 Seat),PALISADE ELITE (8 SEAT),Aut,,3800.0,Suv,,,Petrol,10581833.924999999,KRA CRSP July 2025,2026-05-20T12:50:34.557157
Hyundai,Palisadecalligraphy Black Ink (8 Seat),PALISADECALLIGRAPHY BLACK INK (8 SEAT),Aut,,3800.0,Suv,,,Petrol,12419397.899999999,KRA CRSP July 2025,2026-05-20T12:50:34.557157
Hyundai,Base,,Man,,3900.0,S/Cabin,,,Electric,21933787.5,KRA CRSP July 2025,2026-05-20T12:50:34.557157
Hyundai,Ex4 (Mwb),,Man,,3900.0,Truck,,,Diesel,10164994.479000002,KRA CRSP July 2025,2026-05-20T12:50:34.557157
Hyundai,Ex4 (Mwb),,Aut,,3900.0,Truck,,,Diesel,11138123.517750002,KRA CRSP July 2025,2026-05-20T12:50:34.557157
Hyundai,Ex4 (Swb),,Man,,3900.0,Truck,,,Diesel,9770478.754500002,KRA CRSP July 2025,2026-05-20T12:50:34.557157
Hyundai,Ex4 (Swb),,Aut,,3900.0,Truck,,,Diesel,10743607.793250002,KRA CRSP July 2025,2026-05-20T12:50:34.557157
Hyundai,Ex4 Chiller (Mwb),,Man,,3900.0,Truck,,,Diesel,11005350.99075,KRA CRSP July 2025,2026-05-20T12:50:34.557157
Hyundai,Ex4 Chiller (Mwb),,Man,,3900.0,Truck,,,Diesel,11978480.0295,KRA CRSP July 2025,2026-05-20T12:50:34.557157
Hyundai,Ex4 Chiller (Swb),,Man,,3900.0,Truck,,,Diesel,10438143.246000001,KRA CRSP July 2025,2026-05-20T12:50:34.557157
Hyundai,Ex4 Chiller (Swb),,Aut,,3900.0,Truck,,,Diesel,11409810.032250002,KRA CRSP July 2025,2026-05-20T12:50:34.557157
Hyundai,Ex4 Freezer (Mwb),,Man,,3900.0,Truck,,,Diesel,11671699.455000002,KRA CRSP July 2025,2026-05-20T12:50:34.557157
Hyundai,Ex4 Freezer (Mwb),,Aut,,3900.0,Truck,,,Diesel,12644828.493749999,KRA CRSP July 2025,2026-05-20T12:50:34.557157
Hyundai,Ex4 Freezer (Swb),,Man,,3900.0,Truck,,,Diesel,11042053.5285,KRA CRSP July 2025,2026-05-20T12:50:34.557157
Hyundai,Ex4 Freezer (Swb),,Aut,,3900.0,Truck,,,Diesel,12015182.56725,KRA CRSP July 2025,2026-05-20T12:50:34.557157
Hyundai,Ex4 Premium Freezer (Mwb),,Man,,3900.0,Truck,,,Diesel,12162577.61925,KRA CRSP July 2025,2026-05-20T12:50:34.557157
Hyundai,Ex4 Premium Freezer (Mwb),,Aut,,3900.0,Truck,,,Diesel,13135706.658,KRA CRSP July 2025,2026-05-20T12:50:34.557157
Hyundai,Ex4 Premium Freezer (Swb),,Man,,3900.0,Truck,,,Diesel,11629879.0335,KRA CRSP July 2025,2026-05-20T12:50:34.557157
Hyundai,Ex4 Premium Freezer (Swb),,Aut,,3900.0,Truck,,,Diesel,12603885.423750002,KRA CRSP July 2025,2026-05-20T12:50:34.557157
Hyundai,Ex4 Premium Plus Freezer (Mwb),,Man,,3900.0,Truck,,,Diesel,12473306.2755,KRA CRSP July 2025,2026-05-20T12:50:34.557157
Hyundai,Ex4 Premium Plus Freezer (Mwb),,Aut,,3900.0,Truck,,,Diesel,13446435.31425,KRA CRSP July 2025,2026-05-20T12:50:34.557157
Hyundai,Ex4 Standard Cab (Lwb),,Man,,3900.0,S/Cabin,,,Diesel,7851418.573500001,KRA CRSP July 2025,2026-05-20T12:50:34.557157
Hyundai,Ex4 Standard Cab (Lwb),,Aut,,3900.0,S/Cabin,,,Diesel,8824547.612250002,KRA CRSP July 2025,2026-05-20T12:50:34.557157
Hyundai,Ex4 Standard Cab (Mwb),,Man,,3900.0,S/Cabin,,,Diesel,7808720.800500001,KRA CRSP July 2025,2026-05-20T12:50:34.557157
Hyundai,Ex4 Standard Cab (Mwb),,Aut,,3900.0,S/Cabin,,,Diesel,8781849.83925,KRA CRSP July 2025,2026-05-20T12:50:34.557157
Hyundai,Ex4 Standard Cab (Swb),,Man,,3900.0,S/Cabin,,,Diesel,7675217.14725,KRA CRSP July 2025,2026-05-20T12:50:34.557157
Hyundai,Ex4 Standard Cab (Swb),,Aut,,3900.0,S/Cabin,,,Diesel,8648346.186,KRA CRSP July 2025,2026-05-20T12:50:34.557157
Hyundai,Ex4 Steel Tray (Mwb),,Man,,3900.0,S/Cabin,,,Diesel,9269364.82275,KRA CRSP July 2025,2026-05-20T12:50:34.557157
Hyundai,Ex4 Steel Tray (Mwb),,Aut,,3900.0,S/Cabin,,,Diesel,10242493.8615,KRA CRSP July 2025,2026-05-20T12:50:34.557157
Hyundai,Ex4 Steel Tray (Swb),,Man,,3900.0,S/Cabin,,,Diesel,9024437.529000001,KRA CRSP July 2025,2026-05-20T12:50:34.557157
Hyundai,Ex4 Steel Tray (Swb),,Aut,,3900.0,S/Cabin,,,Diesel,9997566.567750003,KRA CRSP July 2025,2026-05-20T12:50:34.557157
Hyundai,Ex4 Super Cab (Lwb),,Man,,3900.0,S/Cabin,,,Diesel,8007879.590999999,KRA CRSP July 2025,2026-05-20T12:50:34.557157
Hyundai,Ex4 Super Cab (Lwb),,Aut,,3900.0,S/Cabin,,,Diesel,8981008.62975,KRA CRSP July 2025,2026-05-20T12:50:34.557157
Hyundai,Ex4 Super Cab (Mwb),,Man,,3900.0,S/Cabin,,,Diesel,7963427.115,KRA CRSP July 2025,2026-05-20T12:50:34.557157
Hyundai,Ex4 Super Cab (Mwb),,Aut,,3900.0,S/Cabin,,,Diesel,8936556.153750002,KRA CRSP July 2025,2026-05-20T12:50:34.557157
Hyundai,Ex6 (Mwb),,Man,,3900.0,Truck,,,Diesel,10164994.479000002,KRA CRSP July 2025,2026-05-20T12:50:34.557157
Hyundai,Ex6 (Mwb),,Aut,,3900.0,Truck,,,Diesel,11138123.517750002,KRA CRSP July 2025,2026-05-20T12:50:34.557157
Hyundai,Ex6 (Swb),,Man,,3900.0,Truck,,,Diesel,9770624.97975,KRA CRSP July 2025,2026-05-20T12:50:34.557157
Hyundai,Ex6 (Swb),,Aut,,3900.0,Truck,,,Diesel,10743607.793250002,KRA CRSP July 2025,2026-05-20T12:50:34.557157
Hyundai,Ex6 Chiller (Mwb),,Man,,3900.0,Truck,,,Diesel,11005350.99075,KRA CRSP July 2025,2026-05-20T12:50:34.557157
Hyundai,Ex6 Chiller (Swb),,Man,,3900.0,Truck,,,Diesel,10436680.993500002,KRA CRSP July 2025,2026-05-20T12:50:34.557157
Hyundai,Ex6 Chiller (Swb),,Aut,,3900.0,Truck,,,Diesel,11409810.032250002,KRA CRSP July 2025,2026-05-20T12:50:34.557157
Hyundai,Ex6 Freezer (Mwb),,Man,,3900.0,Truck,,,Diesel,11671699.455000002,KRA CRSP July 2025,2026-05-20T12:50:34.557157
Hyundai,Ex6 Freezer (Swb),,Man,,3900.0,Truck,,,Diesel,11042053.5285,KRA CRSP July 2025,2026-05-20T12:50:34.557157
Hyundai,Ex6 Freezer (Swb),,Aut,,3900.0,Truck,,,Diesel,12015182.56725,KRA CRSP July 2025,2026-05-20T12:50:34.557157
Hyundai,Ex6 Premium Freezer (Mwb),,Man,,3900.0,Truck,,,Diesel,12162577.61925,KRA CRSP July 2025,2026-05-20T12:50:34.557157
Hyundai,Ex6 Premium Freezer (Swb),,Man,,3900.0,Truck,,,Diesel,11630756.385000002,KRA CRSP July 2025,2026-05-20T12:50:34.557157
Hyundai,Ex6 Premium Freezer (Swb),,Aut,,3900.0,Truck,,,Diesel,12603885.423750002,KRA CRSP July 2025,2026-05-20T12:50:34.557157
Hyundai,Ex6 Premium Plus Freezer (Mwb),,Man,,3900.0,Truck,,,Diesel,12473306.2755,KRA CRSP July 2025,2026-05-20T12:50:34.557157
Hyundai,Ex6 Standard Cab (Lwb),,Man,,3900.0,S/Cabin,,,Diesel,7851418.573500001,KRA CRSP July 2025,2026-05-20T12:50:34.557157
Hyundai,Ex6 Standard Cab (Lwb),,Aut,,3900.0,S/Cabin,,,Diesel,8269037.887499999,KRA CRSP July 2025,2026-05-20T12:50:34.557157
Hyundai,Ex6 Standard Cab (Mwb),,Man,,3900.0,S/Cabin,,,Diesel,7808720.800500001,KRA CRSP July 2025,2026-05-20T12:50:34.557157
Hyundai,Ex6 Standard Cab (Mwb),,Aut,,3900.0,S/Cabin,,,Diesel,8781849.83925,KRA CRSP July 2025,2026-05-20T12:50:34.557157
Hyundai,Ex6 Standard Cab (Swb),,Man,,3900.0,S/Cabin,,,Diesel,7675217.14725,KRA CRSP July 2025,2026-05-20T12:50:34.557157
Hyundai,Ex6 Standard Cab (Swb),,Aut,,3900.0,S/Cabin,,,Diesel,8648346.186,KRA CRSP July 2025,2026-05-20T12:50:34.557157
Hyundai,Ex6 Steel Tray (Mwb),,Man,,3900.0,S/Cabin,,,Diesel,9269364.82275,KRA CRSP July 2025,2026-05-20T12:50:34.557157
Hyundai,Ex6 Steel Tray (Mwb),,Aut,,3900.0,S/Cabin,,,Diesel,10242493.8615,KRA CRSP July 2025,2026-05-20T12:50:34.557157
Hyundai,Ex6 Steel Tray (Swb),,Man,,3900.0,S/Cabin,,,Diesel,9024437.529000001,KRA CRSP July 2025,2026-05-20T12:50:34.557157
Hyundai,Ex6 Steel Tray (Swb),,Aut,,3900.0,S/Cabin,,,Diesel,9997566.567750003,KRA CRSP July 2025,2026-05-20T12:50:34.557157
Hyundai,Ex6 Super Cab (Lwb),,Man,,3900.0,S/Cabin,,,Diesel,8007879.590999999,KRA CRSP July 2025,2026-05-20T12:50:34.557157
Hyundai,Ex6 Super Cab (Lwb),,Aut,,3900.0,S/Cabin,,,Diesel,8423890.427250002,KRA CRSP July 2025,2026-05-20T12:50:34.557157
Hyundai,Ex6 Super Cab (Mwb),,Man,,3900.0,S/Cabin,,,Diesel,7963427.115,KRA CRSP July 2025,2026-05-20T12:50:34.557157
Hyundai,Ex6 Super Cab (Mwb),,Aut,,3900.0,S/Cabin,,,Diesel,8936556.153750002,KRA CRSP July 2025,2026-05-20T12:50:34.557157
Hyundai,Ex8 Super Cab (Elwb),,Aut,,3900.0,S/Cabin,,,Diesel,8996362.281,KRA CRSP July 2025,2026-05-20T12:50:34.557157
Hyundai,Ex8 Super Cab (Elwb),,Man,,3900.0,S/Cabin,,,Diesel,8675397.857250001,KRA CRSP July 2025,2026-05-20T12:50:34.557157
Hyundai,Ex8 Super Cab (Lwb),,Aut,,3900.0,S/Cabin,,,Diesel,8838731.4615,KRA CRSP July 2025,2026-05-20T12:50:34.557157
Hyundai,Ex8 Super Cab (Lwb),,Man,,3900.0,S/Cabin,,,Diesel,8559295.008750001,KRA CRSP July 2025,2026-05-20T12:50:34.557157
Hyundai,Ex8 Super Cab Flat Deck (Elwb),,Aut,,3900.0,S/Cabin,,,Diesel,10447209.2115,KRA CRSP July 2025,2026-05-20T12:50:34.557157
Hyundai,Ex8 Super Cab Flat Deck (Elwb),,Man,,3900.0,S/Cabin,,,Diesel,10366785.324000001,KRA CRSP July 2025,2026-05-20T12:50:34.557157
Hyundai,Ex8 Super Cab Flat Deck (Lwb),,Aut,,3900.0,S/Cabin,,,Diesel,10269691.758000001,KRA CRSP July 2025,2026-05-20T12:50:34.557157
Hyundai,Ex8 Super Cab Flat Deck (Lwb),,Man,,3900.0,S/Cabin,,,Diesel,10051816.1355,KRA CRSP July 2025,2026-05-20T12:50:34.557157
Hyundai,Sonata N Line,SONATA N LINE,Aut,,4500.0,Sedan,,,Petrol,8791793.156250002,KRA CRSP July 2025,2026-05-20T12:50:34.557157
Hyundai,Ioniq 6 Ioniq 6 2Wd (53.0Kwh),IONIQ 6 IONIQ 6 2WD (53.0KWH),Aut,,53.0,Sedan,,,Electric,9723979.125,KRA CRSP July 2025,2026-05-20T12:50:34.557157
Hyundai,Ioniq 5 Ioniq 5 2Wd (63Kwh),IONIQ 5 IONIQ 5 2WD (63KWH),Aut,,63.0,Station Wagon,,,Electric,10206522.450000001,KRA CRSP July 2025,2026-05-20T12:50:34.557157
Hyundai,Ioniq 6 2Wd (77.4Kwh),IONIQ 6 2WD (77.4KWH),Aut,,77.0,Sedan,,,Electric,10601330.625,KRA CRSP July 2025,2026-05-20T12:50:34.557157
Hyundai,Ioniq 6 Dynamiq 2Wd (77.4Kwh),IONIQ 6 DYNAMIQ 2WD (77.4KWH),Aut,,77.0,Sedan,,,Electric,11478682.125000002,KRA CRSP July 2025,2026-05-20T12:50:34.557157
Hyundai,Ioniq 6 Dynamiq Awd (77.4Kwh),IONIQ 6 DYNAMIQ AWD (77.4KWH),Aut,,77.0,Sedan,,,Electric,12136695.75,KRA CRSP July 2025,2026-05-20T12:50:34.557157
Hyundai,Ioniq 6 Epiq 2Wd (77.4Kwh),IONIQ 6 EPIQ 2WD (77.4KWH),Aut,,77.0,Sedan,,,Electric,11990470.500000002,KRA CRSP July 2025,2026-05-20T12:50:34.557157
Hyundai,Ioniq 6 Epiq Awd (77.4Kwh),IONIQ 6 EPIQ AWD (77.4KWH),Aut,,77.0,Sedan,,,Electric,12648484.125,KRA CRSP July 2025,2026-05-20T12:50:34.557157
Hyundai,Ioniq 6 Epiq Dsm 2Wd (77.4Kwh),IONIQ 6 EPIQ DSM 2WD (77.4KWH),Aut,,77.0,Sedan,,,Electric,12429146.25,KRA CRSP July 2025,2026-05-20T12:50:34.557157
Hyundai,Ioniq 6 Epiq Dsm Awd (77.4Kwh),IONIQ 6 EPIQ DSM AWD (77.4KWH),Aut,,77.0,Sedan,,,Electric,13087159.875,KRA CRSP July 2025,2026-05-20T12:50:34.557157
Hyundai,Ioniq 5 2Wd (84Kwh),IONIQ 5 2WD (84KWH),Aut,,84.0,Station Wagon,,,Electric,11083873.950000001,KRA CRSP July 2025,2026-05-20T12:50:34.557157
Hyundai,Ioniq 5 Dynamiq 2Wd (84Kwh),IONIQ 5 DYNAMIQ 2WD (84KWH),Aut,,84.0,Station Wagon,,,Electric,11815000.200000001,KRA CRSP July 2025,2026-05-20T12:50:34.557157
Hyundai,Ioniq 5 Dynamiq Awd (84Kwh),IONIQ 5 DYNAMIQ AWD (84KWH),Aut,,84.0,Station Wagon,,,Electric,12473013.825,KRA CRSP July 2025,2026-05-20T12:50:34.557157
Hyundai,Ioniq 5 Dynamiq N Line 2Wd (84Kwh),IONIQ 5 DYNAMIQ N LINE 2WD (84KWH),Aut,,84.0,Station Wagon,,,Electric,12180563.325000001,KRA CRSP July 2025,2026-05-20T12:50:34.557157
Hyundai,Ioniq 5 Dynamiq N Line Awd (84Kwh),IONIQ 5 DYNAMIQ N LINE AWD (84KWH),Aut,,84.0,,,,Electric,12838576.950000001,KRA CRSP July 2025,2026-05-20T12:50:34.557157
Hyundai,Ioniq 5 Epiq 2Wd (84Kwh),IONIQ 5 EPIQ 2WD (84KWH),Aut,,84.0,Station Wagon,,,Electric,12326788.575000001,KRA CRSP July 2025,2026-05-20T12:50:34.557157
Hyundai,Ioniq 5 Epiq Awd (84Kwh),IONIQ 5 EPIQ AWD (84KWH),Aut,,84.0,Station Wagon,,,Electric,12984802.200000001,KRA CRSP July 2025,2026-05-20T12:50:34.557157
Hyundai,Ioniq 5 Epiq Dsm 2Wd (84Kwh),IONIQ 5 EPIQ DSM 2WD (84KWH),Aut,,84.0,Station Wagon,,,Electric,12765464.325000001,KRA CRSP July 2025,2026-05-20T12:50:34.557157
Hyundai,Ioniq 5 Epiq Dsm Awd (84Kwh),IONIQ 5 EPIQ DSM AWD (84KWH),Aut,,84.0,Station Wagon,,,Electric,13423477.950000001,KRA CRSP July 2025,2026-05-20T12:50:34.557157
Hyundai,Ioniq 5 Epiq N Line 2Wd (84Kwh),IONIQ 5 EPIQ N LINE 2WD (84KWH),Aut,,84.0,Station Wagon,,,Electric,12692351.700000001,KRA CRSP July 2025,2026-05-20T12:50:34.557157
Hyundai,Ioniq 5 Epiq N Line Awd (84Kwh),IONIQ 5 EPIQ N LINE AWD (84KWH),Aut,,84.0,Station Wagon,,,Electric,13350365.325000001,KRA CRSP July 2025,2026-05-20T12:50:34.557157
Hyundai,Ioniq 5 Epiq N Line Dsm 2Wd (84Kwh),IONIQ 5 EPIQ N LINE DSM 2WD (84KWH),Aut,,84.0,Station Wagon,,,Electric,13131027.450000001,KRA CRSP July 2025,2026-05-20T12:50:34.557157
Hyundai,Ioniq 5 Epiq N Line Dsm Awd (84Kwh),IONIQ 5 EPIQ N LINE DSM AWD (84KWH),Aut,,84.0,Station Wagon,,,Electric,13789041.075000001,KRA CRSP July 2025,2026-05-20T12:50:34.557157
Hyundai,Ioniq 5 N (84.0Kwh),IONIQ 5 N (84.0KWH),Aut,,84.0,Station Wagon,,,Electric,16140781.770750001,KRA CRSP July 2025,2026-05-20T12:50:34.557157
Hyundai,Ioniq 5 N Srf (84.0Kwh),IONIQ 5 N SRF (84.0KWH),Aut,,84.0,Station Wagon,,,Electric,16725682.770750001,KRA CRSP July 2025,2026-05-20T12:50:34.557157
Hyundai,Inster  2Wd (42Kwh),INSTER  2WD (42KWH),Aut,,42.0,Suv,,,Electric,5702784.75,KRA CRSP July 2025,2026-05-20T12:50:34.557157
Hyundai,Inster  2Wd (49Kwh),INSTER  2WD (49KWH),Aut,,49.0,Suv,,,Electric,6214573.125,KRA CRSP July 2025,2026-05-20T12:50:34.557157
Hyundai,Inster  Cross Roof Basket 2Wd (49Kwh),INSTER  CROSS ROOF BASKET 2WD (49KWH),Aut,,49.0,Suv,,,Electric,6580136.250000002,KRA CRSP July 2025,2026-05-20T12:50:34.557157
Hyundai,Inster  Cross Srf 2Wd (49Kwh),INSTER  CROSS SRF 2WD (49KWH),Aut,,49.0,Suv,,,Electric,6580136.250000002,KRA CRSP July 2025,2026-05-20T12:50:34.557157
Hyundai,Ioniq  Electric Elite,IONIQ  ELECTRIC ELITE,Aut,,,Hatchback,,,Electric,7264957.837499999,KRA CRSP July 2025,2026-05-20T12:50:34.557157
Hyundai,Ioniq  Electric Premium,IONIQ  ELECTRIC PREMIUM,Aut,,,Hatchback,,,Electric,7935156.899999999,KRA CRSP July 2025,2026-05-20T12:50:34.557157
Hyundai,Kona Electric Ext Range,KONA ELECTRIC EXT RANGE,Aut,,,Suv,,,Electric,8481064.5,KRA CRSP July 2025,2026-05-20T12:50:34.557157
Hyundai,Kona Electric N Line,KONA ELECTRIC N LINE,Aut,,,Suv,,,Electric,9065965.500000002,KRA CRSP July 2025,2026-05-20T12:50:34.557157
Hyundai,Kona Electric Premium Ext Range,KONA ELECTRIC PREMIUM EXT RANGE,Aut,,,Suv,,,Electric,9943317.0,KRA CRSP July 2025,2026-05-20T12:50:34.557157
Hyundai,Kona Electric Premium N Line,KONA ELECTRIC PREMIUM N LINE,Aut,,,Suv,,,Electric,10381992.750000002,KRA CRSP July 2025,2026-05-20T12:50:34.557157
Hyundai,Kona Electric Std Range,KONA ELECTRIC STD RANGE,Aut,,,Suv,,,Electric,7896163.5,KRA CRSP July 2025,2026-05-20T12:50:34.557157
Hyundai,Ioniq 5 Lounge,ZAA-NE2LRG,At,2WD,,Hatchback,,,Electric,9623136.261375003,KRA CRSP July 2025,2026-05-20T12:50:34.557157
Hyundai,Ioniq 5 Lounge,KMHKP81AUNU14,At,2WD,,Hatchback,,,Electric,7750850.836500001,KRA CRSP July 2025,2026-05-20T12:50:34.557157
Hyundai,Ioniq 5 Lounge Awd,ZAA-NE4LRG,At,4WD,,Hatchback,,,Electric,9453481.791750003,KRA CRSP July 2025,2026-05-20T12:50:34.557157
Hyundai,Ioniq 5 Lounge Awd Limited Edition,ZAA-NE4LRG,At,4WD,,Hatchback,,,Electric,8882242.91132143,KRA CRSP July 2025,2026-05-20T12:50:34.557157
Hyundai,Ioniq 5 Lounge Awd Limited Edition,,At,2WD,,Hatchback,,,Electric,8248402.50975,KRA CRSP July 2025,2026-05-20T12:50:34.557157
Hyundai,Ioniq 5 Voyage,ZAA-NE2LRG,At,2WD,,Hatchback,,,Electric,7194338.5291875005,KRA CRSP July 2025,2026-05-20T12:50:34.557157
Hyundai,Kona Lounge Two-Tone,ZAA-SX2LRG,At,2WD,,Hatchback,,,Electric,7750850.836500001,KRA CRSP July 2025,2026-05-20T12:50:34.557157
Isuzu,D-Max Blade,,6At,2WD,3000.0,Dual Cab,,,Diesel,11632736.1515625,KRA CRSP July 2025,2026-05-20T12:50:34.557157
Isuzu,D-Max Ex (4Wd),,6Mt,4WD,3000.0,Single Cab,,,Diesel,7672366.1953125,KRA CRSP July 2025,2026-05-20T12:50:34.557157
Isuzu,D-Max Ls-M (4Wd),,6Mt,4WD,3000.0,Dual Cab,,,Diesel,9586645.818750001,KRA CRSP July 2025,2026-05-20T12:50:34.557157
Isuzu,D-Max Ls-M Hi-Ride (4Wd),,6At,4WD,3000.0,Dual Cab,,,Diesel,12041872.308984375,KRA CRSP July 2025,2026-05-20T12:50:34.557157
Isuzu,D-Max Ls-T (4Wd),,6At,4WD,3000.0,Dual Cab,,,Diesel,11316566.868750002,KRA CRSP July 2025,2026-05-20T12:50:34.557157
Isuzu,D-Max Ls-T High-Ride (2Wd),,6At,2WD,3000.0,Dual Cab,,,Diesel,9550605.796875,KRA CRSP July 2025,2026-05-20T12:50:34.557157
Isuzu,D-Max Ls-Terrain Hi-Ride (4Wd),,6At,4WD,3000.0,Dual Cab,,,Diesel,12568957.628906246,KRA CRSP July 2025,2026-05-20T12:50:34.557157
Isuzu,D-Max Ls-U (2Wd),,6At,2WD,3000.0,Dual Cab,,,Diesel,11417478.93,KRA CRSP July 2025,2026-05-20T12:50:34.557157
Isuzu,D-Max Ls-U (2Wd) High-Ride,,6At,2WD,3000.0,Dual Cab,,,Diesel,8035286.6953125,KRA CRSP July 2025,2026-05-20T12:50:34.557157
Isuzu,D-Max Ls-U (4Wd),,6At,4WD,3000.0,Dual Cab,,,Diesel,11129609.255273435,KRA CRSP July 2025,2026-05-20T12:50:34.557157
Isuzu,D-Max Ls-U Hi-Ride (2Wd),,6At,2WD,3000.0,Dual Cab,,,Diesel,9203720.586328123,KRA CRSP July 2025,2026-05-20T12:50:34.557157
Isuzu,D-Max Ls-U Hi-Ride (4Wd),,6Mt,4WD,3000.0,Dual Cab,,,Diesel,11393151.915234374,KRA CRSP July 2025,2026-05-20T12:50:34.557157
Isuzu,D-Max Ls-U+ (4Wd),,6At,4WD,3000.0,Dual Cab,,,Diesel,9657087.679687498,KRA CRSP July 2025,2026-05-20T12:50:34.557157
Isuzu,D-Max Sx (2Wd),,6At,2WD,3000.0,Single Cab,,,Diesel,7096003.076249999,KRA CRSP July 2025,2026-05-20T12:50:34.557157
Isuzu,D-Max Sx (2Wd) High-Ride,,6At,2WD,1900.0,Dual Cab,,,Diesel,6231458.39765625,KRA CRSP July 2025,2026-05-20T12:50:34.557157
Isuzu,D-Max Sx (4Wd),,6Mt,4WD,3000.0,Dual Cab,,,Diesel,9406445.709374998,KRA CRSP July 2025,2026-05-20T12:50:34.557157
Isuzu,D-Max Sx Low-Ride (2Wd),,6Mt,2WD,3000.0,Single Cab,,,Diesel,6362450.015625,KRA CRSP July 2025,2026-05-20T12:50:34.557157
Isuzu,D-Max X-Rider (4Wd),,6At,4WD,3000.0,Dual Cab,,,Diesel,8772468.9609375,KRA CRSP July 2025,2026-05-20T12:50:34.557157
Isuzu,D-Max X-Rider Limited Edition (4Wd),,6Mt,4WD,3000.0,Dual Cab,,,Diesel,12244597.432031248,KRA CRSP July 2025,2026-05-20T12:50:34.557157
Isuzu,D-Max X-Runner Ltd Ed (4Wd),,6At,4WD,3000.0,Dual Cab,,,Diesel,10415566.321875002,KRA CRSP July 2025,2026-05-20T12:50:34.557157
Isuzu,D-Max X-Terrain (4Wd),,6At,4WD,3000.0,Dual Cab,,,Diesel,10394269.9453125,KRA CRSP July 2025,2026-05-20T12:50:34.557157
Isuzu,Frd 110-240 (Xlwb),,6At-Mt,2WD,5200.0,Single Cab,,,Diesel,16418659.5151875,KRA CRSP July 2025,2026-05-20T12:50:34.557157
Isuzu,Frd 110-260 (Lwb),,6Mt,2WD,7800.0,Single Cab,,,Diesel,17023874.814000003,KRA CRSP July 2025,2026-05-20T12:50:34.557157
Isuzu,Frd 110-260 (Lwb) Aw,,6At-Mt,2WD,7800.0,Single Cab,,,Diesel,19051557.0125625,KRA CRSP July 2025,2026-05-20T12:50:34.557157
Isuzu,Frr 110-240 (Lwb),,6At-Mt,2WD,5200.0,Single Cab,,,Diesel,15577591.256437501,KRA CRSP July 2025,2026-05-20T12:50:34.557157
Isuzu,Frr 110-240 (Mlwb),,6At-Mt,2WD,5200.0,Single Cab,,,Diesel,15487768.4326875,KRA CRSP July 2025,2026-05-20T12:50:34.557157
Isuzu,Frr 110-240 (Mwb),,6At-Mt,2WD,5200.0,Single Cab,,,Diesel,15365282.7639375,KRA CRSP July 2025,2026-05-20T12:50:34.557157
Isuzu,Frr 110-240 (Swb) Pto,,6Mt,2WD,5200.0,Single Cab,,,Diesel,14936174.637749998,KRA CRSP July 2025,2026-05-20T12:50:34.557157
Isuzu,Frr 110-240 (Xlwb),,6At-Mt,2WD,5200.0,Single Cab,,,Diesel,15670135.9839375,KRA CRSP July 2025,2026-05-20T12:50:34.557157
Isuzu,Frr 110-260,,6At-Mt,2WD,7800.0,Dual Cab,,,Diesel,22572963.282796875,KRA CRSP July 2025,2026-05-20T12:50:34.557157
Isuzu,Frr 110-260 (Lwb),,6At-Mt,2WD,7800.0,Single Cab,,,Diesel,17840445.939,KRA CRSP July 2025,2026-05-20T12:50:34.557157
Isuzu,Frr 110-260 (Mwb),,6At-Mt,2WD,7800.0,Single Cab,,,Diesel,17676995.618812494,KRA CRSP July 2025,2026-05-20T12:50:34.557157
Isuzu,Frr 110-260 (Xlwb),,6At-Mt,2WD,7800.0,Single Cab,,,Diesel,17922103.0515,KRA CRSP July 2025,2026-05-20T12:50:34.557157
Isuzu,Fsd 140/120-260 (Lwb),,6At,2WD,7800.0,Single Cab,,,Diesel,21320263.7881875,KRA CRSP July 2025,2026-05-20T12:50:34.557157
Isuzu,Fsd 140/120-260 (Lwb) Aw,,6At,2WD,7800.0,Single Cab,,,Diesel,21810342.558374997,KRA CRSP July 2025,2026-05-20T12:50:34.557157
Isuzu,Fsr 120-260 (Swb),,6At,2WD,7800.0,Single Cab,,,Diesel,20327993.776125,KRA CRSP July 2025,2026-05-20T12:50:34.557157
Isuzu,Fsr 120-260 Dc,,6At,2WD,7800.0,Single Cab,,,Diesel,25118272.18575,KRA CRSP July 2025,2026-05-20T12:50:34.557157
Isuzu,Fsr 140/120-240 (Lwb),,6At,2WD,5200.0,Single Cab,,,Diesel,19135663.838437498,KRA CRSP July 2025,2026-05-20T12:50:34.557157
Isuzu,Fsr 140/120-240 (Swb),,6At,2WD,5200.0,Single Cab,,,Diesel,19071563.005124997,KRA CRSP July 2025,2026-05-20T12:50:34.557157
Isuzu,Fsr 140/120-260 (Lwb),,6At,2WD,7800.0,Single Cab,,,Diesel,20571740.2569375,KRA CRSP July 2025,2026-05-20T12:50:34.557157
Isuzu,Fsr 140/120-260 (Mwb),,6At,2WD,7800.0,Single Cab,,,Diesel,20408426.0319375,KRA CRSP July 2025,2026-05-20T12:50:34.557157
Isuzu,Fsr 140/120-260 (Xlwb),,6At,2WD,7800.0,Single Cab,,,Diesel,20653533.464625,KRA CRSP July 2025,2026-05-20T12:50:34.557157
Isuzu,Fss 110-210 (4Wd),,6Mt,4WD,5200.0,Dual Cab,,,Diesel,26855844.809625,KRA CRSP July 2025,2026-05-20T12:50:34.557157
Isuzu,Ftr 150-260 (Lwb),,6At,2WD,7800.0,Single Cab,,,Diesel,23734048.033687502,KRA CRSP July 2025,2026-05-20T12:50:34.557157
Isuzu,Ftr 150-260 (Mlwb),,6At,2WD,7800.0,Single Cab,,,Diesel,23536710.0118125,KRA CRSP July 2025,2026-05-20T12:50:34.557157
Isuzu,Ftr 150-260 (Mwb),,6At,2WD,7800.0,Single Cab,,,Diesel,23271324.3961875,KRA CRSP July 2025,2026-05-20T12:50:34.557157
Isuzu,Fts 139-260 (4Wd),,6At,4WD,7800.0,Dual Cab,,,Diesel,33400696.40029687,KRA CRSP July 2025,2026-05-20T12:50:34.557157
Isuzu,Fvd 165-260,,6At,2WD,7800.0,Dual Cab,,,Diesel,32661155.15142188,KRA CRSP July 2025,2026-05-20T12:50:34.557157
Isuzu,Fvd 165-300 (Lwb),,6At,2WD,7800.0,Single Cab,,,Diesel,26843278.6873125,KRA CRSP July 2025,2026-05-20T12:50:34.557157
Isuzu,Fvd 165-300 (Mlwb),,6At,2WD,7800.0,Single Cab,,,Diesel,26817556.696875,KRA CRSP July 2025,2026-05-20T12:50:34.557157
Isuzu,Fvd 165-300 (Mlwb) Dc,,6At,2WD,7800.0,Single Cab,,,Diesel,32397459.384375,KRA CRSP July 2025,2026-05-20T12:50:34.557157
Isuzu,Fvl 240-300 (Lwb),,6At,2WD,7800.0,Single Cab,,,Diesel,28797877.770187497,KRA CRSP July 2025,2026-05-20T12:50:34.557157
Isuzu,Fvr 165-300 (Lwb),,9Mt,2WD,7800.0,Single Cab,,,Diesel,23993581.55625,KRA CRSP July 2025,2026-05-20T12:50:34.557157
Isuzu,Fvr 165-300 (Mlwb),,6At,2WD,7800.0,Single Cab,,,Diesel,25960157.015625,KRA CRSP July 2025,2026-05-20T12:50:34.557157
Isuzu,Fvr 165-300 (Mwb),,9Mt,2WD,7800.0,Single Cab,,,Diesel,23728195.940625,KRA CRSP July 2025,2026-05-20T12:50:34.557157
Isuzu,Fvy 240-300 (Lwb),,6At,2WD,7800.0,Single Cab,,,Diesel,32446045.366312496,KRA CRSP July 2025,2026-05-20T12:50:34.557157
Isuzu,Fvy 240-300 (Lwb) Dc,,6At,2WD,7800.0,Single Cab,,,Diesel,38025948.053812504,KRA CRSP July 2025,2026-05-20T12:50:34.557157
Isuzu,Fvy 240-300 (Mwb) Aw,,6At,2WD,7800.0,Single Cab,,,Diesel,32019659.14387499,KRA CRSP July 2025,2026-05-20T12:50:34.557157
Isuzu,Fvy 240-300 (Mwb) Dc,,6At,2WD,7800.0,Single Cab,,,Diesel,37659851.9994375,KRA CRSP July 2025,2026-05-20T12:50:34.557157
Isuzu,Fvz 240-300 (Lwb),,9Mt,2WD,7800.0,Single Cab,,,Diesel,29057275.1975625,KRA CRSP July 2025,2026-05-20T12:50:34.557157
Isuzu,Fvz 240-300 (Mlwb),,6At,2WD,7800.0,Single Cab,,,Diesel,31066040.1650625,KRA CRSP July 2025,2026-05-20T12:50:34.557157
Isuzu,Fvz 240-300 (Mlwb) Dc,,6At,2WD,7800.0,Single Cab,,,Diesel,36645942.8525625,KRA CRSP July 2025,2026-05-20T12:50:34.557157
Isuzu,Fvz 240-300 (Mwb),,6At,2WD,7800.0,Single Cab,,,Diesel,30882311.661937498,KRA CRSP July 2025,2026-05-20T12:50:34.557157
Isuzu,Fvz 240-300 (Mwb) Dc,,6At,2WD,7800.0,Single Cab,,,Diesel,36462214.3494375,KRA CRSP July 2025,2026-05-20T12:50:34.557157
Isuzu,Fxd 165-350 (Lwb),,6At,2WD,9800.0,Single Cab,,,Diesel,28282077.0095625,KRA CRSP July 2025,2026-05-20T12:50:34.557157
Isuzu,Fxd 165-350 (Xlwb),,9Mt,2WD,9800.0,Single Cab,,,Diesel,25459598.915999997,KRA CRSP July 2025,2026-05-20T12:50:34.557157
Isuzu,Fxl 240-350 (Lwb),,9Mt,2WD,9800.0,Single Cab,,,Diesel,27708435.79425,KRA CRSP July 2025,2026-05-20T12:50:34.557157
Isuzu,Fxz 240-350 (Lwb),,6At,2WD,9800.0,Single Cab,,,Diesel,32275518.096375,KRA CRSP July 2025,2026-05-20T12:50:34.557157
Isuzu,Fxz 240-350 (Mlwb),,6At,2WD,9800.0,Single Cab,,,Diesel,32080493.692687497,KRA CRSP July 2025,2026-05-20T12:50:34.557157
Isuzu,Fyh 300-350 (Lwb),,6At,2WD,9800.0,Single Cab,,,Diesel,35179653.3024375,KRA CRSP July 2025,2026-05-20T12:50:34.557157
Isuzu,Fyh 300-350 (Mwb),,6At,2WD,9800.0,Single Cab,,,Diesel,35100173.7129375,KRA CRSP July 2025,2026-05-20T12:50:34.557157
Isuzu,Fyj 300-350 (Lwb),,6At,2WD,9800.0,Single Cab,,,Diesel,35607128.286375,KRA CRSP July 2025,2026-05-20T12:50:34.557157
Isuzu,Fyj 300-350 (Mwb),,6At,2WD,9800.0,Single Cab,,,Diesel,36561019.4555625,KRA CRSP July 2025,2026-05-20T12:50:34.557157
Isuzu,Fyj 300-350 (Xlwb),,6At,2WD,9800.0,Single Cab,,,Diesel,35764590.418312505,KRA CRSP July 2025,2026-05-20T12:50:34.557157
Isuzu,Fyj 300-350 Agitator,,6At,2WD,9800.0,Single Cab,,,Diesel,39557971.5795,KRA CRSP July 2025,2026-05-20T12:50:34.557157
Isuzu,Fyx 350-350,,5At,2WD,9800.0,Single Cab,,,Diesel,39893718.4070625,KRA CRSP July 2025,2026-05-20T12:50:34.557157
Isuzu,Mu-X Ls-M (2Wd),,6At,2WD,1900.0,Suv,,,Diesel,6450911.887499999,KRA CRSP July 2025,2026-05-20T12:50:34.557157
Isuzu,Mu-X Ls-M (4Wd),,6At,4WD,1900.0,Suv,,,Diesel,7267483.012499998,KRA CRSP July 2025,2026-05-20T12:50:34.557157
Isuzu,Mu-X Ls-T (2Wd),,6At,2WD,3000.0,Suv,,,Diesel,8628434.8875,KRA CRSP July 2025,2026-05-20T12:50:34.557157
Isuzu,Mu-X Ls-T (4Wd),,6At,4WD,3000.0,Suv,,,Diesel,9445006.0125,KRA CRSP July 2025,2026-05-20T12:50:34.557157
Isuzu,Mu-X Ls-U (2Wd),,6At,2WD,3000.0,Suv,,,Diesel,7607720.981249998,KRA CRSP July 2025,2026-05-20T12:50:34.557157
Isuzu,Mu-X Ls-U (4Wd),,6At,4WD,1900.0,Suv,,,Diesel,8152101.731249999,KRA CRSP July 2025,2026-05-20T12:50:34.557157
Isuzu,Mu-X X-Terrain (4Wd),,6At,4WD,3000.0,Suv,,,Diesel,10125481.95,KRA CRSP July 2025,2026-05-20T12:50:34.557157
Isuzu,Nlr 45-140 (Swb) Servicepack-X,,6At-Mt,2WD,3000.0,Single Cab,,,Diesel,11618310.0616875,KRA CRSP July 2025,2026-05-20T12:50:34.557157
Isuzu,Nlr 45-150 (Mwb),,5Mt,2WD,3000.0,Single Cab,,,Diesel,7817035.379625,KRA CRSP July 2025,2026-05-20T12:50:34.557157
Isuzu,Nlr 45-150 (Mwb) Traypack,,5Mt,2WD,3000.0,Single Cab,,,Diesel,8640411.264000002,KRA CRSP July 2025,2026-05-20T12:50:34.557157
Isuzu,Nlr 45-150 (Swb),,5Mt,2WD,3000.0,Single Cab,,,Diesel,7577235.6592500005,KRA CRSP July 2025,2026-05-20T12:50:34.557157
Isuzu,Nlr 45-150 (Swb) Servicepack,,6At-Mt,2WD,3000.0,Single Cab,,,Diesel,11947660.415437499,KRA CRSP July 2025,2026-05-20T12:50:34.557157
Isuzu,Nlr 45-150 (Swb) Traypack,,5Mt,2WD,3000.0,Single Cab,,,Diesel,8280847.778625,KRA CRSP July 2025,2026-05-20T12:50:34.557157
Isuzu,Nls 45-150 (Awd),,5Mt,4WD,3000.0,Dual Cab,,,Diesel,10865476.8495,KRA CRSP July 2025,2026-05-20T12:50:34.557157
Isuzu,Nls 45-150 Awd Servicepack-X,,5Mt,2WD,3000.0,Single Cab,,,Diesel,12737692.978875,KRA CRSP July 2025,2026-05-20T12:50:34.557157
Isuzu,Nls 45-150 Awd Traypack,,5Mt,2WD,3000.0,Single Cab,,,Diesel,9436568.110875,KRA CRSP July 2025,2026-05-20T12:50:34.557157
Isuzu,Nnr 45-150 (Mwb),,6At-Mt,2WD,3000.0,Single Cab,,,Diesel,8784263.8771875,KRA CRSP July 2025,2026-05-20T12:50:34.557157
Isuzu,Nnr 45-150 (Mwb) Vanpack,,6At-Mt,2WD,3000.0,Single Cab,,,Diesel,10663057.940625,KRA CRSP July 2025,2026-05-20T12:50:34.557157
Isuzu,Nnr 45-150 (Swb),,6At-Mt,2WD,3000.0,Single Cab,,,Diesel,8543919.7760625,KRA CRSP July 2025,2026-05-20T12:50:34.557157
Isuzu,Nnr 45-150 Crew Ifs Traypack,,6At-Mt,2WD,3000.0,Single Cab,,,Diesel,10835490.543187499,KRA CRSP July 2025,2026-05-20T12:50:34.557157
Isuzu,Nnr 45-150 Ifs,,6At-Mt,2WD,3000.0,Dual Cab,,,Diesel,10919438.59134375,KRA CRSP July 2025,2026-05-20T12:50:34.557157
Isuzu,Nnr 55/45-150 (Mwb) Ifs Traypack,,6At-Mt,2WD,3000.0,Single Cab,,,Diesel,9864859.6659375,KRA CRSP July 2025,2026-05-20T12:50:34.557157
Isuzu,Nnr 55/45-150 Ifs (Mwb),,6At-Mt,2WD,3000.0,Single Cab,,,Diesel,9026513.310937498,KRA CRSP July 2025,2026-05-20T12:50:34.557157
Isuzu,Nnr 55/45-150 Ifs (Swb),,6At-Mt,2WD,3000.0,Single Cab,,,Diesel,8786169.2098125,KRA CRSP July 2025,2026-05-20T12:50:34.557157
Isuzu,Nnr 65-150 Ifs (Mwb),,6At-Mt,2WD,3000.0,Single Cab,,,Diesel,9694876.776749998,KRA CRSP July 2025,2026-05-20T12:50:34.557157
Isuzu,Npr 45/55-155 (Mwb),,6At-Mt,2WD,5200.0,Single Cab,,,Diesel,9375869.657249998,KRA CRSP July 2025,2026-05-20T12:50:34.557157
Isuzu,Npr 45/55-155 (Mwb) Servicepack-X,,6At-Mt,2WD,5200.0,Single Cab,,,Diesel,13715128.615500003,KRA CRSP July 2025,2026-05-20T12:50:34.557157
Isuzu,Npr 45/55-155 (Mwb) Tradepack,,6Mt,2WD,5200.0,Single Cab,,,Diesel,10532134.37025,KRA CRSP July 2025,2026-05-20T12:50:34.557157
Isuzu,Npr 45/55-155 (Mwb) Tradepack Prem,,6At-Mt,2WD,5200.0,Single Cab,,,Diesel,10925313.3669375,KRA CRSP July 2025,2026-05-20T12:50:34.557157
Isuzu,Npr 45/55-155 (Swb),,6At-Mt,2WD,5200.0,Single Cab,,,Diesel,9229159.045125,KRA CRSP July 2025,2026-05-20T12:50:34.557157
Isuzu,Npr 45/55-155 (Swb) Servicepack,,6At-Mt,2WD,5200.0,Single Cab,,,Diesel,14111846.0870625,KRA CRSP July 2025,2026-05-20T12:50:34.557157
Isuzu,Npr 45/55-155 (Swb) Tradepack,,6Mt,2WD,5200.0,Single Cab,,,Diesel,10288115.6990625,KRA CRSP July 2025,2026-05-20T12:50:34.557157
Isuzu,Npr 45/55-155 (Swb) Tradepack Prem,,6At-Mt,2WD,5200.0,Single Cab,,,Diesel,10681294.695749998,KRA CRSP July 2025,2026-05-20T12:50:34.557157
Isuzu,Npr 65/45-190,,6At-Mt,2WD,5200.0,Dual Cab,,,Diesel,12386873.609296873,KRA CRSP July 2025,2026-05-20T12:50:34.557157
Isuzu,Npr 65/45-190 (Mwb),,6Mt,2WD,5200.0,Single Cab,,,Diesel,10004221.137937497,KRA CRSP July 2025,2026-05-20T12:50:34.557157
Isuzu,Npr 75-190,,6At-Mt,2WD,5200.0,Dual Cab,,,Diesel,13454755.83928125,KRA CRSP July 2025,2026-05-20T12:50:34.557157
Isuzu,Npr 75-190 (Lwb),,6At-Mt,2WD,5200.0,Single Cab,,,Diesel,11303385.7978125,KRA CRSP July 2025,2026-05-20T12:50:34.557157
Isuzu,Npr 75-190 (Mlwb),,6At-Mt,2WD,5200.0,Single Cab,,,Diesel,11271811.714312498,KRA CRSP July 2025,2026-05-20T12:50:34.557157
Isuzu,Npr 75-190 (Mwb),,6At-Mt,2WD,5200.0,Single Cab,,,Diesel,11233296.77625,KRA CRSP July 2025,2026-05-20T12:50:34.557157
Isuzu,Nps 75/45-155 (4Wd),,5At,4WD,5200.0,Dual Cab,,,Diesel,16058778.474375,KRA CRSP July 2025,2026-05-20T12:50:34.557157
Isuzu,Nps 75-155 4Wd Servicepack-X,,5At-Mt,2WD,5200.0,Single Cab,,,Diesel,18172382.1013125,KRA CRSP July 2025,2026-05-20T12:50:34.557157
Isuzu,Isuzu Elf Truck Full Flatlow Dump,NJR85-707,At,2WD,3000.0,Trk,,,Diesel,12540485.587499997,KRA CRSP July 2025,2026-05-20T12:50:34.557157
Isuzu,Isuzu Elf Truck Long High Floor,NLR88-700,At,2WD,3000.0,Trk,,,Diesel,12302488.659374999,KRA CRSP July 2025,2026-05-20T12:50:34.557157
Isuzu,Isuzu Elf Truck,NJR88-700,Mt,2WD,3000.0,Trk,,,Diesel,9718295.850000001,KRA CRSP July 2025,2026-05-20T12:50:34.557157
Isuzu,Isuzu Elf Truck Full Flatlow,NJR88-700,At,2WD,3000.0,Trk,,,Diesel,7748649.925000001,KRA CRSP July 2025,2026-05-20T12:50:34.557157
Isuzu,Isuzu Forward,FRR90-713,Mt,2WD,5200.0,Trk,,,Diesel,18388410.10714286,KRA CRSP July 2025,2026-05-20T12:50:34.557157
Isuzu,Isuzu Forward,FRR90-716,At,2WD,5200.0,Trk,,,Diesel,24107640.55,KRA CRSP July 2025,2026-05-20T12:50:34.557157
Isuzu,Isuzu Forward Basegrade,FRR90-715,At,2WD,5200.0,Trk,,,Diesel,36219157.05,KRA CRSP July 2025,2026-05-20T12:50:34.557157
Isuzu,Isuzu Forward Basegrade,FRR90-717,Mt,2WD,5200.0,Trk,,,Diesel,9530220.22875,KRA CRSP July 2025,2026-05-20T12:50:34.557157
Iveco Daily,E6 35S14V H1 Srw (Wb3000),,6Mt,,2300.0,Van,,,Diesel,8130054.310875001,KRA CRSP July 2025,2026-05-20T12:50:34.557157
Iveco Daily,E6 35S14V H1 Srw (Wb3520),,6Mt,,2300.0,Van,,,Diesel,8418031.727625001,KRA CRSP July 2025,2026-05-20T12:50:34.557157
Iveco Daily,E6 35S14V H2 Srw (Wb3520L),,6Mt,,2300.0,Van,,,Diesel,9067614.0575625,KRA CRSP July 2025,2026-05-20T12:50:34.557157
Iveco Daily,E6 35S14V H2 Srw (Wb4100),,6Mt,,2300.0,Van,,,Diesel,9646699.080374999,KRA CRSP July 2025,2026-05-20T12:50:34.557157
Iveco Daily,E6 35S14V H1 Srw (Wb3000),,8At,,2300.0,Van,,,Diesel,8751328.841812499,KRA CRSP July 2025,2026-05-20T12:50:34.557157
Iveco Daily,E6 35S14V H1 Srw (Wb3520),,8At,,2300.0,Van,,,Diesel,9039306.258562498,KRA CRSP July 2025,2026-05-20T12:50:34.557157
Iveco Daily,E6 35S14V H2 Srw (Wb3520L),,8At,,2300.0,Van,,,Diesel,9688888.5885,KRA CRSP July 2025,2026-05-20T12:50:34.557157
Iveco Daily,E6 35S14V H2 Srw (Wb4100),,8At,,2300.0,Van,,,Diesel,10267973.611312501,KRA CRSP July 2025,2026-05-20T12:50:34.557157
Iveco Daily,E6 50C18 Drw (Wb3450),,6At,,3000.0,Dual Cab,,,Diesel,10501013.937374998,KRA CRSP July 2025,2026-05-20T12:50:34.557157
Iveco Daily,E6 50C18 Drw (Wb3750),,6At,,3000.0,Dual Cab,,,Diesel,10568834.705812499,KRA CRSP July 2025,2026-05-20T12:50:34.557157
Iveco Daily,E6 50C18 Drw (Wb4100),,6At,,3000.0,Dual Cab,,,Diesel,10636655.474250002,KRA CRSP July 2025,2026-05-20T12:50:34.557157
Iveco Daily,E6 50C18 Drw (Wb4350),,6At,,3000.0,Dual Cab,,,Diesel,10704476.242687501,KRA CRSP July 2025,2026-05-20T12:50:34.557157
Iveco Daily,E6 70C18 Drw (Wb3750),,6At,,3000.0,Dual Cab,,,Diesel,12111757.187765624,KRA CRSP July 2025,2026-05-20T12:50:34.557157
Iveco Daily,E6 70C18 Drw (Wb4100),,6At,,3000.0,Dual Cab,,,Diesel,12179577.956203125,KRA CRSP July 2025,2026-05-20T12:50:34.557157
Iveco Daily,E6 70C18 Drw (Wb4350),,6At,,3000.0,Dual Cab,,,Diesel,12247398.724640625,KRA CRSP July 2025,2026-05-20T12:50:34.557157
Iveco Daily,E6 70C18 Drw (Wb4750),,6At,,3000.0,Dual Cab,,,Diesel,12315219.493078124,KRA CRSP July 2025,2026-05-20T12:50:34.557157
Iveco Daily,E6 50C18 Drw (Wb3450),,8At,,3000.0,Dual Cab,,,Diesel,11174061.345890626,KRA CRSP July 2025,2026-05-20T12:50:34.557157
Iveco Daily,E6 50C18 Drw (Wb3750),,8At,,3000.0,Dual Cab,,,Diesel,11241882.114328124,KRA CRSP July 2025,2026-05-20T12:50:34.557157
Iveco Daily,E6 50C18 Drw (Wb4100),,8At,,3000.0,Dual Cab,,,Diesel,11309702.882765623,KRA CRSP July 2025,2026-05-20T12:50:34.557157
Iveco Daily,E6 50C18 Drw (Wb4350),,8At,,3000.0,Dual Cab,,,Diesel,11377523.651203126,KRA CRSP July 2025,2026-05-20T12:50:34.557157
Iveco Daily,E6 50C21 Drw (Wb3450),,8At,,3000.0,Dual Cab,,,Diesel,11587620.596906252,KRA CRSP July 2025,2026-05-20T12:50:34.557157
Iveco Daily,E6 50C21 Drw (Wb3750),,8At,,3000.0,Dual Cab,,,Diesel,11655441.36534375,KRA CRSP July 2025,2026-05-20T12:50:34.557157
Iveco Daily,E6 50C21 Drw (Wb4100),,8At,,3000.0,Dual Cab,,,Diesel,11723262.13378125,KRA CRSP July 2025,2026-05-20T12:50:34.557157
Iveco Daily,E6 50C21 Drw (Wb4350),,8At,,3000.0,Dual Cab,,,Diesel,11791082.902218748,KRA CRSP July 2025,2026-05-20T12:50:34.557157
Iveco Daily,E6 70C18 Drw (Wb3750),,8At,,3000.0,Dual Cab,,,Diesel,12784804.596281251,KRA CRSP July 2025,2026-05-20T12:50:34.557157
Iveco Daily,E6 70C18 Drw (Wb4100),,8At,,3000.0,Dual Cab,,,Diesel,12852625.364718748,KRA CRSP July 2025,2026-05-20T12:50:34.557157
Iveco Daily,E6 70C18 Drw (Wb4350),,8At,,3000.0,Dual Cab,,,Diesel,12920446.133156251,KRA CRSP July 2025,2026-05-20T12:50:34.557157
Iveco Daily,E6 70C18 Drw (Wb4750),,8At,,3000.0,Dual Cab,,,Diesel,12988266.901593752,KRA CRSP July 2025,2026-05-20T12:50:34.557157
Iveco Daily,E6 70C21 Drw (Wb4100),,8At,,3000.0,Dual Cab,,,Diesel,13266184.615734374,KRA CRSP July 2025,2026-05-20T12:50:34.557157
Iveco Daily,E6 70C21 Drw (Wb4350),,8At,,3000.0,Dual Cab,,,Diesel,13334005.384171873,KRA CRSP July 2025,2026-05-20T12:50:34.557157
Iveco Daily,E6 70C21 Drw (Wb4750),,8At,,3000.0,Dual Cab,,,Diesel,13401826.152609374,KRA CRSP July 2025,2026-05-20T12:50:34.557157
Iveco Daily,E6 50C18 Drw (Wb3450),,6At,,3000.0,Single Cab,,,Diesel,8929749.632624999,KRA CRSP July 2025,2026-05-20T12:50:34.557157
Iveco Daily,E6 50C18 Drw (Wb3750),,6At,,3000.0,Single Cab,,,Diesel,8992353.418874998,KRA CRSP July 2025,2026-05-20T12:50:34.557157
Iveco Daily,E6 50C18 Drw (Wb4100),,6At,,3000.0,Single Cab,,,Diesel,9054957.205125,KRA CRSP July 2025,2026-05-20T12:50:34.557157
Iveco Daily,E6 50C18 Drw (Wb4350),,6At,,3000.0,Single Cab,,,Diesel,9117560.991375001,KRA CRSP July 2025,2026-05-20T12:50:34.557157
Iveco Daily,E6 50C18 Drw (Wb4750),,6At,,3000.0,Single Cab,,,Diesel,9180164.777625,KRA CRSP July 2025,2026-05-20T12:50:34.557157
Iveco Daily,E6 70C18 Drw (Wb3750),,6At,,3000.0,Single Cab,,,Diesel,10416589.556062499,KRA CRSP July 2025,2026-05-20T12:50:34.557157
Iveco Daily,E6 70C18 Drw (Wb4100),,6At,,3000.0,Single Cab,,,Diesel,10479193.3423125,KRA CRSP July 2025,2026-05-20T12:50:34.557157
Iveco Daily,E6 70C18 Drw (Wb4350),,6At,,3000.0,Single Cab,,,Diesel,10541797.128562499,KRA CRSP July 2025,2026-05-20T12:50:34.557157
Iveco Daily,E6 70C18 Drw (Wb4750),,6At,,3000.0,Single Cab,,,Diesel,10604400.9148125,KRA CRSP July 2025,2026-05-20T12:50:34.557157
Iveco Daily,E6 45C18 Tradie Made 3173 Tray,,8At,,3000.0,Single Cab,,,Diesel,7988787.506249998,KRA CRSP July 2025,2026-05-20T12:50:34.557157
Iveco Daily,E6 45C18 Tradie Made 4223 Tray,,8At,,3000.0,Single Cab,,,Diesel,8124882.69375,KRA CRSP July 2025,2026-05-20T12:50:34.557157
Iveco Daily,E6 50C18 Drw (Wb3450),,8At,,3000.0,Single Cab,,,Diesel,9624515.5648125,KRA CRSP July 2025,2026-05-20T12:50:34.557157
Iveco Daily,E6 50C18 Drw (Wb3750),,8At,,3000.0,Single Cab,,,Diesel,9613627.9498125,KRA CRSP July 2025,2026-05-20T12:50:34.557157
Iveco Daily,E6 50C18 Drw (Wb4100),,8At,,3000.0,Single Cab,,,Diesel,9676231.736062497,KRA CRSP July 2025,2026-05-20T12:50:34.557157
Iveco Daily,E6 50C18 Drw (Wb4350),,8At,,3000.0,Single Cab,,,Diesel,9738835.522312498,KRA CRSP July 2025,2026-05-20T12:50:34.557157
Iveco Daily,E6 50C18 Drw (Wb4750),,8At,,3000.0,Single Cab,,,Diesel,9801439.308562499,KRA CRSP July 2025,2026-05-20T12:50:34.557157
Iveco Daily,E6 50C21 Drw (Wb3450),,8At,,3000.0,Single Cab,,,Diesel,10006262.56575,KRA CRSP July 2025,2026-05-20T12:50:34.557157
Iveco Daily,E6 50C21 Drw (Wb3750),,8At,,3000.0,Single Cab,,,Diesel,9995374.95075,KRA CRSP July 2025,2026-05-20T12:50:34.557157
Iveco Daily,E6 50C21 Drw (Wb4100),,8At,,3000.0,Single Cab,,,Diesel,10057978.737,KRA CRSP July 2025,2026-05-20T12:50:34.557157
Iveco Daily,E6 50C21 Drw (Wb4350),,8At,,3000.0,Single Cab,,,Diesel,10120582.523249999,KRA CRSP July 2025,2026-05-20T12:50:34.557157
Iveco Daily,E6 50C21 Drw (Wb4750),,8At,,3000.0,Single Cab,,,Diesel,10183186.309499998,KRA CRSP July 2025,2026-05-20T12:50:34.557157
Iveco Daily,E6 70C18 Drw (Wb3750),,8At,,3000.0,Single Cab,,,Diesel,11037864.087000001,KRA CRSP July 2025,2026-05-20T12:50:34.557157
Iveco Daily,E6 70C18 Drw (Wb4100),,8At,,3000.0,Single Cab,,,Diesel,11100467.87325,KRA CRSP July 2025,2026-05-20T12:50:34.557157
Iveco Daily,E6 70C18 Drw (Wb4350),,8At,,3000.0,Single Cab,,,Diesel,11163071.6595,KRA CRSP July 2025,2026-05-20T12:50:34.557157
Iveco Daily,E6 70C18 Drw (Wb4750),,8At,,3000.0,Single Cab,,,Diesel,11225675.445749998,KRA CRSP July 2025,2026-05-20T12:50:34.557157
Iveco Daily,E6 70C21 Drw (Wb3750),,8At,,3000.0,Single Cab,,,Diesel,11419611.0879375,KRA CRSP July 2025,2026-05-20T12:50:34.557157
Iveco Daily,E6 70C21 Drw (Wb4100),,8At,,3000.0,Single Cab,,,Diesel,11482214.874187501,KRA CRSP July 2025,2026-05-20T12:50:34.557157
Iveco Daily,E6 70C21 Drw (Wb4350),,8At,,3000.0,Single Cab,,,Diesel,11544818.6604375,KRA CRSP July 2025,2026-05-20T12:50:34.557157
Iveco Daily,E6 70C21 Drw (Wb4750),,8At,,3000.0,Single Cab,,,Diesel,11607422.446687499,KRA CRSP July 2025,2026-05-20T12:50:34.557157
Iveco Daily,E6 35S18V H1 Srw (Wb3520),,6Mt,,3000.0,Van,,,Diesel,8904572.0229375,KRA CRSP July 2025,2026-05-20T12:50:34.557157
Iveco Daily,E6 35S18V H2 Srw (Wb3520L),,6Mt,,3000.0,Van,,,Diesel,9554154.352875,KRA CRSP July 2025,2026-05-20T12:50:34.557157
Iveco Daily,E6 35S18V H2 Srw (Wb4100),,6Mt,,3000.0,Van,,,Diesel,10133239.3756875,KRA CRSP July 2025,2026-05-20T12:50:34.557157
Iveco Daily,E6 35S21V H1 Srw (Wb3520),,6Mt,,3000.0,Van,,,Diesel,8799778.7285625,KRA CRSP July 2025,2026-05-20T12:50:34.557157
Iveco Daily,E6 35S21V H2 Srw (Wb3520L),,6Mt,,3000.0,Van,,,Diesel,9449361.058500001,KRA CRSP July 2025,2026-05-20T12:50:34.557157
Iveco Daily,E6 35S21V H2 Srw (Wb4100),,6Mt,,3000.0,Van,,,Diesel,10028446.081312498,KRA CRSP July 2025,2026-05-20T12:50:34.557157
Iveco Daily,E6 50C18V H2 Drw (Wb3520L),,6Mt,,3000.0,Van,,,Diesel,10226192.388749998,KRA CRSP July 2025,2026-05-20T12:50:34.557157
Iveco Daily,E6 50C18V H2 Drw (Wb4100),,6Mt,,3000.0,Van,,,Diesel,10796022.938812498,KRA CRSP July 2025,2026-05-20T12:50:34.557157
Iveco Daily,E6 50C18V H3 Drw (Wb4100),,6Mt,,3000.0,Van,,,Diesel,11365717.3936875,KRA CRSP July 2025,2026-05-20T12:50:34.557157
Iveco Daily,E6 50C18V H3 Drw (Wb4100L),,6Mt,,3000.0,Van,,,Diesel,11935411.8485625,KRA CRSP July 2025,2026-05-20T12:50:34.557157
Iveco Daily,E6 50C21V H2 Drw (Wb3520L),,6Mt,,3000.0,Van,,,Diesel,10607939.389687499,KRA CRSP July 2025,2026-05-20T12:50:34.557157
Iveco Daily,E6 50C21V H2 Drw (Wb4100),,6Mt,,3000.0,Van,,,Diesel,11177769.939749999,KRA CRSP July 2025,2026-05-20T12:50:34.557157
Iveco Daily,E6 50C21V H3 Drw (Wb4100),,6Mt,,3000.0,Van,,,Diesel,11747464.394624999,KRA CRSP July 2025,2026-05-20T12:50:34.557157
Iveco Daily,E6 50C21V H3 Drw (Wb4100L),,6Mt,,3000.0,Van,,,Diesel,12317158.849499999,KRA CRSP July 2025,2026-05-20T12:50:34.557157
Iveco Daily,E6 70C18V H3 Drw (Wb4100),,6Mt,,3000.0,Van,,,Diesel,12335667.794999998,KRA CRSP July 2025,2026-05-20T12:50:34.557157
Iveco Daily,E6 70C18V H3 Drw (Wb4100L),,6Mt,,3000.0,Van,,,Diesel,12980486.793375,KRA CRSP July 2025,2026-05-20T12:50:34.557157
Iveco Daily,E6 70C21V H3 Drw (Wb4100),,6Mt,,3000.0,Van,,,Diesel,12717414.795937497,KRA CRSP July 2025,2026-05-20T12:50:34.557157
Iveco Daily,E6 70C21V H3 Drw (Wb4100L),,6Mt,,3000.0,Van,,,Diesel,13362233.7943125,KRA CRSP July 2025,2026-05-20T12:50:34.557157
Iveco Daily,E6 35S18V H1 Srw (Wb3520),,8At,,3000.0,Van,,,Diesel,9525846.553875001,KRA CRSP July 2025,2026-05-20T12:50:34.557157
Iveco Daily,E6 35S18V H2 Srw (Wb3520L),,8At,,3000.0,Van,,,Diesel,10175428.8838125,KRA CRSP July 2025,2026-05-20T12:50:34.557157
Iveco Daily,E6 35S18V H2 Srw (Wb4100),,8At,,3000.0,Van,,,Diesel,10649720.61225,KRA CRSP July 2025,2026-05-20T12:50:34.557157
Iveco Daily,E6 35S21V H1 Srw (Wb3520),,8At,,3000.0,Van,,,Diesel,9421053.259499997,KRA CRSP July 2025,2026-05-20T12:50:34.557157
Iveco Daily,E6 35S21V H2 Srw (Wb3520L),,8At,,3000.0,Van,,,Diesel,10070635.5894375,KRA CRSP July 2025,2026-05-20T12:50:34.557157
Iveco Daily,E6 35S21V H2 Srw (Wb4100),,8At,,3000.0,Van,,,Diesel,10649720.61225,KRA CRSP July 2025,2026-05-20T12:50:34.557157
Iveco Daily,E6 50C18V H2 Drw (Wb3520L),,8At,,3000.0,Van,,,Diesel,10847466.919687498,KRA CRSP July 2025,2026-05-20T12:50:34.557157
Iveco Daily,E6 50C18V H2 Drw (Wb4100),,8At,,3000.0,Van,,,Diesel,11417297.469749998,KRA CRSP July 2025,2026-05-20T12:50:34.557157
Iveco Daily,E6 50C18V H3 Drw (Wb4100),,8At,,3000.0,Van,,,Diesel,11986991.924625,KRA CRSP July 2025,2026-05-20T12:50:34.557157
Iveco Daily,E6 50C18V H3 Drw (Wb4100L),,8At,,3000.0,Van,,,Diesel,12556686.379499998,KRA CRSP July 2025,2026-05-20T12:50:34.557157
Iveco Daily,E6 50C21V H2 Drw (Wb3520L),,8At,,3000.0,Van,,,Diesel,11229213.920625,KRA CRSP July 2025,2026-05-20T12:50:34.557157
Iveco Daily,E6 50C21V H2 Drw (Wb4100),,8At,,3000.0,Van,,,Diesel,11799044.470687501,KRA CRSP July 2025,2026-05-20T12:50:34.557157
Iveco Daily,E6 50C21V H3 Drw (Wb4100),,8At,,3000.0,Van,,,Diesel,12368738.9255625,KRA CRSP July 2025,2026-05-20T12:50:34.557157
Iveco Daily,E6 50C21V H3 Drw (Wb4100L),,8At,,3000.0,Van,,,Diesel,12938433.3804375,KRA CRSP July 2025,2026-05-20T12:50:34.557157
Iveco Daily,E6 70C18V H3 Drw (Wb4100),,8At,,3000.0,Van,,,Diesel,12956942.3259375,KRA CRSP July 2025,2026-05-20T12:50:34.557157
Iveco Daily,E6 70C18V H3 Drw (Wb4100L),,8At,,3000.0,Van,,,Diesel,13601761.324312499,KRA CRSP July 2025,2026-05-20T12:50:34.557157
Iveco Daily,E6 70C21V H3 Drw (Wb4100),,8At,,3000.0,Van,,,Diesel,13338689.326875,KRA CRSP July 2025,2026-05-20T12:50:34.557157
Iveco Daily,E6 70C21V H3 Drw (Wb4100L),,8At,,3000.0,Van,,,Diesel,13983508.325249998,KRA CRSP July 2025,2026-05-20T12:50:34.557157
Jac,Hfc4251Kr1,HFC4251KR1,At,6×4,11600.0,Truck,33800,2,Diesel,8443349.999999998,KRA CRSP July 2025,2026-05-20T12:50:34.557157
Jac,Hfc4251Kr1 4X2,HFC4251KR1,At,4×2,11600.0,Truck,,2,Diesel,8021182.499999998,KRA CRSP July 2025,2026-05-20T12:50:34.557157
Jac,Hfc4251Kr1 6X2,HFC4251KR1,At,6×2,11600.0,Truck,,2,Diesel,8232266.249999998,KRA CRSP July 2025,2026-05-20T12:50:34.557157
Jac,Hfc4251Kr1 8X4,HFC4251KR1,At,8×4,11600.0,Truck,,2,Diesel,9287684.999999998,KRA CRSP July 2025,2026-05-20T12:50:34.557157
Jac,Hfc4251Kr1 Auto,HFC4251KR1,At,6×4,11600.0,Truck,,2,Diesel,9498768.749999998,KRA CRSP July 2025,2026-05-20T12:50:34.557157
Jac,Hfc4251Kr1 Cng,HFC4251KR1CNG,At,6×4,11600.0,Truck,,2,Cng,9076601.249999998,KRA CRSP July 2025,2026-05-20T12:50:34.557157
Jac,Hfc4251Kr1 Daycab,HFC4251KR1,At,6×4,11600.0,Truck,,2,Diesel,8443349.999999998,KRA CRSP July 2025,2026-05-20T12:50:34.557157
Jac,Hfc4251Kr1 Euro5,HFC4251KR1,At,6×4,11600.0,Truck,,2,Diesel,8654433.749999998,KRA CRSP July 2025,2026-05-20T12:50:34.557157
Jac,Hfc4251Kr1 Euro6,HFC4251KR1,At,6×4,11600.0,Truck,,2,Diesel,8865517.499999998,KRA CRSP July 2025,2026-05-20T12:50:34.557157
Jac,Hfc4251Kr1 Ev,HFC4251KR1EV,At,6×4,,Truck,,2,Electric,9498768.749999998,KRA CRSP July 2025,2026-05-20T12:50:34.557157
Jac,Hfc4251Kr1 Highcab,HFC4251KR1,At,6×4,11600.0,Truck,,2,Diesel,9076601.249999998,KRA CRSP July 2025,2026-05-20T12:50:34.557157
Jac,Hfc4251Kr1 Lng,HFC4251KR1LNG,At,6×4,11600.0,Truck,,2,Lng,8865517.499999998,KRA CRSP July 2025,2026-05-20T12:50:34.557157
Jac,Hfc4251Kr1 Lowcab,HFC4251KR1,At,6×4,11600.0,Truck,,2,Diesel,8232266.249999998,KRA CRSP July 2025,2026-05-20T12:50:34.557157
Jac,Hfc4251Kr1 Manual,HFC4251KR1,Mt,6×4,11600.0,Truck,,2,Diesel,8443349.999999998,KRA CRSP July 2025,2026-05-20T12:50:34.557157
Jac,Hfc4251Kr1 Sleeper,HFC4251KR1,At,6×4,11600.0,Truck,,2,Diesel,9287684.999999998,KRA CRSP July 2025,2026-05-20T12:50:34.557157
Jac,Hfc4251Kr1,HFC4251KR1,At,6×4,11600.0,Truck,,2,Diesel,13026882.8571429,KRA CRSP July 2025,2026-05-20T12:50:34.557157
Jac,Hfc4251Kr1 Ev,HFC4251KR1EV,At,6×4,,Truck,,2,Electric,14655243.214285716,KRA CRSP July 2025,2026-05-20T12:50:34.557157
Jac,Hfc4251Kr1 Lng,HFC4251KR1LNG,At,6×4,11600.0,Truck,,2,Lng,13678227.0,KRA CRSP July 2025,2026-05-20T12:50:34.557157
Jac,Hfc4251Kr1 Cng,HFC4251KR1CNG,At,6×4,11600.0,Truck,,2,Cng,14003899.07142857,KRA CRSP July 2025,2026-05-20T12:50:34.557157
Jac,Hfc4251Kr1 4X2,HFC4251KR1,At,4×2,11600.0,Truck,,2,Diesel,12375538.714285715,KRA CRSP July 2025,2026-05-20T12:50:34.557157
Jac,Hfc4251Kr1 6X2,HFC4251KR1,At,6×2,11600.0,Truck,,2,Diesel,12701210.785714287,KRA CRSP July 2025,2026-05-20T12:50:34.557157
Jac,Hfc4251Kr1 8X4,HFC4251KR1,At,8×4,11600.0,Truck,,2,Diesel,14329571.142857144,KRA CRSP July 2025,2026-05-20T12:50:34.557157
Jac,Hfc4251Kr1 Euro5,HFC4251KR1,At,6×4,11600.0,Truck,,2,Diesel,13352554.928571431,KRA CRSP July 2025,2026-05-20T12:50:34.557157
Jac,Hfc4251Kr1 Euro6,HFC4251KR1,At,6×4,11600.0,Truck,,2,Diesel,13678227.0,KRA CRSP July 2025,2026-05-20T12:50:34.557157
Jac,Hfc4251Kr1 Highcab,HFC4251KR1,At,6×4,11600.0,Truck,,2,Diesel,14003899.07142857,KRA CRSP July 2025,2026-05-20T12:50:34.557157
Jac,Hfc4251Kr1 Lowcab,HFC4251KR1,At,6×4,11600.0,Truck,,2,Diesel,12701210.785714287,KRA CRSP July 2025,2026-05-20T12:50:34.557157
Jac,Hfc4251Kr1 Sleeper,HFC4251KR1,At,6×4,11600.0,Truck,,2,Diesel,14329571.142857144,KRA CRSP July 2025,2026-05-20T12:50:34.557157
Jac,Hfc4251Kr1 Daycab,HFC4251KR1,At,6×4,11600.0,Truck,,2,Diesel,13026882.857142856,KRA CRSP July 2025,2026-05-20T12:50:34.557157
Jac,Hfc4251Kr1 Auto,HFC4251KR1,At,6×4,11600.0,Truck,,2,Diesel,14655243.214285716,KRA CRSP July 2025,2026-05-20T12:50:34.557157
Jac,Hfc4251Kr1 Manual,HFC4251KR1,Mt,6×4,11600.0,Truck,,2,Diesel,13026882.857142856,KRA CRSP July 2025,2026-05-20T12:50:34.557157
Jaguar,Xf Sportbrake Xf Sportbrake R-Sport,SAJBA2AN9LCY8,At,2WD,2000.0,Wagon,,,Diesel,10642842.675,KRA CRSP July 2025,2026-05-20T12:50:34.557157
Jaguar,Xf Prestige,SAJBB4AX8LCY8,At,2WD,2000.0,Sedan,,,Gasoline,8072370.309374998,KRA CRSP July 2025,2026-05-20T12:50:34.557157
Jaguar,I-Pace Hse,SADHA2A19L1F7,At,4WD,,Coupe,,,Electric,15090142.75,KRA CRSP July 2025,2026-05-20T12:50:34.557157
Jaguar,F-Type R-Dynamic Coupe,3BA-J60XC,At,2WD,2000.0,Coupe,,,Gasoline,19301849.90625,KRA CRSP July 2025,2026-05-20T12:50:34.557157
Jaguar,F-Type Heritage 60 Edition,3BA-J60MC,At,4WD,5000.0,Coupe,,,Gasoline,57520673.68124999,KRA CRSP July 2025,2026-05-20T12:50:34.557157
Jaguar,F-Pace Svr Japan Sv Edition,7BA-DC5SC,At,4WD,2000.0,Wagon,,,Gasoline,22947618.075000003,KRA CRSP July 2025,2026-05-20T12:50:34.557157
Jaguar,F-Pace S P250,3BA-DC2XC,At,4WD,2000.0,Wagon,,,Gasoline,12189181.917857144,KRA CRSP July 2025,2026-05-20T12:50:34.557157
Jaguar,F-Pace S D200,SADCA2AN6PA71,At,4WD,2000.0,Wagon,,,Hybrid,13725720.843749996,KRA CRSP July 2025,2026-05-20T12:50:34.557157
Jaguar,F-Pace R-Dynamic Se D200,PA71,At,4WD,1990.0,Wagon,,,Gasoline,13760851.210714286,KRA CRSP July 2025,2026-05-20T12:50:34.557157
Jaguar,F-Pace Prestige,SADCA2AX7KA60,At,4WD,2000.0,Wagon,,,Gasoline,10401679.490624998,KRA CRSP July 2025,2026-05-20T12:50:34.557157
Jaguar,F-Pace Portfolio,SADCA2AX7KA35,At,4WD,2000.0,Wagon,,,Gasoline,13643398.181249997,KRA CRSP July 2025,2026-05-20T12:50:34.557157
Jaguar,E-Pace Sensory Performance Edition,SADFA2AN0L1Z7,At,4WD,2000.0,Wagon,,,Diesel,14685331.025,KRA CRSP July 2025,2026-05-20T12:50:34.557157
Jaguar,E-Pace R-Dynamic Se D200,SADFA2AN6P103,At,4WD,2000.0,Wagon,,,Hybrid,8945126.228571428,KRA CRSP July 2025,2026-05-20T12:50:34.557157
Jaguar,E-Pace R-Dynamic Hse P250,SADFA2AX2N103,At,4WD,2000.0,Wagon,,,Gasoline,11534671.518749999,KRA CRSP July 2025,2026-05-20T12:50:34.557157
Jaguar,E-Pace Base Grade 180Ps,SADFA2AN8J1Z3,At,4WD,2000.0,Wagon,,,Diesel,9225566.067857143,KRA CRSP July 2025,2026-05-20T12:50:34.557157
Jaguar,Xj Xj R-Sport,SAJKC1682J8W1,At,2WD,3000.0,Sedan,,,Gasoline,11335725.084374996,KRA CRSP July 2025,2026-05-20T12:50:34.557157
Jaguar,Xj Premium Luxury,CBA-J128B,At,2WD,3000.0,Sedan,,,Gasoline,14520752.710714286,KRA CRSP July 2025,2026-05-20T12:50:34.557157
Jaguar,Xf Sportbrake Xf Sportbrake Prestige,SAJBB2AN4JCY6,At,2WD,2000.0,Wagon,,,Diesel,11285140.371428572,KRA CRSP July 2025,2026-05-20T12:50:34.557157
Jaguar,Xf R-Dynamic Hse P250,3BA-JB2XD,At,4WD,2000.0,Coupe,,,Gasoline,12613942.732499998,KRA CRSP July 2025,2026-05-20T12:50:34.557157
Jaguar,Xf Prestige,SAJBB4AX0JCY7,At,4WD,2000.0,Coupe,,,Gasoline,10192329.642857142,KRA CRSP July 2025,2026-05-20T12:50:34.557157
Jaguar,I-Pace First Edition,ZAA-DH1AA,At,4WD,,Coupe,,,Electric,12343122.281249996,KRA CRSP July 2025,2026-05-20T12:50:34.557157
Jaguar,I-Pace Black Edition,ZAA-DH1CA,At,4WD,,Coupe,,,Electric,13340191.451785717,KRA CRSP July 2025,2026-05-20T12:50:34.557157
Jaguar,F-Type R-Dynamic Convertible,SAJDB5AX0PCK8,At,2WD,2000.0,Convertible,,,Gasoline,18241857.674999997,KRA CRSP July 2025,2026-05-20T12:50:34.557157
Jaguar,F-Type R-Dynamic Black Curated For Japan,7BA-J60MD,At,4WD,5000.0,Coupe,,,Gasoline,28317090.2828125,KRA CRSP July 2025,2026-05-20T12:50:34.557157
Jaguar,F-Type R75 Coupe P575,3BA-J60MC,At,4WD,2000.0,Coupe,,,Gasoline,39922691.80499999,KRA CRSP July 2025,2026-05-20T12:50:34.557157
Jaguar,F-Type R Awd Coupe,SAJDA1AE2KCK6,At,4WD,5000.0,Coupe,,,Gasoline,33887535.99910715,KRA CRSP July 2025,2026-05-20T12:50:34.557157
Jaguar,F-Type Coupe,DBA-J60XB,At,2WD,2000.0,Coupe,,,Gasoline,21151194.846428573,KRA CRSP July 2025,2026-05-20T12:50:34.557157
Jaguar,F-Pace Svr,7BA-DC5SC,At,4WD,2000.0,Wagon,,,Gasoline,27696562.692187496,KRA CRSP July 2025,2026-05-20T12:50:34.557157
Jaguar,F-Pace S,SADCA2AV7JA29,At,4WD,3000.0,Wagon,,,Gasoline,15717899.121428574,KRA CRSP July 2025,2026-05-20T12:50:34.557157
Jaguar,F-Pace R-Sport,JAGUAR F-PACE PURE,At,4WD,2000.0,Wagon,,,Diesel,9958403.615624998,KRA CRSP July 2025,2026-05-20T12:50:34.557157
Jaguar,F-Pace R-Dynamic Se P250,SADCA2AX3NA70,At,4WD,2000.0,Wagon,,,Gasoline,14187843.482142856,KRA CRSP July 2025,2026-05-20T12:50:34.557157
Jaguar,F-Pace Pure,SADCA2AX6KA60,At,4WD,2000.0,Wagon,,,Gasoline,14961616.2,KRA CRSP July 2025,2026-05-20T12:50:34.557157
Jaguar,F-Pace Base Grade D200,SADCA2AN2NA69,At,2WD,2000.0,Wagon,,,Diesel,13871368.631250001,KRA CRSP July 2025,2026-05-20T12:50:34.557157
Jaguar,E-Pace S P200,3BA-DF2XB,At,4WD,2000.0,Wagon,,,Gasoline,10435980.6,KRA CRSP July 2025,2026-05-20T12:50:34.557157
Jaguar,E-Pace S 250Ps,DBA-DF2XA,At,4WD,2000.0,Wagon,,,Gasoline,8676597.54375,KRA CRSP July 2025,2026-05-20T12:50:34.557157
Jaguar,E-Pace S 180Ps,SADFA2AN8J1Z2,At,4WD,2000.0,Wagon,,,Diesel,10112720.914285716,KRA CRSP July 2025,2026-05-20T12:50:34.557157
Jaguar,E-Pace R-Dynamic Se P250,3BA-DF2XB,At,4WD,2000.0,Wagon,,,Gasoline,12373729.424999999,KRA CRSP July 2025,2026-05-20T12:50:34.557157
Jaguar,E-Pace R-Dynamic Se 300Ps,SADFA2AX1J1Z0,At,4WD,2000.0,Wagon,,,Gasoline,11992572.482142856,KRA CRSP July 2025,2026-05-20T12:50:34.557157
Jaguar,E-Pace R-Dynamic Hse 300Ps,SADFA2AX0J1Z2,At,4WD,2000.0,Wagon,,,Gasoline,10883478.149999999,KRA CRSP July 2025,2026-05-20T12:50:34.557157
Jeep,Chrysler  Avenger,ZACNJAC55RJK9,At,4WD,,Wagon,,,Electric,9348899.287499996,KRA CRSP July 2025,2026-05-20T12:50:34.557157
Jeep,Chrysler  Avenger Altitude,ZAA-FH1JE,At,4WD,,Wagon,,,Electric,8579762.873437498,KRA CRSP July 2025,2026-05-20T12:50:34.557157
Jeep,Chrysler  Cherokee 80Th Anniversary Edition,3BA-KL20L,At,4WD,,Wagon,,,Electric,7295898.735,KRA CRSP July 2025,2026-05-20T12:50:34.557157
Jeep,Chrysler  Cherokee Limited,KL20L-1C4PJMHN2KD42,At,4WD,,Wagon,,,Electric,8878182.524999999,KRA CRSP July 2025,2026-05-20T12:50:34.557157
Jeep,Chrysler  Cherokee Longitude Launch Edition,ABA-KL24,At,4WD,2400.0,Wagon,,,Gasoline,9041621.657142859,KRA CRSP July 2025,2026-05-20T12:50:34.557157
Jeep,Chrysler  Cherokee Night Eagle,ABA-KL32L,At,4WD,3200.0,Wagon,,,Gasoline,8447873.223214285,KRA CRSP July 2025,2026-05-20T12:50:34.557157
Jeep,Chrysler  Cherokee Trailhawk,ABA-KL32L,At,4WD,3200.0,Wagon,,,Gasoline,15431579.091964286,KRA CRSP July 2025,2026-05-20T12:50:34.557157
Jeep,Chrysler  Commander Limited,3DA-H620,At,4WD,2000.0,Wagon,,,Diesel,9849167.774999999,KRA CRSP July 2025,2026-05-20T12:50:34.557157
Jeep,Chrysler  Compass 80Th Anniversary Edition,3BA-M624,At,4WD,2400.0,Wagon,,,Gasoline,9888851.52,KRA CRSP July 2025,2026-05-20T12:50:34.557157
Jeep,Chrysler  Compass Limited,ABA-M624,At,4WD,2400.0,Wagon,,,Diesel,12869541.7,KRA CRSP July 2025,2026-05-20T12:50:34.557157
Jeep,Chrysler  Compass S Model,ABA-M624,At,4WD,2400.0,Wagon,,,Gasoline,9504573.553124998,KRA CRSP July 2025,2026-05-20T12:50:34.557157
Jeep,Chrysler  Grand Cherokee 4Xe Limited 4Xe,1C4RJYK64P876,At,4WD,2000.0,Wagon,,,Gasoline,15916619.394642856,KRA CRSP July 2025,2026-05-20T12:50:34.557157
Jeep,Chrysler  Grand Cherokee 4Xe Limited 4Xe,1C4RJYK64P876,At,4WD,2000.0,Wagon,,,Plug-In Hybrid,14765609.860714287,KRA CRSP July 2025,2026-05-20T12:50:34.557157
Jeep,Chrysler  Grand Cherokee 4Xe Summit Reserve 4Xe,1C4RJYN68P876,At,4WD,2000.0,Wagon,,,Plug-In Hybrid,16768493.100000001,KRA CRSP July 2025,2026-05-20T12:50:34.557157
Jeep,Chrysler  Grand Cherokee Altitude,DBA-WK36TA,At,4WD,3600.0,Wagon,,,Gasoline,13010247.44732143,KRA CRSP July 2025,2026-05-20T12:50:34.557157
Jeep,Chrysler  Grand Cherokee L Limited,1C4RJKKG4P876,At,4WD,3600.0,Wagon,,,Gasoline,17243004.344196428,KRA CRSP July 2025,2026-05-20T12:50:34.557157
Jeep,Chrysler  Grand Cherokee L Summit Reserve,1C4RJKNG6P880,At,4WD,3600.0,Wagon,,,Gasoline,19215481.471874997,KRA CRSP July 2025,2026-05-20T12:50:34.557157
Jeep,Chrysler  Grand Cherokee Srt8,1C4RJFHJ4HC92,At,4WD,6400.0,Wagon,,,Gasoline,21516922.57232143,KRA CRSP July 2025,2026-05-20T12:50:34.557157
Jeep,Chrysler  Grand Cherokee Sterling Edition,DBA-WK36TA,At,4WD,3600.0,Wagon,,,Gasoline,22559676.29732143,KRA CRSP July 2025,2026-05-20T12:50:34.557157
Jeep,Chrysler  Grand Cherokee Summit,1C4RJFKG8JC47,At,4WD,3600.0,Wagon,,,Gasoline,22001058.230357148,KRA CRSP July 2025,2026-05-20T12:50:34.557157
Jeep,Chrysler  Grand Cherokee Trackhawk,1C4RJFP92JC35,At,4WD,6200.0,Wagon,,,Gasoline,43192610.27946428,KRA CRSP July 2025,2026-05-20T12:50:34.557157
Jeep,Chrysler  Renegade Limited,1C4BU0000KPJ9,At,2WD,1300.0,Wagon,,,Gasoline,9098545.16484375,KRA CRSP July 2025,2026-05-20T12:50:34.557157
Jeep,Chrysler  Renegade Longitude,1C4BU000KPJ9,At,2WD,1300.0,Wagon,,,Gasoline,5959597.874999999,KRA CRSP July 2025,2026-05-20T12:50:34.557157
Jeep,Chrysler  Renegade Night Eagle,3BA-BV13PM,At,2WD,1300.0,Wagon,,,Gasoline,7562153.522916669,KRA CRSP July 2025,2026-05-20T12:50:34.557157
Jeep,Chrysler  Renegade Trailhawk,1C4BU0000JPH9,At,4WD,2400.0,Wagon,,,Gasoline,8267245.842857143,KRA CRSP July 2025,2026-05-20T12:50:34.557157
Jeep,Chrysler  Trailhawk,MCANJRDB1KFA5,At,4WD,2400.0,Wagon,,,Gasoline,9724100.653125,KRA CRSP July 2025,2026-05-20T12:50:34.557157
Jeep,Chrysler  Wrangler,1C4HJXGG2LW15,At,2WD,3600.0,Wagon,,,Gasoline,17687684.652083334,KRA CRSP July 2025,2026-05-20T12:50:34.557157
Jeep,Chrysler  Wrangler Overland Nacho,1C4HJXHG8MW70,At,2WD,3600.0,Wagon,,,Gasoline,18483724.471874997,KRA CRSP July 2025,2026-05-20T12:50:34.557157
Jeep,Chrysler  Wrangler Rubicon,7BA-JL36S,At,4WD,3600.0,Wagon,,,Gasoline,15065700.591964286,KRA CRSP July 2025,2026-05-20T12:50:34.557157
Jeep,Chrysler  Wrangler Rubicon Soft Top,7BA-JL36S,At,4WD,3600.0,Wagon,,,Gasoline,18577938.185624998,KRA CRSP July 2025,2026-05-20T12:50:34.557157
Jeep,Chrysler  Wrangler Sports,1C4HJXGG6KW60,At,4WD,3600.0,Wagon,,,Gasoline,14867244.173437499,KRA CRSP July 2025,2026-05-20T12:50:34.557157
Jeep,Chrysler  Wrangler Unlimited Black&Tan,ABA-JL36L,At,2WD,3600.0,Wagon,,,Gasoline,14866354.885416666,KRA CRSP July 2025,2026-05-20T12:50:34.557157
Jeep,Chrysler  Wrangler Unlimited Limited Edition With Sunrider Flip Top For Hardtop,7BA-JL36L,At,2WD,3600.0,Wagon,,,Gasoline,22677606.778125003,KRA CRSP July 2025,2026-05-20T12:50:34.557157
Jeep,Chrysler  Wrangler Unlimited Rubicon Power Top,3BA-JL20L,At,2WD,2000.0,Wagon,,,Gasoline,17397522.674999997,KRA CRSP July 2025,2026-05-20T12:50:34.557157
Jeep,Chrysler  Wrangler Unlimited Sahara,1C4HJXEGXKW59,At,2WD,3600.0,Wagon,,,Gasoline,26167744.657031246,KRA CRSP July 2025,2026-05-20T12:50:34.557157
Jeep,Chrysler  Wrangler Unlimited Willys,ABA-JL36L,At,2WD,3600.0,Wagon,,,Gasoline,20293044.47083334,KRA CRSP July 2025,2026-05-20T12:50:34.557157
Jeep,Chrysler Compass Longitude,ABA-M624,At,4WD,2400.0,Wagon,,,Gasoline,6706834.350000001,KRA CRSP July 2025,2026-05-20T12:50:34.557157
Jeep,Chrysler Gladiator,1C6HJTAG2ML61,At,4WD,3600.0,Wagon,,,Gasoline,20487290.382812496,KRA CRSP July 2025,2026-05-20T12:50:34.557157
Jeep,Chrysler Gladiator Rubicon,7BF-JT36,At,4WD,2400.0,Wagon,,,Gasoline,26151165.787499998,KRA CRSP July 2025,2026-05-20T12:50:34.557157
Jeep,Chrysler Grand Cherokee,1C4RJFEG9KC75,At,4WD,3600.0,Wagon,,,Gasoline,13930315.72291667,KRA CRSP July 2025,2026-05-20T12:50:34.557157
Jeep,Chrysler Grand Cherokee Limited,1C4PJHKN2P877,At,4WD,3600.0,Wagon,,,Gasoline,16719340.74107143,KRA CRSP July 2025,2026-05-20T12:50:34.557157
Jeep,Chrysler Other,1C6HATAG3LL11,At,4WD,3600.0,Wagon,,,Gasoline,21002950.393750004,KRA CRSP July 2025,2026-05-20T12:50:34.557157
Jeep,Chrysler Renegade 4Xe Trailhawk 4Xe,1C4PJDCW3PP03,At,2WD,1300.0,Wagon,,,Gasoline,10369589.734821431,KRA CRSP July 2025,2026-05-20T12:50:34.557157
Jeep,Chrysler Wrangler,7BA-JL36S,At,4WD,3600.0,Wagon,,,Gasoline,14680874.8125,KRA CRSP July 2025,2026-05-20T12:50:34.557157
Jeep,Chrysler Wrangler Rubicon Soft Top,7BA-JL36S,At,2WD,3600.0,Wagon,,,Gasoline,18577938.185624998,KRA CRSP July 2025,2026-05-20T12:50:34.557157
Jeep,Chrysler Wrangler Unlimited Rubicon,1C4JJXFG7PW54,At,2WD,3600.0,Wagon,,,Gasoline,20870755.007142857,KRA CRSP July 2025,2026-05-20T12:50:34.557157
Jeep,Chrysler Wrangler Unlimited Rubicon Limited Edition With Sunrider Flip Top For Hardtop,7BA-JL36L,At,2WD,3600.0,Wagon,,,Gasoline,19487603.606250003,KRA CRSP July 2025,2026-05-20T12:50:34.557157
Jeep,Chrysler Wrangler Unlimited Rubicon Sky One Touch Power Top,1C4HJXMG5KW59,At,2WD,3600.0,Wagon,,,Gasoline,26560492.359374993,KRA CRSP July 2025,2026-05-20T12:50:34.557157
Jeep,Chrysler Wrangler Unlimited Sahara Launch Edition,ABA-JL36L,At,2WD,3600.0,Wagon,,,Gasoline,27120172.127343748,KRA CRSP July 2025,2026-05-20T12:50:34.557157
Jeep,Chrysler Wrangler Unlimited Sport,3BA-JL20L,At,2WD,3600.0,Wagon,,,Gasoline,14454160.813392859,KRA CRSP July 2025,2026-05-20T12:50:34.557157
Jeep,Chrysler Wrangler Unlimited Sport Altitude,3BA-JL20L,At,2WD,3600.0,Wagon,,,Gasoline,12248354.472656248,KRA CRSP July 2025,2026-05-20T12:50:34.557157
Kia,Carnival,SPORT+ HEV,Auto,2WD,1598.0,Station Wagon,,,Petrol,10456791.0,KRA CRSP July 2025,2026-05-20T12:50:34.557157
Kia,Carnival,GT-LINE HEV,Auto,2WD,1600.0,Station Wagon,,,Petrol,11685651.75,KRA CRSP July 2025,2026-05-20T12:50:34.557157
Kia,Carnival,GT-LINE,Auto,4WD,2200.0,Station Wagon,,,Diesel,11180640.75,KRA CRSP July 2025,2026-05-20T12:50:34.557157
Kia,Carnival,GT-LINE LITE,Auto,4WD,2200.0,Station Wagon,,,Diesel,10518004.5,KRA CRSP July 2025,2026-05-20T12:50:34.557157
Kia,Carnival,S,Auto,4WD,2200.0,Station Wagon,,,Diesel,8038859.25,KRA CRSP July 2025,2026-05-20T12:50:34.557157
Kia,Carnival,SPECIAL EDITION,Auto,4WD,2200.0,Station Wagon,,,Diesel,9670198.5,KRA CRSP July 2025,2026-05-20T12:50:34.557157
Kia,Carnival,SPORT,Auto,4WD,2200.0,Station Wagon,,,Diesel,8941758.0,KRA CRSP July 2025,2026-05-20T12:50:34.557157
Kia,Carnival,SPORT+,Auto,4WD,2200.0,Station Wagon,,,Diesel,9910461.0,KRA CRSP July 2025,2026-05-20T12:50:34.557157
Kia,Carnival,GT-LINE,Auto,4WD,3500.0,Station Wagon,,,Petrol,11706525.75,KRA CRSP July 2025,2026-05-20T12:50:34.557157
Kia,Carnival,GT-LINE LITE,Auto,4WD,3500.0,Station Wagon,,,Petrol,10990878.75,KRA CRSP July 2025,2026-05-20T12:50:34.557157
Kia,Carnival,S,Auto,4WD,3500.0,Station Wagon,,,Petrol,8313401.25,KRA CRSP July 2025,2026-05-20T12:50:34.557157
Kia,Carnival,SPECIAL EDITION,Auto,4WD,3500.0,Station Wagon,,,Petrol,10113261.0,KRA CRSP July 2025,2026-05-20T12:50:34.557157
Kia,Carnival,SPORT,Auto,4WD,3500.0,Station Wagon,,,Petrol,9288532.5,KRA CRSP July 2025,2026-05-20T12:50:34.557157
Kia,Carnival,SPORT+,Auto,4WD,3500.0,Station Wagon,,,Petrol,10334731.5,KRA CRSP July 2025,2026-05-20T12:50:34.557157
Kia,Cerato,GT,Auto,2WD,1600.0,Hatchback,,,Petrol,5640821.25,KRA CRSP July 2025,2026-05-20T12:50:34.557157
Kia,Cerato,S,Auto,2WD,2000.0,Hatchback,,,Petrol,4141091.25,KRA CRSP July 2025,2026-05-20T12:50:34.557157
Kia,Cerato,S SAFETY PACK,Auto,2WD,2000.0,Hatchback,,,Petrol,4294125.0,KRA CRSP July 2025,2026-05-20T12:50:34.557157
Kia,Cerato,SPORT,Auto,2WD,2000.0,Hatchback,,,Petrol,4462461.75,KRA CRSP July 2025,2026-05-20T12:50:34.557157
Kia,Cerato,SPORT+,Auto,2WD,2000.0,Hatchback,,,Petrol,4929214.5,KRA CRSP July 2025,2026-05-20T12:50:34.557157
Kia,Cerato,SPORT SAFETY PACK,Auto,2WD,2000.0,Hatchback,,,Petrol,4615495.5,KRA CRSP July 2025,2026-05-20T12:50:34.557157
Kia,Cerato,GT,Auto,2WD,1600.0,Sedan,,,Petrol,5640821.25,KRA CRSP July 2025,2026-05-20T12:50:34.557157
Kia,Cerato,S,Auto,2WD,2000.0,Sedan,,,Petrol,4141091.25,KRA CRSP July 2025,2026-05-20T12:50:34.557157
Kia,Cerato,S SAFETY PACK,Auto,2WD,2000.0,Sedan,,,Petrol,4294125.0,KRA CRSP July 2025,2026-05-20T12:50:34.557157
Kia,Cerato,SPORT,Auto,2WD,2000.0,Sedan,,,Petrol,4462461.75,KRA CRSP July 2025,2026-05-20T12:50:34.557157
Kia,Cerato,SPORT+,Auto,2WD,2000.0,Sedan,,,Petrol,4929214.5,KRA CRSP July 2025,2026-05-20T12:50:34.557157
Kia,Cerato,SPORT SAFETY PACK,Auto,2WD,2000.0,Sedan,,,Petrol,4615495.5,KRA CRSP July 2025,2026-05-20T12:50:34.557157
Kia,Ev3,AIR 2WD LR,Auto,2WD,0.0,Suv,,,Electric,7179912.0,KRA CRSP July 2025,2026-05-20T12:50:34.557157
Kia,Ev3,AIR 2WD SR,Auto,2WD,0.0,Suv,,,Electric,6410274.75,KRA CRSP July 2025,2026-05-20T12:50:34.557157
Kia,Ev3,EARTH 2WD LR SUBTLE GREY,Auto,2WD,0.0,Suv,,,Electric,7891641.0,KRA CRSP July 2025,2026-05-20T12:50:34.557157
Kia,Ev3,EARTH 2WD LR WARM GREY,Auto,2WD,0.0,Suv,,,Electric,7891641.0,KRA CRSP July 2025,2026-05-20T12:50:34.557157
Kia,Ev3,GT-LINE 2WD LR,Auto,2WD,0.0,Suv,,,Electric,8612123.25,KRA CRSP July 2025,2026-05-20T12:50:34.557157
Kia,Ev5,AIR 2WD LR,Auto,2WD,0.0,Suv,,,Electric,8237742.0,KRA CRSP July 2025,2026-05-20T12:50:34.557157
Kia,Ev5,AIR 2WD SR,Auto,2WD,0.0,Suv,,,Electric,7645195.5,KRA CRSP July 2025,2026-05-20T12:50:34.557157
Kia,Ev5,EARTH AWD LR BLACK,Auto,4WD,0.0,Suv,,,Electric,8722552.5,KRA CRSP July 2025,2026-05-20T12:50:34.557157
Kia,Ev5,EARTH AWD LR NOUGAT,Auto,4WD,0.0,Suv,,,Electric,8722552.5,KRA CRSP July 2025,2026-05-20T12:50:34.557157
Kia,Ev5,GT-LINE AWD LR,Auto,2WD,0.0,Suv,,,Electric,9665240.25,KRA CRSP July 2025,2026-05-20T12:50:34.557157
Kia,Ev6,AIR RWD,Auto,2WD,0.0,Suv,,,Electric,9775668.75,KRA CRSP July 2025,2026-05-20T12:50:34.557157
Kia,Ev6,GT AWD,Auto,4WD,0.0,Suv,,,Electric,13411749.0,KRA CRSP July 2025,2026-05-20T12:50:34.557157
Kia,Ev6,GT-LINE AWD,Auto,4WD,0.0,Suv,,,Electric,11795713.5,KRA CRSP July 2025,2026-05-20T12:50:34.557157
Kia,Ev6,GT-LINE RWD,Auto,2WD,0.0,Suv,,,Electric,10718356.5,KRA CRSP July 2025,2026-05-20T12:50:34.557157
Kia,Ev9,AIR,Auto,2WD,0.0,Suv,,,Electric,13062954.75,KRA CRSP July 2025,2026-05-20T12:50:34.557157
Kia,Ev9,EARTH,Auto,2WD,0.0,Suv,,,Electric,14342316.75,KRA CRSP July 2025,2026-05-20T12:50:34.557157
Kia,Ev9,GT LINE,Auto,2WD,0.0,Suv,,,Electric,16295026.5,KRA CRSP July 2025,2026-05-20T12:50:34.557157
Kia,K4,GT-LINE,Auto,2WD,1600.0,Sedan,,,Petrol,6578918.25,KRA CRSP July 2025,2026-05-20T12:50:34.557157
Kia,K4,S,Auto,2WD,2000.0,Sedan,,,Petrol,4681300.5,KRA CRSP July 2025,2026-05-20T12:50:34.557157
Kia,K4,S SAFETY PACK,Auto,2WD,2000.0,Sedan,,,Petrol,5002671.0,KRA CRSP July 2025,2026-05-20T12:50:34.557157
Kia,K4,SPORT,Auto,2WD,2000.0,Sedan,,,Petrol,5385255.0,KRA CRSP July 2025,2026-05-20T12:50:34.557157
Kia,K4,SPORT+,Auto,2WD,2000.0,Sedan,,,Petrol,5752536.0,KRA CRSP July 2025,2026-05-20T12:50:34.557157
Kia,Niro,EV GT-LINE BLACK C PILLAR,Auto,2WD,0.0,Suv,,,Electric,9744695.25,KRA CRSP July 2025,2026-05-20T12:50:34.557157
Kia,Niro,EV GT-LINE BODY C PILLAR,Auto,2WD,0.0,Suv,,,Electric,9744695.25,KRA CRSP July 2025,2026-05-20T12:50:34.557157
Kia,Niro,EV GT-LINE GREY C PILLAR,Auto,2WD,0.0,Suv,,,Electric,9744695.25,KRA CRSP July 2025,2026-05-20T12:50:34.557157
Kia,Niro,EV S,Auto,2WD,0.0,Suv,,,Electric,8967651.0,KRA CRSP July 2025,2026-05-20T12:50:34.557157
Kia,Niro,HEV GT-LINE BLK C PILLAR (HYB),Auto,2WD,1600.0,Suv,,,Petrol/Electric,7751156.25,KRA CRSP July 2025,2026-05-20T12:50:34.557157
Kia,Niro,HEV GT-LINE BODY C PILL (HYB),Auto,2WD,1600.0,Suv,,,Petrol/Electric,7751156.25,KRA CRSP July 2025,2026-05-20T12:50:34.557157
Kia,Niro,HEV S (HYBRID),Auto,2WD,1600.0,Suv,,,Petrol/Electric,6886515.75,KRA CRSP July 2025,2026-05-20T12:50:34.557157
Kia,Optima,GT NAV (BLACK LEATHER),Auto,2WD,2000.0,Sedan,,,Petrol,6901818.75,KRA CRSP July 2025,2026-05-20T12:50:34.557157
Kia,Optima,GT NAV (BLACK LEATHER) SUNROOF,Auto,2WD,2000.0,Sedan,,,Petrol,7103823.75,KRA CRSP July 2025,2026-05-20T12:50:34.557157
Kia,Optima,SI,Auto,2WD,2400.0,Sedan,,,Petrol,5117446.5,KRA CRSP July 2025,2026-05-20T12:50:34.557157
Kia,Picanto,GT LINE (PE2),Auto,2WD,1200.0,Hatchback,,,Petrol,3334604.25,KRA CRSP July 2025,2026-05-20T12:50:34.557157
Kia,Picanto,SPORT (PE2),Auto,2WD,1200.0,Hatchback,,,Petrol,3059143.5,KRA CRSP July 2025,2026-05-20T12:50:34.557157
Kia,Picanto,GT LINE (PE2),Auto,2WD,1200.0,Hatchback,,,Petrol,3089750.25,KRA CRSP July 2025,2026-05-20T12:50:34.557157
Kia,Picanto,SPORT (PE2),Auto,2WD,1200.0,Hatchback,,,Petrol,2814289.5,KRA CRSP July 2025,2026-05-20T12:50:34.557157
Kia,Rio,GT-LINE,Auto,2WD,1000.0,Hatchback,,,Petrol,4271552.25,KRA CRSP July 2025,2026-05-20T12:50:34.557157
Kia,Rio,S,Auto,2WD,1400.0,Hatchback,,,Petrol,3514035.75,KRA CRSP July 2025,2026-05-20T12:50:34.557157
Kia,Rio,S,Manual,2WD,1400.0,Hatchback,,,Petrol,3177361.5,KRA CRSP July 2025,2026-05-20T12:50:34.557157
Kia,Rio,SPORT,Auto,2WD,1400.0,Hatchback,,,Petrol,3829668.0,KRA CRSP July 2025,2026-05-20T12:50:34.557157
Kia,Rio,SPORT,Manual,2WD,1400.0,Hatchback,,,Petrol,3450909.75,KRA CRSP July 2025,2026-05-20T12:50:34.557157
Kia,Seltos,GT-LINE (AWD) (SUNROOF),Auto,AWD,1600.0,Suv,,,Petrol,6958441.5,KRA CRSP July 2025,2026-05-20T12:50:34.557157
Kia,Seltos,GT-LINE (AWD) (TWO-TONE),Auto,AWD,1600.0,Suv,,,Petrol,6958441.5,KRA CRSP July 2025,2026-05-20T12:50:34.557157
Kia,Seltos,SPORT+ (AWD),Auto,2WD,2000.0,Suv,,,Petrol,6101452.5,KRA CRSP July 2025,2026-05-20T12:50:34.557157
Kia,Seltos,GT-LINE (FWD) (SUNROOF),Auto,2WD,2000.0,Suv,,,Petrol,6435066.0,KRA CRSP July 2025,2026-05-20T12:50:34.557157
Kia,Seltos,GT-LINE (FWD) (TWO-TONE),Auto,2WD,2000.0,Suv,,,Petrol,6435066.0,KRA CRSP July 2025,2026-05-20T12:50:34.557157
Kia,Seltos,S (FWD),Auto,2WD,2000.0,Suv,,,Petrol,4598661.75,KRA CRSP July 2025,2026-05-20T12:50:34.557157
Kia,Seltos,SPORT (FWD),Auto,2WD,2000.0,Suv,,,Petrol,5088369.75,KRA CRSP July 2025,2026-05-20T12:50:34.557157
Kia,Seltos,SPORT+ (FWD),Auto,2WD,2000.0,Suv,,,Petrol,5562774.0,KRA CRSP July 2025,2026-05-20T12:50:34.557157
Kia,Sorento,GT-LINE 7 SEAT PHEV AWD,Auto,AWD,1600.0,Suv,,,Petrol,12955831.5,KRA CRSP July 2025,2026-05-20T12:50:34.557157
Kia,Sorento,GT-LINE HEV AWD,Auto,4wd,1600.0,Suv,,,Petrol,11221959.75,KRA CRSP July 2025,2026-05-20T12:50:34.557157
Kia,Sorento,GT-LINE HEV FWD,Auto,2WD,1600.0,Suv,,,Petrol,10762858.5,KRA CRSP July 2025,2026-05-20T12:50:34.557157
Kia,Sorento,GT-LINE 7 SEAT,Auto,2WD,2200.0,Suv,,,Diesel,10527186.75,KRA CRSP July 2025,2026-05-20T12:50:34.557157
Kia,Sorento,S 7 SEAT,Auto,2WD,2200.0,Suv,,,Diesel,8245455.0,KRA CRSP July 2025,2026-05-20T12:50:34.557157
Kia,Sorento,SPORT 7 SEAT,Auto,2WD,2200.0,Suv,,,Diesel,8646402.75,KRA CRSP July 2025,2026-05-20T12:50:34.557157
Kia,Sorento,SPORT+ 7 SEAT,Auto,2WD,2200.0,Suv,,,Diesel,9400859.25,KRA CRSP July 2025,2026-05-20T12:50:34.557157
Kia,Sorento,GT-LINE 7 SEAT,Auto,4WD,3500.0,Suv,,,Petrol,10873533.0,KRA CRSP July 2025,2026-05-20T12:50:34.557157
Kia,Sorento,S 7 SEAT,Auto,4WD,3500.0,Suv,,,Petrol,8409261.75,KRA CRSP July 2025,2026-05-20T12:50:34.557157
Kia,Sorento,SPORT 7 SEAT,Auto,4WD,3500.0,Suv,,,Petrol,8842286.25,KRA CRSP July 2025,2026-05-20T12:50:34.557157
Kia,Sorento,SPORT+ 7 SEAT,Auto,4WD,3500.0,Suv,,,Petrol,9657098.25,KRA CRSP July 2025,2026-05-20T12:50:34.557157
Kia,Soul,SI,Auto,2WD,2000.0,Hatchback,,,Petrol,2424053.25,KRA CRSP July 2025,2026-05-20T12:50:34.557157
Kia,Sportage,GT-LINE HEV (FWD),Auto,2WD,1600.0,Suv,,,Petrol/Electric,8481126.75,KRA CRSP July 2025,2026-05-20T12:50:34.557157
Kia,Sportage,SX HEV (FWD),Auto,2WD,1600.0,Suv,,,Petrol/Electric,7031897.25,KRA CRSP July 2025,2026-05-20T12:50:34.557157
Kia,Sportage,GT-LINE (AWD),Auto,2WD,1600.0,Suv,,,Petrol,7639441.5,KRA CRSP July 2025,2026-05-20T12:50:34.557157
Kia,Sportage,SX+ (AWD),Auto,2WD,1600.0,Suv,,,Petrol,6741133.5,KRA CRSP July 2025,2026-05-20T12:50:34.557157
Kia,Sportage,S (FWD),Auto,2WD,2000.0,Suv,,,Petrol,5355413.25,KRA CRSP July 2025,2026-05-20T12:50:34.557157
Kia,Sportage,S (FWD),Auto,2WD,2000.0,Suv,,,Petrol,5587943.46,KRA CRSP July 2025,2026-05-20T12:50:34.557157
Kia,Sportage,SX (FWD),Auto,2WD,2000.0,Suv,,,Petrol,6359365.38,KRA CRSP July 2025,2026-05-20T12:50:34.557157
Kia,Sportage,SX+ (FWD),Auto,2WD,2000.0,Suv,,,Petrol,7121473.04,KRA CRSP July 2025,2026-05-20T12:50:34.557157
Kia,Sportage,SX (FWD),Manual,2WD,2000.0,Suv,,,Petrol,6020650.68,KRA CRSP July 2025,2026-05-20T12:50:34.557157
Kia,Sportage,GT-LINE (AWD),Auto,2WD,2000.0,Suv,,,Diesel,8962386.48,KRA CRSP July 2025,2026-05-20T12:50:34.557157
Kia,Sportage,S (AWD),Auto,4WD,2000.0,Suv,,,Diesel,6841187.02,KRA CRSP July 2025,2026-05-20T12:50:34.557157
Kia,Sportage,SX (AWD),Auto,4WD,2000.0,Suv,,,Diesel,7273895.069999999,KRA CRSP July 2025,2026-05-20T12:50:34.557157
Kia,Sportage,SX+ (AWD),Auto,4WD,2000.0,Suv,,,Diesel,8036002.7299999995,KRA CRSP July 2025,2026-05-20T12:50:34.557157
Kia,Stinger,2.0 GT-LINE ,Auto,2WD,2000.0,Sedan,,,Petrol,11759745.44,KRA CRSP July 2025,2026-05-20T12:50:34.557157
Kia,Stinger,2.0 GT-LINE (RED LEATHER),Auto,2WD,2000.0,Sedan,,,Petrol,11759745.44,KRA CRSP July 2025,2026-05-20T12:50:34.557157
Kia,Stinger,200S,Auto,2WD,2000.0,Sedan,,,Petrol,10246115.11,KRA CRSP July 2025,2026-05-20T12:50:34.557157
Kia,Stinger,3.3 GT (RED LEATHER),Auto,2WD,3300.0,Sedan,,,Petrol,13017223.66,KRA CRSP July 2025,2026-05-20T12:50:34.557157
Kia,Stinger,330S,Auto,2WD,3300.0,Sedan,,,Petrol,10991286.62,KRA CRSP July 2025,2026-05-20T12:50:34.557157
Kia,Stonic,GT-LINE,Auto,2WD,1000.0,Suv,,,Petrol,4332836.55,KRA CRSP July 2025,2026-05-20T12:50:34.557157
Kia,Stonic,S,Auto,2WD,1000.0,Suv,,,Petrol,3476566.2199999997,KRA CRSP July 2025,2026-05-20T12:50:34.557157
Kia,Stonic,SPORT,Auto,2WD,1000.0,Suv,,,Petrol,3900636.46,KRA CRSP July 2025,2026-05-20T12:50:34.557157
Landrover,Defender  T/C  3 Door  300Ps,,Aut,AWD,1997.0,S/Wagon,,5,Petrol,14624976.06405,KRA CRSP July 2025,2026-05-20T12:50:34.557157
Landrover,Defender  T/C  3 Door  300Ps S,,Aut,AWD,1997.0,S/Wagon,,5,Petrol,17633718.200700004,KRA CRSP July 2025,2026-05-20T12:50:34.557157
Landrover,Defender  T/C  3 Door 300Ps X-Dynamic Se,,Aut,AWD,1997.0,S/Wagon,,5,Petrol,19551498.4116,KRA CRSP July 2025,2026-05-20T12:50:34.557157
Landrover,Defender  T/C  5 Door  300Ps X-Dynamic Hse,,Aut,AWD,1997.0,S/Wagon,,5,Petrol,20759316.510150004,KRA CRSP July 2025,2026-05-20T12:50:34.557157
Landrover,Defender  T/C  5 Door 300Ps,,Aut,AWD,1997.0,S/Wagon,,5,Petrol,15915871.597950002,KRA CRSP July 2025,2026-05-20T12:50:34.557157
Landrover,Defender  T/C  Awd 3 Door 300Ps X-Dynamic S,,Aut,AWD,1997.0,S/Wagon,,5,Petrol,16812377.548650004,KRA CRSP July 2025,2026-05-20T12:50:34.557157
Landrover,Defender  T/C  Mhev 3 Door 400Ps S,,Aut,MHEV,1997.0,S/Wagon,,5,Petrol,17851910.58585,KRA CRSP July 2025,2026-05-20T12:50:34.557157
Landrover,Defender  T/C  Phev  5 Door 404Ps X-Dynamic Hse,,Aut,PHEV,1997.0,S/Wagon,,5,Petrol,23389797.649950005,KRA CRSP July 2025,2026-05-20T12:50:34.557157
Landrover,Defender  T/C  Phev 5 Door  404Ps S,,Aut,AWD,1997.0,S/Wagon,,5,Petrol,20347276.77585,KRA CRSP July 2025,2026-05-20T12:50:34.557157
Landrover,Defender  T/C  Phev 5 Door  404Ps X-Dynamic S,,Aut,AWD,1997.0,S/Wagon,,5,Petrol,21092234.877450004,KRA CRSP July 2025,2026-05-20T12:50:34.557157
Landrover,Defender  T/C  Phev 5 Door 404Ps S,,Aut,PHEV,1997.0,S/Wagon,,5,Petrol,20124215.383500002,KRA CRSP July 2025,2026-05-20T12:50:34.557157
Landrover,Defender  T/C  Phev 5 Door 404Ps X-Dynamic Se,,Aut,PHEV,1997.0,S/Wagon,,5,Petrol,21618087.655050006,KRA CRSP July 2025,2026-05-20T12:50:34.557157
Landrover,Defender  T/C 3 Door  300Ps X-Dynamic Hse,,Aut,AWD,1997.0,S/Wagon,,5,Petrol,19467812.35035,KRA CRSP July 2025,2026-05-20T12:50:34.557157
Landrover,Defender  T/C 3 Door 300Ps S,,Aut,AWD,1997.0,S/Wagon,,5,Petrol,15849227.061900003,KRA CRSP July 2025,2026-05-20T12:50:34.557157
Landrover,Defender  T/C 3 Door 300Ps X-Dynamic Se,,Aut,AWD,1997.0,S/Wagon,,5,Petrol,17696406.668400005,KRA CRSP July 2025,2026-05-20T12:50:34.557157
Landrover,Defender  T/C 5 Door 300Ps X-Dynamic Se,,Aut,AWD,1997.0,S/Wagon,,5,Petrol,18987606.515250005,KRA CRSP July 2025,2026-05-20T12:50:34.557157
Landrover,Defender  T/C3 Door  300Ps X-Dynamic Hse,,Aut,AWD,1997.0,S/Wagon,,5,Petrol,19792818.580950003,KRA CRSP July 2025,2026-05-20T12:50:34.557157
Landrover,Defender T/C  5 Door  300Ps S,,Aut,AWD,1997.0,S/Wagon,,5,Petrol,17140426.908750005,KRA CRSP July 2025,2026-05-20T12:50:34.557157
Landrover,Defender T/C  5 Door 300Ps X-Dynamic Se,,Aut,AWD,1997.0,S/Wagon,,5,Petrol,18960522.6627,KRA CRSP July 2025,2026-05-20T12:50:34.557157
Landrover,Defender T/C  Awd 5 Door  300Ps S,,Aut,AWD,1997.0,S/Wagon,,5,Petrol,16913713.761000004,KRA CRSP July 2025,2026-05-20T12:50:34.557157
Landrover,Defender T/C  Phev 5 Door  404Ps X,,Aut,PHEV,1997.0,S/Wagon,,5,Petrol,26265555.027450003,KRA CRSP July 2025,2026-05-20T12:50:34.557157
Landrover,Defender T/C  Phev 5 Door 404Ps X-Dynamic Hse,,Aut,AWD,1997.0,S/Wagon,,5,Petrol,23792099.369850002,KRA CRSP July 2025,2026-05-20T12:50:34.557157
Landrover,Defender T/C  Phev 5 Door 404Ps X-Dynamic Se,,Aut,AWD,1997.0,S/Wagon,,5,Petrol,22137854.173650004,KRA CRSP July 2025,2026-05-20T12:50:34.557157
Landrover,Defender T/C 5 Door 300Ps S,,Aut,AWD,1997.0,S/Wagon,,5,Petrol,18465709.806,KRA CRSP July 2025,2026-05-20T12:50:34.557157
Landrover,Defender T/C 5 Door 300Ps X-Dynamic Hse,,Aut,AWD,1997.0,S/Wagon,,5,Petrol,20614767.858900003,KRA CRSP July 2025,2026-05-20T12:50:34.557157
Landrover,Defender T/C 5 Door 300Ps X-Dynamic S,,Aut,AWD,1997.0,S/Wagon,,5,Petrol,17658671.862600002,KRA CRSP July 2025,2026-05-20T12:50:34.557157
Landrover,Defender T/C Phev 5 Door  404Ps X,,Aut,AWD,1997.0,S/Wagon,,5,Petrol,27024207.2118,KRA CRSP July 2025,2026-05-20T12:50:34.557157
Landrover,Discovery Sport  5 Door 250Ps Urban Edition,,Aut,AWD,1997.0,S/Wagon,,5,Petrol,12999944.91105,KRA CRSP July 2025,2026-05-20T12:50:34.557157
Landrover,Discovery Sport  T/C 249Ps  5 Door  R-Dynamic Hse,,Aut,AWD,1997.0,S/Wagon,,5,Petrol,15388116.864412501,KRA CRSP July 2025,2026-05-20T12:50:34.557157
Landrover,Discovery Sport  T/C 249Ps  5 Door  S,,Aut,AWD,1997.0,S/Wagon,,5,Petrol,12277505.96775,KRA CRSP July 2025,2026-05-20T12:50:34.557157
Landrover,Discovery Sport  T/C 249Ps  5 Door R-Dynamic Se,,Aut,AWD,1997.0,S/Wagon,,5,Petrol,13689213.742800001,KRA CRSP July 2025,2026-05-20T12:50:34.557157
Landrover,Discovery Sport  T/C 249Ps 5 Door  R-Dynamic S,,Aut,AWD,1997.0,S/Wagon,,5,Petrol,12722107.187700002,KRA CRSP July 2025,2026-05-20T12:50:34.557157
Landrover,Discovery Sport  T/C 249Ps 5 Door R-Dynamic Se,,Aut,AWD,1997.0,S/Wagon,,5,Petrol,13750173.712944001,KRA CRSP July 2025,2026-05-20T12:50:34.557157
Landrover,Discovery Sport  T/C 5 Door 249Ps,,Aut,AWD,1997.0,S/Wagon,,5,Petrol,11547851.764405502,KRA CRSP July 2025,2026-05-20T12:50:34.557157
Landrover,Discovery Sport 249Ps 5 Door  R-Dynamic Hse,,Aut,AWD,1997.0,S/Wagon,,5,Petrol,16247572.713450003,KRA CRSP July 2025,2026-05-20T12:50:34.557157
Landrover,Discovery Sport T/C  5 Door 250Ps Urban Edition,,Aut,AWD,1997.0,S/Wagon,,5,Petrol,12411403.66575,KRA CRSP July 2025,2026-05-20T12:50:34.557157
Landrover,Discovery Sport T/C 249Ps 5 Door  R-Dynamic Se,,Aut,AWD,1997.0,S/Wagon,,5,Petrol,14921681.190300003,KRA CRSP July 2025,2026-05-20T12:50:34.557157
Landrover,Discovery Sport T/C 249Ps 5 Door  S,,Aut,AWD,1997.0,S/Wagon,,5,Petrol,12993250.026150001,KRA CRSP July 2025,2026-05-20T12:50:34.557157
Landrover,Discovery Sport T/C 249Ps 5 Door R-Dynamic Hse,,Aut,AWD,1997.0,S/Wagon,,5,Petrol,15334938.176400002,KRA CRSP July 2025,2026-05-20T12:50:34.557157
Landrover,Discovery Sport T/C 249Ps 5 Door S,,Aut,AWD,1997.0,S/Wagon,,5,Petrol,12338465.937894002,KRA CRSP July 2025,2026-05-20T12:50:34.557157
Landrover,Range Rover Evoque  T/C  5 Door  249Ps Autobiography,,Aut,AWD,1997.0,S/Wagon,,5,Petrol,19480289.181300003,KRA CRSP July 2025,2026-05-20T12:50:34.557157
Landrover,Range Rover Evoque  T/C  5 Door  249Ps R-Dynamic S,,Aut,AWD,1997.0,S/Wagon,,5,Petrol,14523031.225800002,KRA CRSP July 2025,2026-05-20T12:50:34.557157
Landrover,Range Rover Evoque  T/C  5 Door  249Ps R-Dynamic Se,,Aut,AWD,1997.0,S/Wagon,,5,Petrol,16193709.3213,KRA CRSP July 2025,2026-05-20T12:50:34.557157
Landrover,Range Rover Evoque  T/C  5 Door  249Ps S,,Aut,AWD,1997.0,S/Wagon,,5,Petrol,14301187.085250003,KRA CRSP July 2025,2026-05-20T12:50:34.557157
Landrover,Range Rover Evoque  T/C  5 Door 249Ps Autobiography,,Aut,AWD,1997.0,S/Wagon,,5,Petrol,19723739.541300006,KRA CRSP July 2025,2026-05-20T12:50:34.557157
Landrover,Range Rover Evoque  T/C 249Ps  5 Door  S,,Aut,AWD,1997.0,S/Wagon,,5,Petrol,14916812.183100002,KRA CRSP July 2025,2026-05-20T12:50:34.557157
Landrover,Range Rover Evoque  T/C 249Ps  5 Door R-Dynamic Se,,Aut,AWD,1997.0,S/Wagon,,5,Petrol,16759122.782400005,KRA CRSP July 2025,2026-05-20T12:50:34.557157
Landrover,Range Rover Evoque  T/C 249Ps 5 Door,,Aut,AWD,1997.0,S/Wagon,,5,Diesel,13890060.289800001,KRA CRSP July 2025,2026-05-20T12:50:34.557157
Landrover,Range Rover Evoque  T/C 249Ps 5 Door  R-Dynamic Hse,,Aut,AWD,1997.0,S/Wagon,,5,Petrol,18056408.88825,KRA CRSP July 2025,2026-05-20T12:50:34.557157
Landrover,Range Rover Evoque  T/C 5 Door 249Ps Bronze Collection,,Aut,AWD,1997.0,S/Wagon,,5,Petrol,15841010.612250004,KRA CRSP July 2025,2026-05-20T12:50:34.557157
Landrover,Range Rover Evoque  T/C Awd 5 Door 249Ps R-Dynamic Hse,,Aut,AWD,1997.0,S/Wagon,,5,Petrol,17464824.51345,KRA CRSP July 2025,2026-05-20T12:50:34.557157
Landrover,Range Rover Evoque T/C  5 Door 249Ps Bronze Collection,,Aut,AWD,1997.0,S/Wagon,,5,Petrol,15207431.050350003,KRA CRSP July 2025,2026-05-20T12:50:34.557157
Landrover,Range Rover Evoque T/C 249Ps 5 Door R-Dynamic Hse,,Aut,AWD,1997.0,S/Wagon,,5,Petrol,18030237.974550005,KRA CRSP July 2025,2026-05-20T12:50:34.557157
Landrover,Range Rover Velar  T/C  5 Door  250Ps R-Dynamic Hse,,Aut,AWD,1997.0,S/Wagon,,5,Petrol,21494232.28440001,KRA CRSP July 2025,2026-05-20T12:50:34.557157
Landrover,Range Rover Velar  T/C  5 Door  250Ps R-Dynamic Limited Edition,,Aut,AWD,1997.0,S/Wagon,,5,Petrol,19960190.70345,KRA CRSP July 2025,2026-05-20T12:50:34.557157
Landrover,Range Rover Velar  T/C  5 Door 250Ps Limited Edition,,Aut,AWD,1997.0,S/Wagon,,5,Petrol,20819570.474250004,KRA CRSP July 2025,2026-05-20T12:50:34.557157
Landrover,Range Rover Velar  T/C  5 Door 250Ps R-Dynamic Se,,Aut,AWD,1997.0,S/Wagon,,5,Petrol,19701220.383000005,KRA CRSP July 2025,2026-05-20T12:50:34.557157
Landrover,Range Rover Velar  T/C 250Ps  5 Door Auto R-Dynamic Se,,Aut,AWD,1997.0,S/Wagon,,5,Petrol,20720364.452550005,KRA CRSP July 2025,2026-05-20T12:50:34.557157
Landrover,Range Rover Velar  T/C 250Ps  5 Door R-Dynamic Hse,,Aut,AWD,1997.0,S/Wagon,,5,Petrol,22576673.447550006,KRA CRSP July 2025,2026-05-20T12:50:34.557157
Landrover,Range Rover Velar  T/C 250Ps  5 R-Dynamic Se,,Aut,AWD,1997.0,S/Wagon,,5,Diesel,19890198.72495,KRA CRSP July 2025,2026-05-20T12:50:34.557157
Landrover,Range Rover Velar  T/C 5 Door 250Ps R-Dynamic Le,,Aut,AWD,1997.0,S/Wagon,,5,Petrol,21308905.697850004,KRA CRSP July 2025,2026-05-20T12:50:34.557157
Landrover,Range Rover Velar T/C   5 Door  250Ps S,,Aut,AWD,1997.0,S/Wagon,,5,Petrol,17848867.456350002,KRA CRSP July 2025,2026-05-20T12:50:34.557157
Landrover,Range Rover Velar T/C 250Ps  5 Door Auto S,,Aut,AWD,1997.0,S/Wagon,,5,Petrol,18037845.798300005,KRA CRSP July 2025,2026-05-20T12:50:34.557157
Landrover,Range Rover Velar T/C 250Ps 5 Door  R-Dynamic S,,Aut,AWD,1997.0,S/Wagon,,5,Petrol,20299803.955650005,KRA CRSP July 2025,2026-05-20T12:50:34.557157
Landrover,Range Rover Velar T/C 250Ps 5 Door R-Dynamic Hse,,Aut,AWD,1997.0,S/Wagon,,5,Petrol,21481755.453450006,KRA CRSP July 2025,2026-05-20T12:50:34.557157
Landrover,Defender  T/C   5 Door 200Ps X-Dynamic Se,,Aut,AWD,1999.0,S/Wagon,,5,Diesel,18286773.791400004,KRA CRSP July 2025,2026-05-20T12:50:34.557157
Landrover,Defender  T/C  3 Door  240Ps First Edition 90,,Aut,AWD,1999.0,S/Wagon,,5,Diesel,17613937.858950004,KRA CRSP July 2025,2026-05-20T12:50:34.557157
Landrover,Defender  T/C  3 Door 240Ps,,Aut,AWD,1999.0,S/Wagon,,5,Diesel,14624976.064050002,KRA CRSP July 2025,2026-05-20T12:50:34.557157
Landrover,Defender  T/C  3 Door 240Ps X-Dynamic Hse,,Aut,AWD,1999.0,S/Wagon,,5,Diesel,19546325.091450002,KRA CRSP July 2025,2026-05-20T12:50:34.557157
Landrover,Defender  T/C  3 Door 240Ps X-Dynamic Se,,Aut,AWD,1999.0,S/Wagon,,5,Diesel,18138269.071800005,KRA CRSP July 2025,2026-05-20T12:50:34.557157
Landrover,Defender  T/C  3 Door 300Ps,,Aut,AWD,1999.0,S/Wagon,,5,Diesel,16108501.695300002,KRA CRSP July 2025,2026-05-20T12:50:34.557157
Landrover,Defender  T/C  5 Door 200Ps S,,Aut,AWD,1999.0,S/Wagon,,5,Diesel,16240269.202650003,KRA CRSP July 2025,2026-05-20T12:50:34.557157
Landrover,Defender  T/C  5 Door 200Ps X-Dynamic Hse,,Aut,AWD,1999.0,S/Wagon,,5,Diesel,19941323.300550006,KRA CRSP July 2025,2026-05-20T12:50:34.557157
Landrover,Defender  T/C  5 Door 240Ps S,,Aut,AWD,1999.0,S/Wagon,,5,Diesel,18466927.057800002,KRA CRSP July 2025,2026-05-20T12:50:34.557157
Landrover,Defender  T/C  5 Door 300Ps Xs Edition,,Aut,AWD,1999.0,S/Wagon,,5,Diesel,20052397.527300004,KRA CRSP July 2025,2026-05-20T12:50:34.557157
Landrover,Defender  T/C 3 Door 240Ps X-Dynamic Hse,,Aut,AWD,1999.0,S/Wagon,,5,Diesel,19871027.0091,KRA CRSP July 2025,2026-05-20T12:50:34.557157
Landrover,Defender  T/C 3 Door 240Ps X-Dynamic Se,,Aut,AWD,1999.0,S/Wagon,,5,Diesel,17696406.668400005,KRA CRSP July 2025,2026-05-20T12:50:34.557157
Landrover,Defender  T/C 5 Door  240Ps X-Dynamic S,,Aut,AWD,1999.0,S/Wagon,,5,Diesel,17658671.862600002,KRA CRSP July 2025,2026-05-20T12:50:34.557157
Landrover,Defender  T/C 5 Door 240Ps,,Aut,AWD,1999.0,S/Wagon,,5,Diesel,15916175.910900002,KRA CRSP July 2025,2026-05-20T12:50:34.557157
Landrover,Defender  T/C 5 Door 240Ps S,,Aut,AWD,1999.0,S/Wagon,,5,Diesel,16913713.761000004,KRA CRSP July 2025,2026-05-20T12:50:34.557157
Landrover,Defender  T/C 5 Door 240Ps X-Dynamic Se,,Aut,AWD,1999.0,S/Wagon,,5,Diesel,18960522.6627,KRA CRSP July 2025,2026-05-20T12:50:34.557157
Landrover,Defender T/C  5 Door 240Ps First Edition 110,,Aut,AWD,1999.0,S/Wagon,,5,Diesel,18655905.39975,KRA CRSP July 2025,2026-05-20T12:50:34.557157
Landrover,Defender T/C  5 Door 240Ps X-Dynamic Hse,,Aut,AWD,1999.0,S/Wagon,,5,Diesel,20614767.858900003,KRA CRSP July 2025,2026-05-20T12:50:34.557157
Landrover,Defender T/C  Awd 3 Door 300Ps Xs Edition,,Aut,AWD,1999.0,S/Wagon,,5,Diesel,19207929.091050003,KRA CRSP July 2025,2026-05-20T12:50:34.557157
Landrover,Defender T/C  Awd 5 Door  200Ps X-Dynamic S,,Aut,AWD,1999.0,S/Wagon,,5,Diesel,16985227.304250006,KRA CRSP July 2025,2026-05-20T12:50:34.557157
Landrover,Defender T/C 3 Door  240Ps S,,Aut,AWD,1999.0,S/Wagon,,5,Diesel,16067419.447050001,KRA CRSP July 2025,2026-05-20T12:50:34.557157
Landrover,Defender T/C 3 Door 240Ps S,,Aut,AWD,1999.0,S/Wagon,,5,Diesel,17634935.452500004,KRA CRSP July 2025,2026-05-20T12:50:34.557157
Landrover,Defender T/C 5 Door  240Ps X-Dynamic Hse,,Aut,AWD,1999.0,S/Wagon,,5,Diesel,20759316.510150004,KRA CRSP July 2025,2026-05-20T12:50:34.557157
Landrover,Defender T/C 5 Door  240Ps X-Dynamic Se,,Aut,AWD,1999.0,S/Wagon,,5,Diesel,18987606.515250005,KRA CRSP July 2025,2026-05-20T12:50:34.557157
Landrover,Discovery Sport  T/C  5 Door  199Ps,,Aut,AWD,1999.0,S/Wagon,,5,Diesel,11787708.188466003,KRA CRSP July 2025,2026-05-20T12:50:34.557157
Landrover,Discovery Sport  T/C  5 Door  199Ps R-Dynamic S,,Aut,AWD,1999.0,S/Wagon,,5,Diesel,13066285.134150002,KRA CRSP July 2025,2026-05-20T12:50:34.557157
Landrover,Discovery Sport  T/C  5 Door 199Ps R-Dynamic Hse,,Aut,AWD,1999.0,S/Wagon,,5,Diesel,15732163.956294004,KRA CRSP July 2025,2026-05-20T12:50:34.557157
Landrover,Discovery Sport  T/C  5 Door 199Ps S,,Aut,AWD,1999.0,S/Wagon,,5,Diesel,12621683.914200002,KRA CRSP July 2025,2026-05-20T12:50:34.557157
Landrover,Discovery Sport  T/C  5 Door 199Ps Urban Edition,,Aut,AWD,1999.0,S/Wagon,,5,Diesel,12650897.957400002,KRA CRSP July 2025,2026-05-20T12:50:34.557157
Landrover,Discovery Sport  T/C 5 Door 199Ps R-Dynamic Hse,,Aut,AWD,1999.0,S/Wagon,,5,Diesel,15678811.809900003,KRA CRSP July 2025,2026-05-20T12:50:34.557157
Landrover,Discovery Sport  T/C 5 Door Auto 199Ps R-Dynamic Hse,,Aut,AWD,1999.0,S/Wagon,,5,Diesel,16598445.544800002,KRA CRSP July 2025,2026-05-20T12:50:34.557157
Landrover,Discovery Sport T/C  5 Door  199Ps R-Dynamic Se,,Aut,AWD,1999.0,S/Wagon,,5,Diesel,14094525.117775502,KRA CRSP July 2025,2026-05-20T12:50:34.557157
Landrover,Discovery Sport T/C  5 Door  199Ps S,,Aut,AWD,1999.0,S/Wagon,,5,Diesel,12682513.029775504,KRA CRSP July 2025,2026-05-20T12:50:34.557157
Landrover,Discovery Sport T/C  5 Door 199Ps R-Dynamic Se,,Aut,AWD,1999.0,S/Wagon,,5,Diesel,14033391.689250004,KRA CRSP July 2025,2026-05-20T12:50:34.557157
Landrover,Discovery Sport T/C 5 Door 199Ps R-Dynamic Se,,Aut,AWD,1999.0,S/Wagon,,5,Diesel,15272858.334600002,KRA CRSP July 2025,2026-05-20T12:50:34.557157
Landrover,Discovery Sport T/C 5 Door 199Ps S,,Aut,AWD,1999.0,S/Wagon,,5,Diesel,13344731.483400002,KRA CRSP July 2025,2026-05-20T12:50:34.557157
Landrover,Discovery Sport T/C 5 Door Auto 199Ps Urban Edition,,Aut,AWD,1999.0,S/Wagon,,5,Diesel,13244308.209900001,KRA CRSP July 2025,2026-05-20T12:50:34.557157
Landrover,Range Rover Evoque  T/C  5 Door  199Ps R-Dynamic S,,Aut,AWD,1999.0,S/Wagon,,5,Diesel,14523031.225800002,KRA CRSP July 2025,2026-05-20T12:50:34.557157
Landrover,Range Rover Evoque  T/C  5 Door 199Ps Lafayette Edition,,Aut,AWD,1999.0,S/Wagon,,5,Diesel,15046145.186850002,KRA CRSP July 2025,2026-05-20T12:50:34.557157
Landrover,Range Rover Evoque  T/C  5 Door 199Ps R-Dynamic Hse,,Aut,AWD,1999.0,S/Wagon,,5,Diesel,17510167.143000003,KRA CRSP July 2025,2026-05-20T12:50:34.557157
Landrover,Range Rover Evoque  T/C  5 Door 199Ps R-Dynamic Se,,Aut,AWD,1999.0,S/Wagon,,5,Diesel,16193709.3213,KRA CRSP July 2025,2026-05-20T12:50:34.557157
Landrover,Range Rover Evoque  T/C  Awd 5 Door 199Ps Autobiography,,Aut,AWD,1999.0,S/Wagon,,5,Diesel,19099593.680850003,KRA CRSP July 2025,2026-05-20T12:50:34.557157
Landrover,Range Rover Evoque  T/C 5 Door  199Ps Bronze Collection,,Aut,AWD,1999.0,S/Wagon,,5,Diesel,15207431.050350003,KRA CRSP July 2025,2026-05-20T12:50:34.557157
Landrover,Range Rover Evoque  T/C 5 Door  199Ps R-Dynamic Hse,,Aut,AWD,1999.0,S/Wagon,,5,Diesel,17464824.51345,KRA CRSP July 2025,2026-05-20T12:50:34.557157
Landrover,Range Rover Evoque  T/C 5 Door 199Ps Autobiography,,Aut,AWD,1999.0,S/Wagon,,5,Diesel,19723739.541300006,KRA CRSP July 2025,2026-05-20T12:50:34.557157
Landrover,Range Rover Evoque  T/C 5 Door 199Ps Bronze Collection,,Aut,AWD,1999.0,S/Wagon,,5,Diesel,15841010.612250004,KRA CRSP July 2025,2026-05-20T12:50:34.557157
Landrover,Range Rover Evoque  T/C 5 Door 199Ps R-Dynamic Se,,Aut,AWD,1999.0,S/Wagon,,5,Diesel,16239051.950850002,KRA CRSP July 2025,2026-05-20T12:50:34.557157
Landrover,Range Rover Evoque  T/C 5 Door 199Ps S,,Aut,AWD,1999.0,S/Wagon,,5,Diesel,14346529.7148,KRA CRSP July 2025,2026-05-20T12:50:34.557157
Landrover,Range Rover Evoque  T/C Diesel  5 Door  199Ps S,,Aut,AWD,1999.0,S/Wagon,,5,Diesel,14301187.085250003,KRA CRSP July 2025,2026-05-20T12:50:34.557157
Landrover,Range Rover Evoque 1999Cc T/C Diesel Awd 5 Door 199Ps R-Dynamic Se,,Aut,AWD,1999.0,S/Wagon,,5,Diesel,16759122.782400005,KRA CRSP July 2025,2026-05-20T12:50:34.557157
Landrover,Range Rover Evoque T/C  5 Door 199Ps,,Aut,AWD,1999.0,S/Wagon,,5,Diesel,13342601.292750005,KRA CRSP July 2025,2026-05-20T12:50:34.557157
Landrover,Range Rover Evoque T/C  5 Door 199Ps Autobiography,,Aut,AWD,1999.0,S/Wagon,,5,Diesel,19144936.3104,KRA CRSP July 2025,2026-05-20T12:50:34.557157
Landrover,Range Rover Evoque T/C  5 Door 199Ps S,,Aut,AWD,1999.0,S/Wagon,,5,Diesel,14916812.183100002,KRA CRSP July 2025,2026-05-20T12:50:34.557157
Landrover,Range Rover Evoque T/C Diesel  5 Door 199Ps R-Dynamic Hse,,Aut,AWD,1999.0,S/Wagon,,5,Diesel,18056408.88825,KRA CRSP July 2025,2026-05-20T12:50:34.557157
Landrover,Range Rover Velar  T/C   5 Door 199Ps R-Dynamic Hse,,Aut,AWD,1999.0,S/Wagon,,5,Diesel,22075774.331850003,KRA CRSP July 2025,2026-05-20T12:50:34.557157
Landrover,Range Rover Velar  T/C  5 Door  199Ps R-Dynamic Se,,Aut,AWD,1999.0,S/Wagon,,5,Diesel,20282762.430450004,KRA CRSP July 2025,2026-05-20T12:50:34.557157
Landrover,Range Rover Velar  T/C  5 Door  199Ps S,,Aut,AWD,1999.0,S/Wagon,,5,Diesel,18430713.816750005,KRA CRSP July 2025,2026-05-20T12:50:34.557157
Landrover,Range Rover Velar  T/C  5 Door 199Ps Limited Edition,,Aut,AWD,1999.0,S/Wagon,,5,Diesel,21401112.521700002,KRA CRSP July 2025,2026-05-20T12:50:34.557157
Landrover,Range Rover Velar  T/C  5 Door 199Ps R-Dynamic Le,,Aut,AWD,1999.0,S/Wagon,,5,Diesel,21919661.788500004,KRA CRSP July 2025,2026-05-20T12:50:34.557157
Landrover,Range Rover Velar  T/C  5 Door 199Ps R-Dynamic Se,,Aut,AWD,1999.0,S/Wagon,,5,Diesel,21331120.5432,KRA CRSP July 2025,2026-05-20T12:50:34.557157
Landrover,Range Rover Velar  T/C  5 Door 199Ps S,,Aut,AWD,1999.0,S/Wagon,,5,Diesel,18619692.1587,KRA CRSP July 2025,2026-05-20T12:50:34.557157
Landrover,Range Rover Velar  T/C 5 Door  199Ps R-Dynamic Hse,,Aut,AWD,1999.0,S/Wagon,,5,Diesel,23187733.851150006,KRA CRSP July 2025,2026-05-20T12:50:34.557157
Landrover,Range Rover Velar  T/C Awd 5 Door 199Ps R-Dynamic Limited Edition,,Aut,AWD,1999.0,S/Wagon,,5,Diesel,20541732.750900008,KRA CRSP July 2025,2026-05-20T12:50:34.557157
Landrover,Range Rover Velar T/C  5 Door 199Ps R-Dynamic S,,Aut,AWD,1999.0,S/Wagon,,5,Diesel,20910560.0463,KRA CRSP July 2025,2026-05-20T12:50:34.557157
Landrover,Range Rover Velar T/C 5 Door 199Ps R-Dynamic Hse,,Aut,AWD,1999.0,S/Wagon,,5,Diesel,22063297.500900008,KRA CRSP July 2025,2026-05-20T12:50:34.557157
Landrover,Range Rover Velar T/C 5 Door 199Ps R-Dynamic Se,,Aut,AWD,1999.0,S/Wagon,,5,Diesel,20471740.772400007,KRA CRSP July 2025,2026-05-20T12:50:34.557157
Landrover,Discovery Sport  Hse,,Aut,4WD,2000.0,S/Wagon,,,Petrol,12963731.670000004,KRA CRSP July 2025,2026-05-20T12:50:34.557157
Landrover,Discovery Sport  Hse 286Hp,,Aut,4WD,2000.0,S/Wagon,,,Petrol,15124353.615000004,KRA CRSP July 2025,2026-05-20T12:50:34.557157
Landrover,Discovery Sport  Hse Luxury,,Aut,4WD,2000.0,S/Wagon,,,Petrol,14299665.520500002,KRA CRSP July 2025,2026-05-20T12:50:34.557157
Landrover,Discovery Sport  Hse Luxury 286Hp,,Aut,4WD,2000.0,S/Wagon,,,Petrol,16189448.940000003,KRA CRSP July 2025,2026-05-20T12:50:34.557157
Landrover,Discovery Sport  Hse R-Dynamic,,Aut,4WD,2000.0,S/Wagon,,,Petrol,16067723.760000004,KRA CRSP July 2025,2026-05-20T12:50:34.557157
Landrover,Discovery Sport  S,,Aut,4WD,2000.0,S/Wagon,,,Petrol,12750712.605000004,KRA CRSP July 2025,2026-05-20T12:50:34.557157
Landrover,Discovery Sport  S R- Dynamic,,Aut,4WD,2000.0,S/Wagon,,,Petrol,13115888.145000003,KRA CRSP July 2025,2026-05-20T12:50:34.557157
Landrover,Discovery Sport  Se,,Aut,4WD,2000.0,S/Wagon,,,Petrol,13800592.282500004,KRA CRSP July 2025,2026-05-20T12:50:34.557157
Landrover,Discovery Sport  Se R-Dynamic,,Aut,4WD,2000.0,S/Wagon,,,Petrol,14287493.002500003,KRA CRSP July 2025,2026-05-20T12:50:34.557157
Landrover,Discovery Sport  Sr- Dynamic,,Aut,4WD,2000.0,S/Wagon,,,Petrol,13268044.620000003,KRA CRSP July 2025,2026-05-20T12:50:34.557157
Landrover,Discovery Sport  Standard,,Aut,4WD,2000.0,S/Wagon,,,Petrol,11503029.510000002,KRA CRSP July 2025,2026-05-20T12:50:34.557157
Landrover,Discovery Sport Hse,,Aut,4WD,2000.0,S/Wagon,,,Diesel,12840484.925250003,KRA CRSP July 2025,2026-05-20T12:50:34.557157
Landrover,Discovery Sport Hse Luxury,,Aut,4WD,2000.0,S/Wagon,,,Diesel,14179461.905250002,KRA CRSP July 2025,2026-05-20T12:50:34.557157
Landrover,Discovery Sport Landmark,,Aut,4WD,2000.0,S/Wagon,,,Petrol,13694082.750000004,KRA CRSP July 2025,2026-05-20T12:50:34.557157
Landrover,Discovery Sport Se,,Aut,4WD,2000.0,S/Wagon,,,Diesel,11471076.650249999,KRA CRSP July 2025,2026-05-20T12:50:34.557157
Landrover,Range Rover  Defender 110,,Aut,AWD,2000.0,S/Wagon,,,Petrol,15367803.975000005,KRA CRSP July 2025,2026-05-20T12:50:34.557157
Landrover,Range Rover  Defender 110 S,,Aut,AWD,2000.0,S/Wagon,,,Petrol,16372036.710000003,KRA CRSP July 2025,2026-05-20T12:50:34.557157
Landrover,Range Rover  Defender 90,,Aut,AWD,2000.0,S/Wagon,,,Petrol,14028826.995000003,KRA CRSP July 2025,2026-05-20T12:50:34.557157
Landrover,Range Rover  Defender 90 S,,Aut,AWD,2000.0,S/Wagon,,,Petrol,15033059.730000002,KRA CRSP July 2025,2026-05-20T12:50:34.557157
Landrover,Range Rover  Evoque  P250 First Edition,,Aut,AWD,2000.0,S/Wagon,,,Petrol,17300191.207500003,KRA CRSP July 2025,2026-05-20T12:50:34.557157
Landrover,Range Rover  Evoque 286Hp Aut.Bio,,Aut,4WD,2000.0,S/Wagon,,,Petrol,19962929.52,KRA CRSP July 2025,2026-05-20T12:50:34.557157
Landrover,Range Rover  Evoque 286Hp Hse Dynamic,,Aut,4WD,2000.0,S/Wagon,,,Petrol,17437132.035000004,KRA CRSP July 2025,2026-05-20T12:50:34.557157
Landrover,Range Rover  Evoque Aut.Bio,,Aut,4WD,2000.0,S/Wagon,,,Petrol,19049990.67,KRA CRSP July 2025,2026-05-20T12:50:34.557157
Landrover,Range Rover  Evoque Convertible Hse Dynamic,,Aut,4WD,2000.0,S/Wagon,,,Petrol,17589288.51,KRA CRSP July 2025,2026-05-20T12:50:34.557157
Landrover,Range Rover  Evoque Convertible Se Dynamic,,Aut,4WD,2000.0,S/Wagon,,,Petrol,15854704.695000004,KRA CRSP July 2025,2026-05-20T12:50:34.557157
Landrover,Range Rover  Evoque Hse,,Aut,4WD,2000.0,S/Wagon,,,Petrol,15550391.745000005,KRA CRSP July 2025,2026-05-20T12:50:34.557157
Landrover,Range Rover  Evoque Hse Dynamic,,Aut,4WD,2000.0,S/Wagon,,,Petrol,16524193.185000002,KRA CRSP July 2025,2026-05-20T12:50:34.557157
Landrover,Range Rover  Evoque Landmark Edition,,Aut,4WD,2000.0,S/Wagon,,,Petrol,14728746.780000003,KRA CRSP July 2025,2026-05-20T12:50:34.557157
Landrover,Range Rover  Evoque P250 S,,Aut,AWD,2000.0,S/Wagon,,,Petrol,12978947.317500003,KRA CRSP July 2025,2026-05-20T12:50:34.557157
Landrover,Range Rover  Evoque P250 Se,,Aut,AWD,2000.0,S/Wagon,,,Petrol,14363571.240000002,KRA CRSP July 2025,2026-05-20T12:50:34.557157
Landrover,Range Rover  Evoque P300 R-Dynamic Hse,,Aut,AWD,2000.0,S/Wagon,,,Petrol,16980662.610000003,KRA CRSP July 2025,2026-05-20T12:50:34.557157
Landrover,Range Rover  Evoque P300 R-Dynamic S,,Aut,AWD,2000.0,S/Wagon,,,Petrol,14180983.470000003,KRA CRSP July 2025,2026-05-20T12:50:34.557157
Landrover,Range Rover  Evoque P300 R-Dynamic Se,,Aut,AWD,2000.0,S/Wagon,,,Petrol,15565607.392500004,KRA CRSP July 2025,2026-05-20T12:50:34.557157
Landrover,Range Rover  Evoque R-Dynamic Hse,,Aut,AWD,2000.0,S/Wagon,,,Petrol,16250311.530000005,KRA CRSP July 2025,2026-05-20T12:50:34.557157
Landrover,Range Rover  Evoque R-Dynamic S,,Aut,AWD,2000.0,S/Wagon,,,Petrol,13663651.455000004,KRA CRSP July 2025,2026-05-20T12:50:34.557157
Landrover,Range Rover  Evoque R-Dynamic Se,,Aut,AWD,2000.0,S/Wagon,,,Petrol,15093922.320000004,KRA CRSP July 2025,2026-05-20T12:50:34.557157
Landrover,Range Rover  Evoque S,,Aut,AWD,2000.0,S/Wagon,,,Petrol,13176750.735000003,KRA CRSP July 2025,2026-05-20T12:50:34.557157
Landrover,Range Rover  Evoque Se,,Aut,AWD,2000.0,S/Wagon,,,Petrol,14607021.600000003,KRA CRSP July 2025,2026-05-20T12:50:34.557157
Landrover,Range Rover  Evoque Se Premium,,Aut,4WD,2000.0,S/Wagon,,,Petrol,13967964.405000003,KRA CRSP July 2025,2026-05-20T12:50:34.557157
Landrover,Range Rover  Phev  Aut.Bio,,Aut,FWD,2000.0,S/Wagon,,,Petrol,39864996.45,KRA CRSP July 2025,2026-05-20T12:50:34.557157
Landrover,Range Rover  Phev Hse,,Aut,FWD,2000.0,S/Wagon,,,Petrol,29518356.150000006,KRA CRSP July 2025,2026-05-20T12:50:34.557157
Landrover,Range Rover  Sport Phev Aut.Bio.,,Aut,FWD,2000.0,S/Wagon,,,Petrol,27388165.500000007,KRA CRSP July 2025,2026-05-20T12:50:34.557157
Landrover,Range Rover  Sport Phev Hse,,Aut,FWD,2000.0,S/Wagon,,,Petrol,24040723.05,KRA CRSP July 2025,2026-05-20T12:50:34.557157
Landrover,Range Rover  Sport Phev Hse Silver Edition,,Aut,FWD,2000.0,S/Wagon,,,Petrol,25257974.85000001,KRA CRSP July 2025,2026-05-20T12:50:34.557157
Landrover,Range Rover Evoque  Hse Dynamic,,Aut,4WD,2000.0,S/Wagon,,,Diesel,16493761.890000002,KRA CRSP July 2025,2026-05-20T12:50:34.557157
Landrover,Range Rover Evoque  Hse Dynamic Convertible,,Aut,4WD,2000.0,S/Wagon,,,Diesel,17558857.215000004,KRA CRSP July 2025,2026-05-20T12:50:34.557157
Landrover,Range Rover Evoque Autobiography,,Aut,4WD,2000.0,S/Wagon,,,Diesel,19019559.375000004,KRA CRSP July 2025,2026-05-20T12:50:34.557157
Landrover,Range Rover Evoque Hse,,Aut,4WD,2000.0,S/Wagon,,,Diesel,15519960.450000003,KRA CRSP July 2025,2026-05-20T12:50:34.557157
Landrover,Range Rover Evoque Land Mark Edition,,Aut,4WD,2000.0,S/Wagon,,,Diesel,14728746.780000003,KRA CRSP July 2025,2026-05-20T12:50:34.557157
Landrover,Range Rover Evoque Se,,Aut,4WD,2000.0,S/Wagon,,,Diesel,12720281.310000002,KRA CRSP July 2025,2026-05-20T12:50:34.557157
Landrover,Range Rover Evoque Se Dynamic,,Aut,4WD,2000.0,S/Wagon,,,Diesel,15550391.745000005,KRA CRSP July 2025,2026-05-20T12:50:34.557157
Landrover,Range Rover Evoque Se Premium,,Aut,4WD,2000.0,S/Wagon,,,Diesel,13937533.110000003,KRA CRSP July 2025,2026-05-20T12:50:34.557157
Landrover,Range Rover Velar 250,,Aut,AWD,2000.0,S/Wagon,,,Diesel,15647163.263100002,KRA CRSP July 2025,2026-05-20T12:50:34.557157
Landrover,Range Rover Sport  T/C 258Ps  5 Door Hse,,Aut,AWD,2993.0,S/Wagon,,5,Diesel,26331323.90298638,KRA CRSP July 2025,2026-05-20T12:50:34.557157
Landrover,Range Rover Sport  T/C 258Ps 5 Door  S,,Aut,AWD,2993.0,S/Wagon,,5,Diesel,22353701.57392613,KRA CRSP July 2025,2026-05-20T12:50:34.557157
Landrover,Range Rover T/C 258Ps 5 Door  Vogue,,Aut,AWD,2993.0,S/Wagon,,5,Diesel,30717222.375937507,KRA CRSP July 2025,2026-05-20T12:50:34.557157
Landrover,Range Rover T/C 258Ps 5 Door Auto Vogue,,Aut,AWD,2993.0,S/Wagon,,5,Diesel,30921948.913050003,KRA CRSP July 2025,2026-05-20T12:50:34.557157
Landrover,Defender  T/C  3 Door 300Ps X,,Aut,AWD,2996.0,S/Wagon,,5,Diesel,30056229.289125003,KRA CRSP July 2025,2026-05-20T12:50:34.557157
Landrover,Defender  T/C  5 Door 300Ps,,Aut,AWD,2996.0,S/Wagon,,5,Diesel,18849676.670662504,KRA CRSP July 2025,2026-05-20T12:50:34.557157
Landrover,Defender  T/C  5 Door 300Ps S,,Aut,AWD,2996.0,S/Wagon,,5,Diesel,19613527.534575004,KRA CRSP July 2025,2026-05-20T12:50:34.557157
Landrover,Defender  T/C  5 Door 300Ps X-Dynamic Hse,,Aut,AWD,2996.0,S/Wagon,,5,Diesel,23623002.8073,KRA CRSP July 2025,2026-05-20T12:50:34.557157
Landrover,Defender  T/C  5 Door 300Ps X-Dynamic S,,Aut,AWD,2996.0,S/Wagon,,5,Diesel,20420565.477975003,KRA CRSP July 2025,2026-05-20T12:50:34.557157
Landrover,Defender  T/C  Awd 3 Door 300Ps S,,Aut,AWD,2996.0,S/Wagon,,5,Diesel,18696708.6944625,KRA CRSP July 2025,2026-05-20T12:50:34.557157
Landrover,Defender  T/C  Mhev  5 Door 400Ps First Edition 110,,Aut,MHEV,2996.0,S/Wagon,,5,Petrol,21687166.694700006,KRA CRSP July 2025,2026-05-20T12:50:34.557157
Landrover,Defender  T/C  Mhev  5 Door 400Ps S,,Aut,AWD,2996.0,S/Wagon,,5,Petrol,20591335.76175,KRA CRSP July 2025,2026-05-20T12:50:34.557157
Landrover,Defender  T/C  Mhev 3 Door  400Ps X-Dynamic Hse,,Aut,AWD,2996.0,S/Wagon,,5,Petrol,21795502.104900002,KRA CRSP July 2025,2026-05-20T12:50:34.557157
Landrover,Defender  T/C  Mhev 3 Door  400Ps Xs Edition,,Aut,AWD,2996.0,S/Wagon,,5,Petrol,22982626.922850005,KRA CRSP July 2025,2026-05-20T12:50:34.557157
Landrover,Defender  T/C  Mhev 3 Door 400Ps X,,Aut,MHEV,2996.0,S/Wagon,,5,Petrol,25424129.720700003,KRA CRSP July 2025,2026-05-20T12:50:34.557157
Landrover,Defender  T/C  Mhev 3 Door 400Ps X-Dynamic Hse,,Aut,AWD,2996.0,S/Wagon,,5,Petrol,23413838.373000003,KRA CRSP July 2025,2026-05-20T12:50:34.557157
Landrover,Defender  T/C  Mhev 3 Door 400Ps X-Dynamic Se,,Aut,AWD,2996.0,S/Wagon,,5,Petrol,20140648.282800004,KRA CRSP July 2025,2026-05-20T12:50:34.557157
Landrover,Defender  T/C  Mhev 5 Door  400Ps X,,Aut,AWD,2996.0,S/Wagon,,5,Petrol,28712839.771350004,KRA CRSP July 2025,2026-05-20T12:50:34.557157
Landrover,Defender  T/C  Mhev 5 Door  400Ps X-Dynamic Hse,,Aut,MHEV,2996.0,S/Wagon,,5,Petrol,22762000.034100004,KRA CRSP July 2025,2026-05-20T12:50:34.557157
Landrover,Defender  T/C  Mhev 5 Door  400Ps X-Dynamic S,,Aut,MHEV,2996.0,S/Wagon,,5,Petrol,19888068.534300003,KRA CRSP July 2025,2026-05-20T12:50:34.557157
Landrover,Defender  T/C  Mhev 5 Door  400Ps X-Dynamic Se,,Aut,MHEV,2996.0,S/Wagon,,5,Petrol,20990290.039200004,KRA CRSP July 2025,2026-05-20T12:50:34.557157
Landrover,Defender  T/C  Mhev 5 Door  400Ps Xs Edition,,Aut,AWD,2996.0,S/Wagon,,5,Petrol,22054776.738300003,KRA CRSP July 2025,2026-05-20T12:50:34.557157
Landrover,Defender  T/C  Mhev 5 Door 400Ps X,,Aut,MHEV,2996.0,S/Wagon,,5,Petrol,25844385.904650003,KRA CRSP July 2025,2026-05-20T12:50:34.557157
Landrover,Defender  T/C  Mhev 5 Door 400Ps X-Dynamic Hse,,Aut,AWD,2996.0,S/Wagon,,5,Petrol,24484411.331100002,KRA CRSP July 2025,2026-05-20T12:50:34.557157
Landrover,Defender  T/C  Mhev Awd  5 Door 400Ps S,,Aut,MHEV,2996.0,S/Wagon,,5,Petrol,19143110.4327,KRA CRSP July 2025,2026-05-20T12:50:34.557157
Landrover,Defender  T/C  Mhev Awd 3 Door 400Ps S,,Aut,AWD,2996.0,S/Wagon,,5,Petrol,18070407.283950005,KRA CRSP July 2025,2026-05-20T12:50:34.557157
Landrover,Defender  T/C  Mhev Awd 3 Door 400Ps Xs Edition,,Aut,AWD,2996.0,S/Wagon,,5,Petrol,21499101.2916,KRA CRSP July 2025,2026-05-20T12:50:34.557157
Landrover,Defender  T/C 3  300Ps X-Dynamic S,,Aut,AWD,2996.0,S/Wagon,,5,Diesel,19503746.637862504,KRA CRSP July 2025,2026-05-20T12:50:34.557157
Landrover,Defender  T/C 3 Door  300Ps X,,Aut,AWD,2996.0,S/Wagon,,5,Diesel,27735335.857125003,KRA CRSP July 2025,2026-05-20T12:50:34.557157
Landrover,Defender  T/C 3 Door  300Ps X-Dynamic Hse,,Aut,AWD,2996.0,S/Wagon,,5,Diesel,22732228.083825003,KRA CRSP July 2025,2026-05-20T12:50:34.557157
Landrover,Defender  T/C 3 Door  300Ps X-Dynamic Se,,Aut,AWD,2996.0,S/Wagon,,5,Diesel,20461115.178562503,KRA CRSP July 2025,2026-05-20T12:50:34.557157
Landrover,Defender  T/C 3 Door 300Ps X-Dynamic Hse,,Aut,AWD,2996.0,S/Wagon,,5,Diesel,22380138.000675,KRA CRSP July 2025,2026-05-20T12:50:34.557157
Landrover,Defender  T/C 5 Door  300Ps 75Th Anniversary Edition,,Aut,AWD,2996.0,S/Wagon,,5,Diesel,29166773.255100004,KRA CRSP July 2025,2026-05-20T12:50:34.557157
Landrover,Defender  T/C 5 Door  300Ps X-Dynamic Hse,,Aut,AWD,2996.0,S/Wagon,,5,Diesel,23779267.507124998,KRA CRSP July 2025,2026-05-20T12:50:34.557157
Landrover,Defender  T/C 5 Door  Lwb 300Ps X-Dynamic Hse,,Aut,AWD,2996.0,S/Wagon,,7,Diesel,28797540.209100004,KRA CRSP July 2025,2026-05-20T12:50:34.557157
Landrover,Defender  T/C 5 Door 300Ps X-Dynamic Se,,Aut,AWD,2996.0,S/Wagon,,5,Diesel,21860244.685012504,KRA CRSP July 2025,2026-05-20T12:50:34.557157
Landrover,Defender  T/C Diesel  5 Door Lwb 300Ps X,,Aut,AWD,2996.0,S/Wagon,,7,Diesel,32599651.565812506,KRA CRSP July 2025,2026-05-20T12:50:34.557157
Landrover,Defender  T/C Diesel 5 Door  300Ps X-Dynamic Hse,,Aut,AWD,2996.0,S/Wagon,,5,Diesel,25590487.466700003,KRA CRSP July 2025,2026-05-20T12:50:34.557157
Landrover,Defender  T/C Mhev 3 Door  400Ps X,,Aut,AWD,2996.0,S/Wagon,,5,Petrol,26095444.088400006,KRA CRSP July 2025,2026-05-20T12:50:34.557157
Landrover,Defender  T/C Mhev 3 Door 400Ps X-Dynamic S,,Aut,AWD,2996.0,S/Wagon,,5,Petrol,18815061.072600003,KRA CRSP July 2025,2026-05-20T12:50:34.557157
Landrover,Defender  T/C Mhev 5 Door 400Ps S,,Aut,AWD,2996.0,S/Wagon,,5,Petrol,18916397.284950003,KRA CRSP July 2025,2026-05-20T12:50:34.557157
Landrover,Defender  T/C Mhev 5 Door 400Ps X-Dynamic Se,,Aut,AWD,2996.0,S/Wagon,,5,Petrol,20962901.873700004,KRA CRSP July 2025,2026-05-20T12:50:34.557157
Landrover,Defender  T/C Mhev Awd 5 Door 400Ps 75Th Anniversary Edition,,Aut,AWD,2996.0,S/Wagon,,5,Petrol,27785598.212700002,KRA CRSP July 2025,2026-05-20T12:50:34.557157
Landrover,Defender  T/C Mhev Door Lwb 400Ps X,,Aut,AWD,2996.0,S/Wagon,,7,Petrol,30623316.47145,KRA CRSP July 2025,2026-05-20T12:50:34.557157
Landrover,Defender 2996C T/C Diesel Awd 3 Door Auto 300Ps X-Dynamic Se,,Aut,AWD,2996.0,S/Wagon,,5,Diesel,20939799.4489125,KRA CRSP July 2025,2026-05-20T12:50:34.557157
Landrover,Defender T/C  5 Door  300Ps S,,Aut,AWD,2996.0,S/Wagon,,5,Diesel,19859133.444637503,KRA CRSP July 2025,2026-05-20T12:50:34.557157
Landrover,Defender T/C  5 Door 300Ps S,,Aut,AWD,2996.0,S/Wagon,,5,Diesel,21372659.260875,KRA CRSP July 2025,2026-05-20T12:50:34.557157
Landrover,Defender T/C  5 Door 300Ps X,,Aut,AWD,2996.0,S/Wagon,,5,Diesel,27463356.158062503,KRA CRSP July 2025,2026-05-20T12:50:34.557157
Landrover,Defender T/C  5 Door 300Ps X-Dynamic Se,,Aut,AWD,2996.0,S/Wagon,,5,Diesel,23708717.62155,KRA CRSP July 2025,2026-05-20T12:50:34.557157
Landrover,Defender T/C  Awd 5 Door  300Ps X,,Aut,AWD,2996.0,S/Wagon,,5,Diesel,28285229.357775003,KRA CRSP July 2025,2026-05-20T12:50:34.557157
Landrover,Defender T/C  Mhev 3 Door  400Ps 75Th Anniversary Edition,,Aut,AWD,2996.0,S/Wagon,,5,Petrol,26818187.344650008,KRA CRSP July 2025,2026-05-20T12:50:34.557157
Landrover,Defender T/C  Mhev 3 Door  400Ps X-Dynamic Hse,,Aut,MHEV,2996.0,S/Wagon,,5,Petrol,21470191.561350003,KRA CRSP July 2025,2026-05-20T12:50:34.557157
Landrover,Defender T/C  Mhev 3 Door 400Ps First Edition 90,,Aut,MHEV,2996.0,S/Wagon,,5,Petrol,20402053.106850002,KRA CRSP July 2025,2026-05-20T12:50:34.557157
Landrover,Defender T/C  Mhev 3 Door 400Ps X,,Aut,AWD,2996.0,S/Wagon,,5,Petrol,28275237.749250006,KRA CRSP July 2025,2026-05-20T12:50:34.557157
Landrover,Defender T/C  Mhev 3 Door 400Ps X-Dynamic Se,,Aut,MHEV,2996.0,S/Wagon,,5,Petrol,19699090.192350004,KRA CRSP July 2025,2026-05-20T12:50:34.557157
Landrover,Defender T/C  Mhev 5 Door 400Ps X,,Aut,AWD,2996.0,S/Wagon,,5,Petrol,26602733.776050005,KRA CRSP July 2025,2026-05-20T12:50:34.557157
Landrover,Defender T/C  Mhev 5 Door 400Ps X-Dynamic S,,Aut,AWD,2996.0,S/Wagon,,5,Petrol,19661355.386550006,KRA CRSP July 2025,2026-05-20T12:50:34.557157
Landrover,Defender T/C  Mhev Awd 5 Door Lwb 400Ps X-Dynamic Hse,,Aut,AWD,2996.0,S/Wagon,,7,Petrol,27453288.471300006,KRA CRSP July 2025,2026-05-20T12:50:34.557157
Landrover,Defender T/C 3 Door  300Ps S,,Aut,AWD,2996.0,S/Wagon,,5,Diesel,18460003.938187502,KRA CRSP July 2025,2026-05-20T12:50:34.557157
Landrover,Defender T/C 3 Door  300Ps X-Dynamic Se,,Aut,AWD,2996.0,S/Wagon,,5,Diesel,22841349.6358125,KRA CRSP July 2025,2026-05-20T12:50:34.557157
Landrover,Defender T/C 3 Door 300Ps X,,Aut,AWD,2996.0,S/Wagon,,5,Diesel,27008408.2978125,KRA CRSP July 2025,2026-05-20T12:50:34.557157
Landrover,Defender T/C 3 Door 300Ps X-Dynamic Hse,,Aut,AWD,2996.0,S/Wagon,,5,Diesel,24722789.808600005,KRA CRSP July 2025,2026-05-20T12:50:34.557157
Landrover,Defender T/C 5 Door  300Ps X-Dynamic Se,,Aut,AWD,2996.0,S/Wagon,,5,Diesel,21830574.172387503,KRA CRSP July 2025,2026-05-20T12:50:34.557157
Landrover,Defender T/C 5 Door 300Ps X,,Aut,AWD,2996.0,S/Wagon,,5,Diesel,30530298.1464,KRA CRSP July 2025,2026-05-20T12:50:34.557157
Landrover,Defender T/C Mhev 5 Door  400Ps X-Dynamic Se,,Aut,AWD,2996.0,S/Wagon,,5,Petrol,22747697.325450003,KRA CRSP July 2025,2026-05-20T12:50:34.557157
Landrover,Defender T/C Mhev 5 Door 400Ps Xs Edition,,Aut,AWD,2996.0,S/Wagon,,5,Petrol,23475309.588900004,KRA CRSP July 2025,2026-05-20T12:50:34.557157
Landrover,Discovery  T/C  5 Door 300Ps R-Dynamic Hse,,Aut,AWD,2996.0,S/Wagon,,7,Diesel,21444857.508262504,KRA CRSP July 2025,2026-05-20T12:50:34.557157
Landrover,Discovery  T/C 300Ps  5 Door  S,,Aut,AWD,2996.0,S/Wagon,,7,Diesel,19614846.224025,KRA CRSP July 2025,2026-05-20T12:50:34.557157
Landrover,Discovery  T/C 300Ps  5 Door S,,Aut,AWD,2996.0,S/Wagon,,5,Diesel,19860452.134087503,KRA CRSP July 2025,2026-05-20T12:50:34.557157
Landrover,Discovery  T/C 300Ps 5 Door  R-Dynamic Se,,Aut,AWD,2996.0,S/Wagon,,7,Diesel,20690237.470500004,KRA CRSP July 2025,2026-05-20T12:50:34.557157
Landrover,Discovery  T/C 360Ps  5 Door R-Dynamic Se,,Aut,AWD,2996.0,S/Wagon,,5,Petrol,19593797.911650002,KRA CRSP July 2025,2026-05-20T12:50:34.557157
Landrover,Discovery  T/C 360Ps  5 Door S,,Aut,AWD,2996.0,S/Wagon,,5,Petrol,18600824.7558,KRA CRSP July 2025,2026-05-20T12:50:34.557157
Landrover,Discovery  T/C 360Ps 5 Door  R-Dynamic Se,,Aut,AWD,2996.0,S/Wagon,,7,Petrol,19367084.7639,KRA CRSP July 2025,2026-05-20T12:50:34.557157
Landrover,Discovery  T/C 360Ps 5 Door S,,Aut,AWD,2996.0,S/Wagon,,7,Petrol,18374111.608050004,KRA CRSP July 2025,2026-05-20T12:50:34.557157
Landrover,Discovery  T/C 5 Door 300Ps R-Dynamic Hse,,Aut,AWD,2996.0,S/Wagon,,5,Diesel,21690463.418325003,KRA CRSP July 2025,2026-05-20T12:50:34.557157
Landrover,Discovery T/C  Mhev 5 Door 360Ps Metropolitan Edition,,Aut,AWD,2996.0,S/Wagon,,7,Petrol,23117133.246750005,KRA CRSP July 2025,2026-05-20T12:50:34.557157
Landrover,Discovery T/C 300Ps  5 Door R-Dynamic Se,,Aut,AWD,2996.0,S/Wagon,,5,Diesel,20935843.380562503,KRA CRSP July 2025,2026-05-20T12:50:34.557157
Landrover,Discovery T/C 300Ps 5 Door  S,,Aut,AWD,2996.0,S/Wagon,,7,Diesel,21655518.1479,KRA CRSP July 2025,2026-05-20T12:50:34.557157
Landrover,Discovery T/C 300Ps 5 Door R-Dynamic Se,,Aut,AWD,2996.0,S/Wagon,,7,Diesel,22992339.577837504,KRA CRSP July 2025,2026-05-20T12:50:34.557157
Landrover,Discovery T/C 360Ps  5 Door R-Dynamic Hse,,Aut,AWD,2996.0,S/Wagon,,5,Petrol,20290370.254200004,KRA CRSP July 2025,2026-05-20T12:50:34.557157
Landrover,Discovery T/C 360Ps Mhev 5 Door R-Dynamic Se,,Aut,AWD,2996.0,S/Wagon,,7,Petrol,21223698.07185,KRA CRSP July 2025,2026-05-20T12:50:34.557157
Landrover,Discovery T/C 360Ps Mhev 5 Door S,,Aut,AWD,2996.0,S/Wagon,,7,Petrol,19989709.059600003,KRA CRSP July 2025,2026-05-20T12:50:34.557157
Landrover,Discovery T/C 360Ps Mhev Door R-Dynamic Hse,,Aut,AWD,2996.0,S/Wagon,,7,Petrol,21955266.403650004,KRA CRSP July 2025,2026-05-20T12:50:34.557157
Landrover,Discovery T/C 360Ps Petrol Awd 5 Door Auto R-Dynamic Hse,,Aut,AWD,2996.0,S/Wagon,,7,Petrol,20063657.106450003,KRA CRSP July 2025,2026-05-20T12:50:34.557157
Landrover,Discovery T/C 5 Door 300Ps Metropolitan Edition,,Aut,AWD,2996.0,S/Wagon,,7,Diesel,25107847.128,KRA CRSP July 2025,2026-05-20T12:50:34.557157
Landrover,Discovery T/C 5 Door 300Ps R-Dynamic Hse,,Aut,AWD,2996.0,S/Wagon,,7,Diesel,23784871.937287506,KRA CRSP July 2025,2026-05-20T12:50:34.557157
Landrover,Rang+A3:A39E Rover  T/C 400Ps  5 Door Vogue Se,,Aut,AWD,2996.0,S/Wagon,,5,Petrol,36095471.93835001,KRA CRSP July 2025,2026-05-20T12:50:34.557157
Landrover,Range Rover  T/C  5 Door 350Ps Autobiography,,Aut,AWD,2996.0,S/Wagon,,4,Diesel,46834244.83383751,KRA CRSP July 2025,2026-05-20T12:50:34.557157
Landrover,Range Rover  T/C  5 Door Lwb 350Ps Hse,,Aut,AWD,2996.0,S/Wagon,,5,Diesel,43550048.758612506,KRA CRSP July 2025,2026-05-20T12:50:34.557157
Landrover,Range Rover  T/C  Awd 5 Door Lwb 350Ps First Edition,,Aut,AWD,2996.0,S/Wagon,,5,Diesel,50854269.622162506,KRA CRSP July 2025,2026-05-20T12:50:34.557157
Landrover,Range Rover  T/C  Mhev 5 Door 360Ps Se,,Aut,AWD,2996.0,S/Wagon,,5,Petrol,36465516.48555,KRA CRSP July 2025,2026-05-20T12:50:34.557157
Landrover,Range Rover  T/C  Mhev Awd 5 Door 360Ps,,Aut,AWD,2996.0,S/Wagon,,5,Petrol,34606164.36105,KRA CRSP July 2025,2026-05-20T12:50:34.557157
Landrover,Range Rover  T/C 400Ps  5 Door Autobiography,,Aut,AWD,2996.0,S/Wagon,,4,Petrol,42895953.432,KRA CRSP July 2025,2026-05-20T12:50:34.557157
Landrover,Range Rover  T/C 5 Door  350Ps Hse,,Aut,AWD,2996.0,S/Wagon,,5,Diesel,40417501.9701375,KRA CRSP July 2025,2026-05-20T12:50:34.557157
Landrover,Range Rover  T/C 5 Door 350Ps Autobiography,,Aut,AWD,2996.0,S/Wagon,,5,Diesel,49321622.80890001,KRA CRSP July 2025,2026-05-20T12:50:34.557157
Landrover,Range Rover  T/C Awd 5 Door Lwb 350Ps Hse,,Aut,AWD,2996.0,S/Wagon,,5,Diesel,41340914.25750001,KRA CRSP July 2025,2026-05-20T12:50:34.557157
Landrover,Range Rover  T/C Awd 5 Door Lwb 350Ps Hse 7 Seats,,Aut,AWD,2996.0,S/Wagon,,7,Diesel,41782675.22325001,KRA CRSP July 2025,2026-05-20T12:50:34.557157
Landrover,Range Rover  T/C Mhev  5 Door Lwb  360Ps Hse 7 Seats,,Aut,AWD,2996.0,S/Wagon,,7,Petrol,37894874.4117,KRA CRSP July 2025,2026-05-20T12:50:34.557157
Landrover,Range Rover  T/C Mhev 5 Door  400Ps First Edition,,Aut,AWD,2996.0,S/Wagon,,5,Petrol,45188342.88435001,KRA CRSP July 2025,2026-05-20T12:50:34.557157
Landrover,Range Rover  T/C Mhev 5 Door Auto 360Ps Autobiography,,Aut,AWD,2996.0,S/Wagon,,4,Petrol,42558470.370450005,KRA CRSP July 2025,2026-05-20T12:50:34.557157
Landrover,Range Rover Sport  T/C  5 Door  350Ps Autobiography,,Aut,AWD,2996.0,S/Wagon,,5,Diesel,37369680.978825,KRA CRSP July 2025,2026-05-20T12:50:34.557157
Landrover,Range Rover Sport  T/C  5 Door 350Ps Dynamic S,,Aut,AWD,2996.0,S/Wagon,,5,Diesel,31930416.669937506,KRA CRSP July 2025,2026-05-20T12:50:34.557157
Landrover,Range Rover Sport  T/C  5 Door 350Ps First Edition,,Aut,AWD,2996.0,S/Wagon,,5,Diesel,37725397.4579625,KRA CRSP July 2025,2026-05-20T12:50:34.557157
Landrover,Range Rover Sport  T/C  5 Door 360Ps Hse Silver,,Aut,AWD,2996.0,S/Wagon,,5,Petrol,25085764.151595008,KRA CRSP July 2025,2026-05-20T12:50:34.557157
Landrover,Range Rover Sport  T/C  Mhev  5 Door 400Ps Dynamic Se,,Aut,AWD,2996.0,S/Wagon,,5,Petrol,32101973.095500007,KRA CRSP July 2025,2026-05-20T12:50:34.557157
Landrover,Range Rover Sport  T/C 249Ps 5 Door S,,Aut,AWD,2996.0,S/Wagon,,5,Diesel,22558428.111038625,KRA CRSP July 2025,2026-05-20T12:50:34.557157
Landrover,Range Rover Sport  T/C 249Ps 5 Door Se,,Aut,AWD,2996.0,S/Wagon,,5,Diesel,23267899.518756755,KRA CRSP July 2025,2026-05-20T12:50:34.557157
Landrover,Range Rover Sport  T/C 258Ps 5 Door Se,,Aut,AWD,2996.0,S/Wagon,,5,Diesel,23063172.98164425,KRA CRSP July 2025,2026-05-20T12:50:34.557157
Landrover,Range Rover Sport  T/C 300Ps  5 Door S,,Aut,AWD,2996.0,S/Wagon,,5,Diesel,23364477.037351128,KRA CRSP July 2025,2026-05-20T12:50:34.557157
Landrover,Range Rover Sport  T/C 360Ps 5 Door  Hse,,Aut,AWD,2996.0,S/Wagon,,5,Petrol,24127583.095318496,KRA CRSP July 2025,2026-05-20T12:50:34.557157
Landrover,Range Rover Sport  T/C 360Ps 5 Door S,,Aut,AWD,2996.0,S/Wagon,,5,Petrol,20282312.047284007,KRA CRSP July 2025,2026-05-20T12:50:34.557157
Landrover,Range Rover Sport  T/C 400Ps  5 Door Hst,,Aut,AWD,2996.0,S/Wagon,,5,Petrol,28140920.099379007,KRA CRSP July 2025,2026-05-20T12:50:34.557157
Landrover,Range Rover Sport  T/C 5 Door  350Ps Dynamic Hse,,Aut,AWD,2996.0,S/Wagon,,5,Diesel,35954727.198975004,KRA CRSP July 2025,2026-05-20T12:50:34.557157
Landrover,Range Rover Sport  T/C 5 Door  350Ps Dynamic Se,,Aut,AWD,2996.0,S/Wagon,,5,Diesel,33809219.463825,KRA CRSP July 2025,2026-05-20T12:50:34.557157
Landrover,Range Rover Sport T/C  5 Door  360Ps Hse Silver,,Aut,AWD,2996.0,S/Wagon,,5,Petrol,24896785.809645005,KRA CRSP July 2025,2026-05-20T12:50:34.557157
Landrover,Range Rover Sport T/C  5 Door 350Ps Hse Dynamic Black,,Aut,AWD,2996.0,S/Wagon,,5,Diesel,33257410.56674888,KRA CRSP July 2025,2026-05-20T12:50:34.557157
Landrover,Range Rover Sport T/C  Mhev 5 Door  400Ps Dynamic S,,Aut,AWD,2996.0,S/Wagon,,5,Petrol,30367997.906400006,KRA CRSP July 2025,2026-05-20T12:50:34.557157
Landrover,Range Rover Sport T/C 249Ps 5 Door Hse,,Aut,AWD,2996.0,S/Wagon,,5,Diesel,26536050.440098874,KRA CRSP July 2025,2026-05-20T12:50:34.557157
Landrover,Range Rover Sport T/C 258Ps  5 Door Hse,,Aut,AWD,2996.0,S/Wagon,,5,Diesel,26536050.440098874,KRA CRSP July 2025,2026-05-20T12:50:34.557157
Landrover,Range Rover Sport T/C 258Ps 5 Door S,,Aut,AWD,2996.0,S/Wagon,,5,Diesel,22558428.111038625,KRA CRSP July 2025,2026-05-20T12:50:34.557157
Landrover,Range Rover Sport T/C 300Ps 5 Door Hse,,Aut,AWD,2996.0,S/Wagon,,5,Diesel,26536050.440098874,KRA CRSP July 2025,2026-05-20T12:50:34.557157
Landrover,Range Rover Sport T/C 300Ps 5 Door Se,,Aut,AWD,2996.0,S/Wagon,,5,Diesel,23267899.518756755,KRA CRSP July 2025,2026-05-20T12:50:34.557157
Landrover,Range Rover Sport T/C 350Ps 5 Door Hse Dynamic,,Aut,AWD,2996.0,S/Wagon,,5,Diesel,32450923.17619425,KRA CRSP July 2025,2026-05-20T12:50:34.557157
Landrover,Range Rover Sport T/C 360Ps 5 Door  Se,,Aut,AWD,2996.0,S/Wagon,,5,Petrol,21597190.4847735,KRA CRSP July 2025,2026-05-20T12:50:34.557157
Landrover,Range Rover Sport T/C 360Ps 5 Door Hse,,Aut,AWD,2996.0,S/Wagon,,5,Petrol,24316561.437268503,KRA CRSP July 2025,2026-05-20T12:50:34.557157
Landrover,Range Rover Sport T/C 360Ps 5 Door S,,Aut,AWD,2996.0,S/Wagon,,5,Petrol,20471290.389234003,KRA CRSP July 2025,2026-05-20T12:50:34.557157
Landrover,Range Rover Sport T/C 360Ps 5 Door Se,,Aut,AWD,2996.0,S/Wagon,,5,Petrol,21786168.826723505,KRA CRSP July 2025,2026-05-20T12:50:34.557157
Landrover,Range Rover Sport T/C 400Ps 5 Door Hst,,Aut,AWD,2996.0,S/Wagon,,5,Petrol,27951941.757429,KRA CRSP July 2025,2026-05-20T12:50:34.557157
Landrover,Range Rover Sport T/C 5 Door 350Ps Hst,,Aut,AWD,2996.0,S/Wagon,,5,Petrol,32265346.545837004,KRA CRSP July 2025,2026-05-20T12:50:34.557157
Landrover,Range Rover T/C   5 Door Lwb  350Ps Autobiography 7 Seats,,Aut,AWD,2996.0,S/Wagon,,7,Diesel,48547881.77411251,KRA CRSP July 2025,2026-05-20T12:50:34.557157
Landrover,Range Rover T/C  5 Door  350Ps First Edition,,Aut,AWD,2996.0,S/Wagon,,5,Diesel,48953708.452350006,KRA CRSP July 2025,2026-05-20T12:50:34.557157
Landrover,Range Rover T/C  5 Door 350Ps First Edition,,Aut,AWD,2996.0,S/Wagon,,5,Diesel,51548229.94522501,KRA CRSP July 2025,2026-05-20T12:50:34.557157
Landrover,Range Rover T/C  5 Door 350Ps Se,,Aut,AWD,2996.0,S/Wagon,,5,Diesel,40271457.11355,KRA CRSP July 2025,2026-05-20T12:50:34.557157
Landrover,Range Rover T/C  5 Door 350Ps Sv,,Aut,AWD,2996.0,S/Wagon,,5,Diesel,59228936.64675001,KRA CRSP July 2025,2026-05-20T12:50:34.557157
Landrover,Range Rover T/C  5 Door Lwb 350Ps Autobiography,,Aut,AWD,2996.0,S/Wagon,,5,Diesel,51473394.3189375,KRA CRSP July 2025,2026-05-20T12:50:34.557157
Landrover,Range Rover T/C  5 Door Lwb 350Ps Hse 7 Seats,,Aut,AWD,2996.0,S/Wagon,,7,Diesel,44014227.44501251,KRA CRSP July 2025,2026-05-20T12:50:34.557157
Landrover,Range Rover T/C  5 Door Lwb 350Ps Sv,,Aut,AWD,2996.0,S/Wagon,,5,Diesel,67514592.1334625,KRA CRSP July 2025,2026-05-20T12:50:34.557157
Landrover,Range Rover T/C  Mhev 5 Door  360Ps Hse,,Aut,AWD,2996.0,S/Wagon,,5,Petrol,36635018.798700005,KRA CRSP July 2025,2026-05-20T12:50:34.557157
Landrover,Range Rover T/C  Mhev 5 Door 360Ps Hse,,Aut,AWD,2996.0,S/Wagon,,5,Petrol,38597228.7003,KRA CRSP July 2025,2026-05-20T12:50:34.557157
Landrover,Range Rover T/C  Mhev 5 Door 400Ps First Edition,,Aut,AWD,2996.0,S/Wagon,,5,Petrol,47583285.80085001,KRA CRSP July 2025,2026-05-20T12:50:34.557157
Landrover,Range Rover T/C  Mhev 5 Door Lwb 360Ps Hse,,Aut,AWD,2996.0,S/Wagon,,5,Petrol,39492517.39920001,KRA CRSP July 2025,2026-05-20T12:50:34.557157
Landrover,Range Rover T/C  Mhev Awd 5 Door Lwb 360Ps Autobiography,,Aut,AWD,2996.0,S/Wagon,,4,Petrol,44448862.415850006,KRA CRSP July 2025,2026-05-20T12:50:34.557157
Landrover,Range Rover T/C  Mhev Awd 5 Door Lwb 360Ps Hse,,Aut,AWD,2996.0,S/Wagon,,5,Petrol,37487399.37165,KRA CRSP July 2025,2026-05-20T12:50:34.557157
Landrover,Range Rover T/C 360Ps 5 Door Vogue,,Aut,AWD,2996.0,S/Wagon,,5,Petrol,31111738.756200004,KRA CRSP July 2025,2026-05-20T12:50:34.557157
Landrover,Range Rover T/C 360Ps Petrol 5 Door Vogue,,Aut,AWD,2996.0,S/Wagon,,5,Petrol,30922760.41425001,KRA CRSP July 2025,2026-05-20T12:50:34.557157
Landrover,Range Rover T/C 400Ps  5 Door Svautobiography,,Aut,AWD,2996.0,S/Wagon,,4,Petrol,61456913.19135001,KRA CRSP July 2025,2026-05-20T12:50:34.557157
Landrover,Range Rover T/C 400Ps  5 Door Vogue Se,,Aut,AWD,2996.0,S/Wagon,,5,Petrol,35906493.59640001,KRA CRSP July 2025,2026-05-20T12:50:34.557157
Landrover,Range Rover T/C 400Ps 5 Door Autobiography,,Aut,AWD,2996.0,S/Wagon,,4,Petrol,43084931.77395,KRA CRSP July 2025,2026-05-20T12:50:34.557157
Landrover,Range Rover T/C 400Ps 5 Door Lwb  Vogue Se,,Aut,AWD,2996.0,S/Wagon,,5,Petrol,37465488.839250006,KRA CRSP July 2025,2026-05-20T12:50:34.557157
Landrover,Range Rover T/C 400Ps 5 Door Lwb Autobiography,,Aut,AWD,2996.0,S/Wagon,,4,Petrol,44816776.77240001,KRA CRSP July 2025,2026-05-20T12:50:34.557157
Landrover,Range Rover T/C 400Ps 5 Door Lwb Svautobiography,,Aut,AWD,2996.0,S/Wagon,,4,Petrol,61267934.849400006,KRA CRSP July 2025,2026-05-20T12:50:34.557157
Landrover,Range Rover T/C 5 Door 350Ps Hse,,Aut,AWD,2996.0,S/Wagon,,5,Diesel,42580152.668137506,KRA CRSP July 2025,2026-05-20T12:50:34.557157
Landrover,Range Rover T/C 5 Door Lwb 350Ps Autobiography,,Aut,AWD,2996.0,S/Wagon,,4,Diesel,48882169.549687505,KRA CRSP July 2025,2026-05-20T12:50:34.557157
Landrover,Range Rover T/C 5 Door Lwb 350Ps Autobiography 7 Seats,,Aut,AWD,2996.0,S/Wagon,,7,Diesel,51121963.58051251,KRA CRSP July 2025,2026-05-20T12:50:34.557157
Landrover,Range Rover T/C 5 Door Lwb 350Ps First Edition,,Aut,AWD,2996.0,S/Wagon,,5,Diesel,53545055.44488751,KRA CRSP July 2025,2026-05-20T12:50:34.557157
Landrover,Range Rover T/C Mhev 5 Door 360Ps Autobiography,,Aut,AWD,2996.0,S/Wagon,,5,Petrol,44820124.21485001,KRA CRSP July 2025,2026-05-20T12:50:34.557157
Landrover,Range Rover T/C Mhev 5 Door Lwb  360Ps Autobiography,,Aut,AWD,2996.0,S/Wagon,,5,Petrol,46806070.52655001,KRA CRSP July 2025,2026-05-20T12:50:34.557157
Landrover,Range Rover T/C Mhev 5 Door Lwb 360Ps Autobiography 7 Seats,,Aut,AWD,2996.0,S/Wagon,,7,Petrol,46481672.92185001,KRA CRSP July 2025,2026-05-20T12:50:34.557157
Landrover,Range Rover T/C Mhev 5 Door Lwb 360Ps Hse 7 Seats,,Aut,AWD,2996.0,S/Wagon,,7,Petrol,39920990.032800004,KRA CRSP July 2025,2026-05-20T12:50:34.557157
Landrover,Range Rover Velar  T/C  5 Door 300Ps R-Dynamic Hse,,Aut,AWD,2996.0,S/Wagon,,5,Diesel,27156101.5162125,KRA CRSP July 2025,2026-05-20T12:50:34.557157
Landrover,Range Rover Velar  T/C  5 Door 300Ps R-Dynamic Le,,Aut,AWD,2996.0,S/Wagon,,5,Diesel,26011808.745975006,KRA CRSP July 2025,2026-05-20T12:50:34.557157
Landrover,Range Rover Velar  T/C  5 Door 300Ps R-Dynamic S,,Aut,AWD,2996.0,S/Wagon,,5,Diesel,24689492.899987504,KRA CRSP July 2025,2026-05-20T12:50:34.557157
Landrover,Range Rover Velar  T/C  5 Door 300Ps S,,Aut,AWD,2996.0,S/Wagon,,5,Diesel,22122663.885562498,KRA CRSP July 2025,2026-05-20T12:50:34.557157
Landrover,Range Rover Velar  T/C  5 Door 340Ps S,,Aut,AWD,2996.0,S/Wagon,,5,Petrol,20507649.7005,KRA CRSP July 2025,2026-05-20T12:50:34.557157
Landrover,Range Rover Velar  T/C  Mhev 5 Door 340Ps R-Dynamic Le,,Aut,AWD,2996.0,S/Wagon,,5,Petrol,23903782.2225,KRA CRSP July 2025,2026-05-20T12:50:34.557157
Landrover,Range Rover Velar  T/C  Mhev 5 Door 340Ps R-Dynamic S,,Aut,AWD,2996.0,S/Wagon,,5,Petrol,22682878.6671,KRA CRSP July 2025,2026-05-20T12:50:34.557157
Landrover,Range Rover Velar  T/C  Mhev Awd  5 Door 340Ps S,,Aut,AWD,2996.0,S/Wagon,,5,Petrol,20318671.358550005,KRA CRSP July 2025,2026-05-20T12:50:34.557157
Landrover,Range Rover Velar  T/C Mhev   5 Door 340Ps R-Dynamic Hse,,Aut,AWD,2996.0,S/Wagon,,5,Petrol,23762581.0137,KRA CRSP July 2025,2026-05-20T12:50:34.557157
Landrover,Range Rover Velar T/C  5 Door 300Ps R-Dynamic Limited Edition,,Aut,AWD,2996.0,S/Wagon,,5,Diesel,24191687.632612504,KRA CRSP July 2025,2026-05-20T12:50:34.557157
Landrover,Range Rover Velar T/C  5 Door 340Ps Limited Edition,,Aut,AWD,2996.0,S/Wagon,,5,Petrol,23289374.376450002,KRA CRSP July 2025,2026-05-20T12:50:34.557157
Landrover,Range Rover Velar T/C  Mhev 5 340Ps R-Dynamic Hse,,Aut,AWD,2996.0,S/Wagon,,5,Petrol,24960052.471950002,KRA CRSP July 2025,2026-05-20T12:50:34.557157
Landrover,Range Rover Velar T/C  Mhev Awd 5 Door 340Ps R-Dynamic Se,,Aut,AWD,2996.0,S/Wagon,,5,Petrol,22171024.285200007,KRA CRSP July 2025,2026-05-20T12:50:34.557157
Landrover,Range Rover Velar T/C 5 Door 300Ps R-Dynamic Hse,,Aut,AWD,2996.0,S/Wagon,,5,Diesel,25840379.117475003,KRA CRSP July 2025,2026-05-20T12:50:34.557157
Landrover,Range Rover Velar T/C 5 Door 300Ps R-Dynamic Se,,Aut,AWD,2996.0,S/Wagon,,5,Diesel,25374222.396900002,KRA CRSP July 2025,2026-05-20T12:50:34.557157
Landrover,Range Rover Velar T/C 5 Door 300Ps S,,Aut,AWD,2996.0,S/Wagon,,5,Diesel,22327390.422675006,KRA CRSP July 2025,2026-05-20T12:50:34.557157
Landrover,Range Rover Velar T/C 5 Door 340Ps R-Dynamic Hse,,Aut,AWD,2996.0,S/Wagon,,5,Petrol,23750408.495700005,KRA CRSP July 2025,2026-05-20T12:50:34.557157
Landrover,Range Rover Velar T/C 5 Door 340Ps R-Dynamic Se,,Aut,AWD,2996.0,S/Wagon,,5,Petrol,22360002.627150007,KRA CRSP July 2025,2026-05-20T12:50:34.557157
Landrover,Range Rover Velar T/C Diesel Awd 5 Door 300Ps Limited Edition,,Aut,AWD,2996.0,S/Wagon,,5,Diesel,25340595.815925002,KRA CRSP July 2025,2026-05-20T12:50:34.557157
Landrover,Range Rover Velar T/C Mhev 5 Door  340Ps R-Dynamic Limited Edition,,Aut,AWD,2996.0,S/Wagon,,5,Petrol,22228843.745700005,KRA CRSP July 2025,2026-05-20T12:50:34.557157
Landrover,Range Rover Velar T/C Mhev 5 Door 340Ps R-Dynamic Se,,Aut,AWD,2996.0,S/Wagon,,5,Petrol,23315240.977200005,KRA CRSP July 2025,2026-05-20T12:50:34.557157
Landrover,Discovery First Edition,,Aut,4WD,3000.0,S/Wagon,,,Diesel,24379271.206875,KRA CRSP July 2025,2026-05-20T12:50:34.557157
Landrover,Discovery Hse,,Aut,4WD,3000.0,S/Wagon,,,Diesel,18774841.044375002,KRA CRSP July 2025,2026-05-20T12:50:34.557157
Landrover,Discovery Hse Luxury,,Aut,4WD,3000.0,S/Wagon,,,Diesel,21082547.581875004,KRA CRSP July 2025,2026-05-20T12:50:34.557157
Landrover,Discovery Se,,Aut,4WD,3000.0,S/Wagon,,,Diesel,16480321.401375003,KRA CRSP July 2025,2026-05-20T12:50:34.557157
Landrover,Range Rover  Defender 110  Hse,,Aut,AWD,3000.0,S/Wagon,,,Petrol,20799790.1325,KRA CRSP July 2025,2026-05-20T12:50:34.557157
Landrover,Range Rover  Defender 110 First Edition,,Aut,AWD,3000.0,S/Wagon,,,Petrol,19978145.1675,KRA CRSP July 2025,2026-05-20T12:50:34.557157
Landrover,Range Rover  Defender 110 Se,,Aut,AWD,3000.0,S/Wagon,,,Petrol,19080421.965000004,KRA CRSP July 2025,2026-05-20T12:50:34.557157
Landrover,Range Rover  Defender 110 X,,Aut,AWD,3000.0,S/Wagon,,,Petrol,25257974.85000001,KRA CRSP July 2025,2026-05-20T12:50:34.557157
Landrover,Range Rover  Defender 110 X-Dynamic  Hse,,Aut,AWD,3000.0,S/Wagon,,,Petrol,21788807.22,KRA CRSP July 2025,2026-05-20T12:50:34.557157
Landrover,Range Rover  Defender 110 X-Dynamic  Se,,Aut,AWD,3000.0,S/Wagon,,,Petrol,19932498.225,KRA CRSP July 2025,2026-05-20T12:50:34.557157
Landrover,Range Rover  Defender 90 X,,Aut,AWD,3000.0,S/Wagon,,,Petrol,24497192.475,KRA CRSP July 2025,2026-05-20T12:50:34.557157
Landrover,Range Rover  Defender 90 X-Dynamic S,,Aut,AWD,3000.0,S/Wagon,,,Petrol,17589288.51,KRA CRSP July 2025,2026-05-20T12:50:34.557157
Landrover,Range Rover  Sport Hse,,Aut,FWD,3000.0,S/Wagon,,,Diesel,24725427.1875,KRA CRSP July 2025,2026-05-20T12:50:34.557157
Landrover,Range Rover  Sport Hse Silver Edition,,Aut,FWD,3000.0,S/Wagon,,,Diesel,26208952.818749998,KRA CRSP July 2025,2026-05-20T12:50:34.557157
Landrover,Range Rover  Sport Mhev Hse,,Aut,FWD,3000.0,S/Wagon,,,Petrol,22595236.5375,KRA CRSP July 2025,2026-05-20T12:50:34.557157
Landrover,Range Rover  Sport Mhev Hse Silver Edition,,Aut,FWD,3000.0,S/Wagon,,,Petrol,23888566.575000003,KRA CRSP July 2025,2026-05-20T12:50:34.557157
Landrover,Range Rover  Sport Mhev Hst,,Aut,FWD,3000.0,S/Wagon,,,Petrol,25562287.80000001,KRA CRSP July 2025,2026-05-20T12:50:34.557157
Landrover,Range Rover  Sport Mhev Se,,Aut,FWD,3000.0,S/Wagon,,,Petrol,21149750.025,KRA CRSP July 2025,2026-05-20T12:50:34.557157
Landrover,Range Rover  Sport Se,,Aut,FWD,3000.0,S/Wagon,,,Diesel,22912229.19375,KRA CRSP July 2025,2026-05-20T12:50:34.557157
Landrover,Range Rover  Sport Super. Hse,,Aut,FWD,3000.0,S/Wagon,,,Diesel,24062785.738875,KRA CRSP July 2025,2026-05-20T12:50:34.557157
Landrover,Range Rover  Sport Super. Hse Dynamic,,Aut,FWD,3000.0,S/Wagon,,,Diesel,27346322.469375007,KRA CRSP July 2025,2026-05-20T12:50:34.557157
Landrover,Range Rover  Sport Super. Se,,Aut,FWD,3000.0,S/Wagon,,,Diesel,22252884.46875,KRA CRSP July 2025,2026-05-20T12:50:34.557157
Landrover,Range Rover Super. Hse Swb,,Aut,FWD,3000.0,S/Wagon,,,Diesel,31302390.81937501,KRA CRSP July 2025,2026-05-20T12:50:34.557157
Landrover,Range Rover Super. Swb,,Aut,FWD,3000.0,S/Wagon,,,Diesel,29505676.443750005,KRA CRSP July 2025,2026-05-20T12:50:34.557157
Landrover,Range Rover Supercharged,,Aut,4WD,3000.0,S/Wagon,,,Diesel,28236437.848125007,KRA CRSP July 2025,2026-05-20T12:50:34.557157
Landrover,Range Rover Supercharged Hse,,Aut,4WD,3000.0,S/Wagon,,,Diesel,30544144.38562501,KRA CRSP July 2025,2026-05-20T12:50:34.557157
Landrover,Range Rover Swb,,Aut,FWD,3000.0,S/Wagon,,,Diesel,30165021.168750007,KRA CRSP July 2025,2026-05-20T12:50:34.557157
Landrover,Range Rover Turbocharged Td6,,Aut,4WD,3000.0,S/Wagon,,,Diesel,28895782.573125005,KRA CRSP July 2025,2026-05-20T12:50:34.557157
Landrover,Range Rover Turbocharged Td6 Hse,,Aut,4WD,3000.0,S/Wagon,,,Diesel,31203489.110625006,KRA CRSP July 2025,2026-05-20T12:50:34.557157
Landrover,Range Rover  T/C 339Ps 5 Door Autobiography,,Aut,AWD,4367.0,S/Wagon,,4,Diesel,47038971.370950006,KRA CRSP July 2025,2026-05-20T12:50:34.557157
Landrover,Range Rover  T/C 339Ps 5 Door Vogue Se,,Aut,AWD,4367.0,S/Wagon,,5,Diesel,39467386.2214125,KRA CRSP July 2025,2026-05-20T12:50:34.557157
Landrover,Range Rover  T/C  5 Door  530Ps First Edition,,Aut,AWD,4395.0,S/Wagon,,5,Petrol,52300212.60408751,KRA CRSP July 2025,2026-05-20T12:50:34.557157
Landrover,Range Rover  T/C  5 Door 530Ps Autobiography,,Aut,AWD,4395.0,S/Wagon,,5,Petrol,50228551.478137515,KRA CRSP July 2025,2026-05-20T12:50:34.557157
Landrover,Range Rover  T/C  5 Door Lwb 530Ps Autobigraphy 7 Seats,,Aut,AWD,4395.0,S/Wagon,,7,Petrol,51261085.3174875,KRA CRSP July 2025,2026-05-20T12:50:34.557157
Landrover,Range Rover  T/C  5 Door Lwb 530Ps Hse,,Aut,AWD,4395.0,S/Wagon,,5,Petrol,46815453.509175,KRA CRSP July 2025,2026-05-20T12:50:34.557157
Landrover,Range Rover  T/C 339Ps 5 Door  Vogue Se,,Aut,AWD,4395.0,S/Wagon,,5,Diesel,39262659.684300005,KRA CRSP July 2025,2026-05-20T12:50:34.557157
Landrover,Range Rover  T/C 339Ps 5 Door Lwb Svautobiography,,Aut,AWD,4395.0,S/Wagon,,4,Diesel,66704257.46643751,KRA CRSP July 2025,2026-05-20T12:50:34.557157
Landrover,Range Rover  T/C 339Ps 5 Door Svautobiography,,Aut,AWD,4395.0,S/Wagon,,4,Diesel,66908984.00355,KRA CRSP July 2025,2026-05-20T12:50:34.557157
Landrover,Range Rover  T/C 5 Door 530Ps Sv,,Aut,AWD,4395.0,S/Wagon,,5,Petrol,60136194.988350004,KRA CRSP July 2025,2026-05-20T12:50:34.557157
Landrover,Range Rover  T/C 5 Door Auto 530Ps First Edition,,Aut,AWD,4395.0,S/Wagon,,5,Petrol,49669427.151337504,KRA CRSP July 2025,2026-05-20T12:50:34.557157
Landrover,Range Rover  T/C 5 Door Lwb 530Ps Autobiography,,Aut,AWD,4395.0,S/Wagon,,5,Petrol,51612516.05591251,KRA CRSP July 2025,2026-05-20T12:50:34.557157
Landrover,Range Rover Sport  T/C  5 Door 530Ps First Edition,,Aut,AWD,4395.0,S/Wagon,,5,Petrol,42896638.13613751,KRA CRSP July 2025,2026-05-20T12:50:34.557157
Landrover,Range Rover Sport  T/C 5 Door 530Ps Autobiography,,Aut,AWD,4395.0,S/Wagon,,5,Petrol,42540921.657000005,KRA CRSP July 2025,2026-05-20T12:50:34.557157
Landrover,Range Rover Sport  T/C 5 Door 530Ps Dynamic Hse,,Aut,AWD,4395.0,S/Wagon,,5,Petrol,41126297.549512506,KRA CRSP July 2025,2026-05-20T12:50:34.557157
Landrover,Range Rover T/C  5 Door  530Ps Autobiography,,Aut,AWD,4395.0,S/Wagon,,4,Petrol,47697656.751225,KRA CRSP July 2025,2026-05-20T12:50:34.557157
Landrover,Range Rover T/C  5 Door 530Ps Hse,,Aut,AWD,4395.0,S/Wagon,,5,Petrol,43525653.0037875,KRA CRSP July 2025,2026-05-20T12:50:34.557157
Landrover,Range Rover T/C  5 Door Lwb  530Ps Hse 7 Seats,,Aut,AWD,4395.0,S/Wagon,,7,Petrol,47279961.867937505,KRA CRSP July 2025,2026-05-20T12:50:34.557157
Landrover,Range Rover T/C  5 Door Lwb 530Ps Sv,,Aut,AWD,4395.0,S/Wagon,,5,Petrol,67653713.8704375,KRA CRSP July 2025,2026-05-20T12:50:34.557157
Landrover,Range Rover T/C  Awd 5 Door Lwb  530Ps First Edition,,Aut,AWD,4395.0,S/Wagon,,5,Petrol,50986797.91188751,KRA CRSP July 2025,2026-05-20T12:50:34.557157
Landrover,Range Rover T/C  Awd 5 Door Lwb 530Ps Hse 7 Seats,,Aut,AWD,4395.0,S/Wagon,,7,Petrol,44890496.584537506,KRA CRSP July 2025,2026-05-20T12:50:34.557157
Landrover,Range Rover T/C 339Ps 5 Door  Autobiography,,Aut,AWD,4395.0,S/Wagon,,4,Diesel,46834244.83383751,KRA CRSP July 2025,2026-05-20T12:50:34.557157
Landrover,Range Rover T/C 339Ps 5 Door Autobiography,,Aut,AWD,4395.0,S/Wagon,,4,Diesel,49086896.08680001,KRA CRSP July 2025,2026-05-20T12:50:34.557157
Landrover,Range Rover T/C 339Ps 5 Door Lwb Autobiography,,Aut,AWD,4395.0,S/Wagon,,4,Diesel,48882169.549687505,KRA CRSP July 2025,2026-05-20T12:50:34.557157
Landrover,Range Rover T/C 339Ps 5 Door Lwb Vogue Se,,Aut,AWD,4395.0,S/Wagon,,5,Diesel,40917944.616412506,KRA CRSP July 2025,2026-05-20T12:50:34.557157
Landrover,Range Rover T/C 339Ps 5 Door Vogue Se,,Aut,AWD,4395.0,S/Wagon,,5,Diesel,41122671.15352501,KRA CRSP July 2025,2026-05-20T12:50:34.557157
Landrover,Range Rover T/C 5 Door 530Ps Hse,,Aut,AWD,4395.0,S/Wagon,,5,Petrol,45845557.41870001,KRA CRSP July 2025,2026-05-20T12:50:34.557157
Landrover,Range Rover T/C 5 Door Lwb 530Ps Autobiography,,Aut,AWD,4395.0,S/Wagon,,4,Petrol,49014697.8394125,KRA CRSP July 2025,2026-05-20T12:50:34.557157
Landrover,Range Rover T/C 5 Door Lwb 530Ps First Edition,,Aut,AWD,4395.0,S/Wagon,,5,Petrol,53684177.1818625,KRA CRSP July 2025,2026-05-20T12:50:34.557157
Landrover,Range Rover  Aut.Biography Lwb,,Aut,FWD,5000.0,S/Wagon,,,Diesel,49780526.7375,KRA CRSP July 2025,2026-05-20T12:50:34.557157
Landrover,Range Rover  S/C  5 Door 525Ps Fifty,,Aut,AWD,5000.0,S/Wagon,,5,Petrol,49457048.91869139,KRA CRSP July 2025,2026-05-20T12:50:34.557157
Landrover,Range Rover  S/C  5 Door 525Ps Westminster Black,,Aut,AWD,5000.0,S/Wagon,,5,Petrol,39714442.68987001,KRA CRSP July 2025,2026-05-20T12:50:34.557157
Landrover,Range Rover  S/C 5 Door 525Ps Westminster,,Aut,AWD,5000.0,S/Wagon,,5,Petrol,38778173.18037,KRA CRSP July 2025,2026-05-20T12:50:34.557157
Landrover,Range Rover  S/C 525Ps  5 Door  Vogue Se,,Aut,AWD,5000.0,S/Wagon,,5,Petrol,39394858.301662505,KRA CRSP July 2025,2026-05-20T12:50:34.557157
Landrover,Range Rover  S/C 525Ps  5 Door Lwb  Vogue Se,,Aut,AWD,5000.0,S/Wagon,,5,Petrol,41050472.9061375,KRA CRSP July 2025,2026-05-20T12:50:34.557157
Landrover,Range Rover  Sport Super. Auto. Bio,,Aut,FWD,5000.0,S/Wagon,,,Diesel,32472727.70625001,KRA CRSP July 2025,2026-05-20T12:50:34.557157
Landrover,Range Rover  Sport Super. Auto.Bio.,,Aut,FWD,5000.0,S/Wagon,,,Diesel,32143055.343750007,KRA CRSP July 2025,2026-05-20T12:50:34.557157
Landrover,Range Rover  Sport Super. Dynamic,,Aut,FWD,5000.0,S/Wagon,,,Diesel,28516659.356250003,KRA CRSP July 2025,2026-05-20T12:50:34.557157
Landrover,Range Rover  Sport Super. Hse Dynamic,,Aut,FWD,5000.0,S/Wagon,,,Diesel,28846331.718750004,KRA CRSP July 2025,2026-05-20T12:50:34.557157
Landrover,Range Rover  Sport Super. Svr,,Aut,FWD,5000.0,S/Wagon,,,Diesel,38077157.868750006,KRA CRSP July 2025,2026-05-20T12:50:34.557157
Landrover,Range Rover  Sport Super. Svr,,Aut,FWD,5000.0,S/Wagon,,,Diesel,37747485.50625001,KRA CRSP July 2025,2026-05-20T12:50:34.557157
Landrover,Range Rover  Sport Super. Svr Carbon Edition,,Aut,FWD,5000.0,S/Wagon,,,Diesel,42857407.125,KRA CRSP July 2025,2026-05-20T12:50:34.557157
Landrover,Range Rover Aut.Bio Swb,,Aut,FWD,5000.0,S/Wagon,,,Diesel,47637656.38125001,KRA CRSP July 2025,2026-05-20T12:50:34.557157
Landrover,Range Rover Fifty   Lwb,,Aut,FWD,5000.0,S/Wagon,,,Diesel,51099216.1875,KRA CRSP July 2025,2026-05-20T12:50:34.557157
Landrover,Range Rover Fifty   Swb,,Aut,FWD,5000.0,S/Wagon,,,Diesel,48956345.83125,KRA CRSP July 2025,2026-05-20T12:50:34.557157
Landrover,Range Rover Hse Swb,,Aut,FWD,5000.0,S/Wagon,,,Diesel,31697997.654375006,KRA CRSP July 2025,2026-05-20T12:50:34.557157
Landrover,Range Rover P525 Hse Lwb,,Aut,FWD,5000.0,S/Wagon,,,Diesel,38505731.940000005,KRA CRSP July 2025,2026-05-20T12:50:34.557157
Landrover,Range Rover P525 Hse Swb,,Aut,FWD,5000.0,S/Wagon,,,Diesel,34928786.806875005,KRA CRSP July 2025,2026-05-20T12:50:34.557157
Landrover,Range Rover P525 Westminster Lwb,,Aut,FWD,5000.0,S/Wagon,,,Diesel,38736502.59375001,KRA CRSP July 2025,2026-05-20T12:50:34.557157
Landrover,Range Rover P525 Westminster Swb,,Aut,FWD,5000.0,S/Wagon,,,Diesel,37417813.143750004,KRA CRSP July 2025,2026-05-20T12:50:34.557157
Landrover,Range Rover S/C 5 Door  525Ps Westminster,,Aut,AWD,5000.0,S/Wagon,,5,Petrol,38982899.7174825,KRA CRSP July 2025,2026-05-20T12:50:34.557157
Landrover,Range Rover S/C 5 Door 525Ps Fifty,,Aut,AWD,5000.0,S/Wagon,,5,Petrol,49661775.455803886,KRA CRSP July 2025,2026-05-20T12:50:34.557157
Landrover,Range Rover S/C 5 Door 525Ps Westminster Black,,Aut,AWD,5000.0,S/Wagon,,5,Petrol,39919169.226982504,KRA CRSP July 2025,2026-05-20T12:50:34.557157
Landrover,Range Rover S/C 525Ps   5 Door  Vogue Se,,Aut,AWD,5000.0,S/Wagon,,5,Petrol,39599584.83877501,KRA CRSP July 2025,2026-05-20T12:50:34.557157
Landrover,Range Rover S/C 525Ps  5 Door Autobiography,,Aut,AWD,5000.0,S/Wagon,,4,Petrol,46966773.1235625,KRA CRSP July 2025,2026-05-20T12:50:34.557157
Landrover,Range Rover S/C 525Ps  5 Door Lwb Autobiography,,Aut,AWD,5000.0,S/Wagon,,4,Petrol,49014697.8394125,KRA CRSP July 2025,2026-05-20T12:50:34.557157
Landrover,Range Rover S/C 525Ps 5 Door Autobiography,,Aut,AWD,5000.0,S/Wagon,,4,Petrol,47171499.660675004,KRA CRSP July 2025,2026-05-20T12:50:34.557157
Landrover,Range Rover S/C 525Ps 5 Door Vogue Se,,Aut,AWD,5000.0,S/Wagon,,5,Petrol,41255199.44325001,KRA CRSP July 2025,2026-05-20T12:50:34.557157
Landrover,Range Rover S/C 565Ps  5 Door Dynamic Svautobiography,,Aut,AWD,5000.0,S/Wagon,,4,Petrol,57928049.50432501,KRA CRSP July 2025,2026-05-20T12:50:34.557157
Landrover,Range Rover S/C 565Ps  5 Door Svautobiography Dynamic,,Aut,AWD,5000.0,S/Wagon,,4,Petrol,59383932.10797937,KRA CRSP July 2025,2026-05-20T12:50:34.557157
Landrover,Range Rover S/C 565Ps 5 Door Svautobiography,,Aut,AWD,5000.0,S/Wagon,,4,Petrol,68697126.89775002,KRA CRSP July 2025,2026-05-20T12:50:34.557157
Landrover,Range Rover S/C 565Ps 5 Door Svautobiography Dynamic Black,,Aut,AWD,5000.0,S/Wagon,,4,Petrol,59588658.645091884,KRA CRSP July 2025,2026-05-20T12:50:34.557157
Landrover,Range Rover Sport  S/C 525Ps  5 Door Auto Hse Dynamic Black,,Aut,AWD,5000.0,S/Wagon,,5,Petrol,31710320.807285257,KRA CRSP July 2025,2026-05-20T12:50:34.557157
Landrover,Range Rover Sport  S/C 525Ps  5 Door Autobiography Dynamic,,Aut,AWD,5000.0,S/Wagon,,5,Petrol,35124048.45046013,KRA CRSP July 2025,2026-05-20T12:50:34.557157
Landrover,Range Rover Sport  S/C 575Ps  5 Door Auto Svr,,Aut,AWD,5000.0,S/Wagon,,5,Petrol,41037661.83813076,KRA CRSP July 2025,2026-05-20T12:50:34.557157
Landrover,Range Rover Sport S/C 525Ps  5 Door Dynamic Hse,,Aut,AWD,5000.0,S/Wagon,,5,Petrol,30903833.41673063,KRA CRSP July 2025,2026-05-20T12:50:34.557157
Landrover,Range Rover Sport S/C 525Ps  5 Door Hse Dynamic Black,,Aut,AWD,5000.0,S/Wagon,,5,Petrol,31915047.344397757,KRA CRSP July 2025,2026-05-20T12:50:34.557157
Landrover,Range Rover Sport S/C 525Ps 5 Door Autobiography Dynamic,,Aut,AWD,5000.0,S/Wagon,,5,Petrol,35328774.987572625,KRA CRSP July 2025,2026-05-20T12:50:34.557157
Landrover,Range Rover Sport S/C 525Ps 5 Door Dynamic Hse,,Aut,AWD,5000.0,S/Wagon,,5,Petrol,31108559.953843128,KRA CRSP July 2025,2026-05-20T12:50:34.557157
Landrover,Range Rover Sport S/C 575Ps  5 Door Svr,,Aut,AWD,5000.0,S/Wagon,,5,Petrol,41242388.375243254,KRA CRSP July 2025,2026-05-20T12:50:34.557157
Landrover,Range Rover Sport S/C 575Ps  5 Door Svr Carbon Edition,,Aut,AWD,5000.0,S/Wagon,,5,Petrol,45455617.65161138,KRA CRSP July 2025,2026-05-20T12:50:34.557157
Landrover,Range Rover Sport S/C 575Ps 5 Door Svr Carbon Edition,,Aut,AWD,5000.0,S/Wagon,,5,Diesel,45660344.18872388,KRA CRSP July 2025,2026-05-20T12:50:34.557157
Landrover,Range Rover Super. Auto.Bio. Lwb,,Aut,FWD,5000.0,S/Wagon,,,Diesel,47143147.837500006,KRA CRSP July 2025,2026-05-20T12:50:34.557157
Landrover,Range Rover Super. Auto.Bio. Swb,,Aut,FWD,5000.0,S/Wagon,,,Diesel,49286018.19375,KRA CRSP July 2025,2026-05-20T12:50:34.557157
Landrover,Range Rover Supercharged,,Aut,4WD,5000.0,S/Wagon,,,Diesel,34251310.10193751,KRA CRSP July 2025,2026-05-20T12:50:34.557157
Landrover,Range Rover Supercharged Autobiography,,Aut,4WD,5000.0,S/Wagon,,,Diesel,46482154.750687495,KRA CRSP July 2025,2026-05-20T12:50:34.557157
Landrover,Range Rover Supercharged Autobiography Lwb,,Aut,4WD,5000.0,S/Wagon,,,Diesel,48130516.5631875,KRA CRSP July 2025,2026-05-20T12:50:34.557157
Landrover,Range Rover Supercharged Autobiography Sv Dynamic,,Aut,4WD,5000.0,S/Wagon,,,Diesel,56372325.62568751,KRA CRSP July 2025,2026-05-20T12:50:34.557157
Landrover,Range Rover  S/C 565Ps  5 Door Lwb Svautobiography,,Aut,AWD,5000.0,S/Wagon,,4,Petrol,68492400.36063752,KRA CRSP July 2025,2026-05-20T12:50:34.557157
Landrover,Range Rover Supercharged Autobiography Sv Lwb,,Aut,4WD,5000.0,S/Wagon,,,Diesel,65917988.881875016,KRA CRSP July 2025,2026-05-20T12:50:34.557157
Landrover,Range Rover Supercharged Lwb,,Aut,FWD,5000.0,S/Wagon,,,Diesel,36247476.25687501,KRA CRSP July 2025,2026-05-20T12:50:34.557157
Landrover,Range Rover Sv  Auto.Bio. Dynamic Swb,,Aut,FWD,5000.0,S/Wagon,,,Diesel,59176189.06875001,KRA CRSP July 2025,2026-05-20T12:50:34.557157
Landrover,Range Rover Sv Auto.Bio. Lwb,,Aut,FWD,5000.0,S/Wagon,,,Diesel,69560868.48750001,KRA CRSP July 2025,2026-05-20T12:50:34.557157
Landrover,Range Rover Swb,,Aut,FWD,5000.0,S/Wagon,,,Diesel,30329857.35000001,KRA CRSP July 2025,2026-05-20T12:50:34.557157
Landrover,Range Rover Td6 Diesel Hse Swb,,Aut,FWD,5000.0,S/Wagon,,,Diesel,31961735.544375002,KRA CRSP July 2025,2026-05-20T12:50:34.557157
Landrover,Range Rover Td6 Diesel Swb,,Aut,FWD,5000.0,S/Wagon,,,Diesel,30230955.641250007,KRA CRSP July 2025,2026-05-20T12:50:34.557157
Lexus,Ct200H,DAA-ZWA10-AHXBB(L),Cvt,2WD,1797.0,Hatchback,1715,5,Gasoline,7714059.488443124,KRA CRSP July 2025,2026-05-20T12:50:34.557157
Lexus,Ct200H Version L,DAA-ZWA10-AHXBB(L),Cvt,2WD,1797.0,Hatchback,1715,5,Gasoline,7714059.488443124,KRA CRSP July 2025,2026-05-20T12:50:34.557157
Lexus,Ct200H Version L,6AA-ZWA10-AHXBB(L),Cvt,2WD,1797.0,Hatchback,1715,5,Gasoline,7750049.503044374,KRA CRSP July 2025,2026-05-20T12:50:34.557157
Lexus,Es300H,6AA-AXZH10-AEXGB,Cvt,2WD,2487.0,Sedan,1955,5,Gasoline,9379777.478118747,KRA CRSP July 2025,2026-05-20T12:50:34.557157
Lexus,Es300H,6AA-AXZH11-AEXGB,8At,2WD,2487.0,Sedan,1945,5,Gasoline,9510919.390490625,KRA CRSP July 2025,2026-05-20T12:50:34.557157
Lexus,Es300H,6AA-AXZH11-AEXGB,Cvt,4WD,2487.0,Sedan,1945,5,Gasoline,10514407.8375,KRA CRSP July 2025,2026-05-20T12:50:34.557157
Lexus,Es300H Es300H F Sport,6AA-AXZH11-AEXGB(F),Cvt,2WD,2487.0,Sedan,1985,5,Gasoline,11422629.112499999,KRA CRSP July 2025,2026-05-20T12:50:34.557157
Lexus,Es300H F Sport,6AA-AXZH10-AEXGB(F),Cvt,2WD,2487.0,Sedan,1995,5,Gasoline,10172207.526873749,KRA CRSP July 2025,2026-05-20T12:50:34.557157
Lexus,Es300H F Sport,6AA-AXZH11-AEXGB(F),Cvt,4WD,2487.0,Sedan,1985,5,Gasoline,11422629.112499999,KRA CRSP July 2025,2026-05-20T12:50:34.557157
Lexus,Es300H F Sport,6AA-AXZH11-AEXGB(F),Cvt,2WD,2487.0,Sedan,1985,5,Gasoline,10303230.671848126,KRA CRSP July 2025,2026-05-20T12:50:34.557157
Lexus,Es300H Version L,6AA-AXH10-AEXGB(L),Cvt,2WD,2487.0,Sedan,2005,5,Gasoline,11288077.877188124,KRA CRSP July 2025,2026-05-20T12:50:34.557157
Lexus,Es300H Version L,6AA-AXZH11-AEXGB(L),Cvt,2WD,2487.0,Sedan,1995,5,Gasoline,11321009.631303746,KRA CRSP July 2025,2026-05-20T12:50:34.557157
Lexus,Gs F,DBA-URL10-FEZRH,At,2WD,4968.0,Sedan,2105,5,Gasoline,19421962.091094602,KRA CRSP July 2025,2026-05-20T12:50:34.557157
Lexus,Gs300 Version L,DBA-ARL10-BEZQT(L),8At,2WD,1998.0,Sedan,1965,5,Gasoline,10977574.489059374,KRA CRSP July 2025,2026-05-20T12:50:34.557157
Lexus,Gs300H Version L,DAA-AWL10-BEXQH(L),Cvt,2WD,2493.0,Sedan,2045,5,Gasoline,11596963.932815624,KRA CRSP July 2025,2026-05-20T12:50:34.557157
Lexus,Gs350 F Sport,DBA-GRL12-BEZQH(F),At,2WD,3456.0,Sedan,1965,5,Gasoline,13038214.964511825,KRA CRSP July 2025,2026-05-20T12:50:34.557157
Lexus,Gs350H F Sport,DBA-GRL12-BEZQH(F),8At,2WD,3456.0,Sedan,1965,5,Gasoline,13057426.98832095,KRA CRSP July 2025,2026-05-20T12:50:34.557157
Lexus,Gs450 Version L,DAA-GWL10-BEXQB(L),Cvt,2WD,3456.0,Sedan,2135,5,Gasoline,14732396.678809125,KRA CRSP July 2025,2026-05-20T12:50:34.557157
Lexus,Gs450H Version L,DAA-GWL10-BEXQB(L),Cvt,2WD,3456.0,Sedan,2135,5,Gasoline,14751608.702618252,KRA CRSP July 2025,2026-05-20T12:50:34.557157
Lexus,Hs250H,DAA-ANF10-AEXVB(L),Cvt,2WD,2352.0,Sedan,1915,5,Gasoline,9226143.116555622,KRA CRSP July 2025,2026-05-20T12:50:34.557157
Lexus,Is300,DBA-ASE30-AEZLZ(F),At,2WD,1998.0,Sedan,1905,5,Gasoline,8415925.903445624,KRA CRSP July 2025,2026-05-20T12:50:34.557157
Lexus,Is300 F Sport,DBA-ASE30-AEZLZ(F),10At,2WD,1998.0,Sedan,1905,5,Gasoline,8438565.065304374,KRA CRSP July 2025,2026-05-20T12:50:34.557157
Lexus,Is300 Version L,3BA-ASE30-BEZLZ(L),8At,2WD/4WD,1998.0,Sedan,1915,5,Gasoline,9710981.325,KRA CRSP July 2025,2026-05-20T12:50:34.557157
Lexus,Is300H,DAA-AV30-AEXLH(L),Cvt,2WD,2493.0,Sedan,1955,5,Gasoline,9360371.234683126,KRA CRSP July 2025,2026-05-20T12:50:34.557157
Lexus,Is300H,6AA-AVE30-BEXLH(L),Cvt,2WD,2493.0,Sedan,1965,5,Gasoline,10496942.04375,KRA CRSP July 2025,2026-05-20T12:50:34.557157
Lexus,Is300H Version L,6AA-AVE30-BEXLH(L),Cvt,4WD,2493.0,Sedan,1965,5,Gasoline,10496942.04375,KRA CRSP July 2025,2026-05-20T12:50:34.557157
Lexus,Is300H Version L,DAA-AVE30-AEXLH(L),Cvt,2WD,2493.0,Sedan,1965,5,Gasoline,9383012.14312125,KRA CRSP July 2025,2026-05-20T12:50:34.557157
Lexus,Is350,DBA-GSE31-AEZLH(L),At,2WD,3456.0,Sedan,1915,5,Gasoline,10841017.761445949,KRA CRSP July 2025,2026-05-20T12:50:34.557157
Lexus,Is350 F Sport,3BA-GSE31-BEZLH(F),Cvt,4WD,3456.0,Sedan,1935,5,Gasoline,12279850.269750003,KRA CRSP July 2025,2026-05-20T12:50:34.557157
Lexus,Is350 F Sport,3BA-GSE31-BEZLH(F),8At,2WD,3456.0,Sedan,1935,5,Gasoline,12279850.269750003,KRA CRSP July 2025,2026-05-20T12:50:34.557157
Lexus,Is350 Version L,DBA-GSE31-AEZLH(L),8At,2WD,3456.0,Sedan,1915,5,Gasoline,10902149.15738175,KRA CRSP July 2025,2026-05-20T12:50:34.557157
Lexus,Is500 F Sport,5BA-USE30-BEZLH,8At,4WD,4968.0,Sedan,1995,5,Gasoline,16033598.662500001,KRA CRSP July 2025,2026-05-20T12:50:34.557157
Lexus,Is500 F Sport Performance,5BA-USE30-BEZLH,Cvt,4WD,4968.0,Sedan,1995,5,Gasoline,16033598.662500001,KRA CRSP July 2025,2026-05-20T12:50:34.557157
Lexus,Lc300 L Package,5BA-URZ100-ACUBH(L),10At,4WD,4968.0,Sedan,2170,4,Gasoline,26408280.150000002,KRA CRSP July 2025,2026-05-20T12:50:34.557157
Lexus,Lc500 Convertible,5BA-URZ100-AKUBH,10At,4WD,4968.0,Convertible,2270,4,Gasoline,29237738.737500004,KRA CRSP July 2025,2026-05-20T12:50:34.557157
Lexus,Lc500 Convertible,5BA-URZ100-ACUBH,Cvt,2WD,4968.0,Convertible,2270,4,Gasoline,29237738.737500004,KRA CRSP July 2025,2026-05-20T12:50:34.557157
Lexus,Lc500 Convertible,5BA-UR100-AKUBH,8At,2WD,4968.0,Convertible,2270,4,Gasoline,25722351.481383897,KRA CRSP July 2025,2026-05-20T12:50:34.557157
Lexus,Lc500 L Package,5BA-URZ100-ACUBH(L),10At,4WD,4968.0,Coupe,2170,4,Gasoline,25785799.26075,KRA CRSP July 2025,2026-05-20T12:50:34.557157
Lexus,Lc500 L Package,DBA-URZ100-ACUBH(L),10At,2WD,4968.0,Coupe,2180,4,Gasoline,22743955.852755077,KRA CRSP July 2025,2026-05-20T12:50:34.557157
Lexus,Lc500H S Package,6AA-GWZ100-ACVBB(S),Cvt,2WD,3456.0,Coupe,2230,4,Gasoline,28917066.76425,KRA CRSP July 2025,2026-05-20T12:50:34.557157
Lexus,Lm500H Executive,5AA-TAWH15W-LNTXT,6At,4WD,2393.0,Minivan,2680,4,Gasoline,34931587.5,KRA CRSP July 2025,2026-05-20T12:50:34.557157
Lexus,Lm500H Version L,5AA-TAWH15WLPTVT,Cvt,AWD,2393.0,Minivan,2770,6,Gasoline,26198690.625,KRA CRSP July 2025,2026-05-20T12:50:34.557157
Lexus,Ls500 F Sport,3BA-VXFA50-AEUQT(F),10At,2WD,2487.0,Sedan,2445,5,Gasoline,21273336.787499998,KRA CRSP July 2025,2026-05-20T12:50:34.557157
Lexus,Ls500 I Package,6AA-GVF50-AEQH(I),Cvt,2WD,3456.0,Sedan,2495,5,Gasoline,20619036.226154026,KRA CRSP July 2025,2026-05-20T12:50:34.557157
Lexus,Ls500H,6AA-GVF50-AEVQH,Cvt,2WD,3456.0,Sedan,2485,5,Gasoline,19586712.0331161,KRA CRSP July 2025,2026-05-20T12:50:34.557157
Lexus,Ls500H,DAA-GVF50-AEVHQ,Cvt,2WD,3456.0,Sedan,2485,5,Gasoline,19561688.30136825,KRA CRSP July 2025,2026-05-20T12:50:34.557157
Lexus,Ls500H Executive,6AA-GVF50-AEVQH(E),Cvt,4WD,3456.0,Sedan,2565,5,Gasoline,31878566.752499998,KRA CRSP July 2025,2026-05-20T12:50:34.557157
Lexus,Ls500H Executive,6AA-GVF50-AEVQH(E),Cvt,2WD,3456.0,Sedan,2595,5,Gasoline,28652983.962750003,KRA CRSP July 2025,2026-05-20T12:50:34.557157
Lexus,Ls500H Executive,DAA-GVF50-AEVQH€,Cvt,2WD,3456.0,Sedan,2595,5,Gasoline,28643901.400684126,KRA CRSP July 2025,2026-05-20T12:50:34.557157
Lexus,Ls500H Executive Advanced Drive,6AA-GVF-AEVQH(X),Cvt,AWD,3456.0,Sedan,2675,5,Gasoline,33934639.992750004,KRA CRSP July 2025,2026-05-20T12:50:34.557157
Lexus,Ls500H Executive Advanced Drive,6AA-GVF50-AEVQH(E),Cvt,4WD,3456.0,Sedan,2555,5,Gasoline,32255827.897499997,KRA CRSP July 2025,2026-05-20T12:50:34.557157
Lexus,Ls500H Executive Advanced Drive,6AA-GVF50-AEVQH(E),Cvt,2WD,3456.0,Sedan,2555,5,Gasoline,32255827.897499997,KRA CRSP July 2025,2026-05-20T12:50:34.557157
Lexus,Ls500H Executive Advanced Drive,6AA-GVF55-AEVQH(X),Cvt,AWD,3456.0,Sedan,2675,5,Gasoline,33934639.992750004,KRA CRSP July 2025,2026-05-20T12:50:34.557157
Lexus,Ls500H F Sport,6AA-GVF50-AEVQH(F),Cvt,4WD,3456.0,Sedan,2505,5,Gasoline,25729210.088999998,KRA CRSP July 2025,2026-05-20T12:50:34.557157
Lexus,Ls500H F Sport,6AA-GVF50-AEVQH(F),Cvt,2WD,3456.0,Sedan,2505,5,Gasoline,25729210.088999998,KRA CRSP July 2025,2026-05-20T12:50:34.557157
Lexus,Ls500H I Package,6AA-GVF50-AEVQH(I),Cvt,4WD,3456.0,Sedan,2475,5,Gasoline,26803088.325000003,KRA CRSP July 2025,2026-05-20T12:50:34.557157
Lexus,Ls500H I Package,6AA-GVF50-AEVQH(I),Cvt,2WD,3444.0,Sedan,2465,5,Gasoline,23390190.990000002,KRA CRSP July 2025,2026-05-20T12:50:34.557157
Lexus,Ls500H I Package,DAA-GVF50-AEVHQ(I),Cvt,2WD,3456.0,Sedan,2495,5,Gasoline,23964693.9124725,KRA CRSP July 2025,2026-05-20T12:50:34.557157
Lexus,Ls500H Version L,6AA-GVF50-AEVQH(L),Cvt,4WD,3456.0,Sedan,2545,5,Gasoline,28766162.306250006,KRA CRSP July 2025,2026-05-20T12:50:34.557157
Lexus,Ls500H Version L,6AA-GVF50-AEVQH(L),Cvt,2WD,3456.0,Sedan,2575,5,Gasoline,25509712.0096161,KRA CRSP July 2025,2026-05-20T12:50:34.557157
Lexus,Ls500H Version L,DAA-GVF50-AEVQH (L),Cvt,2WD,3456.0,Sedan,2575,5,Gasoline,25500059.783221275,KRA CRSP July 2025,2026-05-20T12:50:34.557157
Lexus,Lx570,DBA-URJ201W-GNZGK,8At,4WD,5662.0,Suv,3170,8,Gasoline,19474359.891523648,KRA CRSP July 2025,2026-05-20T12:50:34.557157
Lexus,Lx570,3BA-URJ201W-GNZGK,8At,2WD,5662.0,Suv,3170,8,Gasoline,19474359.89152365,KRA CRSP July 2025,2026-05-20T12:50:34.557157
Lexus,Lx600,3BA-VJA310W-GKULZ,10At,4WD,3444.0,Suv,2975,7,Gasoline,23578821.562500004,KRA CRSP July 2025,2026-05-20T12:50:34.557157
Lexus,Lx600,3BA-VJA310-GKULZ,10At,AWD,3444.0,Suv,2975,7,Gasoline,23578821.562500004,KRA CRSP July 2025,2026-05-20T12:50:34.557157
Lexus,Nx250,5BA-AAZA20-AWZLB,8At,4WD,2487.0,Suv,1895,5,Gasoline,7946936.15625,KRA CRSP July 2025,2026-05-20T12:50:34.557157
Lexus,Nx250,5BA-AAZA20-AWZLB,8At,2WD,2487.0,Suv,1895,5,Gasoline,7946936.15625,KRA CRSP July 2025,2026-05-20T12:50:34.557157
Lexus,Nx300,DBA-AGZ10-AWTLT,6At,2WD,1998.0,Suv,1985,5,Gasoline,7156212.5155443745,KRA CRSP July 2025,2026-05-20T12:50:34.557157
Lexus,Nx300,3BA-AGZ10-AWTLT,6At,2WD,1998.0,Suv,1985,5,Gasoline,7218135.740705623,KRA CRSP July 2025,2026-05-20T12:50:34.557157
Lexus,Nx300H,DBA-AGZ10-AWTLT,6At,2WD,1998.0,Suv,1985,5,Gasoline,6848143.2302958,KRA CRSP July 2025,2026-05-20T12:50:34.557157
Lexus,Nx300H Version L,6AA-AYZ10-AWXLB(L),Cvt,2WD,2493.0,Suv,2065,4,Gasoline,9307680.428098125,KRA CRSP July 2025,2026-05-20T12:50:34.557157
Lexus,Nx300H Version L,DAA-AYZ10-AWXLB(L),Cvt,2WD,2493.0,Suv,2065,5,Gasoline,8866413.2271006,KRA CRSP July 2025,2026-05-20T12:50:34.557157
Lexus,Nx300H Version L,DAA-AYZ10-AWXLB(L),Cvt,2WD,2493.0,Suv,2065,5,Gasoline,9245755.4563575,KRA CRSP July 2025,2026-05-20T12:50:34.557157
Lexus,Nx350 F Sport,5BA-TAZA25-AWZLT(F),8At,4WD,2393.0,Suv,2055,5,Gasoline,10629682.07625,KRA CRSP July 2025,2026-05-20T12:50:34.557157
Lexus,Nx350 F Sport,5BA-TAZA25-AWZLT(F),8At,AWD,2393.0,Suv,2055,5,Gasoline,10462010.456249999,KRA CRSP July 2025,2026-05-20T12:50:34.557157
Lexus,Nx350H Version L,6AA-AAZH20-AWXLB(L),Cvt,4WD,2487.0,Suv,2035,5,Gasoline,10786874.219999999,KRA CRSP July 2025,2026-05-20T12:50:34.557157
Lexus,Nx350H Version L,6AA-AAZH20-AWXLB(L),Cvt,2WD,2487.0,Suv,2035,5,Gasoline,10619202.6,KRA CRSP July 2025,2026-05-20T12:50:34.557157
Lexus,Nx450H+ Version L,6LA-AAZH26-AWXLB(L),Cvt,4WD,2487.0,Suv,2295,5,Gasoline,12741296.540624999,KRA CRSP July 2025,2026-05-20T12:50:34.557157
Lexus,Nx450H+ Version L,6LA-AAZH26-AWXLB(L),Cvt,AWD,2487.0,Suv,2285,5,Gasoline,12470576.737499999,KRA CRSP July 2025,2026-05-20T12:50:34.557157
Lexus,Rc F,5BA-USC10-FCZRH,8At,4WD,4968.0,Coupe,1990,4,Gasoline,19843936.227000006,KRA CRSP July 2025,2026-05-20T12:50:34.557157
Lexus,Rc F,5BA-USC10-FCZRH,8At,2WD,4968.0,Coupe,1990,4,Gasoline,17834162.36077013,KRA CRSP July 2025,2026-05-20T12:50:34.557157
Lexus,Rc F,5BA-USC10-FCZRH,8At,2WD,4968.0,Coupe,1990,4,Gasoline,17868459.171462078,KRA CRSP July 2025,2026-05-20T12:50:34.557157
Lexus,Rc F,DBA-USC10-FCZRH,At,2WD,4968.0,Coupe,2010,4,Gasoline,16889423.115155403,KRA CRSP July 2025,2026-05-20T12:50:34.557157
Lexus,Rc200T,DBA-ASC10-RCZL(F),At,2WD,1998.0,Coupe,1900,4,Gasoline,9428293.959997501,KRA CRSP July 2025,2026-05-20T12:50:34.557157
Lexus,Rc300 F Sport,3BA-ASC10-RCZLZ(F),8At,4WD,1998.0,Coupe,1900,4,Gasoline,11001703.483124997,KRA CRSP July 2025,2026-05-20T12:50:34.557157
Lexus,Rc300 F Sport,3BA-ASC10-RCZLZ(F),8At,2WD,1998.0,Coupe,1900,4,Gasoline,10001549.256142499,KRA CRSP July 2025,2026-05-20T12:50:34.557157
Lexus,Rc300 Fsport,DBA-ASC10-RCZLZ(F),8At,2WD,1998.0,Coupe,1900,4,Gasoline,9832595.646881249,KRA CRSP July 2025,2026-05-20T12:50:34.557157
Lexus,Rc300H,DAA-AVC10-RCXLH(F),Cvt,2WD,2493.0,Coupe,1960,4,Gasoline,10139864.370007498,KRA CRSP July 2025,2026-05-20T12:50:34.557157
Lexus,Rc300H F Sport,DAA-AVC10-RCXLH(F),Cvt,2WD,2493.0,Coupe,1960,4,Gasoline,10544164.310311876,KRA CRSP July 2025,2026-05-20T12:50:34.557157
Lexus,Rc300H F Sport,6AA-AVC10-RCXLH(F),Cvt,2WD,2493.0,Coupe,1960,4,Gasoline,10712882.131357498,KRA CRSP July 2025,2026-05-20T12:50:34.557157
Lexus,Rc300H F Sport,6AA-AVC10-RCXLH(F),Cvt,4WD,2493.0,Coupe,1960,4,Gasoline,11784171.043125,KRA CRSP July 2025,2026-05-20T12:50:34.557157
Lexus,Rc350,DBA-GSC10-RCZLH(L),At,2WD,3456.0,Coupe,1910,4,Gasoline,11583314.904042225,KRA CRSP July 2025,2026-05-20T12:50:34.557157
Lexus,Rc350 Version L,DBA-GSC10-RCZH(L),8At,2WD,3456.0,Coupe,1910,4,Gasoline,11929136.99152365,KRA CRSP July 2025,2026-05-20T12:50:34.557157
Lexus,Rc350 Version L,3BA-GSC10-RCZLH(L),Cvt,2WD,3456.0,Coupe,1910,4,Gasoline,12111797.406404024,KRA CRSP July 2025,2026-05-20T12:50:34.557157
Lexus,Rc350 Version L,3BA-GSC10-RCZLH(L),8At,4WD,3456.0,Coupe,1910,4,Gasoline,13322977.335675001,KRA CRSP July 2025,2026-05-20T12:50:34.557157
Lexus,Rx200T F Sport,DBA-AG=L20W-AWTGZ(F),At,4WD,1998.0,Suv,2175,5,Gasoline,9363605.899685625,KRA CRSP July 2025,2026-05-20T12:50:34.557157
Lexus,Rx300 F Sport,3BA-AGL20W-AWTGZ(F),6At,2WD,1998.0,Suv,2175,4,Gasoline,9717331.8876075,KRA CRSP July 2025,2026-05-20T12:50:34.557157
Lexus,Rx300 F Sport,DBA-AGL20W-AWTGZ(F),6At,2WD,1998.0,Suv,2175,5,Gasoline,9558552.103205625,KRA CRSP July 2025,2026-05-20T12:50:34.557157
Lexus,Rx350 F Sport,5BA-TALA15-AWZGT(F),8At,4WD,2393.0,Suv,2225,5,Gasoline,12348316.181249999,KRA CRSP July 2025,2026-05-20T12:50:34.557157
Lexus,Rx350H Version L,6AA-AALH10-AWXGB(L),Cvt,2WD,2487.0,Suv,2215,5,Gasoline,13239071.6625,KRA CRSP July 2025,2026-05-20T12:50:34.557157
Lexus,Rx450 Version L,6AA-GYL20W-AWXGB(L),Cvt,2WD,3456.0,Suv,2345,5,Gasoline,12501063.001037927,KRA CRSP July 2025,2026-05-20T12:50:34.557157
Lexus,Rx450H L,6AA-GYL26W-ARXGB,Cvt,2WD,3456.0,Suv,1625,7,Gasoline,13649994.8413839,KRA CRSP July 2025,2026-05-20T12:50:34.557157
Lexus,Rx450H L,DBA-GYL26W-ARXGB,Cvt,4WD,3456.0,Suv,2625,7,Gasoline,13649994.8413839,KRA CRSP July 2025,2026-05-20T12:50:34.557157
Lexus,Rx450H Version L,6AA-GYL20W-AWXGB(L),Cvt,2WD,3456.0,Suv,2345,5,Gasoline,13751168.73525,KRA CRSP July 2025,2026-05-20T12:50:34.557157
Lexus,Rx450H Version L,DAA-GYL20W-AWXGB(L),Cvt,4WD,3456.0,Suv,2345,5,Gasoline,14267117.218612501,KRA CRSP July 2025,2026-05-20T12:50:34.557157
Lexus,Rx450H+ Version L,6LA-AALH16-AWXGB(L),Cvt,AWD,2487.0,Suv,2435,5,Gasoline,15230172.149999999,KRA CRSP July 2025,2026-05-20T12:50:34.557157
Lexus,Rx450Hl,DAA-GYL26W-ARXGB,Cvt,2WD,3456.0,Suv,2625,7,Gasoline,13431194.69511825,KRA CRSP July 2025,2026-05-20T12:50:34.557157
Lexus,Rx500H F Sport,5AA-TALH17-AWTGT(P),6At,4WD,2393.0,Suv,2375,5,Gasoline,15736680.16875,KRA CRSP July 2025,2026-05-20T12:50:34.557157
Lexus,Rx500H F Sport Performance,5AA-TALH17-AWTG(P),Cvt,AWD,2393.0,Suv,2375,5,Gasoline,15736680.16875,KRA CRSP July 2025,2026-05-20T12:50:34.557157
Lexus,Rx5450H+ Version L,6LA-AALH6-AWXGB(L),Cvt,4WD,2487.0,Suv,2435,5,Gasoline,15230172.149999999,KRA CRSP July 2025,2026-05-20T12:50:34.557157
Lexus,Rz450E Version L,ZAA-XEBM15-AWDLS,Cvt,AWD/4WD,0.0,Suv,2375,5,Electric,13525510.680000003,KRA CRSP July 2025,2026-05-20T12:50:34.557157
Lexus,Ux200 Version C,6AA-MZAH10-AWXBB(F),Cvt,2WD,1986.0,Suv,1745,5,Gasoline,7417722.605625,KRA CRSP July 2025,2026-05-20T12:50:34.557157
Lexus,Ux200 Version C,6BA-MZAA10-AWXBB©,Cvt,4WD,1986.0,Suv,1745,5,Gasoline,7417722.605625,KRA CRSP July 2025,2026-05-20T12:50:34.557157
Lexus,Ux200 Version C,6BA-MZAA10-AWXBB(C),Cvt,2WD,1986.0,Suv,1745,5,Gasoline,6695220.355306874,KRA CRSP July 2025,2026-05-20T12:50:34.557157
Lexus,Ux250H,6AA-MZAH10-AWDBB(L),Cvt,2WD,1986.0,Suv,1855,5,Gasoline,8804506.629375,KRA CRSP July 2025,2026-05-20T12:50:34.557157
Lexus,Ux250H F Sport,6AA-MZAH10-AWXBB(F),Cvt,4WD,1986.0,Suv,1855,5,Gasoline,8804506.629375,KRA CRSP July 2025,2026-05-20T12:50:34.557157
Lexus,Ux250H F Sport,6AA-MZAH10-AWXBB(F),Cvt,2WD,1986.0,Suv,1845,7,Gasoline,7729408.427990624,KRA CRSP July 2025,2026-05-20T12:50:34.557157
Lexus,Ux250H Version L,6AA-MZAH10-AWXBB(L),Cvt,4WD,1986.0,Suv,1835,5,Gasoline,9068240.115,KRA CRSP July 2025,2026-05-20T12:50:34.557157
Lexus,Ux250H Version L,5AA-MZAH10-AWXBB(L),Cvt,2WD,1986.0,Suv,1855,5,Gasoline,8231563.970938125,KRA CRSP July 2025,2026-05-20T12:50:34.557157
Lexus,Ux300E Version L,ZAA-KMA10-AWDBS(L),Cvt,2WD,0.0,Suv,2075,5,Electric,9759885.547500003,KRA CRSP July 2025,2026-05-20T12:50:34.557157
Man,Copma Zds 11 Szlifiekra Do Szyn Workshop Truck,,,4X2,,Truck,,,Diesel,32258376.562499993,KRA CRSP July 2025,2026-05-20T12:50:34.557157
Man,Tge  Dump Truck,,,4X4,177.0,Truck,1200,,Diesel,12283138.722937498,KRA CRSP July 2025,2026-05-20T12:50:34.557157
Man,Tgl 12.220,,,,,Truck,5000,,Diesel,26996371.874999993,KRA CRSP July 2025,2026-05-20T12:50:34.557157
Man,Tgl 12.25 Tilt Truck,,,4X2,289.0,Truck,,,Diesel,22855402.968749996,KRA CRSP July 2025,2026-05-20T12:50:34.557157
Man,Tgm 15.250 Hook Lift Truck,,,4X2,250.0,Truck,,,Petrol,23198577.187499996,KRA CRSP July 2025,2026-05-20T12:50:34.557157
Man,Tgm 18.250 Dump Truck,,,4X2,250.0,Truck,10600,,Diesel,29512982.812499993,KRA CRSP July 2025,2026-05-20T12:50:34.557157
Man,Tgm 18.250 Refrigerated,,,4X2,250.0,Truck,10200,,Diesel,30176452.968749993,KRA CRSP July 2025,2026-05-20T12:50:34.557157
Man,Tgm 18.290 Dump Truck,,,4X2,289.0,Truck,,,Petrol,23198577.187499996,KRA CRSP July 2025,2026-05-20T12:50:34.557157
Man,Tgm 18.320 4X4 Euro Ge Euromix 3-Seiten-Kipper,,,4X4,320.0,Truck,,,Diesel,26515927.968749993,KRA CRSP July 2025,2026-05-20T12:50:34.557157
Man,Tgm 18.320 4X4 Flat Flatbed,,,4X4,325.0,Truck,,,Diesel,37726285.78124999,KRA CRSP July 2025,2026-05-20T12:50:34.557157
Man,Tgm 18.320 Dump Truck,,,4X4,320.0,Truck,,,Diesel,26515927.968749993,KRA CRSP July 2025,2026-05-20T12:50:34.557157
Man,Tgm 18.320 Hook Lfit Turck,,,4X2,320.0,Truck,,,Diesel,25738066.406249993,KRA CRSP July 2025,2026-05-20T12:50:34.557157
Man,Tgm 18.320 Hook Lift Truck,,,4X4,320.0,Truck,,,Diesel,30405235.781249993,KRA CRSP July 2025,2026-05-20T12:50:34.557157
Man,Tgm 18.320 Plattform Truck,,,4X4,320.0,Truck,,,Diesel,26973493.593749993,KRA CRSP July 2025,2026-05-20T12:50:34.557157
Man,Tgs  41.480 Dump Truck,,,8X4,479.0,Truck,,,Diesel,33836977.96874999,KRA CRSP July 2025,2026-05-20T12:50:34.557157
Man,Tgs 26.470 Hook Lift Truck,,,6X2,470.0,Truck,,,Diesel,54107135.156249985,KRA CRSP July 2025,2026-05-20T12:50:34.557157
Man,Tgs 28.440 Dump Truck,,,6X4,441.0,Truck,,,Diesel,48021512.34374999,KRA CRSP July 2025,2026-05-20T12:50:34.557157
Man,Tgs 33 Timber Tuck,,,8X4,510.0,Truck,,,Diesel,41844376.40624999,KRA CRSP July 2025,2026-05-20T12:50:34.557157
Man,Tgs 35.430 Hook Lift Truck,,,8X4,430.0,Truck,18446,,Diesel,35461335.93749999,KRA CRSP July 2025,2026-05-20T12:50:34.557157
Man,Tgs 35.440 Dump Truck,,,8X4,441.0,Truck,,,Diesel,31549149.843749993,KRA CRSP July 2025,2026-05-20T12:50:34.557157
Man,Tgs 41.400 Bb Chassis Truck,,,8X4,519.0,Truck,,,Diesel,33608195.15624999,KRA CRSP July 2025,2026-05-20T12:50:34.557157
Man,Tgs 41.440,,,8X4,440.0,Truck,17500,,Diesel,37291598.43749999,KRA CRSP July 2025,2026-05-20T12:50:34.557157
Man,Tgs 41.440 Dump Truck,,,8X4,480.0,Truck,,,Diesel,31343245.312499993,KRA CRSP July 2025,2026-05-20T12:50:34.557157
Man,Tgs 41.480 480Hp Dump Truck,,,8X6,480.0,Truck,,,Diesel,33059116.406249993,KRA CRSP July 2025,2026-05-20T12:50:34.557157
Man,Tgs 41.480 Dump Truck,,,8X6,480.0,Truck,,,Diesel,11210357.812499998,KRA CRSP July 2025,2026-05-20T12:50:34.557157
Man,Tgs 41.480 Dump Truck,,,8X4,480.0,Truck,,,Diesel,32464281.093749993,KRA CRSP July 2025,2026-05-20T12:50:34.557157
Man,Tgs 41.520 Dump Truck,,,8X4,520.0,Truck,,,Diesel,32029593.749999993,KRA CRSP July 2025,2026-05-20T12:50:34.557157
Man,Tgs 44.400 Dump Tuck,,,8X4,400.0,Truck,,,Diesel,28574973.281249993,KRA CRSP July 2025,2026-05-20T12:50:34.557157
Man,"Tgs 50.480 Bb 10X4, 2X Vorhanden",,,8X4,480.0,Truck,38140,,Diesel,26081240.624999993,KRA CRSP July 2025,2026-05-20T12:50:34.557157
Man,Tgs Dump Truck,,,8X6,480.0,Truck,,,Diesel,31343245.312499993,KRA CRSP July 2025,2026-05-20T12:50:34.557157
Man,Tgx 26.480,,,4X2,480.0,Truck,8500,,Diesel,34660596.09374999,KRA CRSP July 2025,2026-05-20T12:50:34.557157
Man,Tgx 26.510 Flatbed Tuck,,,6X2,510.0,Truck,,,Diesel,66118232.812499985,KRA CRSP July 2025,2026-05-20T12:50:34.557157
Man,Tgx 26.520 Flatbed Truck,,,6X2,519.0,Truck,,,Diesel,72958838.90624999,KRA CRSP July 2025,2026-05-20T12:50:34.557157
Man,Tgx Xxl 480 Cv,,,4X4,480.0,Truck,,,Diesel,29741765.624999993,KRA CRSP July 2025,2026-05-20T12:50:34.557157
Man,Zabudowa Auto Klapa Hydraulicz Dmc 26T Product,,,,,,,,Diesel,3758901.609374999,KRA CRSP July 2025,2026-05-20T12:50:34.557157
Maruti Suzuki,Apv (Base),,5Mt,2WD,1600.0,Van,,,Petrol,3892322.3625000003,KRA CRSP July 2025,2026-05-20T12:50:34.557157
Maruti Suzuki,Baleno Gl,,5Mt,2WD,1400.0,Hatchback,,,Petrol,3216571.9523437503,KRA CRSP July 2025,2026-05-20T12:50:34.557157
Maruti Suzuki,Baleno Gl (Qld),,4At,2WD,1400.0,Hatchback,,,Petrol,3475287.823660714,KRA CRSP July 2025,2026-05-20T12:50:34.557157
Maruti Suzuki,Baleno Gl Shadow,,4At,2WD,1400.0,Hatchback,,,Petrol,4676192.83828125,KRA CRSP July 2025,2026-05-20T12:50:34.557157
Maruti Suzuki,Baleno Glx,,4At,2WD,1400.0,Hatchback,,,Petrol,4541042.756250001,KRA CRSP July 2025,2026-05-20T12:50:34.557157
Maruti Suzuki,Baleno Glx (Qld),,4At,2WD,1400.0,Hatchback,,,Petrol,4180642.5374999996,KRA CRSP July 2025,2026-05-20T12:50:34.557157
Maruti Suzuki,Baleno Glx Turbo,,6At,2WD,1000.0,Hatchback,,,Petrol,4402031.243303572,KRA CRSP July 2025,2026-05-20T12:50:34.557157
Maruti Suzuki,Celerio (Base),,5Mt,2WD,1000.0,Hatchback,,,Petrol,2872904.6008928576,KRA CRSP July 2025,2026-05-20T12:50:34.557157
Maruti Suzuki,Grand Vitara (4X4),,5Mt,4WD,1900.0,Suv,,,Diesel,3121966.8949218746,KRA CRSP July 2025,2026-05-20T12:50:34.557157
Maruti Suzuki,Grand Vitara Adventure,,5Mt,2WD,2400.0,Suv,,,Petrol,1662346.0089843748,KRA CRSP July 2025,2026-05-20T12:50:34.557157
Maruti Suzuki,Grand Vitara Navigator (4X2),,4At,2WD,2400.0,Suv,,,Hybrid,9962491.761160716,KRA CRSP July 2025,2026-05-20T12:50:34.557157
Maruti Suzuki,Grand Vitara Navigator (4X4),,5Mt,4WD,2400.0,Suv,,,Petrol,5653134.8598214295,KRA CRSP July 2025,2026-05-20T12:50:34.557157
Maruti Suzuki,Grand Vitara Prestige (4X4),,4At,4WD,2400.0,Suv,,,Petrol,3081421.8703125,KRA CRSP July 2025,2026-05-20T12:50:34.557157
Maruti Suzuki,Grand Vitara Sports (4X4),,5Mt,4WD,2400.0,Suv,,,Petrol,7413947.357142858,KRA CRSP July 2025,2026-05-20T12:50:34.557157
Maruti Suzuki,Grand Vitara Urban (4X4),,5Mt,4WD,2400.0,Suv,,,Petrol,2878696.747265625,KRA CRSP July 2025,2026-05-20T12:50:34.557157
Maruti Suzuki,Grand Vitara Urban Se (4X2),,5Mt,2WD,2400.0,Suv,,,Petrol,5097088.808035715,KRA CRSP July 2025,2026-05-20T12:50:34.557157
Maruti Suzuki,Ignis Gl,,5Mt,2WD,1200.0,Suv,,,Hybrid,3799648.020535715,KRA CRSP July 2025,2026-05-20T12:50:34.557157
Maruti Suzuki,Ignis Gl (Qld),,5Mt,2WD,1200.0,Suv,,,Petrol,3869153.7770089284,KRA CRSP July 2025,2026-05-20T12:50:34.557157
Maruti Suzuki,Ignis Glx,,Cvt,2WD,1200.0,Suv,,,Hybrid,4309356.901339287,KRA CRSP July 2025,2026-05-20T12:50:34.557157
Maruti Suzuki,Ignis Glx (Qld),,Cvt,2WD,1200.0,Suv,,,Petrol,4402031.243303572,KRA CRSP July 2025,2026-05-20T12:50:34.557157
Maruti Suzuki,Ignis Glx Shadow,,Cvt,2WD,1200.0,Suv,,,Hybrid,4680054.269196429,KRA CRSP July 2025,2026-05-20T12:50:34.557157
Maruti Suzuki,Jimny Gl Lite (Qld),,5Mt,2WD,1500.0,Suv,,,Petrol,6365568.863671875,KRA CRSP July 2025,2026-05-20T12:50:34.557157
Maruti Suzuki,Jimny Glx,,4At,2WD,1500.0,Suv,,,Hybrid,6142571.228320312,KRA CRSP July 2025,2026-05-20T12:50:34.557157
Maruti Suzuki,Jimny Glx (Qld),,5Mt,2WD,1500.0,Suv,,,Petrol,6689929.060546875,KRA CRSP July 2025,2026-05-20T12:50:34.557157
Maruti Suzuki,Jimny Lite,,5Mt,2WD,1500.0,Suv,,,Hybrid,5372215.760742187,KRA CRSP July 2025,2026-05-20T12:50:34.557157
Maruti Suzuki,Jimny Xl,,4At,2WD,1500.0,Suv,,,Hybrid,6487203.9375,KRA CRSP July 2025,2026-05-20T12:50:34.557157
Maruti Suzuki,Jimny Xl Heritage Edition,,5Mt,2WD,1500.0,Suv,,,Hybrid,7723827.188085937,KRA CRSP July 2025,2026-05-20T12:50:34.557157
Maruti Suzuki,S-Cross 2Wd,,6At,2WD,1400.0,Suv,,,Hybrid,6394529.595535716,KRA CRSP July 2025,2026-05-20T12:50:34.557157
Maruti Suzuki,S-Cross Allgrip,,6At,2WD,1400.0,Suv,,,Hybrid,6232349.497098215,KRA CRSP July 2025,2026-05-20T12:50:34.557157
Maruti Suzuki,S-Cross Allgrip Prestige,,6At,2WD,1400.0,Suv,,,Hybrid,6857901.305357144,KRA CRSP July 2025,2026-05-20T12:50:34.557157
Maruti Suzuki,S-Cross Glp 2Wd (Qld),,6At,2WD,1400.0,Suv,,,Petrol,6162843.7406250015,KRA CRSP July 2025,2026-05-20T12:50:34.557157
Maruti Suzuki,S-Cross Glx 2Wd (Qld),,6At,2WD,1400.0,Suv,,,Petrol,6579878.279464286,KRA CRSP July 2025,2026-05-20T12:50:34.557157
Maruti Suzuki,S-Cross Plus 2Wd,,6At,2WD,1400.0,Suv,,,Hybrid,6904238.476339286,KRA CRSP July 2025,2026-05-20T12:50:34.557157
Maruti Suzuki,S-Cross Turbo Gl+ (Qld),,6At,2WD,1400.0,Suv,,,Petrol,6464035.3520089295,KRA CRSP July 2025,2026-05-20T12:50:34.557157
Maruti Suzuki,S-Cross Turbo Glx (Qld),,6At,2WD,1400.0,Suv,,,Petrol,7228598.673214286,KRA CRSP July 2025,2026-05-20T12:50:34.557157
Maruti Suzuki,S-Cross Turbo Glxs (Qld),,6At,2WD,1400.0,Suv,,,Petrol,7390778.771651787,KRA CRSP July 2025,2026-05-20T12:50:34.557157
Maruti Suzuki,Swift Gl (Qld),,Cvt,2WD,1200.0,Hatchback,,,Petrol,3961828.1189732146,KRA CRSP July 2025,2026-05-20T12:50:34.557157
Maruti Suzuki,Swift Gl Navi,,5Mt,2WD,1200.0,Hatchback,,,Petrol,3591130.751116072,KRA CRSP July 2025,2026-05-20T12:50:34.557157
Maruti Suzuki,Swift Gl Navi (Qld),,5Mt,2WD,1200.0,Hatchback,,,Petrol,4124008.2174107144,KRA CRSP July 2025,2026-05-20T12:50:34.557157
Maruti Suzuki,Swift Gl Navi Plus,,Cvt,2WD,1200.0,Hatchback,,,Petrol,4031333.875446429,KRA CRSP July 2025,2026-05-20T12:50:34.557157
Maruti Suzuki,Swift Gl Plus (Qld),,Cvt,2WD,1200.0,Hatchback,,,Petrol,4216682.559375,KRA CRSP July 2025,2026-05-20T12:50:34.557157
Maruti Suzuki,Swift Gl Plus Special Edition (Qld),,Cvt,2WD,1200.0,Hatchback,,,Petrol,4842234.3676339295,KRA CRSP July 2025,2026-05-20T12:50:34.557157
Maruti Suzuki,Swift Gl S,,Cvt,2WD,1200.0,Hatchback,,,Petrol,4147176.8029017868,KRA CRSP July 2025,2026-05-20T12:50:34.557157
Maruti Suzuki,Swift Gl S Plus,,Cvt,2WD,1200.0,Hatchback,,,Petrol,4402031.243303572,KRA CRSP July 2025,2026-05-20T12:50:34.557157
Maruti Suzuki,Swift Gl Shadow,,Cvt,2WD,1200.0,Hatchback,,,Petrol,4402031.243303572,KRA CRSP July 2025,2026-05-20T12:50:34.557157
Maruti Suzuki,Swift Gl Special Edition (Qld),,Cvt,2WD,1200.0,Hatchback,,,Petrol,4471536.999776785,KRA CRSP July 2025,2026-05-20T12:50:34.557157
Maruti Suzuki,Swift Glx (Qld),,6At,2WD,1000.0,Hatchback,,,Petrol,4958077.295089286,KRA CRSP July 2025,2026-05-20T12:50:34.557157
Maruti Suzuki,Swift Glx Shadow,,6At,2WD,1000.0,Hatchback,,,Petrol,5977495.05669643,KRA CRSP July 2025,2026-05-20T12:50:34.557157
Maruti Suzuki,Swift Glx Turbo,,6At,2WD,1000.0,Hatchback,,,Hybrid,5189763.15,KRA CRSP July 2025,2026-05-20T12:50:34.557157
Maruti Suzuki,Swift Hybrid,,5Mt,2WD,1200.0,Hatchback,,,Hybrid,3811232.3132812497,KRA CRSP July 2025,2026-05-20T12:50:34.557157
Maruti Suzuki,Swift Hybrid Glx,,Cvt,2WD,1200.0,Hatchback,,,Hybrid,4459952.707031249,KRA CRSP July 2025,2026-05-20T12:50:34.557157
Maruti Suzuki,Swift Hybrid Plus,,Cvt,2WD,1200.0,Hatchback,,,Hybrid,4297772.60859375,KRA CRSP July 2025,2026-05-20T12:50:34.557157
Maruti Suzuki,Swift Sport Turbo,,6At,2WD,1400.0,Hatchback,,,Hybrid,5583629.103348214,KRA CRSP July 2025,2026-05-20T12:50:34.557157
Maruti Suzuki,Swift Sport Turbo (Qld),,6Mt,2WD,1400.0,Hatchback,,,Petrol,5792146.372767858,KRA CRSP July 2025,2026-05-20T12:50:34.557157
Maruti Suzuki,Vitara 1.6L,,5Mt,2WD,1600.0,Suv,,,Petrol,5212931.735491072,KRA CRSP July 2025,2026-05-20T12:50:34.557157
Maruti Suzuki,Vitara Beat,,6At,2WD,1600.0,Suv,,,Petrol,5815314.95825893,KRA CRSP July 2025,2026-05-20T12:50:34.557157
Maruti Suzuki,Vitara Gl+ (Qld),,5Mt,2WD,1600.0,Suv,,,Petrol,5398280.419419644,KRA CRSP July 2025,2026-05-20T12:50:34.557157
Maruti Suzuki,Vitara Shadow,,6At,2WD,1600.0,Suv,,,Hybrid,6649384.035937501,KRA CRSP July 2025,2026-05-20T12:50:34.557157
Maruti Suzuki,Vitara S-Turbo (2Wd) (Qld),,6At,2WD,1400.0,Suv,,,Petrol,7020081.403794644,KRA CRSP July 2025,2026-05-20T12:50:34.557157
Maruti Suzuki,Vitara S-Turbo Sunroof (4Wd) (Qld),,6At,4WD,1400.0,Suv,,,Petrol,6811564.134374999,KRA CRSP July 2025,2026-05-20T12:50:34.557157
Maruti Suzuki,Vitara Turbo,,6At,2WD,1400.0,Suv,,,Hybrid,6649384.035937501,KRA CRSP July 2025,2026-05-20T12:50:34.557157
Maruti Suzuki,Vitara Turbo Allgrip,,6At,2WD,1400.0,Suv,,,Hybrid,7483453.113616072,KRA CRSP July 2025,2026-05-20T12:50:34.557157
Maruti Suzuki,Vitara Turbo Beat,,6At,2WD,1400.0,Suv,,,Hybrid,6649384.035937501,KRA CRSP July 2025,2026-05-20T12:50:34.557157
Maruti Suzuki,Vitara Turbo Shadow,,6At,2WD,1400.0,Suv,,,Hybrid,7668801.797544643,KRA CRSP July 2025,2026-05-20T12:50:34.557157
Mazda,Touring Style Hybrid Xt,4AA-MM53S,Cvt,2WD,658.0,Sedan,1110,5,Gasoline,3111482.25234,KRA CRSP July 2025,2026-05-20T12:50:34.557157
Mazda,Atenza Sedan 25S L Package,6BA-GJ5FP,6At,2WD,2488.0,Sedan,1815,5,Gasoline,6902145.0,KRA CRSP July 2025,2026-05-20T12:50:34.557157
Mazda,Atenza Wagon Xd L Package,3DA-GJ2AW,6At,AW,2188.0,Sedan,1965,5,Diesel,8164732.5,KRA CRSP July 2025,2026-05-20T12:50:34.557157
Mazda,Atenza Zd L Package,LDA-GJ2FP,6At,2WD,2188.0,Sedan,1815,5,Diesel,7354572.1875,KRA CRSP July 2025,2026-05-20T12:50:34.557157
Mazda,Axela 15S Proactive,DBA-BM5FP,6At,2WD,1496.0,Sedan,1545,5,Gasoline,4020078.6,KRA CRSP July 2025,2026-05-20T12:50:34.557157
Mazda,Axela Hybrid-S L Package,DAA-BYEEP,Cvt,2WD,1997.0,Sedan,1695,5,Gasoline,5609552.108062498,KRA CRSP July 2025,2026-05-20T12:50:34.557157
Mazda,Axela Sport 15Xd L Package,LDA-BMLFS,6At,2WD,1498.0,Sedan,1635,5,Diesel,5030148.600000001,KRA CRSP July 2025,2026-05-20T12:50:34.557157
Mazda,Axela Sport 22Xd L Package,LDA-BM2FS,6At,2WD,2188.0,Sedan,1725,5,Diesel,6018333.75,KRA CRSP July 2025,2026-05-20T12:50:34.557157
Mazda,Bongo Brawny Gl,3BF-TRH200M,6At,2WD,1998.0,Van,3115,6,Gasoline,5074591.680000001,KRA CRSP July 2025,2026-05-20T12:50:34.557157
Mazda,Bongo Brawny Van Gl,3BF-TRH200M,6At,2WD,1998.0,Van,3115,6,Diesel,5728713.012,KRA CRSP July 2025,2026-05-20T12:50:34.557157
Mazda,Bongo Brawny Van Gl,CBF-TRH200M,6At,2WD,1998.0,Van,3115,6,Diesel,5159774.25,KRA CRSP July 2025,2026-05-20T12:50:34.557157
Mazda,Bongo Brawny Van Gl,3BF-TRH200M,6At,2WD,1998.0,Van,3115,6,Gasoline,5582050.848000001,KRA CRSP July 2025,2026-05-20T12:50:34.557157
Mazda,Bongo Truck Dx,5BF-S413F,4At,AWD,1496.0,Truck,2090,2,Gasoline,4308756.606,KRA CRSP July 2025,2026-05-20T12:50:34.557157
Mazda,Bongo Truck Gl,DBF-SLP2T,5Mt,2WD,1998.0,Truck,2570,2,Diesel,3486845.8125,KRA CRSP July 2025,2026-05-20T12:50:34.557157
Mazda,Bongo Van Buster,HBD-DG17V,5Amt,2WD,658.0,Van,1350,4,Gasoline,2288818.62,KRA CRSP July 2025,2026-05-20T12:50:34.557157
Mazda,Bongo Van Dx,5BF-S413Z,4At,2WD/AWD,1496.0,Van,2160,5,Gasoline,4748743.098,KRA CRSP July 2025,2026-05-20T12:50:34.557157
Mazda,Bongo Van Dx,5GF-S413Z,4At,AWD,1496.0,Van,2160,5,Gasoline,4748743.098,KRA CRSP July 2025,2026-05-20T12:50:34.557157
Mazda,Bongo Van Gl,DBF-SLP2V,5Mt,2WD,1798.0,Van,1150,5,Diesel,3964524.75,KRA CRSP July 2025,2026-05-20T12:50:34.557157
Mazda,Carol Gs,DBA-HB36S,,2WD,658.0,Hatchback,870,4,Gasoline,2066603.2200000002,KRA CRSP July 2025,2026-05-20T12:50:34.557157
Mazda,Carol Gs,5BA-DKLFW,Cvt,2WD,658.0,Hatchback,870,4,Gasoline,2217709.6920000003,KRA CRSP July 2025,2026-05-20T12:50:34.557157
Mazda,Carol Gs,DBA-DBHB36S,Cvt,2WD,658.0,Hatchback,870,4,Gasoline,2066603.2200000002,KRA CRSP July 2025,2026-05-20T12:50:34.557157
Mazda,Carol Gs,DBA-HB36S,Cvt,2WD,658.0,Hatchback,870,4,Gasoline,1894891.32,KRA CRSP July 2025,2026-05-20T12:50:34.557157
Mazda,Carol Hybrid Gs,5AA-HB97S,Cvt,2WD,657.0,Hatchback,920,4,Gasoline,2217709.6920000003,KRA CRSP July 2025,2026-05-20T12:50:34.557157
Mazda,Cx-3 15S,5BA-DKLFW,6At,2WD,1496.0,Suv,1485,5,Gasoline,3474640.8000000003,KRA CRSP July 2025,2026-05-20T12:50:34.557157
Mazda,Cx-3 15S Touring,5BA-DKLFW,6At,2WD,1496.0,Suv,1485,5,Gasoline,4022098.74,KRA CRSP July 2025,2026-05-20T12:50:34.557157
Mazda,Cx-3 15S Urban Dresser,5BA-DKLFY,6At,2WD,1496.0,Suv,1485,5,Gasoline,5115398.508,KRA CRSP July 2025,2026-05-20T12:50:34.557157
Mazda,Cx-3 20S,6BA-DKEFW,6At,2WD,1997.0,Suv,1525,5,Gasoline,4145495.625,KRA CRSP July 2025,2026-05-20T12:50:34.557157
Mazda,Cx-3 20S Proactive,6BA-DKEFW,6At,2WD,1997.0,Suv,1515,5,Gasoline,4272596.100000001,KRA CRSP July 2025,2026-05-20T12:50:34.557157
Mazda,Cx-3 Xd L Package,LDA-DKEFW,6At,2WD,1498.0,Suv,1546,5,Diesel,5252364.0,KRA CRSP July 2025,2026-05-20T12:50:34.557157
Mazda,Cx-3 Xd Proactive Spackage,3DA-DK8FW,6At,2WD,1756.0,Suv,1575,5,Diesel,5315493.375,KRA CRSP July 2025,2026-05-20T12:50:34.557157
Mazda,Cx-3 Xd Touring,3DA-DK8FY,6At,2WD,1756.0,Suv,1575,5,Diesel,5578532.4375,KRA CRSP July 2025,2026-05-20T12:50:34.557157
Mazda,Cx-3 Xd Touting,3DA-DK8FW,6At,2WD,1756.0,Suv,1545,5,Diesel,5161878.5625,KRA CRSP July 2025,2026-05-20T12:50:34.557157
Mazda,Cx-3 Xd Vivid Monotone,3DA-DK8FY,6At,2WD,1756.0,Suv,1575,5,Diesel,6717386.3625,KRA CRSP July 2025,2026-05-20T12:50:34.557157
Mazda,Cx-30 20S,5BA-DMEP,6At,2WD,1997.0,Suv,1675,5,Gasoline,4576879.6875,KRA CRSP July 2025,2026-05-20T12:50:34.557157
Mazda,Cx-30 20S Proactive Touring Selection,5AA-DMEJ3R,4Wd,6AT,1997.0,Suv,1695,5,Gasoline,6340083.13125,KRA CRSP July 2025,2026-05-20T12:50:34.557157
Mazda,Cx-30 20S Retro Sports Edition,5AA-DMEJ3R,6At,2WD,1997.0,Suv,1695,5,Gasoline,6678035.71875,KRA CRSP July 2025,2026-05-20T12:50:34.557157
Mazda,Cx-30 X L Package,5AA-DMFP,6At,2WD,1997.0,Suv,1765,5,Gasoline,6826600.181249999,KRA CRSP July 2025,2026-05-20T12:50:34.557157
Mazda,Cx-30 X L Package,3AA-DMFP,6At,2WD,2997.0,Suv,1765,5,Gasoline,6651731.8125,KRA CRSP July 2025,2026-05-20T12:50:34.557157
Mazda,Cx-30 Xd Proactive,3DA-DM8R,6At,4WD,1756.0,Suv,1735,5,Diesel,6421099.1625,KRA CRSP July 2025,2026-05-20T12:50:34.557157
Mazda,Cx-30 Xd Proactive,3DA-DM8P,6At,2WD,1756.0,Suv,1735,5,Diesel,6215086.96875,KRA CRSP July 2025,2026-05-20T12:50:34.557157
Mazda,Cx-30 Xd Touring,3DA-DM8R,6At,2WD,1756.0,Suv,1735,5,Diesel,6932657.531249999,KRA CRSP July 2025,2026-05-20T12:50:34.557157
Mazda,Cx-5 20S,6BA-KFEP,6At,4WD,1997.0,Suv,1935,5,Gasoline,6839015.625,KRA CRSP July 2025,2026-05-20T12:50:34.557157
Mazda,Cx-5 20S,6BA-KFEP,6At,2WD,1997.0,Suv,1875,5,Gasoline,6333980.625,KRA CRSP July 2025,2026-05-20T12:50:34.557157
Mazda,Cx-5 20S Black Tone Edition,6BA-KFEP,6At,2WD,1997.0,Suv,1925,5,Gasoline,6400266.46875,KRA CRSP July 2025,2026-05-20T12:50:34.557157
Mazda,Cx-5 20S Black Tone Edition,6BA-KFEP,6At,4WD,1997.0,Suv,1825,5,Gasoline,6816920.343749999,KRA CRSP July 2025,2026-05-20T12:50:34.557157
Mazda,Cx-5 20S Proactive,DBA-KFEP,6At,2WD,1997.0,Suv,1805,5,Gasoline,5239738.125,KRA CRSP July 2025,2026-05-20T12:50:34.557157
Mazda,Cx-5 20S Proactive,5BA-KFEP,6At,2WD,1997.0,Suv,1805,5,Gasoline,5239738.125,KRA CRSP July 2025,2026-05-20T12:50:34.557157
Mazda,Cx-5 25S,4AA-MM53S,6At,AWD,2488.0,Suv,1945,5,Gasoline,6733800.0,KRA CRSP July 2025,2026-05-20T12:50:34.557157
Mazda,Cx-5 25S,6BA-KF5P,Cvt,AWD,2488.0,Suv,1945,5,Gasoline,6584393.8125,KRA CRSP July 2025,2026-05-20T12:50:34.557157
Mazda,Cx-5 25S  L Package,6BA-KF5P,6At,2WD,2498.0,Suv,1865,5,Gasoline,6735904.3125,KRA CRSP July 2025,2026-05-20T12:50:34.557157
Mazda,Cx-5 25S L Package,6BA-KF5P,6At,AWD,2488.0,Suv,1945,5,Gasoline,6584393.8125,KRA CRSP July 2025,2026-05-20T12:50:34.557157
Mazda,Cx-5 25S Sports Appearance,6BA-KF5P,6At,4WD,2488.0,Suv,1865,5,Gasoline,7536805.649999999,KRA CRSP July 2025,2026-05-20T12:50:34.557157
Mazda,Cx-5 25S Sports Appearance,6BA-KF5P,6At,2WD,2488.0,Suv,1865,5,Gasoline,7536805.649999999,KRA CRSP July 2025,2026-05-20T12:50:34.557157
Mazda,Cx-5 25T L Package,5BA-KF5P,6At,2WD,2488.0,Suv,1895,5,Gasoline,7395606.281249999,KRA CRSP July 2025,2026-05-20T12:50:34.557157
Mazda,Cx-5 Xd,3DA-KF2P,6At,2WD,2188.0,Suv,1945,5,Diesel,6586498.125,KRA CRSP July 2025,2026-05-20T12:50:34.557157
Mazda,Cx-5 Xd Cx-5 Xd L Package,3DA-KF2P,6At,2WD,2188.0,Suv,1905,5,Diesel,7407180.0,KRA CRSP July 2025,2026-05-20T12:50:34.557157
Mazda,Cx-5 Xd Exclusive Mode,3DA-KF2P,6At,4WD,2188.0,Suv,1925,5,Diesel,8404834.556249999,KRA CRSP July 2025,2026-05-20T12:50:34.557157
Mazda,Cx-5 Xd Exclusive Mode,3DA-KF2P,6At,2WD,2188.0,Suv,1925,5,Diesel,8404834.556249999,KRA CRSP July 2025,2026-05-20T12:50:34.557157
Mazda,Cx-5 Xd L Package,3DA-KF2P,6At,2WD,2188.0,Suv,1905,5,Diesel,6491804.0625,KRA CRSP July 2025,2026-05-20T12:50:34.557157
Mazda,Cx-5 Xd L Package,LDA-KF2P,6At,2WD,2188.0,Suv,1895,5,Diesel,6428674.6875,KRA CRSP July 2025,2026-05-20T12:50:34.557157
Mazda,Cx-5 Xd Passenger Lift-Up,LDA-KF2P,6At,2WD,2188.0,Suv,1935,5,Diesel,6586498.125,KRA CRSP July 2025,2026-05-20T12:50:34.557157
Mazda,Cx-6 Xd L Package,3DA-KG2P,6At,2WD,2188.0,Suv,2170,5,Diesel,9221939.1,KRA CRSP July 2025,2026-05-20T12:50:34.557157
Mazda,Cx-60 25S Exclusive Mode,5BA-KH5P,8At,4WD,2488.0,Suv,1995,5,Gasoline,8506683.28125,KRA CRSP July 2025,2026-05-20T12:50:34.557157
Mazda,Cx-60 25S Exclusive Mode,5BA-KH5P,8At,AWD,2488.0,Suv,1725,5,Gasoline,8090029.406249999,KRA CRSP July 2025,2026-05-20T12:50:34.557157
Mazda,Cx-60 Phev Modern,5LA-KH5S3P,8At,AWD,2488.0,Suv,2365,5,Gasoline,13599119.53125,KRA CRSP July 2025,2026-05-20T12:50:34.557157
Mazda,Cx-60 Xd Exclusive Mode,3DA-KH3P,8At,4WD,3283.0,Suv,1685,5,Diesel,10074690.697500002,KRA CRSP July 2025,2026-05-20T12:50:34.557157
Mazda,Cx-60 Xd Exclusive Mode,3BA-KH3P,8At,2WD,3283.0,Suv,2115,5,Diesel,10524676.8825,KRA CRSP July 2025,2026-05-20T12:50:34.557157
Mazda,Cx-60 Xd Hybrid Exclusive Modern,3CA-KH3R3P,8At,AWD,3283.0,Suv,1655,5,Diesel,11487147.33375,KRA CRSP July 2025,2026-05-20T12:50:34.557157
Mazda,Cx-60 Xd Hybrid Premium Mode,3CA-KH3R3P,8At,4WD,3283.0,Suv,2215,5,Diesel,12887104.353750002,KRA CRSP July 2025,2026-05-20T12:50:34.557157
Mazda,Cx-60 Xd Hybrid Premium Modern,3CA-KH3R3P,8At,AWD,3283.0,Suv,1725,5,Diesel,12437118.16875,KRA CRSP July 2025,2026-05-20T12:50:34.557157
Mazda,Cx-60 Xd Hyrbid Exclusive Mode,3CA-KH3R3P,8At,AWD,1997.0,Suv,2185,5,Diesel,11168638.59375,KRA CRSP July 2025,2026-05-20T12:50:34.557157
Mazda,Cx-60 Xd Premium Sports,3CA-KH3R3P,8At,AWD,3283.0,Suv,2215,5,Diesel,12887104.353750002,KRA CRSP July 2025,2026-05-20T12:50:34.557157
Mazda,Cx-8 25St L Package,5BA-KG5P,6At,2WD,2488.0,Suv,2140,6,Gasoline,8326764.562499999,KRA CRSP July 2025,2026-05-20T12:50:34.557157
Mazda,Cx-8 25T Exclusive Mode,5BA-KG5P,6At,4WD,2488.0,Suv,2140,6,Gasoline,10147836.6,KRA CRSP July 2025,2026-05-20T12:50:34.557157
Mazda,Cx-8 25T Exclusive Mode,5BA-KG5P,6At,2WD,2488.0,Suv,2170,6,Gasoline,10022840.4375,KRA CRSP July 2025,2026-05-20T12:50:34.557157
Mazda,Cx-8 25T L Package,5BA-KG5P,6At,AWD,2488.0,Suv,2210,6,Gasoline,8269948.125,KRA CRSP July 2025,2026-05-20T12:50:34.557157
Mazda,Cx-8 Xd Exclusive Mode,3DA-KG2P,Awd,6AT,2188.0,Suv,2170,6,Diesel,10147836.6,KRA CRSP July 2025,2026-05-20T12:50:34.557157
Mazda,Cx-8 Xd L Package,3DA-KG2P,6At,2WD,2188.0,Suv,1210,6,Gasoline,9221939.1,KRA CRSP July 2025,2026-05-20T12:50:34.557157
Mazda,Cx-8 Xd L Package,3DA-KG2P,6At,2WD,2188.0,Suv,2160,6,Diesel,8482483.6875,KRA CRSP July 2025,2026-05-20T12:50:34.557157
Mazda,Cx-80 Phev Premium Modern,5KA-KH5S3P,8At,AWD,2488.0,Suv,2570,6,Gasoline,14987965.78125,KRA CRSP July 2025,2026-05-20T12:50:34.557157
Mazda,Cx-80 Phev Premium Sports,5LA-KH5S3P,8At,AWD,2488.0,Suv,2570,6,Gasoline,14987965.78125,KRA CRSP July 2025,2026-05-20T12:50:34.557157
Mazda,Cx-80 Xd Executive,3DA-KL3P,8At,2WD,3283.0,Suv,2330,6,Diesel,11849636.205000002,KRA CRSP July 2025,2026-05-20T12:50:34.557157
Mazda,Cx-80 Xd-Hybrid Executive Modern,3CA-KL3R3P,8At,AWD,3283.0,Suv,2420,6,Diesel,13562083.631250001,KRA CRSP July 2025,2026-05-20T12:50:34.557157
Mazda,Cx-3 Xd L Package,3DA-DK8FW,6At,2WD,1756.0,Suv,1575,5,Diesel,5525924.625,KRA CRSP July 2025,2026-05-20T12:50:34.557157
Mazda,Demio 13S Passenger Swivel,DBA-DJ3FS,6At,2WD,1298.0,Hatchback,1335,5,Gasoline,3102531.012,KRA CRSP July 2025,2026-05-20T12:50:34.557157
Mazda,Demio 13S Touring L Package,DBA-DJ3FS,6At,2WD,1298.0,Hatchback,1315,5,Gasoline,3292828.2,KRA CRSP July 2025,2026-05-20T12:50:34.557157
Mazda,Demio 15S Touring L Package,6BA-DJFS,6At,2WD,1496.0,Hatchback,1335,5,Gasoline,3393835.2,KRA CRSP July 2025,2026-05-20T12:50:34.557157
Mazda,Demio Xd Touring L Package,LDA-DJ5FS,6At,2WD,1498.0,Hatchback,1405,5,Diesel,3818064.6,KRA CRSP July 2025,2026-05-20T12:50:34.557157
Mazda,Familia Van Gx,6AE-NHP160M,Cvt,2WD,1496.0,Van,1620,5,Gasoline,4188760.2900000005,KRA CRSP July 2025,2026-05-20T12:50:34.557157
Mazda,Familia Van Gx,DBE-NCP160M,Cvt,2WD,1496.0,Van,1600,5,Diesel,3183740.64,KRA CRSP July 2025,2026-05-20T12:50:34.557157
Mazda,Familia Van Gx,5BE-NCP160M,Cvt,2WD,1496.0,Van,1600,5,Gasoline,3502114.7040000004,KRA CRSP July 2025,2026-05-20T12:50:34.557157
Mazda,Flair Crossover Hybrid Xt,4AA-MS52S,Cvt,AWD,658.0,Wagon,1110,4,Gasoline,3688775.64,KRA CRSP July 2025,2026-05-20T12:50:34.557157
Mazda,Flair Crossover Hybrid Xt,3DA-DK8FW,Cvt,AWD,658.0,Wagon,1100,4,Gasoline,3635443.9440000006,KRA CRSP July 2025,2026-05-20T12:50:34.557157
Mazda,Flair Crossover Xt,DAA-MS41S,Cvt,AWD,658.0,Wagon,1090,4,Gasoline,3151418.4000000004,KRA CRSP July 2025,2026-05-20T12:50:34.557157
Mazda,Flair Crossover Xt,DAA-MS41S,Cvt,AWD,658.0,Wagon,1090,4,Gasoline,3151418.4000000004,KRA CRSP July 2025,2026-05-20T12:50:34.557157
Mazda,Flair Crossover Zs,5AA-MS92S,Cvt,2WD,657.0,Wagon,1165,4,Gasoline,3953211.966,KRA CRSP July 2025,2026-05-20T12:50:34.557157
Mazda,Flair Custom Style Xs,DAA-MM42S,Cvt,2WD,658.0,Wagon,1100,4,Gasoline,3240304.56,KRA CRSP July 2025,2026-05-20T12:50:34.557157
Mazda,Flair Hybrid Xs,5AA-MJ95S,Cvt,2WD,657.0,Wagon,1010,4,Gasoline,3297676.5360000003,KRA CRSP July 2025,2026-05-20T12:50:34.557157
Mazda,Flair Hybrid Xs,DAA-MJ55S,Cvt,2WD,658.0,Wagon,1010,4,Gasoline,2636282.7,KRA CRSP July 2025,2026-05-20T12:50:34.557157
Mazda,Flair Hybrid Xs,DAA-MJ55S,Cvt,2WD,658.0,Wagon,1010,4,Gasoline,2636282.7,KRA CRSP July 2025,2026-05-20T12:50:34.557157
Mazda,Flair Style Hybrid Xt,4AA-MM53S,Cvt,2WD,658.0,Wagon,1110,4,Gasoline,3748773.7980000004,KRA CRSP July 2025,2026-05-20T12:50:34.557157
Mazda,Flair Wagon Custom Style Hybrid Xt,DAA-MM53S,Cvt,2WD,658.0,Wagon,1120,4,Gasoline,3500902.6200000006,KRA CRSP July 2025,2026-05-20T12:50:34.557157
Mazda,Flair Wagon Custom Style Hybrid Xt,4AA-MM53S,4At,2WD,658.0,Wagon,1120,4,Gasoline,3529184.5800000005,KRA CRSP July 2025,2026-05-20T12:50:34.557157
Mazda,Flair Wagon Custom Style Xt,4AA-MM54S,Cvt,2WD,658.0,Wagon,1130,4,Gasoline,4606525.242000001,KRA CRSP July 2025,2026-05-20T12:50:34.557157
Mazda,Flair Wagon Gybrid Xg,4AAMM53S,Cvt,2WD,658.0,Wagon,1130,4,Gasoline,3242324.7,KRA CRSP July 2025,2026-05-20T12:50:34.557157
Mazda,Flair Wagon Hybrid Xg,5AA-MM53S,Cvt,2WD,658.0,Wagon,1130,4,Gasoline,3268586.52,KRA CRSP July 2025,2026-05-20T12:50:34.557157
Mazda,Flair Wagon Hybrid Xg,DAA-MM53S,Cvt,2WD,658.0,Wagon,1130,4,Gasoline,3232224.0,KRA CRSP July 2025,2026-05-20T12:50:34.557157
Mazda,Flair Wagon Hybrid Xs,5AA-MM53S,Cvt,2WD,658.0,Wagon,1090,4,Gasoline,3097682.676,KRA CRSP July 2025,2026-05-20T12:50:34.557157
Mazda,Flair Wagon Hybrid Xs,DAA-MM53S,Cvt,2WD,658.0,Wagon,1090,4,Gasoline,2747390.4000000004,KRA CRSP July 2025,2026-05-20T12:50:34.557157
Mazda,Flair Wagon Hybrid Xs,5AA-MJ95S,Cvt,2WD,657.0,Wagon,1010,4,Gasoline,2871022.9680000003,KRA CRSP July 2025,2026-05-20T12:50:34.557157
Mazda,Flair Wagon Style Hybrid Xt,4AA-MM53S,Cvt,2WD,658.0,Wagon,1120,4,Gasoline,3910991.0400000005,KRA CRSP July 2025,2026-05-20T12:50:34.557157
Mazda,Flair Wagon Tough  Style Hybrid Xt,4AA-MM53S,Cvt,2WD,658.0,Wagon,1110,4,Gasoline,3753824.148,KRA CRSP July 2025,2026-05-20T12:50:34.557157
Mazda,Flair Wagon Tough Style Hybrid Xt,DAA-MM53S,Cvt,2WD,658.0,Wagon,1110,4,Gasoline,3918132.0,KRA CRSP July 2025,2026-05-20T12:50:34.557157
Mazda,Flair Wagon Xe,DBA-MM32S,Cvt,2WD,658.0,Wagon,1100,4,Gasoline,3010008.6000000006,KRA CRSP July 2025,2026-05-20T12:50:34.557157
Mazda,Flair Wagon Xg,5AA-MM94S,Cvt,2WD,657.0,Wagon,1130,4,Gasoline,3698876.3400000003,KRA CRSP July 2025,2026-05-20T12:50:34.557157
Mazda,Flair Wagoncustom Style Hybrid Xt,4AA-MM53S,2Wd,CVT,658.0,Wagon,1120,4,Gasoline,3910991.0400000005,KRA CRSP July 2025,2026-05-20T12:50:34.557157
Mazda,Flair Wagoon Hybrid Xg,5AA-MM53S,2Wd,CVT,658.0,Wagon,1130(1045),4(3),Gasoline,3268586.52,KRA CRSP July 2025,2026-05-20T12:50:34.557157
Mazda,Flair Xs,DAA-MM42S,Cvt,2WD,658.0,Wagon,1070,4,Gasoline,2747390.4000000004,KRA CRSP July 2025,2026-05-20T12:50:34.557157
Mazda,Flaircrossover Hybrid Xt,4AA-MS52S,2Wd,CVT,658.0,Wagon,1110,4,Gasoline,3688775.64,KRA CRSP July 2025,2026-05-20T12:50:34.557157
Mazda,Flaircrossover Xs,DAA-MS41S,,2WD,658.0,Wagon,1070,4,Gasoline,3034250.2800000003,KRA CRSP July 2025,2026-05-20T12:50:34.557157
Mazda,Maxzda X Proactivetouring Selection,5AA-BPEK3R,4Wd,6AT,1997.0,Suv,1795,5,Gasoline,6481282.5,KRA CRSP July 2025,2026-05-20T12:50:34.557157
Mazda,Mazda Cx-5 Xd Package,3DA-KF2P,6At,2WD,2188.0,Suv,2150,5,Diesel,7407180.0,KRA CRSP July 2025,2026-05-20T12:50:34.557157
Mazda,Mazda Flair Hybrid Hybrid Xs,5AA-MJ95S,Cvt,2WD,657.0,Wagon,1090,4,Gasoline,3111015.6,KRA CRSP July 2025,2026-05-20T12:50:34.557157
Mazda,Mazda Flair Wagon Hybrid Xg,5AA-MM53S,Cvt,2WD,658.0,Wagon,1130,4,Gasoline,3242324.7,KRA CRSP July 2025,2026-05-20T12:50:34.557157
Mazda,Mazda Roadster S Rf Vs Burgundy Selection,5BA-NDERC,6Mt,2WD,1997.0,Wagon,1210,4,Gasoline,7224104.8125,KRA CRSP July 2025,2026-05-20T12:50:34.557157
Mazda,Mazda Roadster S Special Package,5BA-ND5RC,6Mt,2WD,1496.0,Wagon,1120,4,Gasoline,5175598.68,KRA CRSP July 2025,2026-05-20T12:50:34.557157
Mazda,Mazda Titan,2RG-LHR88A,6Amt,AWD,2999.0,Truck,3915,3,Gasoline,7866425.16,KRA CRSP July 2025,2026-05-20T12:50:34.557157
Mazda,Mazda Titan,2RG-LHR88AR,6Amt,AWD,2999.0,Truck,4675,3,Gasoline,10223928.540000001,KRA CRSP July 2025,2026-05-20T12:50:34.557157
Mazda,Mazda2  Xd Sport+,3DA-DJ5FS,4Wd,6AT,1496.0,Hatchback,1435,5,Diesel,4853184.336,KRA CRSP July 2025,2026-05-20T12:50:34.557157
Mazda,Mazda2 15 Bd,5BA-DJLFS,6At,4WD,1496.0,Hatchback,1365,5,Gasoline,3517669.782,KRA CRSP July 2025,2026-05-20T12:50:34.557157
Mazda,Mazda2 15 Bd,5BA-DJLFS,6At,2WD,1496.0,Hatchback,1365,5,Gasoline,3517669.782,KRA CRSP July 2025,2026-05-20T12:50:34.557157
Mazda,Mazda2 15Bd,5BA-DJLFS,6At,2WD,1496.0,Hatchback,1140,5,Gasoline,4230981.216,KRA CRSP July 2025,2026-05-20T12:50:34.557157
Mazda,Mazda2 15S,6BA-DJLFS,6At,2WD,1496.0,Hatchback,1335,5,Gasoline,2888800.2,KRA CRSP July 2025,2026-05-20T12:50:34.557157
Mazda,Mazda2 15S L Package,5BA-DJLFS,6At,2WD,1496.0,Hatchback,1365,5,Gasoline,4222092.6,KRA CRSP July 2025,2026-05-20T12:50:34.557157
Mazda,Mazda2 Xd,3DA-DJ5FS,6At,2WD,1498.0,Hatchback,1445,5,Diesel,4344311.07,KRA CRSP July 2025,2026-05-20T12:50:34.557157
Mazda,Mazda2 Xd,3DA-DG17W,6At,2WD,1496.0,Hatchback,1445,5,Diesel,4344311.07,KRA CRSP July 2025,2026-05-20T12:50:34.557157
Mazda,Mazda2 Xd L Package,3DA-DJ5FS,6At,2WD,1498.0,Hatchback,1425,5,Gasoline,4966514.19,KRA CRSP July 2025,2026-05-20T12:50:34.557157
Mazda,Mazda2 Xd L Package,3DA-DJ5FS,6At,2WD,1498.0,Hatchback,1425,5,Diesel,4515012.9,KRA CRSP July 2025,2026-05-20T12:50:34.557157
Mazda,Mazda3   Sedan X L Package,3DA-BP8P,6At,2WD,1756.0,Sedan,1675,5,Diesel,6256236.7996875,KRA CRSP July 2025,2026-05-20T12:50:34.557157
Mazda,Mazda3 20S Retro Sports Edition,5AA-BPFJ3R,6At,2WD,1997.0,Sedan,1655,5,Gasoline,6293788.25625,KRA CRSP July 2025,2026-05-20T12:50:34.557157
Mazda,Mazda3 Fastback  20S Proactive Touring Selection,5BA-BPFP,6At,2WD,1997.0,Sedan,1635,5,Gasoline,5044117.026374999,KRA CRSP July 2025,2026-05-20T12:50:34.557157
Mazda,Mazda3 Fastback  X Burgundy Selection,5AA-BPEP,6At,2WD,1997.0,Sedan,1997,5,Gasoline,7264008.890437501,KRA CRSP July 2025,2026-05-20T12:50:34.557157
Mazda,Mazda3 Fastback 15S,6BA-BP5P,6At,2WD,1496.0,Sedan,1925,5,Gasoline,4813185.564,KRA CRSP July 2025,2026-05-20T12:50:34.557157
Mazda,Mazda3 Fastback 15S Touring,6BA-BP5P,6At,2WD,1496.0,Sedan,1615,5,Gasoline,4253293.6623,KRA CRSP July 2025,2026-05-20T12:50:34.557157
Mazda,Mazda3 Fastback 20S Proactive Touring Dselection,5BA-BPFP,6At,2WD,1997.0,Sedan,1635,5,Gasoline,5548527.045562499,KRA CRSP July 2025,2026-05-20T12:50:34.557157
Mazda,Mazda3 Fastback 20S Proactive Touring Selection,5AA-BPFJ3R,6At,4WD,1498.0,Sedan,1655,5,Gasoline,7728651.612000001,KRA CRSP July 2025,2026-05-20T12:50:34.557157
Mazda,Mazda3 Fastback 20S Retro Sports Edition,5AA-BPFJ3R,6At,2WD,1997.0,Sedan,1655,5,Gasoline,6293788.25625,KRA CRSP July 2025,2026-05-20T12:50:34.557157
Mazda,Mazda3 Fastback Proactive Touring Selection,5AA-BPFJ3P,6At,2WD,1997.0,Sedan,2150,5,Gasoline,5689640.137499999,KRA CRSP July 2025,2026-05-20T12:50:34.557157
Mazda,Mazda3 Fastback X Burgunday Selection,5AA-BPEP,6At,2WD,1997.0,Sedan,2170,5,Gasoline,7587687.926249999,KRA CRSP July 2025,2026-05-20T12:50:34.557157
Mazda,Mazda3 Fastback X Burgundy Selection,3AA-BPEP,6At,2WD,1997.0,Sedan,1715,5,Gasoline,6603646.167562501,KRA CRSP July 2025,2026-05-20T12:50:34.557157
Mazda,Mazda3 Fastback Xd Touring,3DA-BP8R,6At,2WD,1756.0,Sedan,1695,5,Diesel,6548410.06875,KRA CRSP July 2025,2026-05-20T12:50:34.557157
Mazda,Mazda3 Sedan 20S Proactive Touring Selection,5AA-BPFJR,4Wd,6AT,1756.0,Sedan,1655,5,Gasoline,9508967.325,KRA CRSP July 2025,2026-05-20T12:50:34.557157
Mazda,Mazda3 Sedan X L Package,5AA-BPEP,6At,2WD,1997.0,Sedan,1120,5,Gasoline,7541393.05125,KRA CRSP July 2025,2026-05-20T12:50:34.557157
Mazda,Mazda3 Sedan X L Package,3JAA-BPEP,6At,2WD,1997.0,Sedan,1715,5,Gasoline,6466865.855062501,KRA CRSP July 2025,2026-05-20T12:50:34.557157
Mazda,Mazda3 Sedan Xd Black Tone Edition,3DA-BP8R,4Wd,6AT,1997.0,Sedan,1685,5,Diesel,5955835.66875,KRA CRSP July 2025,2026-05-20T12:50:34.557157
Mazda,Mazda3 Sedan Xd L Package,3DA-BP8P,6At,2WD,1756.0,Sedan,1675,5,Diesel,5687489.530125,KRA CRSP July 2025,2026-05-20T12:50:34.557157
Mazda,Mazda3 Xd Black Tone Edition,3DA-BP8P,6At,2WD,1756.0,Sedan,1210,5,Diesel,6110923.5,KRA CRSP July 2025,2026-05-20T12:50:34.557157
Mazda,Mazda3 Xd Touring,3DA-BP8R,6At,2WD,1756.0,Sedan,1685,5,Diesel,6548410.06875,KRA CRSP July 2025,2026-05-20T12:50:34.557157
Mazda,Mazda3Back  15S Touring,6BA-BP5P,6At,2WD,1496.0,Sedan,1615,5,Gasoline,4678622.01846,KRA CRSP July 2025,2026-05-20T12:50:34.557157
Mazda,Mazda6 25T S Package,5BA-GJ5FP,6At,2WD,2488.0,Sedan,1865,5,Gasoline,9085369.21875,KRA CRSP July 2025,2026-05-20T12:50:34.557157
Mazda,Mazda6 Sedan 20S,6BA-GJEEP,4Wd,6AT,2188.0,Sedan,1785,5,Gasoline,6138279.562499999,KRA CRSP July 2025,2026-05-20T12:50:34.557157
Mazda,Mazda6 Sedan 25T S Package,5BA-GJ5FP,6At,2WD,2488.0,Sedan,1425,5,Gasoline,9085369.21875,KRA CRSP July 2025,2026-05-20T12:50:34.557157
Mazda,Mazda6 Wagon Xd L Package,5BA-GJ2AW,6At,AWD,2188.0,Sedan,1965,5,Diesel,9039074.34375,KRA CRSP July 2025,2026-05-20T12:50:34.557157
Mazda,Mazda6 Wagon Xd L Package,3DA-GJ2AW,6At,AWD,2188.0,Sedan,1965,5,Diesel,8217340.3125,KRA CRSP July 2025,2026-05-20T12:50:34.557157
Mazda,Mazda6 Wagon Xd Package,3DA-GJ2AW,Awd,6AT,1997.0,Sedan,1965,5,Diesel,6233604.918749999,KRA CRSP July 2025,2026-05-20T12:50:34.557157
Mazda,Mx-30,5AA-BPEP,6At,2WD,1997.0,Suv,1735,5,Gasoline,5092436.25,KRA CRSP July 2025,2026-05-20T12:50:34.557157
Mazda,Mx-30,5AA-DREJ3P,6At,2WD,1997.0,Suv,1735,5,Gasoline,4629487.5,KRA CRSP July 2025,2026-05-20T12:50:34.557157
Mazda,Mx-30 Ev Model,ZAA-DRH3P,,2WD,0.0,Suv,1925,5,Electric,8351595.450000003,KRA CRSP July 2025,2026-05-20T12:50:34.557157
Mazda,Mx-30 Ev Model Ev Highest Set,ZAA-DRH3P,Cvt,4WD,830.0,Suv,1925,5,Gasoline,10133224.254,KRA CRSP July 2025,2026-05-20T12:50:34.557157
Mazda,Mx-30 Ev Model Ev Highest Set,ZAA-DRH3P,6At,2WD,0.0,Suv,1925,5,Electric,9288603.720000003,KRA CRSP July 2025,2026-05-20T12:50:34.557157
Mazda,Mx-30 Industrial Classic,5AA-DREJ3P,6At,2WD,1997.0,Suv,1735,5,Gasoline,5810006.8125,KRA CRSP July 2025,2026-05-20T12:50:34.557157
Mazda,Mx-30 Model Ev Highest Set,ZAA-DRH3P,Cvt,2WD,0.0,Suv,1615,5,Electric,9288603.720000003,KRA CRSP July 2025,2026-05-20T12:50:34.557157
Mazda,Mx-30 Rotart-Ev Edition R,3LA-DR8V3P,6At,2WD,830.0,Suv,2055,5,Gasoline,9933028.38,KRA CRSP July 2025,2026-05-20T12:50:34.557157
Mazda,Mx-30 Rotary Ev Edition R,3LA-DR8V3P,Cvt,4WD,1997.0,Suv,2055,5,Gasoline,10346904.5625,KRA CRSP July 2025,2026-05-20T12:50:34.557157
Mazda,Mx-30 Sedv Ev Highest Set,ZAA-DRH3P,6At,2WD,0.0,Suv,1925,5,Electric,8444185.200000003,KRA CRSP July 2025,2026-05-20T12:50:34.557157
Mazda,Mx-30 Sedv Ev Highest Set,ZAA-DRH3P,Cvt,2WD,0.0,Suv,1925,5,Electric,8444185.200000003,KRA CRSP July 2025,2026-05-20T12:50:34.557157
Mazda,Premacy 20S-Skyactive L Package,DBA-CWFFW,6At,2WD,1997.0,Minivan,1885,7,Gasoline,4713660.0,KRA CRSP July 2025,2026-05-20T12:50:34.557157
Mazda,Premacy 20S-Skyactive Passenger Liftup Seat,DBA-CWFFW,6At,2WD,1997.0,Minivan,1945,7,Gasoline,5281824.375,KRA CRSP July 2025,2026-05-20T12:50:34.557157
Mazda,Roadster Rf Vs,5BA-NDERC,6Mt,4WD,1997.0,Convertible,1120,2,Diesel,7907164.649999999,KRA CRSP July 2025,2026-05-20T12:50:34.557157
Mazda,Roadster Rf Vs,5BA-NDERC,6Mt,2WD,1997.0,Convertible,1210,2,Gasoline,7860869.774999999,KRA CRSP July 2025,2026-05-20T12:50:34.557157
Mazda,Roadster Rf Vs,DBA-NDERC,6Mt,2WD,1997.0,Convertible,1210,2,Gasoline,6965274.375,KRA CRSP July 2025,2026-05-20T12:50:34.557157
Mazda,Roadster S Leather,DBA-ND5RC,6Mt,2WD,1496.0,Convertible,1130,2,Gasoline,5676593.4,KRA CRSP July 2025,2026-05-20T12:50:34.557157
Mazda,Roadster S Leather Package,5BA-ND5RE,6Mt,2WD,1496.0,Convertible,1140,2,Gasoline,7177557.420000001,KRA CRSP July 2025,2026-05-20T12:50:34.557157
Mazda,Roadster S Package,5BA-ND5RC,6Mt,2WD,1496.0,Convertible,1120,2,Gasoline,5689118.268,KRA CRSP July 2025,2026-05-20T12:50:34.557157
Mazda,Roadster S Special Package,5BA-ND5RC,6Mt,4WD,1496.0,Convertible,1120,2,Diesel,5737601.6280000005,KRA CRSP July 2025,2026-05-20T12:50:34.557157
Mazda,Scrum Buster,5BD-DG17V,4At,2WD,658.0,Van,1370,4,Gasoline,2637696.7980000004,KRA CRSP July 2025,2026-05-20T12:50:34.557157
Mazda,Scrum Pz Turbo Special,ABA-DG17W,4At,2WD,658.0,Van,1190,4,Gasoline,3338079.3360000006,KRA CRSP July 2025,2026-05-20T12:50:34.557157
Mazda,Scrum Truck Kc,3BD-DG16T,4At,2WD,658.0,Truck,1210,2,Gasoline,2302151.544,KRA CRSP July 2025,2026-05-20T12:50:34.557157
Mazda,Scrum Truck Kc,3BD-DG16T,3At,2WD,658.0,Truck,1190,2,Gasoline,1951051.2120000003,KRA CRSP July 2025,2026-05-20T12:50:34.557157
Mazda,Scrum Truck Kc,EBD-DG16T,3At,2WD,658.0,Truck,1160,2,Gasoline,1733280.12,KRA CRSP July 2025,2026-05-20T12:50:34.557157
Mazda,Scrum Van  Buster,5BD-DG17V,4At,2WD,658.0,Van,1370,4,Gasoline,2802136.194,KRA CRSP July 2025,2026-05-20T12:50:34.557157
Mazda,Scrum Van Buster,HBD-DG17V,4At,2WD,658.0,Van,1360,4,Gasoline,2379724.9200000004,KRA CRSP July 2025,2026-05-20T12:50:34.557157
Mazda,Scrum Van Buster,5BD-DG17V,4At,2WD,658.0,Van,1370,4,Gasoline,2802136.194,KRA CRSP July 2025,2026-05-20T12:50:34.557157
Mazda,Scrum Wagon Pz Turbo Special,3BA-DG17W,4At,4WD,658.0,Wagon,1200,4,Gasoline,3637666.098,KRA CRSP July 2025,2026-05-20T12:50:34.557157
Mazda,Scrum Wagon Pz Turbo Special,ABA-DG17W,4At,2WD,658.0,Wagon,1190,4,Gasoline,3191821.2,KRA CRSP July 2025,2026-05-20T12:50:34.557157
Mazda,Scrum Wagon Pz Turbo Special,3DA-DG17W,6At,2WD,658.0,Wagon,1190,4,Gasoline,3191821.2,KRA CRSP July 2025,2026-05-20T12:50:34.557157
Mazda,Scrum Wagon Pz Turbo Special,3BA-DG17W,4At,2WD,658.0,Wagon,1200,4,Gasoline,3593223.018,KRA CRSP July 2025,2026-05-20T12:50:34.557157
Mazda,Scrum Wagon Pz-S,3BA-DG17W,Cvt,2WD,658.0,Wagon,1220,4,Gasoline,3922101.8100000005,KRA CRSP July 2025,2026-05-20T12:50:34.557157
Mazda,Scrumwagon Pz Turbo Special,3BA-DG17W,2Wd,4AT,658.0,Wagon,1200,4,Gasoline,3637666.098,KRA CRSP July 2025,2026-05-20T12:50:34.557157
Mazda,Titan,2RG-LHR88A,6Amt,2WD,2999.0,Truck,3915,3,Diesel,8194192.875,KRA CRSP July 2025,2026-05-20T12:50:34.557157
Mazda,Titan,2RG-LLR88AR,6Amt,2WD,2999.0,Truck,4675,3,Diesel,10649925.5625,KRA CRSP July 2025,2026-05-20T12:50:34.557157
Mazda,Titan,TRG-LLR85AR,6At,2WD,2999.0,Truck,4605,3,Diesel,9176906.8125,KRA CRSP July 2025,2026-05-20T12:50:34.557157
Mazda,Titan Dump,TRG-LJR85AD,6Amt,4WD,2999.0,Truck,4885,3,Diesel,9115881.75,KRA CRSP July 2025,2026-05-20T12:50:34.557157
Mercedes,A-Class A180,,At,2WD,1300.0,Sedan,,4,Gasoline,5931057.592968751,KRA CRSP July 2025,2026-05-20T12:50:34.557157
Mercedes,A-Class A180 Edition 1,5BA-177084,At,2WD,1300.0,Hatchback,,5,Gasoline,10662111.0,KRA CRSP July 2025,2026-05-20T12:50:34.557157
Mercedes,A-Class A180 Style,,At,2WD,1300.0,Hatchback,,5,Gasoline,8538648.557142857,KRA CRSP July 2025,2026-05-20T12:50:34.557157
Mercedes,A-Class A180 Style,,At,2WD,1300.0,Sedan,,4,Gasoline,7109501.732142858,KRA CRSP July 2025,2026-05-20T12:50:34.557157
Mercedes,A-Class A180 Style Amg Leather Exclusive Package,,At,2WD,1300.0,Hatchback,,5,Gasoline,7798628.615625,KRA CRSP July 2025,2026-05-20T12:50:34.557157
Mercedes,A-Class A180 Style Amg Leather Exclusive Package,,At,2WD,1300.0,Sedan,,4,Gasoline,7719420.689062499,KRA CRSP July 2025,2026-05-20T12:50:34.557157
Mercedes,A-Class A180 Style Amg Line,,At,2WD,1400.0,Hatchback,,5,Gasoline,10179964.068750001,KRA CRSP July 2025,2026-05-20T12:50:34.557157
Mercedes,A-Class A180 Style Amg Line,,At,2WD,1300.0,Sedan,,4,Gasoline,9580689.348214287,KRA CRSP July 2025,2026-05-20T12:50:34.557157
Mercedes,A-Class A200D,,At,2WD,2000.0,Hatchback,,5,Diesel,7646406.074999999,KRA CRSP July 2025,2026-05-20T12:50:34.557157
Mercedes,A-Class A200D,,At,2WD,2000.0,Sedan,,4,Diesel,9024358.021874998,KRA CRSP July 2025,2026-05-20T12:50:34.557157
Mercedes,A-Class A200D Amg Line,,At,2WD,2000.0,Hatchback,,5,Diesel,7647152.721428571,KRA CRSP July 2025,2026-05-20T12:50:34.557157
Mercedes,A-Class A200D Amg Line,,At,2WD,2000.0,Sedan,,4,Diesel,7265502.674999999,KRA CRSP July 2025,2026-05-20T12:50:34.557157
Mercedes,A-Class A200D Amg Line Package,,At,2WD,2000.0,Hatchback,,5,Diesel,6603061.021875001,KRA CRSP July 2025,2026-05-20T12:50:34.557157
Mercedes,A-Class A200D Amg Line Package,,At,2WD,2000.0,Sedan,,4,Diesel,6830368.601785714,KRA CRSP July 2025,2026-05-20T12:50:34.557157
Mercedes,A-Class Sedan,,At,4WD,2000.0,Sedan,,5,Diesel,8875459.544625,KRA CRSP July 2025,2026-05-20T12:50:34.557157
Mercedes,A-Class Sedan,,At,2WD,2000.0,Sedan,,5,Diesel,8194407.2212499995,KRA CRSP July 2025,2026-05-20T12:50:34.557157
Mercedes,A-Class Sedan A180 Sedan,,At,2WD,1400.0,Sedan,,4,Gasoline,9183972.5175,KRA CRSP July 2025,2026-05-20T12:50:34.557157
Mercedes,A-Class Sedan A180 Sedan Amg Line Package,,At,2WD,1300.0,Sedan,,4,Gasoline,6724173.372321429,KRA CRSP July 2025,2026-05-20T12:50:34.557157
Mercedes,A-Class Sedan A180 Style Sedan Amg Leather Exclusive Package,,At,2WD,1300.0,Sedan,,4,Gasoline,11107490.7796875,KRA CRSP July 2025,2026-05-20T12:50:34.557157
Mercedes,A-Class Sedan A180 Style Sedan Amg Line,,At,2WD,1300.0,Sedan,,4,Gasoline,8893388.372916669,KRA CRSP July 2025,2026-05-20T12:50:34.557157
Mercedes,A-Class Sedan A200D Sedan,,At,2WD,2000.0,Sedan,,4,Diesel,6561538.368749999,KRA CRSP July 2025,2026-05-20T12:50:34.557157
Mercedes,A-Class Sedan A200D Sedan Amg Leather Exclusive Package,,At,2WD,2000.0,Sedan,,5,Diesel,8982654.3,KRA CRSP July 2025,2026-05-20T12:50:34.557157
Mercedes,A-Class Sedan A200D Sedan Amg Line,,At,2WD,2000.0,Sedan,,4,Diesel,10417217.6,KRA CRSP July 2025,2026-05-20T12:50:34.557157
Mercedes,A-Class Sedan A200D Sedan Amg Line Package,,At,2WD,2000.0,Sedan,,5,Diesel,10264111.12125,KRA CRSP July 2025,2026-05-20T12:50:34.557157
Mercedes,A-Class Sedan A250 4Matic Edition 1 Sedan,,At,4WD,2000.0,Sedan,,4,Gasoline,10508804.493749997,KRA CRSP July 2025,2026-05-20T12:50:34.557157
Mercedes,A-Class Sedan A250 4Matic Sedan,,At,4WD,2000.0,Sedan,,4,Gasoline,9305627.118749999,KRA CRSP July 2025,2026-05-20T12:50:34.557157
Mercedes,A-Class Sedan A250 4Matic Sedan Amg Leather Exclusive Package,,At,4WD,2000.0,Sedan,,5,Gasoline,11952237.393000001,KRA CRSP July 2025,2026-05-20T12:50:34.557157
Mercedes,A-Class Sedan A250 4Matic Sedan Amg Leather Exclusive Package,,At,4WD,2000.0,Sedan,,4,Gasoline,11066886.475,KRA CRSP July 2025,2026-05-20T12:50:34.557157
Mercedes,A-Class Sedan A250 4Matic Sedan Amg Line,,At,4WD,2000.0,Sedan,,5,Gasoline,12656919.384000001,KRA CRSP July 2025,2026-05-20T12:50:34.557157
Mercedes,A-Class Sedan A250 4Matic Sedan Amg Line,,At,4WD,2000.0,Sedan,,4,Gasoline,11719369.799999997,KRA CRSP July 2025,2026-05-20T12:50:34.557157
Mercedes,Amg A-Class A35 4Matic,4BA-177051M,At,4WD,2000.0,Sedan,,4,Gasoline,10944164.728124997,KRA CRSP July 2025,2026-05-20T12:50:34.557157
Mercedes,Amg A-Class A45 S 4Matic+,,At,4WD,2000.0,Hatchback,,5,Gasoline,16593114.1663125,KRA CRSP July 2025,2026-05-20T12:50:34.557157
Mercedes,Amg A-Class A45 S 4Matic+,,At,4WD,2000.0,Sedan,,5,Gasoline,16517598.954750001,KRA CRSP July 2025,2026-05-20T12:50:34.557157
Mercedes,Amg A-Class A45 S 4Matic+,,At,4WD,2000.0,Hatchback,,4,Gasoline,15363994.5984375,KRA CRSP July 2025,2026-05-20T12:50:34.557157
Mercedes,Amg Cls-Class Cls53 4Matic+,,At,4WD,3000.0,Sedan,,4,Hybrid,22096246.949999996,KRA CRSP July 2025,2026-05-20T12:50:34.557157
Mercedes,Amg E-Class E63 S 4Matic+,,At,4WD,4000.0,Sedan,,5,Gasoline,41086354.30200001,KRA CRSP July 2025,2026-05-20T12:50:34.557157
Mercedes,Amg E-Class Stationwagon E53 4Matic+ Stationwagon,,At,4WD,3000.0,Suv,,7,Hybrid,19280917.434374996,KRA CRSP July 2025,2026-05-20T12:50:34.557157
Mercedes,Amg Eqe Eqe53 4Matic+,ZAA-297155,At,4WD,,Sedan,,4,Electric,16095927.501562497,KRA CRSP July 2025,2026-05-20T12:50:34.557157
Mercedes,Amg Gla-Class Gla35 4Matic,,At,4WD,2000.0,Suv,,7,Gasoline,14459236.874999996,KRA CRSP July 2025,2026-05-20T12:50:34.557157
Mercedes,Amg Gla-Class Gla45 S 4Matic+,4BA-247754M,At,4WD,2000.0,Suv,,7,Gasoline,16423253.9,KRA CRSP July 2025,2026-05-20T12:50:34.557157
Mercedes,Amg Glb Glb35 4Matic,,At,4WD,2000.0,Suv,,7,Gasoline,12446201.5125,KRA CRSP July 2025,2026-05-20T12:50:34.557157
Mercedes,Amg Glc Glc43 4Matic,,At,4WD,3000.0,Suv,,5,Gasoline,20231237.585250005,KRA CRSP July 2025,2026-05-20T12:50:34.557157
Mercedes,Amg Glc Glc63 S 4Matic+,,At,4WD,4000.0,Suv,,5,Gasoline,25364562.193124995,KRA CRSP July 2025,2026-05-20T12:50:34.557157
Mercedes,Amg Sl Sl43,,At,2WD,2000.0,Convertible,,2,Gasoline,21767860.944642857,KRA CRSP July 2025,2026-05-20T12:50:34.557157
Mercedes,Amg Sl Sl63 4Matic+,,At,4WD,4000.0,Convertible,,2,Gasoline,45972846.619071424,KRA CRSP July 2025,2026-05-20T12:50:34.557157
Mercedes,B-Class,,At,2WD,1300.0,Hatchback,,5,Gasoline,10975702.500000002,KRA CRSP July 2025,2026-05-20T12:50:34.557157
Mercedes,B-Class B180,,At,2WD,1400.0,Hatchback,,5,Gasoline,8020102.612499999,KRA CRSP July 2025,2026-05-20T12:50:34.557157
Mercedes,B-Class B180 Amg Leather Exclusive Package,,At,2WD,1300.0,Hatchback,,5,Gasoline,9661362.125625,KRA CRSP July 2025,2026-05-20T12:50:34.557157
Mercedes,B-Class B180 Amg Line,,At,2WD,1300.0,Hatchback,,5,Gasoline,9172960.981875,KRA CRSP July 2025,2026-05-20T12:50:34.557157
Mercedes,B-Class B200D,,At,2WD,2000.0,Hatchback,,5,Gasoline,7051126.0185,KRA CRSP July 2025,2026-05-20T12:50:34.557157
Mercedes,B-Class B200D Amg Leather Exclusive Package,,At,2WD,2000.0,Hatchback,,4,Diesel,9762975.243749999,KRA CRSP July 2025,2026-05-20T12:50:34.557157
Mercedes,B-Class B200D Amg Line,,At,2WD,2000.0,Hatchback,,4,Diesel,8066037.796874998,KRA CRSP July 2025,2026-05-20T12:50:34.557157
Mercedes,B-Class B200D Amg Line Package,,At,2WD,2000.0,Hatchback,,5,Diesel,7008182.0409375,KRA CRSP July 2025,2026-05-20T12:50:34.557157
Mercedes,C-Class All Terrain C220D 4Matic All Terrain,,At,4WD,2000.0,Sedan,,4,Hybrid,11700724.068750001,KRA CRSP July 2025,2026-05-20T12:50:34.557157
Mercedes,C-Class C180 Avantgarde,,At,2WD,1500.0,Sedan,,5,Hybrid,9004779.9225,KRA CRSP July 2025,2026-05-20T12:50:34.557157
Mercedes,C-Class C180 Avantgarde,,At,2WD,1600.0,Sedan,,4,Gasoline,9104569.846874999,KRA CRSP July 2025,2026-05-20T12:50:34.557157
Mercedes,C-Class C180 Avantgarde Amg Line,,At,2WD,1600.0,Sedan,,4,Gasoline,9525154.218749998,KRA CRSP July 2025,2026-05-20T12:50:34.557157
Mercedes,C-Class C180 Cabriolet Sports,,At,2WD,1600.0,Convertible,,2,Gasoline,15567578.035714287,KRA CRSP July 2025,2026-05-20T12:50:34.557157
Mercedes,C-Class C180 Cabriolet Sports Leather Exclusive Package,,At,2WD,1600.0,Convertible,,2,Gasoline,20316025.3275,KRA CRSP July 2025,2026-05-20T12:50:34.557157
Mercedes,C-Class C180 Coupe Sports,,At,2WD,1600.0,Coupe,,2,Gasoline,13296279.600000001,KRA CRSP July 2025,2026-05-20T12:50:34.557157
Mercedes,C-Class C180 Coupe Sports Leather Exclusive Package,,At,2WD,1600.0,Coupe,,2,Gasoline,13963781.507142859,KRA CRSP July 2025,2026-05-20T12:50:34.557157
Mercedes,C-Class C180 Laureus Edition,DBA-205040C,At,2WD,1600.0,Sedan,,4,Gasoline,11172964.435714286,KRA CRSP July 2025,2026-05-20T12:50:34.557157
Mercedes,C-Class C200 Avantgarde Amg Line,,At,2WD,1500.0,Sedan,,4,Hybrid,9260595.91875,KRA CRSP July 2025,2026-05-20T12:50:34.557157
Mercedes,C-Class C200 Laureus Edition Sports Plus Package,5AA-205077,At,2WD,1500.0,S. Wagon,,5,Hybrid,11689994.250000002,KRA CRSP July 2025,2026-05-20T12:50:34.557157
Mercedes,C-Class C200 Laureus Edition Sports Plus Package,,At,2WD,2000.0,Sedan,,4,Diesel,12447081.028125,KRA CRSP July 2025,2026-05-20T12:50:34.557157
Mercedes,C-Class C220D Avantgarde,,At,2WD,2000.0,Sedan,,4,Hybrid,9687336.9,KRA CRSP July 2025,2026-05-20T12:50:34.557157
Mercedes,C-Class C220D Avantgarde Amg Line,,At,2WD,2200.0,Sedan,,4,Diesel,8260234.846874999,KRA CRSP July 2025,2026-05-20T12:50:34.557157
Mercedes,C-Class C220D Avantgarde Amg Line Package,,At,2WD,2000.0,Sedan,,4,Hybrid,9333331.860937499,KRA CRSP July 2025,2026-05-20T12:50:34.557157
Mercedes,C-Class C220D Laureus Edition,LDA-205004,At,2WD,2200.0,Sedan,,4,Diesel,12139728.010714285,KRA CRSP July 2025,2026-05-20T12:50:34.557157
Mercedes,C-Class C220D Laureus Edition Sports Plus Package,3DA-205014,At,2WD,2000.0,Sedan,,4,Diesel,8861764.9,KRA CRSP July 2025,2026-05-20T12:50:34.557157
Mercedes,C-Class C350 E Sports,5LA-206054C,At,2WD,2000.0,Sedan,,5,Plug-In Hybrid,12059553.121875,KRA CRSP July 2025,2026-05-20T12:50:34.557157
Mercedes,C-Class Stationwagon C180 Stationwagon Avantgarde,,At,2WD,1600.0,Wagon,,6,Gasoline,8347834.6031249985,KRA CRSP July 2025,2026-05-20T12:50:34.557157
Mercedes,C-Class Stationwagon C180 Stationwagon Laureus Edition,DBA-205240C,At,2WD,1600.0,Wagon,,6,Hybrid,8800986.182142857,KRA CRSP July 2025,2026-05-20T12:50:34.557157
Mercedes,C-Class Stationwagon C200 4Matic Stationwagon Avantgarde Amg Line,,At,2WD,1500.0,Wagon,,6,Hybrid,8784602.0625,KRA CRSP July 2025,2026-05-20T12:50:34.557157
Mercedes,C-Class Stationwagon C200 4Matic Stationwagon Laureus Edition Sport Plus Package,5AA-205278,At,4WD,1500.0,Wagon,,5,Hybrid,8624882.025000002,KRA CRSP July 2025,2026-05-20T12:50:34.557157
Mercedes,C-Class Stationwagon C200 4Matic Stationwagon Sports Leather Version,DBA-205243,At,2WD,2000.0,Wagon,,5,Hybrid,8024559.840000001,KRA CRSP July 2025,2026-05-20T12:50:34.557157
Mercedes,C-Class Stationwagon C200 Stationwagon Avantgarde Amg Line,,At,2WD,1500.0,Wagon,,6,Hybrid,10085983.639285715,KRA CRSP July 2025,2026-05-20T12:50:34.557157
Mercedes,C-Class Stationwagon C200 Stationwagon Laureus Edition Sport Plus Package,5AA-205277,At,2WD,1500.0,Wagon,,6,Hybrid,9810977.252083335,KRA CRSP July 2025,2026-05-20T12:50:34.557157
Mercedes,C-Class Stationwagon C220D Stationwagon Avantgarde Amg Line,,At,2WD,2200.0,Wagon,,6,Diesel,9502990.424999999,KRA CRSP July 2025,2026-05-20T12:50:34.557157
Mercedes,C-Class Stationwagon C220D Stationwagon Avantgarde Amg Line Package,,At,2WD,2000.0,Wagon,,6,Hybrid,10466135.42142857,KRA CRSP July 2025,2026-05-20T12:50:34.557157
Mercedes,C-Class Stationwagon C220D Stationwagon Laureus Edition,LDA-205204,At,2WD,2200.0,Wagon,,5,Diesel,10335528.858857144,KRA CRSP July 2025,2026-05-20T12:50:34.557157
Mercedes,Cla-Class Cla180 Amg Line Package,,At,2WD,1400.0,Sedan,,4,Hybrid,9586217.732142858,KRA CRSP July 2025,2026-05-20T12:50:34.557157
Mercedes,Cla-Class Cla180 Amg Style,,At,2WD,1600.0,Coupe,,2,Gasoline,9257669.067857143,KRA CRSP July 2025,2026-05-20T12:50:34.557157
Mercedes,Cla-Class Cla180 Amg Style,,At,2WD,1600.0,Sedan,,5,Gasoline,9624212.80714286,KRA CRSP July 2025,2026-05-20T12:50:34.557157
Mercedes,Cla-Class Cla200D,,At,2WD,2000.0,Sedan,,4,Diesel,19998543.55,KRA CRSP July 2025,2026-05-20T12:50:34.557157
Mercedes,Cla-Class Cla200D Amg Leather Exclusive Package,,At,2WD,2000.0,Coupe,,2,Diesel,13931302.3875,KRA CRSP July 2025,2026-05-20T12:50:34.557157
Mercedes,Cla-Class Cla200D Amg Leather Exclusive Package,,At,2WD,2000.0,Sedan,,4,Diesel,12995371.068749998,KRA CRSP July 2025,2026-05-20T12:50:34.557157
Mercedes,Cla-Class Cla200D Amg Line,,At,2WD,2000.0,Sedan,,5,Diesel,9872830.263375,KRA CRSP July 2025,2026-05-20T12:50:34.557157
Mercedes,Cla-Class Cla200D Amg Line,,At,2WD,2000.0,Coupe,,2,Diesel,9799734.375,KRA CRSP July 2025,2026-05-20T12:50:34.557157
Mercedes,Cla-Class Cla200D Amg Line Package,,At,2WD,2000.0,Coupe,,2,Diesel,8964797.006250001,KRA CRSP July 2025,2026-05-20T12:50:34.557157
Mercedes,Cla-Class Cla200D Amg Line Package,,At,2WD,2000.0,Sedan,,4,Diesel,11707006.323214285,KRA CRSP July 2025,2026-05-20T12:50:34.557157
Mercedes,Cla-Class Cla250 4Matic Amg Leather Exclusive Package,,At,2WD,2000.0,Sedan,,4,Gasoline,13799600.156249996,KRA CRSP July 2025,2026-05-20T12:50:34.557157
Mercedes,Cla-Class Cla250 Sport 4Matic,,At,4WD,2000.0,Sedan,,5,Gasoline,11199248.440714287,KRA CRSP July 2025,2026-05-20T12:50:34.557157
Mercedes,Cla-Class Shooting Brake Cla180 Shooting Brake Amg Style,,At,2WD,1600.0,Wagon,,5,Gasoline,7018233.139285714,KRA CRSP July 2025,2026-05-20T12:50:34.557157
Mercedes,Cla-Class Shooting Brake Cla200D Shooting Brake Amg Leather Exclusive Package,,At,2WD,2000.0,Wagon,,5,Diesel,10093961.599875,KRA CRSP July 2025,2026-05-20T12:50:34.557157
Mercedes,Cla-Class Shooting Brake Cla200D Shooting Brake Amg Line,,At,2WD,2000.0,Wagon,,6,Diesel,9922202.752499998,KRA CRSP July 2025,2026-05-20T12:50:34.557157
Mercedes,Cla-Class Shooting Brake Cla200D Shooting Brake Amg Line Package,,At,2WD,2000.0,Wagon,,5,Gasoline,9493340.882142859,KRA CRSP July 2025,2026-05-20T12:50:34.557157
Mercedes,Cla-Class Shooting Brake Cla220 4Matic Shooting Brake,,At,2WD,2000.0,Wagon,,6,Gasoline,9987276.857142856,KRA CRSP July 2025,2026-05-20T12:50:34.557157
Mercedes,Cla-Class Shooting Brake Cla250 4Matic Shooting Brake Amg Line,,At,4WD,2000.0,Wagon,,5,Gasoline,10238912.811,KRA CRSP July 2025,2026-05-20T12:50:34.557157
Mercedes,Class All Teeeain E220D 4Matic All Terrain,,At,4WD,1900.0,Wagon,,6,Diesel,11095164.996428572,KRA CRSP July 2025,2026-05-20T12:50:34.557157
Mercedes,Cle Cle200 Cabriolet Sport,,At,2WD,2000.0,Convertible,,2,Hybrid,17377733.573437497,KRA CRSP July 2025,2026-05-20T12:50:34.557157
Mercedes,Cle Cle200 Coupe Sport,4AA-236350C,At,2WD,2000.0,Coupe,,4,Hybrid,14291003.12625,KRA CRSP July 2025,2026-05-20T12:50:34.557157
Mercedes,Cls-Class Cls220D Sports,,At,2WD,2000.0,Sedan,,5,Diesel,12483091.915875,KRA CRSP July 2025,2026-05-20T12:50:34.557157
Mercedes,Cls-Class Cls220D Sports Exclusive Package,LDA-257314,At,2WD,2000.0,Sedan,,4,Diesel,15174810.787499998,KRA CRSP July 2025,2026-05-20T12:50:34.557157
Mercedes,Cls-Class Cls450 4Matic Sport,DAA-257359,At,2WD,3000.0,Sedan,,4,Diesel,17755761.953571428,KRA CRSP July 2025,2026-05-20T12:50:34.557157
Mercedes,E-Class All Teeeain,,At,4WD,2000.0,Wagon,,6,Hybrid,16719416.128124999,KRA CRSP July 2025,2026-05-20T12:50:34.557157
Mercedes,E-Class All Teeeain E220D 4Matic All Terrain,,At,4WD,1900.0,Wagon,,5,Diesel,11982778.19614286,KRA CRSP July 2025,2026-05-20T12:50:34.557157
Mercedes,E-Class All Teeeain E220D 4Matic All Terrain Laureus Edition,LDA-213217,At,4WD,1900.0,Wagon,,6,Diesel,13062800.599999998,KRA CRSP July 2025,2026-05-20T12:50:34.557157
Mercedes,E-Class E200 4Matic Avantgarde,,At,4WD,2000.0,Sedan,,5,Gasoline,14683250.005714286,KRA CRSP July 2025,2026-05-20T12:50:34.557157
Mercedes,E-Class E200 Avantgarde Amg Line Package,,At,2WD,2000.0,Sedan,,4,Hybrid,14722563.853124997,KRA CRSP July 2025,2026-05-20T12:50:34.557157
Mercedes,E-Class E200 Cabriolet Sports,,At,2WD,2000.0,Convertible,,2,Gasoline,18546697.285714287,KRA CRSP July 2025,2026-05-20T12:50:34.557157
Mercedes,E-Class E200 Cabriolet Sports,,At,2WD,2000.0,Sedan,,4,Gasoline,17300424.150000002,KRA CRSP July 2025,2026-05-20T12:50:34.557157
Mercedes,E-Class E200 Coupe Sport,,At,2WD,2000.0,Sedan,,5,Gasoline,14315892.915857144,KRA CRSP July 2025,2026-05-20T12:50:34.557157
Mercedes,E-Class E200 Coupe Sport,,At,2WD,2000.0,Coupe,,2,Gasoline,14210174.828571428,KRA CRSP July 2025,2026-05-20T12:50:34.557157
Mercedes,E-Class E200 Sport,,At,2WD,1500.0,Sedan,,4,Diesel,13663646.585416669,KRA CRSP July 2025,2026-05-20T12:50:34.557157
Mercedes,E-Class E220D Avantgarde,LDA-213004C,At,2WD,2000.0,Sedan,,5,Diesel,13108124.700000001,KRA CRSP July 2025,2026-05-20T12:50:34.557157
Mercedes,E-Class E220D Avantgarde Amg Line,,At,2WD,2000.0,Sedan,,5,Diesel,12415840.633125,KRA CRSP July 2025,2026-05-20T12:50:34.557157
Mercedes,E-Class E220D Avantgarde Amg Line Package,,At,2WD,2000.0,Sedan,,4,Diesel,14417547.834374998,KRA CRSP July 2025,2026-05-20T12:50:34.557157
Mercedes,E-Class E220D Avantgarde Sport,,At,2WD,2000.0,Sedan,,5,Diesel,14550376.807285717,KRA CRSP July 2025,2026-05-20T12:50:34.557157
Mercedes,E-Class E220D Laureus Edition,LDA-213004C,At,2WD,2000.0,Sedan,,5,Diesel,10473607.665000001,KRA CRSP July 2025,2026-05-20T12:50:34.557157
Mercedes,E-Class E250 Avantgarde Sport,,At,2WD,2000.0,Sedan,,4,Gasoline,13062465.546428572,KRA CRSP July 2025,2026-05-20T12:50:34.557157
Mercedes,E-Class E300 Avantgarde Sport,,At,2WD,2000.0,Sedan,,4,Gasoline,14900401.912499998,KRA CRSP July 2025,2026-05-20T12:50:34.557157
Mercedes,E-Class E300 Coupe Sport,5BA-238383C,At,2WD,2000.0,Coupe,,2,Gasoline,15826515.017142858,KRA CRSP July 2025,2026-05-20T12:50:34.557157
Mercedes,E-Class E300 Exclusive Amg Line Package,,At,2WD,2000.0,Sedan,,5,Hybrid,21923063.2873125,KRA CRSP July 2025,2026-05-20T12:50:34.557157
Mercedes,E-Class E300 Sport,,At,2WD,2000.0,Sedan,,5,Gasoline,14317411.921875,KRA CRSP July 2025,2026-05-20T12:50:34.557157
Mercedes,E-Class E450 4Matic Cabriolet Sports,DBA-238468,At,4WD,3000.0,Sedan,,5,Gasoline,26502324.714000005,KRA CRSP July 2025,2026-05-20T12:50:34.557157
Mercedes,E-Class E450 4Matic Coupe Sport,,At,4WD,3000.0,Coupe,,2,Gasoline,17866875.7125,KRA CRSP July 2025,2026-05-20T12:50:34.557157
Mercedes,E-Class E450 4Matic Exclusive,,At,4WD,3000.0,Sedan,,5,Hybrid,18264091.612499997,KRA CRSP July 2025,2026-05-20T12:50:34.557157
Mercedes,E-Class Station Wagon E220D Stationwagon Avantgarde Amg Line Package,,At,2WD,2000.0,Wagon,,6,Diesel,15516502.607812498,KRA CRSP July 2025,2026-05-20T12:50:34.557157
Mercedes,E-Class Station Wagon E220D Stationwagon Avantgarde Sports Leather Version,,At,2WD,2000.0,Wagon,,6,Diesel,12014283.953571428,KRA CRSP July 2025,2026-05-20T12:50:34.557157
Mercedes,E-Class Station Wagon E220D Stationwagon Sport,,At,2WD,2000.0,Wagon,,6,Diesel,12543440.76,KRA CRSP July 2025,2026-05-20T12:50:34.557157
Mercedes,E-Class Station Wagon E250 Stationwagon Avantgarde Sports Leather Version,,At,2WD,2000.0,Wagon,,6,Gasoline,13154136.203571428,KRA CRSP July 2025,2026-05-20T12:50:34.557157
Mercedes,E-Class Station Wagon E300 Stationwagon Avantgarde Sport,,At,2WD,2000.0,Wagon,,6,Hybrid,11839922.075000003,KRA CRSP July 2025,2026-05-20T12:50:34.557157
Mercedes,E-Class Station Wagon E450 4Matic Stationwagon Exclusive,5AA-213259,At,4WD,3000.0,Wagon,,6,Hybrid,21106967.775,KRA CRSP July 2025,2026-05-20T12:50:34.557157
Mercedes,E-Class Stationwagon E200 4Matic Stationwagon Avantgarde Amg Line,,At,2WD,1500.0,Wagon,,6,Hybrid,14798378.099999998,KRA CRSP July 2025,2026-05-20T12:50:34.557157
Mercedes,E-Class Stationwagon E200 4Matic Stationwagon Laureus Edition,4AA-213278C,At,2WD,1500.0,Wagon,,5,Hybrid,13953311.343000004,KRA CRSP July 2025,2026-05-20T12:50:34.557157
Mercedes,E-Class Stationwagon E200 Stationwagon Avantgarde,,At,2WD,2000.0,Wagon,,6,Gasoline,7166594.860714286,KRA CRSP July 2025,2026-05-20T12:50:34.557157
Mercedes,E-Class Stationwagon E200 Stationwagon Avantgarde Amg Line Package,,At,2WD,2000.0,Wagon,,6,Hybrid,18474577.509375,KRA CRSP July 2025,2026-05-20T12:50:34.557157
Mercedes,E-Class Stationwagon E200 Stationwagon Avantgarde Sports Leather Version,,At,2WD,2000.0,Wagon,,6,Gasoline,10472392.546874996,KRA CRSP July 2025,2026-05-20T12:50:34.557157
Mercedes,E-Class Stationwagon E200 Stationwagon Sport,4AA-213277C,At,2WD,1500.0,Wagon,,6,Hybrid,8882316.2484375,KRA CRSP July 2025,2026-05-20T12:50:34.557157
Mercedes,E-Class Stationwagon E220D Stationwagon Avantgarde,,At,4WD,2000.0,Wagon,,6,Diesel,10723054.499999998,KRA CRSP July 2025,2026-05-20T12:50:34.557157
Mercedes,E-Class Stationwagon E220D Stationwagon Avantgarde Amg Line,,At,2WD,2000.0,Wagon,,5,Diesel,9185499.356624998,KRA CRSP July 2025,2026-05-20T12:50:34.557157
Mercedes,E-Class Stationwagon E220D Stationwagon Avantgarde Amg Line Package,,At,2WD,2000.0,Wagon,,5,Diesel,16757822.8164375,KRA CRSP July 2025,2026-05-20T12:50:34.557157
Mercedes,E-Class Stationwagon E220D Stationwagon Avantgarde Sports Leather Version,,At,2WD,2000.0,Wagon,,5,Diesel,12975426.669857142,KRA CRSP July 2025,2026-05-20T12:50:34.557157
Mercedes,E-Class Stationwagon E220D Stationwagon Sport,,At,2WD,2000.0,Wagon,,5,Diesel,13546916.020800004,KRA CRSP July 2025,2026-05-20T12:50:34.557157
Mercedes,E-Class Stationwagon E250 Stationwagon Avantgarde Sports Leather Version,,At,2WD,2000.0,Wagon,,5,Gasoline,14206467.09985714,KRA CRSP July 2025,2026-05-20T12:50:34.557157
Mercedes,E-Class Stationwagon E300 Stationwagon Avantgarde Sport,,At,2WD,2000.0,Wagon,,5,Hybrid,12787115.841000002,KRA CRSP July 2025,2026-05-20T12:50:34.557157
Mercedes,E-Class Stationwagon E400 4Matic Stationwagon Exclusive,,At,2WD,3500.0,Wagon,,5,Gasoline,15259039.234714288,KRA CRSP July 2025,2026-05-20T12:50:34.557157
Mercedes,E-Class Stationwagon E450 4Matic Stationwagon Exclusive,5AA-213259,At,4WD,3000.0,Wagon,,5,Hybrid,22795525.197000004,KRA CRSP July 2025,2026-05-20T12:50:34.557157
Mercedes,Eqa Eqa250,,At,2WD,,Suv,,5,Electric,7186279.9281428605,KRA CRSP July 2025,2026-05-20T12:50:34.557157
Mercedes,Eqa Eqa250 Amg Leather Exclusive Package,,At,2WD,,Suv,,5,Electric,10692725.986800004,KRA CRSP July 2025,2026-05-20T12:50:34.557157
Mercedes,Eqa Eqa250 Amg Line,,At,2WD,,Suv,,5,Electric,11888051.046300001,KRA CRSP July 2025,2026-05-20T12:50:34.557157
Mercedes,Eqa Eqa250 Amg Line Package,,At,2WD,,Suv,,5,Electric,7310171.011982145,KRA CRSP July 2025,2026-05-20T12:50:34.557157
Mercedes,Eqa Eqa250 Edition 1,ZAA-243701C,At,2WD,,Suv,,5,Electric,10778822.826750003,KRA CRSP July 2025,2026-05-20T12:50:34.557157
Mercedes,Eqb Eqb250,,At,2WD,,Suv,,5,Electric,10559998.334089287,KRA CRSP July 2025,2026-05-20T12:50:34.557157
Mercedes,Eqb Eqb250 Amg Line Package,,At,2WD,,Suv,,5,Electric,11103029.373857144,KRA CRSP July 2025,2026-05-20T12:50:34.557157
Mercedes,Eqb Eqb250+ Amg Line Package,,At,2WD,,Suv,,5,Electric,11773795.106390627,KRA CRSP July 2025,2026-05-20T12:50:34.557157
Mercedes,Eqb Eqb350 4Matic,,At,4WD,,Suv,,5,Electric,10360354.569468752,KRA CRSP July 2025,2026-05-20T12:50:34.557157
Mercedes,Eqb Eqb350 4Matic Amg Line Package,,At,4WD,,Suv,,5,Electric,10917441.525375003,KRA CRSP July 2025,2026-05-20T12:50:34.557157
Mercedes,Eqc Eqc400 4Matic Amg Line,,At,4WD,,Suv,,5,Electric,12754034.795700006,KRA CRSP July 2025,2026-05-20T12:50:34.557157
Mercedes,Eqc Eqc400 4Matic Amg Line Package,,At,4WD,,Suv,,7,Electric,14292782.260714285,KRA CRSP July 2025,2026-05-20T12:50:34.557157
Mercedes,Eqe Eqe350+ Amg Line Package,,At,4WD,,Suv,,5,Electric,12609425.540250003,KRA CRSP July 2025,2026-05-20T12:50:34.557157
Mercedes,Eqe Suv Eqe350 4Matic Suv Amg Line Package,,At,4WD,,Suv,,5,Electric,15212966.813859377,KRA CRSP July 2025,2026-05-20T12:50:34.557157
Mercedes,Eqe Suv Eqe350 4Matic Suv Launch Edition,ZAA-294612,At,4WD,,Suv,,5,Electric,13582194.447937503,KRA CRSP July 2025,2026-05-20T12:50:34.557157
Mercedes,Eqs Eqs450+,ZAA-297123,At,2WD,,Suv,,5,Electric,17503571.151000004,KRA CRSP July 2025,2026-05-20T12:50:34.557157
Mercedes,Eqs Eqs450+ Amg Line Package,,At,2WD,,Suv,,5,Electric,12425006.944968753,KRA CRSP July 2025,2026-05-20T12:50:34.557157
Mercedes,Eqs Suv Eqs450 4Matic Suv Amg Line Package,,At,4WD,,Suv,,5,Electric,17177274.874767862,KRA CRSP July 2025,2026-05-20T12:50:34.557157
Mercedes,Eqs Suv Eqs580 4Matic Suv Sport,ZAA-296644,At,4WD,,Suv,,5,Electric,22555342.044321436,KRA CRSP July 2025,2026-05-20T12:50:34.557157
Mercedes,G-Class G350D,,At,4WD,3000.0,Wagon,,6,Diesel,28557822.085714288,KRA CRSP July 2025,2026-05-20T12:50:34.557157
Mercedes,G-Class G350D Amg Line,,At,4WD,3000.0,Wagon,,6,Diesel,46648570.6,KRA CRSP July 2025,2026-05-20T12:50:34.557157
Mercedes,G-Class G350D Heritage Edition,LDA-463348,At,4WD,3000.0,Wagon,,6,Diesel,47409410.25,KRA CRSP July 2025,2026-05-20T12:50:34.557157
Mercedes,G-Class G400D,3DA-463350,At,4WD,3000.0,Wagon,,6,Diesel,47988201.8925,KRA CRSP July 2025,2026-05-20T12:50:34.557157
Mercedes,G-Class G400D Amg Line,,At,4WD,3000.0,Wagon,,5,Diesel,38596699.873285726,KRA CRSP July 2025,2026-05-20T12:50:34.557157
Mercedes,G-Class G400D Manufaktur Edition,,At,4WD,3000.0,Wagon,,5,Diesel,35230838.306062505,KRA CRSP July 2025,2026-05-20T12:50:34.557157
Mercedes,G-Class G450D Launch Edition,7CA-465310C,At,4WD,3000.0,Wagon,,5,Diesel,43249698.8848125,KRA CRSP July 2025,2026-05-20T12:50:34.557157
Mercedes,G-Class G550 Amg Line,,At,4WD,4000.0,Wagon,,5,Gasoline,52522111.9755,KRA CRSP July 2025,2026-05-20T12:50:34.557157
Mercedes,Gla-Class Gla180,,At,2WD,1400.0,Suv,,5,Gasoline,9709587.137571432,KRA CRSP July 2025,2026-05-20T12:50:34.557157
Mercedes,Gla-Class Gla180 Amg Line Package,,At,2WD,1400.0,Suv,,5,Gasoline,9579888.235125,KRA CRSP July 2025,2026-05-20T12:50:34.557157
Mercedes,Gla-Class Gla200D 4Matic,3DA-247713M,At,4WD,2000.0,Suv,,5,Diesel,12464917.605000002,KRA CRSP July 2025,2026-05-20T12:50:34.557157
Mercedes,Gla-Class Gla200D 4Matic,3DA-247713M,At,2WD,1400.0,Suv,,7,Gasoline,8131077.977343749,KRA CRSP July 2025,2026-05-20T12:50:34.557157
Mercedes,Gla-Class Gla200D 4Matic Amg Line,,At,4WD,2000.0,Suv,,5,Diesel,12624091.639200002,KRA CRSP July 2025,2026-05-20T12:50:34.557157
Mercedes,Gla-Class Gla200D 4Matic Amg Line Package,,At,4WD,2000.0,Suv,,7,Diesel,11688973.74,KRA CRSP July 2025,2026-05-20T12:50:34.557157
Mercedes,Gla-Class Gla220 4Matic,,At,4WD,2000.0,Suv,,5,Gasoline,7724208.772125,KRA CRSP July 2025,2026-05-20T12:50:34.557157
Mercedes,Gla-Class Gla220 4Matic,,At,4WD,2000.0,Suv,,7,Diesel,9381164.94642857,KRA CRSP July 2025,2026-05-20T12:50:34.557157
Mercedes,Glb Glb180,,At,4WD,1400.0,Suv,,5,Gasoline,9303854.01525,KRA CRSP July 2025,2026-05-20T12:50:34.557157
Mercedes,Glb Glb180,,At,4WD,2000.0,Suv,,7,Gasoline,7152045.159374999,KRA CRSP July 2025,2026-05-20T12:50:34.557157
Mercedes,Glb Glb180 Amg Leather Exclusive Package,,At,2WD,1400.0,Suv,,5,Gasoline,12040544.2798125,KRA CRSP July 2025,2026-05-20T12:50:34.557157
Mercedes,Glb Glb180 Amg Leather Exclusive Package,,At,4WD,1400.0,Suv,,7,Gasoline,7896789.6734375,KRA CRSP July 2025,2026-05-20T12:50:34.557157
Mercedes,Glb Glb180 Amg Line,,At,4WD,1400.0,Suv,,5,Gasoline,13601476.9485,KRA CRSP July 2025,2026-05-20T12:50:34.557157
Mercedes,Glb Glb180 Amg Line,,At,2WD,1400.0,Suv,,7,Gasoline,10219597.768359374,KRA CRSP July 2025,2026-05-20T12:50:34.557157
Mercedes,Glb Glb180 Amg Line Package,,At,2WD,1400.0,Suv,,5,Gasoline,11948582.628642859,KRA CRSP July 2025,2026-05-20T12:50:34.557157
Mercedes,Glb Glb180 Amg Line Package,,At,4WD,1400.0,Suv,,7,Gasoline,11544463.459375001,KRA CRSP July 2025,2026-05-20T12:50:34.557157
Mercedes,Glb Glb200D,3DA-247612M,At,2WD,2000.0,Suv,,5,Diesel,9716751.923142858,KRA CRSP July 2025,2026-05-20T12:50:34.557157
Mercedes,Glb Glb200D,3DA-247612M,At,2WD,1400.0,Suv,,7,Gasoline,10141543.897767859,KRA CRSP July 2025,2026-05-20T12:50:34.557157
Mercedes,Glb Glb200D 4Matic,,At,4WD,2000.0,Suv,,5,Diesel,13319401.511700002,KRA CRSP July 2025,2026-05-20T12:50:34.557157
Mercedes,Glb Glb200D 4Matic,,At,2WD,2000.0,Suv,,7,Diesel,8996992.521428574,KRA CRSP July 2025,2026-05-20T12:50:34.557157
Mercedes,Glb Glb200D 4Matic Amg Leather Exclusive Package,,At,4WD,2000.0,Suv,,7,Diesel,12332779.177499998,KRA CRSP July 2025,2026-05-20T12:50:34.557157
Mercedes,Glb Glb200D 4Matic Amg Line,,At,4WD,2000.0,Suv,,7,Diesel,14253882.54107143,KRA CRSP July 2025,2026-05-20T12:50:34.557157
Mercedes,Glb Glb200D 4Matic Amg Line Package,,At,4WD,2000.0,Suv,,7,Diesel,13329235.2,KRA CRSP July 2025,2026-05-20T12:50:34.557157
Mercedes,Glb Glb200D 4Matic Edition Black Stars,3DA-247613M,At,2WD,2000.0,Suv,,5,Diesel,15588904.334062498,KRA CRSP July 2025,2026-05-20T12:50:34.557157
Mercedes,Glb Glb200D 4Matic Edition Black Stars,3DA-247613M,At,4WD,2000.0,Suv,,7,Diesel,10284000.299999999,KRA CRSP July 2025,2026-05-20T12:50:34.557157
Mercedes,Glb Glb200D 4Matic Night Edition,3DA-247613M,At,4WD,2000.0,Suv,,5,Diesel,15092213.716125,KRA CRSP July 2025,2026-05-20T12:50:34.557157
Mercedes,Glb Glb200D 4Matic Night Edition,3DA-247613M,At,2WD,2000.0,Suv,,7,Diesel,14434170.679687496,KRA CRSP July 2025,2026-05-20T12:50:34.557157
Mercedes,Glb Glb200D Amg Line,,At,2WD,2000.0,Suv,,5,Diesel,18706748.526000004,KRA CRSP July 2025,2026-05-20T12:50:34.557157
Mercedes,Glb Glb200D Amg Line,,At,4WD,2000.0,Suv,,7,Diesel,13974271.959374998,KRA CRSP July 2025,2026-05-20T12:50:34.557157
Mercedes,Glb Glb250 4Matic Sports,,At,4WD,2000.0,Suv,,5,Gasoline,14519893.901400004,KRA CRSP July 2025,2026-05-20T12:50:34.557157
Mercedes,Glb Glb250 4Matic Sports,,At,2WD,2000.0,Suv,,7,Diesel,17321063.45,KRA CRSP July 2025,2026-05-20T12:50:34.557157
Mercedes,Glc-Class Glc200 Sports,,At,4WD,2000.0,Suv,,5,Gasoline,12027069.597857144,KRA CRSP July 2025,2026-05-20T12:50:34.557157
Mercedes,Glc-Class Glc220D 4Matic Amg Line,,At,4WD,2000.0,Suv,,7,Gasoline,11136175.55357143,KRA CRSP July 2025,2026-05-20T12:50:34.557157
Mercedes,Glc-Class Glc220D 4Matic Coupe,3DA-253315C,At,4WD,2000.0,Coupe,,2,Plug-In Hybrid,18303747.4305,KRA CRSP July 2025,2026-05-20T12:50:34.557157
Mercedes,Glc-Class Glc220D 4Matic Coupe,3DA-253315C,At,4WD,2000.0,Suv,,7,Diesel,10662367.921874996,KRA CRSP July 2025,2026-05-20T12:50:34.557157
Mercedes,Glc-Class Glc220D 4Matic Coupe Amg Line,,At,4WD,2000.0,Coupe,,4,Plug-In Hybrid,16947914.287499998,KRA CRSP July 2025,2026-05-20T12:50:34.557157
Mercedes,Glc-Class Glc220D 4Matic Coupe Amg Line Package,,At,4WD,2000.0,Coupe,,2,Hybrid,18175514.052375,KRA CRSP July 2025,2026-05-20T12:50:34.557157
Mercedes,Glc-Class Glc220D 4Matic Coupe Amg Line Package,,At,4WD,2000.0,Coupe,,4,Diesel,14341029.974999998,KRA CRSP July 2025,2026-05-20T12:50:34.557157
Mercedes,Glc-Class Glc220D 4Matic Coupe Drivers Package+Amg Line Package,3CA-254305,At,4WD,2000.0,Coupe,,4,Hybrid,16829179.678124998,KRA CRSP July 2025,2026-05-20T12:50:34.557157
Mercedes,Glc-Class Glc220D 4Matic Coupe Sports,,At,4WD,2100.0,Coupe,,2,Diesel,12876422.360142857,KRA CRSP July 2025,2026-05-20T12:50:34.557157
Mercedes,Glc-Class Glc220D 4Matic Coupe Sports,,At,4WD,2000.0,Coupe,,4,Hybrid,19900975.950000003,KRA CRSP July 2025,2026-05-20T12:50:34.557157
Mercedes,Glc-Class Glc220D 4Matic Coupe Sports(Leather Version),,At,4WD,2000.0,Coupe,,2,Hybrid,24385429.110375,KRA CRSP July 2025,2026-05-20T12:50:34.557157
Mercedes,Glc-Class Glc220D 4Matic Coupe Sports(Leather Version),,At,4WD,2100.0,Coupe,,4,Diesel,11922613.29642857,KRA CRSP July 2025,2026-05-20T12:50:34.557157
Mercedes,Glc-Class Glc220D 4Matic Drivers Package,,At,4WD,2000.0,Suv,,5,Hybrid,16791448.457812503,KRA CRSP July 2025,2026-05-20T12:50:34.557157
Mercedes,Glc-Class Glc220D 4Matic Drivers Package,,At,4WD,2000.0,Coupe,,4,Hybrid,22579101.02812499,KRA CRSP July 2025,2026-05-20T12:50:34.557157
Mercedes,Glc-Class Glc220D 4Matic Laureus Edition,LDA-253905C,At,4WD,2100.0,Suv,,5,Diesel,14441928.007499998,KRA CRSP July 2025,2026-05-20T12:50:34.557157
Mercedes,Glc-Class Glc220D 4Matic Laureus Edition,LDA-253905C,At,4WD,2000.0,Suv,,7,Hybrid,15547637.460937496,KRA CRSP July 2025,2026-05-20T12:50:34.557157
Mercedes,Glc-Class Glc220D 4Matic Sports,,At,4WD,2100.0,Coupe,,2,Hybrid,17087525.07975,KRA CRSP July 2025,2026-05-20T12:50:34.557157
Mercedes,Glc-Class Glc220D 4Matic Sports,,At,4WD,2100.0,Suv,,7,Diesel,13372155.562499996,KRA CRSP July 2025,2026-05-20T12:50:34.557157
Mercedes,Glc-Class Glc300 4Matic,,At,4WD,2000.0,Suv,,5,Gasoline,19196740.250357144,KRA CRSP July 2025,2026-05-20T12:50:34.557157
Mercedes,Glc-Class Glc300 4Matic,,At,4WD,2100.0,Coupe,,4,Hybrid,15821782.481249996,KRA CRSP July 2025,2026-05-20T12:50:34.557157
Mercedes,Glc-Class Glc300 4Matic Coupe Amg Line,,At,4WD,2000.0,Coupe,,2,Gasoline,20362827.195,KRA CRSP July 2025,2026-05-20T12:50:34.557157
Mercedes,Glc-Class Glc300 4Matic Coupe Amg Line,,At,4WD,2000.0,Suv,,7,Gasoline,17774759.49107143,KRA CRSP July 2025,2026-05-20T12:50:34.557157
Mercedes,Glc-Class Glc350 E 4Matic Coupe Sports Ed Star Amg Leather Exclusive Pac,,At,4WD,2000.0,Coupe,,2,Plug-In Hybrid,18165540.3451875,KRA CRSP July 2025,2026-05-20T12:50:34.557157
Mercedes,Glc-Class Glc350 E 4Matic Coupe Sports Ed Star Amg Leather Exclusive Pac,,At,4WD,2000.0,Coupe,,4,Gasoline,18854469.625,KRA CRSP July 2025,2026-05-20T12:50:34.557157
Mercedes,Glc-Class Glc350 E 4Matic Sports Edition Star,,At,4WD,2000.0,Suv,,5,Plug-In Hybrid,14397188.8066875,KRA CRSP July 2025,2026-05-20T12:50:34.557157
Mercedes,Glc-Class Glc350 E 4Matic Sports Edition Star,,At,4WD,2000.0,Coupe,,4,Plug-In Hybrid,16819944.764062498,KRA CRSP July 2025,2026-05-20T12:50:34.557157
Mercedes,Glc-Class Glc350E 4M Sports Ed Star Amg Leather Exclusive Package,,At,4WD,2000.0,Suv,,7,Plug-In Hybrid,13330730.376562497,KRA CRSP July 2025,2026-05-20T12:50:34.557157
Mercedes,Gle,,At,4WD,3000.0,Coupe,,2,Diesel,24721115.598,KRA CRSP July 2025,2026-05-20T12:50:34.557157
Mercedes,Gle,,At,4WD,2000.0,Suv,,7,Plug-In Hybrid,12546554.245312499,KRA CRSP July 2025,2026-05-20T12:50:34.557157
Mercedes,Gle Gle300D 4Matic Amg Line,,At,4WD,2000.0,Suv,,5,Diesel,24168287.256750003,KRA CRSP July 2025,2026-05-20T12:50:34.557157
Mercedes,Gle Gle300D 4Matic Amg Line,,At,4WD,3000.0,Coupe,,4,Diesel,22889921.849999998,KRA CRSP July 2025,2026-05-20T12:50:34.557157
Mercedes,Gle Gle300D 4Matic Amg Line Package,,At,4WD,2000.0,Suv,,5,Hybrid,22558815.87975,KRA CRSP July 2025,2026-05-20T12:50:34.557157
Mercedes,Gle Gle300D 4Matic Amg Line Package,,At,4WD,2000.0,Suv,,7,Diesel,22378043.756249998,KRA CRSP July 2025,2026-05-20T12:50:34.557157
Mercedes,Gle Gle350D 4Matic Coupe Sports,,At,4WD,2000.0,Suv,,7,Hybrid,20887792.48124999,KRA CRSP July 2025,2026-05-20T12:50:34.557157
Mercedes,Gle Gle400D 4Matic Coupe Sports,,At,4WD,3000.0,Coupe,,4,Diesel,22169221.617857147,KRA CRSP July 2025,2026-05-20T12:50:34.557157
Mercedes,Gle Gle400D 4Matic Sports,,At,4WD,3000.0,Suv,,5,Diesel,21514331.268000003,KRA CRSP July 2025,2026-05-20T12:50:34.557157
Mercedes,Gle Gle400D 4Matic Sports,,At,4WD,3000.0,Coupe,,4,Diesel,23275782.945,KRA CRSP July 2025,2026-05-20T12:50:34.557157
Mercedes,Gle Gle450 4Matic Sports,,At,4WD,3000.0,Suv,,5,Hybrid,27582714.671624996,KRA CRSP July 2025,2026-05-20T12:50:34.557157
Mercedes,Gle Gle450 4Matic Sports,,At,4WD,3000.0,Suv,,7,Diesel,19920677.099999998,KRA CRSP July 2025,2026-05-20T12:50:34.557157
Mercedes,Gle Gle450D 4Matic Coupe Sports,,At,4WD,3000.0,Coupe,,2,Hybrid,22349245.901785713,KRA CRSP July 2025,2026-05-20T12:50:34.557157
Mercedes,Gle Gle450D 4Matic Coupe Sports,,At,4WD,3000.0,Suv,,7,Hybrid,25539550.621874996,KRA CRSP July 2025,2026-05-20T12:50:34.557157
Mercedes,Gls Gls400D 4Matic,3DA-167923,At,4WD,3000.0,Suv,,5,Diesel,30030294.07800001,KRA CRSP July 2025,2026-05-20T12:50:34.557157
Mercedes,Gls Gls400D 4Matic Amg Line,,At,4WD,3000.0,Suv,,5,Diesel,29506468.64400001,KRA CRSP July 2025,2026-05-20T12:50:34.557157
Mercedes,Gls Gls400D 4Matic Amg Line Package,,At,4WD,3000.0,Suv,,7,Diesel,27320804.300000004,KRA CRSP July 2025,2026-05-20T12:50:34.557157
Mercedes,Gls Gls450D 4Matic Amg Line Package,,At,4WD,3000.0,Suv,,5,Hybrid,27244463.5164375,KRA CRSP July 2025,2026-05-20T12:50:34.557157
Mercedes,S-Class,,At,2WD,4000.0,Sedan,,5,Gasoline,24642302.956714287,KRA CRSP July 2025,2026-05-20T12:50:34.557157
Mercedes,S-Class S400D 4 Matic,,At,2WD,3000.0,Sedan,,5,Diesel,21376137.752357148,KRA CRSP July 2025,2026-05-20T12:50:34.557157
Mercedes,S-Class S400D 4 Matic,,At,2WD,4000.0,Sedan,,4,Gasoline,24718359.44732143,KRA CRSP July 2025,2026-05-20T12:50:34.557157
Mercedes,S-Class S400D 4 Matic Amg Line,,At,4WD,3000.0,Sedan,,5,Diesel,22433660.102700002,KRA CRSP July 2025,2026-05-20T12:50:34.557157
Mercedes,S-Class S400D 4 Matic Amg Line,,At,2WD,3000.0,Sedan,,4,Diesel,19792720.14107143,KRA CRSP July 2025,2026-05-20T12:50:34.557157
Mercedes,S-Class S400D 4 Matic Amg Line,,At,4WD,3000.0,Convertible,,2,Diesel,20103175.096875004,KRA CRSP July 2025,2026-05-20T12:50:34.557157
Mercedes,S-Class S400D 4 Matic Amg Line Package,,At,4WD,3000.0,Sedan,,4,Diesel,20771907.502499998,KRA CRSP July 2025,2026-05-20T12:50:34.557157
Mercedes,S-Class S400D Sports Limited,LDA-222034,At,2WD,3000.0,Sedan,,5,Diesel,19899793.881000005,KRA CRSP July 2025,2026-05-20T12:50:34.557157
Mercedes,S-Class S400D Sports Limited,LDA-222034,At,2WD,3000.0,Convertible,,2,Diesel,21191235.975,KRA CRSP July 2025,2026-05-20T12:50:34.557157
Mercedes,S-Class S450 Amg Line,,At,2WD,3000.0,Sedan,,4,Diesel,18425735.075,KRA CRSP July 2025,2026-05-20T12:50:34.557157
Mercedes,S-Class S450 Exclusive Amg Line,,At,2WD,3000.0,Sedan,,5,Hybrid,24301649.97,KRA CRSP July 2025,2026-05-20T12:50:34.557157
Mercedes,S-Class S450 Exclusive Amg Line,,At,2WD,3000.0,Sedan,,5,Hybrid,26132334.637500007,KRA CRSP July 2025,2026-05-20T12:50:34.557157
Mercedes,S-Class S450D 4 Matic Amg Line Package,,At,4WD,3000.0,Sedan,,5,Hybrid,25619889.097125,KRA CRSP July 2025,2026-05-20T12:50:34.557157
Mercedes,S-Class S450D 4 Matic Amg Line Package,,At,2WD,3000.0,Sedan,,4,Hybrid,22501527.749999996,KRA CRSP July 2025,2026-05-20T12:50:34.557157
Mercedes,S-Class S500 4 Matic,,At,4WD,3000.0,Sedan,,5,Hybrid,24862143.88125,KRA CRSP July 2025,2026-05-20T12:50:34.557157
Mercedes,S-Class S500 4 Matic Amg Line,,At,4WD,3000.0,Sedan,,5,Hybrid,26045516.250000007,KRA CRSP July 2025,2026-05-20T12:50:34.557157
Mercedes,S-Class S500 4 Matic Long Amg Line,,At,4WD,3000.0,Sedan,,4,Hybrid,23170311.43125,KRA CRSP July 2025,2026-05-20T12:50:34.557157
Mercedes,S-Class S500 4 Matic Long First Edition,5AA-223163,At,4WD,3000.0,Sedan,,5,Hybrid,25774586.2603125,KRA CRSP July 2025,2026-05-20T12:50:34.557157
Mercedes,S-Class S500 4 Matic Long First Edition Amg Line,5AA-223163,At,4WD,3000.0,Sedan,,4,Hybrid,26632014.57,KRA CRSP July 2025,2026-05-20T12:50:34.557157
Mercedes,S-Class S550 Cabriolet,DBA-217482,At,2WD,4700.0,Convertible,,2,Gasoline,47948047.732285716,KRA CRSP July 2025,2026-05-20T12:50:34.557157
Mercedes,S-Class S550 Cabriolet,DBA-217482,At,4WD,3000.0,Sedan,,4,Hybrid,43804944.13499999,KRA CRSP July 2025,2026-05-20T12:50:34.557157
Mercedes,S-Class S560 Coupe Amg Line,DBA-217383C,At,2WD,4000.0,Coupe,,2,Gasoline,33032266.860857148,KRA CRSP July 2025,2026-05-20T12:50:34.557157
Mercedes,S-Class S560 Coupe Amg Line,DBA-217383C,At,2WD,4000.0,Coupe,,4,Gasoline,35520583.86964286,KRA CRSP July 2025,2026-05-20T12:50:34.557157
Mercedes,S-Class S560 Long,,At,2WD,4000.0,Coupe,,4,Gasoline,33134218.301785715,KRA CRSP July 2025,2026-05-20T12:50:34.557157
Mercedes,S-Class S560 Long,,At,2WD,4000.0,Sedan,,5,Gasoline,22830917.160535716,KRA CRSP July 2025,2026-05-20T12:50:34.557157
Mercedes,S-Class S560 Long Amg Line,,At,2WD,4000.0,Sedan,,4,Gasoline,21296742.117857143,KRA CRSP July 2025,2026-05-20T12:50:34.557157
Mercedes,S-Class S560 Long Chauffeured Limited,DBA-222183,At,2WD,4000.0,Sedan,,4,Gasoline,25823835.20089286,KRA CRSP July 2025,2026-05-20T12:50:34.557157
Mercedes,S-Class S560 Long Sports Limited,DBA-222183,At,2WD,4000.0,Sedan,,5,Gasoline,23027548.455000002,KRA CRSP July 2025,2026-05-20T12:50:34.557157
Mercedes,S-Class S560E Long,DLA-222173,At,2WD,3000.0,Sedan,,5,Plug-In Hybrid,23529083.445000004,KRA CRSP July 2025,2026-05-20T12:50:34.557157
Mercedes,S-Class S560E Long,DLA-222173,At,2WD,4000.0,Sedan,,4,Gasoline,23098621.135416668,KRA CRSP July 2025,2026-05-20T12:50:34.557157
Mercedes,S-Class S560E Long,,At,2WD,3000.0,Sedan,,5,Plug-In Hybrid,25942183.495312497,KRA CRSP July 2025,2026-05-20T12:50:34.557157
Mercedes,S-Class S580 4 Matic Amg Line,,At,4WD,4000.0,Sedan,,5,Diesel,28535821.127999995,KRA CRSP July 2025,2026-05-20T12:50:34.557157
Mercedes,S-Class S580 4 Matic Amg Line,,At,2WD,3000.0,Sedan,,4,Plug-In Hybrid,21786188.375,KRA CRSP July 2025,2026-05-20T12:50:34.557157
Mercedes,S-Class S580 4 Matic Amg Line,,At,4WD,4000.0,Sedan,,5,Hybrid,23393523.214285716,KRA CRSP July 2025,2026-05-20T12:50:34.557157
Mercedes,S-Class S580 4 Matic Long Amg Line,,At,4WD,4000.0,Sedan,,5,Hybrid,22992043.459821433,KRA CRSP July 2025,2026-05-20T12:50:34.557157
Mercedes,Sl Sl400,,At,2WD,3000.0,Convertible,,2,Gasoline,31195476.378,KRA CRSP July 2025,2026-05-20T12:50:34.557157
Mercedes,Sl Sl400,,At,4WD,4000.0,Sedan,,4,Diesel,26422056.599999998,KRA CRSP July 2025,2026-05-20T12:50:34.557157
Mercedes,Slc Slc180 Sports,,At,2WD,1600.0,Convertible,,2,Gasoline,14057410.969285715,KRA CRSP July 2025,2026-05-20T12:50:34.557157
Mercedes,Slc Slc180 Sports Final Edition,,At,2WD,1600.0,Convertible,,2,Gasoline,7953934.806000002,KRA CRSP July 2025,2026-05-20T12:50:34.557157
Mercedes,Transporter 207D,,At,2WD,2400.0,Van,,7,Diesel,8101113.750000002,KRA CRSP July 2025,2026-05-20T12:50:34.557157
Mercedes,V-Class,LDA-447811,At,2WD,2200.0,Van,,7,Diesel,17541524.53125,KRA CRSP July 2025,2026-05-20T12:50:34.557157
Mercedes,V-Class V 220 D Exclusive Long Platinum Suite,,At,2WD,3000.0,Convertible,,2,Gasoline,28884700.35,KRA CRSP July 2025,2026-05-20T12:50:34.557157
Mercedes,V-Class V 220 D Exclusive Long Platinum Suite,,At,2WD,2000.0,Van,,7,Diesel,17675360.90357143,KRA CRSP July 2025,2026-05-20T12:50:34.557157
Mercedes,V-Class V220D,LDA-447811,At,2WD,2000.0,Wagon,,6,Diesel,19235710.331249997,KRA CRSP July 2025,2026-05-20T12:50:34.557157
Mercedes,V-Class V220D,LDA-447811,At,2WD,2200.0,Van,,7,Diesel,20025057.214285716,KRA CRSP July 2025,2026-05-20T12:50:34.557157
Mercedes,V-Class V220D Avantgarde,,At,2WD,2200.0,Wagon,,6,Diesel,18679705.682142857,KRA CRSP July 2025,2026-05-20T12:50:34.557157
Mercedes,V-Class V220D Avantgarde,,At,2WD,2200.0,Van,,7,Diesel,13831475.76,KRA CRSP July 2025,2026-05-20T12:50:34.557157
Mercedes,V-Class V220D Avantgarde Amg Line,,At,2WD,2200.0,Van,,7,Diesel,15559103.598749999,KRA CRSP July 2025,2026-05-20T12:50:34.557157
Mercedes,V-Class V220D Avantgarde Amg Line Package,,At,2WD,2200.0,Wagon,,6,Diesel,15482570.895,KRA CRSP July 2025,2026-05-20T12:50:34.557157
Mercedes,V-Class V220D Avantgarde Extra Long Black Suite,,At,2WD,2000.0,Van,,7,Diesel,20726438.203125,KRA CRSP July 2025,2026-05-20T12:50:34.557157
Mercedes,V-Class V220D Avantgarde Long,LDA-447811,At,2WD,2000.0,Wagon,,6,Diesel,19064028.88125,KRA CRSP July 2025,2026-05-20T12:50:34.557157
Mercedes,V-Class V220D Avantgarde Long,LDA-447811,At,2WD,2200.0,Van,,7,Diesel,15890129.292857146,KRA CRSP July 2025,2026-05-20T12:50:34.557157
Mercedes,V-Class V220D Avantgarde Long Amg Line,,At,2WD,2200.0,Wagon,,6,Diesel,14446571.850000001,KRA CRSP July 2025,2026-05-20T12:50:34.557157
Mercedes,V-Class V220D Avantgarde Long Amg Line,,At,2WD,2200.0,Van,,7,Diesel,19975081.68,KRA CRSP July 2025,2026-05-20T12:50:34.557157
Mercedes,V-Class V220D Avantgarde Long Amg Line Package,,At,2WD,2200.0,Wagon,,6,Diesel,18633066.225,KRA CRSP July 2025,2026-05-20T12:50:34.557157
Mercedes,V-Class V220D Avantgarde Long Amg Line Package,,At,2WD,2000.0,Van,,7,Diesel,13582767.834642857,KRA CRSP July 2025,2026-05-20T12:50:34.557157
Mercedes,V-Class V220D Marco Polo Horizon,,At,2WD,2000.0,Wagon,,6,Diesel,14781843.206249999,KRA CRSP July 2025,2026-05-20T12:50:34.557157
Mercedes,V-Class V220D Marco Polo Horizon,,At,2WD,2200.0,Van,,7,Diesel,16711813.687499996,KRA CRSP July 2025,2026-05-20T12:50:34.557157
Mercedes,V-Class V220D Sports,LDA-447811,At,2WD,2200.0,Wagon,,6,Diesel,18706664.0925,KRA CRSP July 2025,2026-05-20T12:50:34.557157
Mercedes,V-Class V220D Sports,LDA-447811,At,2WD,2200.0,Van,,7,Diesel,14358010.82142857,KRA CRSP July 2025,2026-05-20T12:50:34.557157
Mercedes,V-Class V260 Avantgarde Long,ABA-447813,At,2WD,2000.0,Van,,7,Gasoline,18024194.115000002,KRA CRSP July 2025,2026-05-20T12:50:34.557157
Mercedes,Gla 35 4Matic,,Dct - 8G,AWD,1991.0,Suv,1750,5,Gasoline,9167437.0,KRA CRSP July 2025,2026-05-20T12:50:34.557157
Mercedes,Gla 35 4Matic Premium,,Dct - 8G,AWD,1991.0,Suv,1750,5,Gasoline,9693515.531249998,KRA CRSP July 2025,2026-05-20T12:50:34.557157
Mercedes,Gla 35 4Matic Premium Plus,,Dct - 8G,AWD,1991.0,Suv,1750,5,Gasoline,10521562.499999998,KRA CRSP July 2025,2026-05-20T12:50:34.557157
Mercedes,Gla 45 S 4Matic +,CBA-156952,Dct - 8G,AWD,1991.0,Suv,1807,5,Gasoline,12363888.09375,KRA CRSP July 2025,2026-05-20T12:50:34.557157
Mercedes,Gla 45 S 4Matic + Plus,,Dct - 8G,AWD,1991.0,Suv,1807,5,Gasoline,13630684.218749998,KRA CRSP July 2025,2026-05-20T12:50:34.557157
Mercedes,Gla 45 S 4Matic + Plus(Night Pkg),,Dct - 8G,AWD,1991.0,Suv,1807,5,Gasoline,14893271.718749998,KRA CRSP July 2025,2026-05-20T12:50:34.557157
Mercedes-Benz,Actros 3340S,3340S,At,6×4,12800.0,Truck,,2,Diesel,25076749.5,KRA CRSP July 2025,2026-05-20T12:50:34.557157
Mercedes-Benz,Actros 2640Ls,2640LS,At,6×4,12800.0,Truck,,2,Diesel,23936897.250000004,KRA CRSP July 2025,2026-05-20T12:50:34.557157
Mercedes-Benz,Actros 3340Ls,3340LS,At,6×4,12800.0,Truck,,2,Diesel,25076749.5,KRA CRSP July 2025,2026-05-20T12:50:34.557157
Mercedes-Benz,Actros 3341,3341,At,6×4,12800.0,Truck,,2,Diesel,25532690.400000002,KRA CRSP July 2025,2026-05-20T12:50:34.557157
Mercedes-Benz,Actros 4148,4148,At,8×4,15900.0,Truck,,2,Diesel,27356454.0,KRA CRSP July 2025,2026-05-20T12:50:34.557157
Mercedes-Benz,Actros 5044,5044,At,8×4,15900.0,Truck,,2,Diesel,28496306.250000007,KRA CRSP July 2025,2026-05-20T12:50:34.557157
Mercedes-Benz,Actros 2653,2653,At,6×4,15600.0,Truck,,2,Diesel,26216601.75,KRA CRSP July 2025,2026-05-20T12:50:34.557157
Mercedes-Benz,Actros 1845,1845,At,4×2,12800.0,Truck,,2,Diesel,22797045.0,KRA CRSP July 2025,2026-05-20T12:50:34.557157
Mercedes-Benz,Actros 2545,2545,At,6×2,12800.0,Truck,,2,Diesel,23936897.250000004,KRA CRSP July 2025,2026-05-20T12:50:34.557157
Mercedes-Benz,Actros 3345,3345,At,6×4,12800.0,Truck,,2,Diesel,25076749.5,KRA CRSP July 2025,2026-05-20T12:50:34.557157
Mercedes-Benz,Actros 4163,4163,At,8×4,15600.0,Truck,,2,Diesel,29636158.5,KRA CRSP July 2025,2026-05-20T12:50:34.557157
Mercedes-Benz,Actros 2651,2651,At,6×4,15600.0,Truck,,2,Diesel,26216601.75,KRA CRSP July 2025,2026-05-20T12:50:34.557157
Mercedes-Benz,Actros 1848,1848,At,4×2,12800.0,Truck,,2,Diesel,23252985.900000002,KRA CRSP July 2025,2026-05-20T12:50:34.557157
Mercedes-Benz,Actros 2548,2548,At,6×2,12800.0,Truck,,2,Diesel,24392838.150000002,KRA CRSP July 2025,2026-05-20T12:50:34.557157
Mercedes-Benz,Actros 3348,3348,At,6×4,12800.0,Truck,,2,Diesel,25532690.400000002,KRA CRSP July 2025,2026-05-20T12:50:34.557157
Mini,Cooper D Crossover All4 Cornwall Edition,LDA-YT20,At,4WD,1500.0,Wagon,,,Diesel,9827316.697916668,KRA CRSP July 2025,2026-05-20T12:50:34.557157
Mini,Cooper,WMWXR320X0TL9,At,2WD,1500.0,Wagon,,,Diesel,6008800.491964287,KRA CRSP July 2025,2026-05-20T12:50:34.557157
Mini,Cooper 60 Years Edition,MWMXU720702L0,At,2WD,1500.0,Wagon,,,Gasoline,11092978.771875,KRA CRSP July 2025,2026-05-20T12:50:34.557157
Mini,Cooper Convertible,WMWWJ320803G4,Mt,2WD,1500.0,Wagon,,,Gasoline,9249470.046093749,KRA CRSP July 2025,2026-05-20T12:50:34.557157
Mini,Cooper Crossover,3BA-YW15,At,2WD,1500.0,Wagon,,,Diesel,7624931.393750001,KRA CRSP July 2025,2026-05-20T12:50:34.557157
Mini,Cooper D,3DA-XY15MW,At,2WD,1500.0,Wagon,,,Diesel,6784653.892500001,KRA CRSP July 2025,2026-05-20T12:50:34.557157
Mini,Cooper D Clubman,3DA-BB20M,At,2WD,2000.0,Wagon,,,Diesel,9009898.785,KRA CRSP July 2025,2026-05-20T12:50:34.557157
Mini,Cooper D Crossover,WMWYT920103H9,At,2WD,2000.0,Wagon,,,Gasoline,9280824.778125,KRA CRSP July 2025,2026-05-20T12:50:34.557157
Mini,Cooper D Crossover Untamed Edition,42BT20-3P5,At,2WD,2000.0,Wagon,,,Diesel,9535004.79375,KRA CRSP July 2025,2026-05-20T12:50:34.557157
Mini,Cooper D Premium Plus Package Classic Trim,WMW22DJ0402U1,At,2WD,1500.0,Wagon,,,Diesel,6376714.442410715,KRA CRSP July 2025,2026-05-20T12:50:34.557157
Mini,Cooper S Classic Trim,22GD20-WMW22GD0902W2,At,2WD,2000.0,Wagon,,,Gasoline,6510350.559374998,KRA CRSP July 2025,2026-05-20T12:50:34.557157
Mini,Cooper S Clubman,WMWLV720902L4,At,2WD,2000.0,Wagon,,,Gasoline,8002419.5,KRA CRSP July 2025,2026-05-20T12:50:34.557157
Mini,Cooper S Convertible,WMWWJ520603G4,At,2WD,2000.0,Wagon,,,Gasoline,11658155.5125,KRA CRSP July 2025,2026-05-20T12:50:34.557157
Mini,Cooper S Premium Plus Package Classic Trim,WMWXR320X0TL9,,2WD,2000.0,Wagon,,,Diesel,7460755.143749999,KRA CRSP July 2025,2026-05-20T12:50:34.557157
Mini,Cooper Sd,WMWXT720802H1,At,2WD,2000.0,Wagon,,,Diesel,4671584.935714286,KRA CRSP July 2025,2026-05-20T12:50:34.557157
Mini,Cooper Sd Clubman,3DA-BB20M,At,2WD,2000.0,Wagon,,,Diesel,9783028.2,KRA CRSP July 2025,2026-05-20T12:50:34.557157
Mini,Cooper Sd Crossover All4,3DA-42BT20,At,4WD,2000.0,Wagon,,,Gasoline,10511618.94375,KRA CRSP July 2025,2026-05-20T12:50:34.557157
Mini,Countryman D Classic Trim,WMW62GA0407N7,At,2WD,1000.0,Wagon,,,Diesel,8427122.936718749,KRA CRSP July 2025,2026-05-20T12:50:34.557157
Mini,John Cooper Works,WMWXP92000TP2,At,2WD,2000.0,Wagon,,,Gasoline,14148416.053124998,KRA CRSP July 2025,2026-05-20T12:50:34.557157
Mitsubishi,D:5 P,3DA-CV1W-LUXEZ,8At,4WD,2267.0,Minvan,1635,8,Diesel,7817514.624562499,KRA CRSP July 2025,2026-05-20T12:50:34.557157
Mitsubishi,Delca D:2 Hybrid Mz,DAA-MB36S-MBZBM,Cvt,2WD,1242.0,Minvan,1725,5,Gasoline,3165640.1856,KRA CRSP July 2025,2026-05-20T12:50:34.557157
Mitsubishi,Delca D:5 P,3DA-CV1W-LUXFZ,8At,4WD,2267.0,Minvan,3115,8,Diesel,8036535.678187499,KRA CRSP July 2025,2026-05-20T12:50:34.557157
Mitsubishi,Delica  Mini G Premium,5AA-B34A-HXTG,Cvt,4WD,659.0,Minvan,3115,4,Gasoline,3901718.5974,KRA CRSP July 2025,2026-05-20T12:50:34.557157
Mitsubishi,Delica D:2,5AA-MB37S-MSVBJRM,Cvt,4WD,1242.0,Minvan,3115,4,Gasoline,3591023.0855400003,KRA CRSP July 2025,2026-05-20T12:50:34.557157
Mitsubishi,Delica D:2,3DA-CV1W-LUHFZ,8At,4WD,2267.0,Minvan,3115,4,Diesel,7690188.988124999,KRA CRSP July 2025,2026-05-20T12:50:34.557157
Mitsubishi,Delica D:2,3DA-CV1W-LUHFZ,8At,4WD,2267.0,Minvan,2090,7,Diesel,7550462.638125,KRA CRSP July 2025,2026-05-20T12:50:34.557157
Mitsubishi,Delica D:2 Custom Hybrid Mv,5AA-MB37S-MSVBJRM,Cvt,4WD,1242.0,Minvan,2570,5,Gasoline,3720130.2329400005,KRA CRSP July 2025,2026-05-20T12:50:34.557157
Mitsubishi,Delica D:2 Custom Hybrid Mv,5AA-MB37S-MSVBJRM,Cvt,2WD,1242.0,Minvan,1350,5,Gasoline,3720130.2329400005,KRA CRSP July 2025,2026-05-20T12:50:34.557157
Mitsubishi,Delica D:2 Custom Hybrid Sv,DAA-MB46S-MSVHRM,5Amt,2WD,1242.0,Minvan,2160,5,Gasoline,3569728.7898000004,KRA CRSP July 2025,2026-05-20T12:50:34.557157
Mitsubishi,Delica D:2 Custom Hybrid Sv Navi Package,DAA-MB46S-MSVHRN,5Amt,2WD,1242.0,Minvan,2160,5,Gasoline,3589849.3842,KRA CRSP July 2025,2026-05-20T12:50:34.557157
Mitsubishi,Delica D:2 Gs,5AA-MB37S-MSVBJRM,Cvt,2WD,1242.0,Minvan,1150,5,Gasoline,3591023.0855400003,KRA CRSP July 2025,2026-05-20T12:50:34.557157
Mitsubishi,Delica D:2 Hybrid Mz,5AA-MB37S-MBZBJ,Cvt,4WD,1242.0,Minvan,870,5,Gasoline,3576267.9829799994,KRA CRSP July 2025,2026-05-20T12:50:34.557157
Mitsubishi,Delica D:2 Hybrid Mz,5AA-MB37S-MBZBJ,Cvt,2WD,1242.0,Minvan,870,5,Gasoline,3576267.9829799994,KRA CRSP July 2025,2026-05-20T12:50:34.557157
Mitsubishi,Delica D:2 Hybrid Mz Navi Package,DAA-MB36S-MBZBN,Cvt,2WD,1242.0,Minvan,870,5,Gasoline,3321239.4489599997,KRA CRSP July 2025,2026-05-20T12:50:34.557157
Mitsubishi,Delica D:2 Hybrid Xt,5AA-MB37S-MBZBJ,Cvt,2WD,1242.0,Minvan,870,5,Gasoline,3447160.83558,KRA CRSP July 2025,2026-05-20T12:50:34.557157
Mitsubishi,Delica D:3 G,DBA-BM20 WPBM,4At,2WD,1597.0,Minvan,920,7,Gasoline,3405829.78125,KRA CRSP July 2025,2026-05-20T12:50:34.557157
Mitsubishi,Delica D:5,3DA-CV1W-LUHFZ,Cvt,4WD,2267.0,Minvan,1485,7,Diesel,7690188.988124999,KRA CRSP July 2025,2026-05-20T12:50:34.557157
Mitsubishi,Delica D:5,3DA-CV1W-LUHFZ,8At,2WD,2267.0,Minvan,1485,7,Diesel,7524263.9475,KRA CRSP July 2025,2026-05-20T12:50:34.557157
Mitsubishi,Delica D:5,3DA-CV1W-LUXFZ,Cvt,4WD,2267.0,Minvan,3115,8,Gasoline,7663815.6395625,KRA CRSP July 2025,2026-05-20T12:50:34.557157
Mitsubishi,Delica D:5,3DA-CV1W-LUHFZ,8At,4WD,2267.0,Minvan,1485,7,Diesel,7690188.988124999,KRA CRSP July 2025,2026-05-20T12:50:34.557157
Mitsubishi,Delica D:5 D,DBA-CV5W-LTHHZ3,Cvt,4WD,2359.0,Minvan,1525,7,Gasoline,5828335.374374999,KRA CRSP July 2025,2026-05-20T12:50:34.557157
Mitsubishi,Delica D:5 D-Power Package,LDA-CV1W-LLHFZ,6At,4WD,2267.0,Minvan,1515,8,Deisel,5716554.294375,KRA CRSP July 2025,2026-05-20T12:50:34.557157
Mitsubishi,Delica D:5 D-Premium,LDA-CV1W-LLXFZ,6At,2WD,2267.0,Minvan,1546,8,Deisel,6558405.553125,KRA CRSP July 2025,2026-05-20T12:50:34.557157
Mitsubishi,Delica D:5 P,3DA-CV1W-LUXFZ,8At,4WD,2267.0,Minvan,1575,8,Diesel,7817514.624562499,KRA CRSP July 2025,2026-05-20T12:50:34.557157
Mitsubishi,Delica D:5 Roadest G-Power Package,DBA-CV2W-LTHH5,Cvt,2WD,1998.0,Minvan,1575,8,Gasoline,4885182.511874999,KRA CRSP July 2025,2026-05-20T12:50:34.557157
Mitsubishi,Delica D:5 Urban Gear G-Power Package,3DA-CV1W-LUFFZ,8At,4WD,2267.0,Minvan,1545,7,Diesel,6926933.80125,KRA CRSP July 2025,2026-05-20T12:50:34.557157
Mitsubishi,Delica Mini T Premium,4AA-B38A-HXTTZZ,Cvt,4WD,659.0,Minvan,1575,4,Gasoline,3753329.2137,KRA CRSP July 2025,2026-05-20T12:50:34.557157
Mitsubishi,Delica Mini T Premium,4AA-B38A-HXTTZZ,Cvt,4WD,659.0,Minvan,1675,4,Gasoline,3808660.8483,KRA CRSP July 2025,2026-05-20T12:50:34.557157
Mitsubishi,Delica Van Gx,DBF-BVM20-VHBM,4At,2WD,1597.0,Minvan,2000,5,Gasoline,3292302.1218749997,KRA CRSP July 2025,2026-05-20T12:50:34.557157
Mitsubishi,Delicad:5,DBA-CV5W-LTHZ3,Cvt,2WD,659.0,Minvan,3115,7,Gasoline,5595201.959399999,KRA CRSP July 2025,2026-05-20T12:50:34.557157
Mitsubishi,Eclipse Cross,5BA-GK1W-XTPXZ,Cvt,4WD,1498.0,Suv,3115,5,Gasoline,5610627.74844,KRA CRSP July 2025,2026-05-20T12:50:34.557157
Mitsubishi,Eclipse Cross (Phev),5LA-GL3W-XDPHZ,Cvt,4WD,2359.0,Suv,2090,5,Gasoline,7877072.981249999,KRA CRSP July 2025,2026-05-20T12:50:34.557157
Mitsubishi,Eclipse Cross (Phev) G,5BA-GK1W-XTPXZ,Cvt,4WD,1498.0,Suv,2570,5,Gasoline,5597884.705320001,KRA CRSP July 2025,2026-05-20T12:50:34.557157
Mitsubishi,Eclipse Cross (Phev) P,5LA-GL3W-XDPHZ,Cvt,4WD,2359.0,Suv,1350,5,Gasoline,8122991.357249999,KRA CRSP July 2025,2026-05-20T12:50:34.557157
Mitsubishi,Eclipse Cross G Plus,DBA-GK1W-XTPXZ,Cvt,4WD,1498.0,Suv,2160,5,Gasoline,4805468.6292,KRA CRSP July 2025,2026-05-20T12:50:34.557157
Mitsubishi,Eclipse Cross G Plus Packae,5BA-GK1W-XTPXZ,Cvt,4WD,1498.0,Suv,2160,5,Gasoline,4837326.237,KRA CRSP July 2025,2026-05-20T12:50:34.557157
Mitsubishi,Ek Custom,DBA-B11W-LTHTF1,Cvt,2WD,659.0,Wagon,1150,4,Gasoline,3606889.5000000005,KRA CRSP July 2025,2026-05-20T12:50:34.557157
Mitsubishi,Ek Customs T Safety Package,DBA-B11W-LTHF1,Cvt,2WD,659.0,Wagon,870,4,Gasoline,2509834.5618749997,KRA CRSP July 2025,2026-05-20T12:50:34.557157
Mitsubishi,Ek K,4AA-B38W-LTTZZ,Cvt,4WD,659.0,Wagon,870,4,Gasoline,3052461.8421,KRA CRSP July 2025,2026-05-20T12:50:34.557157
Mitsubishi,Ek Space,5AA-B34A-HXTCG,Cvt,2WD,659.0,Wagon,870,4,Gasoline,2346061.30704,KRA CRSP July 2025,2026-05-20T12:50:34.557157
Mitsubishi,Ek Space,4AA-B35A-HXTHZ,Cvt,2WD,659.0,Wagon,870,4,Gasoline,3526134.1686,KRA CRSP July 2025,2026-05-20T12:50:34.557157
Mitsubishi,Ek Space,DBA-B11A-HXTHF2,Cvt,2WD,659.0,Wagon,920,4,Gasoline,3423854.4804000002,KRA CRSP July 2025,2026-05-20T12:50:34.557157
Mitsubishi,Ek Space Customs T Safety Package,DBA-B11A-HXTHF1,Cvt,2WD,659.0,Wagon,1485,4,Gasoline,2838680.5266000004,KRA CRSP July 2025,2026-05-20T12:50:34.557157
Mitsubishi,Ek Space G,5AA-B34A-HXTDG,Cvt,4WD,659.0,Wagon,1485,4,Gasoline,2785025.6081999997,KRA CRSP July 2025,2026-05-20T12:50:34.557157
Mitsubishi,Ek Space G,5AA-B34A-HXTDG,Cvt,2WD,659.0,Wagon,1485,4,Gasoline,2840357.2428,KRA CRSP July 2025,2026-05-20T12:50:34.557157
Mitsubishi,Ek Space G Safety Package,DBA-B11A-HXTMX1,Cvt,2WD,659.0,Wagon,1525,4,Gasoline,2293747.7616,KRA CRSP July 2025,2026-05-20T12:50:34.557157
Mitsubishi,Ek Space M,5AA-B34A-HXTCG,Cvt,4WD,659.0,Wagon,1515,4,Gasoline,2346061.30704,KRA CRSP July 2025,2026-05-20T12:50:34.557157
Mitsubishi,Ek Space T,4AA-B35A-HXTHZ,Cvt,2WD,659.0,Wagon,1546,4,Gasoline,3526134.1686,KRA CRSP July 2025,2026-05-20T12:50:34.557157
Mitsubishi,Ek Wagon,5BA-B33W-LTDE,Cvt,2WD,659.0,Wagon,1575,4,Gasoline,2360816.4096,KRA CRSP July 2025,2026-05-20T12:50:34.557157
Mitsubishi,Ek Wagon,DBA-B11W-LTMX,Cvt,2WD,659.0,Wagon,1575,4,Gasoline,1963434.6702000003,KRA CRSP July 2025,2026-05-20T12:50:34.557157
Mitsubishi,Ek Wagon G,5BA-B33W-LTDE,Cvt,4WD,659.0,Wagon,1545,4,Gasoline,2360816.4096,KRA CRSP July 2025,2026-05-20T12:50:34.557157
Mitsubishi,Ek Wagon G,DBA-B11W-LTDXT1,Cvt,2WD,659.0,Wagon,1575,4,Gasoline,2129429.574,KRA CRSP July 2025,2026-05-20T12:50:34.557157
Mitsubishi,Ek Wagon G Safety,5BA-B33W-LTDE,Cvt,2WD,659.0,Wagon,1675,4,Gasoline,2146196.736,KRA CRSP July 2025,2026-05-20T12:50:34.557157
Mitsubishi,Ek Wagon G Safety Package,DBA-B11W-LTDX1,Cvt,2WD,659.0,Wagon,1515,4,Gasoline,2194821.5058,KRA CRSP July 2025,2026-05-20T12:50:34.557157
Mitsubishi,Ek X Ev,ZAA-B5AW-LDEB,Cvt,2WD,0.0,Wagon,1546,4,Electric,5122018.675124999,KRA CRSP July 2025,2026-05-20T12:50:34.557157
Mitsubishi,Ek X Ev P,ZAA-B5AW-LDEB,Cvt,2WD,0.0,Wagon,1575,4,Electric,4813391.113245001,KRA CRSP July 2025,2026-05-20T12:50:34.557157
Mitsubishi,Ek X Space,4AA-B35A-HXTTZ,Cvt,2WD,659.0,Wagon,1575,4,Gasoline,2833650.3780000005,KRA CRSP July 2025,2026-05-20T12:50:34.557157
Mitsubishi,Ek X Space T,4AA-B35A-HXTTZ,Cvt,2WD,659.0,Wagon,1515,4,Gasoline,3366007.7715000003,KRA CRSP July 2025,2026-05-20T12:50:34.557157
Mitsubishi,Ek X T,4AA-B38W-LTTZZ,Cvt,2WD,659.0,Wagon,1546,4,Gasoline,3052461.8421,KRA CRSP July 2025,2026-05-20T12:50:34.557157
Mitsubishi,Ek X T,4AA-B38W-LTTZZ,Cvt,4WD,659.0,Wagon,1575,4,Gasoline,3214767.97026,KRA CRSP July 2025,2026-05-20T12:50:34.557157
Mitsubishi,Hybrid Mz,5AA-MB37S-MBZBJ,Cvt,2WD,1242.0,Suv,1575,5,Gasoline,3447160.83558,KRA CRSP July 2025,2026-05-20T12:50:34.557157
Mitsubishi,I Miev X,ZAA-HD4W-LDD,Cvt,2WD,0.0,Hatchback,1545,4,Electric,4195982.290500001,KRA CRSP July 2025,2026-05-20T12:50:34.557157
Mitsubishi,I Miev X,ZAA-HA4W-LDO,Cvt,2WD,659.0,Hatchback,1575,4,Gasoline,4074420.366,KRA CRSP July 2025,2026-05-20T12:50:34.557157
Mitsubishi,I-Miev X,ZAA-HD4W-LDD,Cvt,2WD,0.0,Hatchback,1675,4,Electric,4195982.290500001,KRA CRSP July 2025,2026-05-20T12:50:34.557157
Mitsubishi,Lancer Cargo 15M,DBF-CVY12-CMM,Cvt,2WD,1498.0,Van,1700(1715),2(5),Gasoline,2726410.4043749995,KRA CRSP July 2025,2026-05-20T12:50:34.557157
Mitsubishi,Minicab Ev Cd,ZAB-U69V-HLDDI,Cvt,2WD,0.0,Van,1560,2,Electric,4168316.473200001,KRA CRSP July 2025,2026-05-20T12:50:34.557157
Mitsubishi,Minicab G,HBD-DS17V-LVBDJ3,4At,2WD,658.0,Van,1330,4,Gasoline,1911456.4679999999,KRA CRSP July 2025,2026-05-20T12:50:34.557157
Mitsubishi,Minicab Miev Cd,ZAB-568V-HLDDD,2Wd,2WD,0.0,Van,1560,4,Electric,4076097.0822000005,KRA CRSP July 2025,2026-05-20T12:50:34.557157
Mitsubishi,Minicab Miev Cd,ZAB-U68V-HLDDD,Cvt,2WD,0.0,Van,1546,4,Electric,4076097.0822000005,KRA CRSP July 2025,2026-05-20T12:50:34.557157
Mitsubishi,Minicab Miev Van Cd,ZAB-U68V-HLDDA,Cvt,2WD,0.0,Van,1570,4,Electric,3060146.791350001,KRA CRSP July 2025,2026-05-20T12:50:34.557157
Mitsubishi,Minicab Truck,EBD-DS16T-SKXJJ4,5Mt,4WD,658.0,Truck,1200,2,Gasoline,1914809.9004,KRA CRSP July 2025,2026-05-20T12:50:34.557157
Mitsubishi,Minicab Truck G,3BD-DS16T-SKXJH,5Mt,4WD,658.0,Truck,1240,2,Gasoline,2537877.64032,KRA CRSP July 2025,2026-05-20T12:50:34.557157
Mitsubishi,Minicab Truck G,3BD-DS16T-SKXJ6,5Mt,4WD,658.0,Truck,1240,2,Gasoline,2150556.1981200003,KRA CRSP July 2025,2026-05-20T12:50:34.557157
Mitsubishi,Minicab Truck G,3BD-DS16T-SKXJJ5,5Mt,4WD,658.0,Truck,1200,2,Gasoline,2122890.38082,KRA CRSP July 2025,2026-05-20T12:50:34.557157
Mitsubishi,Minicab Truck G,EBD-DS16T-SKXJJ4,5Mt,4WD,658.0,Truck,1160,2,Gasoline,1914809.9004,KRA CRSP July 2025,2026-05-20T12:50:34.557157
Mitsubishi,Minicab Truck M,EBD-DS16T-SKCFG,5Mt,2WD,658.0,Truck,1150,2,Gasoline,1352271.6153,KRA CRSP July 2025,2026-05-20T12:50:34.557157
Mitsubishi,Minicab Van G,5BD-DS17V-LVBEH,Cvt,2WD,658.0,Van,1370,4,Gasoline,2552632.7428800003,KRA CRSP July 2025,2026-05-20T12:50:34.557157
Mitsubishi,Minicab Van G,5BD-DS17V-LVBDJ5,4At,2WD,658.0,Van,1240,4,Gasoline,2239086.81348,KRA CRSP July 2025,2026-05-20T12:50:34.557157
Mitsubishi,Minicab Van G,5BA-DS17V-LVBDJ4,4At,2WD,658.0,Van,1330,4,Gasoline,2161957.86828,KRA CRSP July 2025,2026-05-20T12:50:34.557157
Mitsubishi,Minicab Van G,HBD-DS17V-LVBDJ3,4At,2WD,658.0,Van,1330,4,Gasoline,1911456.4679999999,KRA CRSP July 2025,2026-05-20T12:50:34.557157
Mitsubishi,Minicab Van G,HBD-DS17V-LVBND2,5Amt,2WD,658.0,Van,1230,4,Gasoline,1768935.591,KRA CRSP July 2025,2026-05-20T12:50:34.557157
Mitsubishi,Minicab Van G,5BD-DS17V-LVBDJ5,4At,2WD,658.0,Van,1575,4,Gasoline,2239086.81348,KRA CRSP July 2025,2026-05-20T12:50:34.557157
Mitsubishi,Minicab-Miev Van  Cd,ZAB-UV68V-HLDDA,Cvt,2WD,0.0,Van,1570,4,Electric,3739077.126,KRA CRSP July 2025,2026-05-20T12:50:34.557157
Mitsubishi,Mirage,5BA-A034A-XTHX,Cvt,2WD,1192.0,Hatchback,1635,5,Gasoline,2631941.4191400004,KRA CRSP July 2025,2026-05-20T12:50:34.557157
Mitsubishi,Mirage G,5BA-A03A-XTHX,Cvt,2WD,1192.0,Hatchback,1725,5,Gasoline,2711250.0954,KRA CRSP July 2025,2026-05-20T12:50:34.557157
Mitsubishi,Mirage G,DBA-A03A-XTNX,Cvt,2WD,1192.0,Hatchback,3115,5,Gasoline,2305484.775,KRA CRSP July 2025,2026-05-20T12:50:34.557157
Mitsubishi,Outlander 24G Navi Package,DBA-GF8W-XTXXZ,Cvt,2WD,2359.0,Suv,3115,7,Gasoline,5311347.879375,KRA CRSP July 2025,2026-05-20T12:50:34.557157
Mitsubishi,Outlander 24G Plus Package,DBA-GF8W-XTXXZ,Cvt,4WD,2359.0,Suv,3115,7,Gasoline,5431861.85625,KRA CRSP July 2025,2026-05-20T12:50:34.557157
Mitsubishi,Outlander Phev P,5LA-GNOW-XDHUZ,Cvt,4WD,2359.0,Suv,3115,7,Gasoline,9581210.477437498,KRA CRSP July 2025,2026-05-20T12:50:34.557157
Mitsubishi,Outlander Phev S Edition,DLA-XDPHZ,Cvt,2WD,1998.0,Suv,2090,5,Gasoline,7745206.2384375,KRA CRSP July 2025,2026-05-20T12:50:34.557157
Mitsubishi,Outlander Phev S Edition,5LA-GG3W-XDPHZ,Cvt,4WD,2359.0,Suv,2570,5,Gasoline,8231628.594374999,KRA CRSP July 2025,2026-05-20T12:50:34.557157
Mitsubishi,Pajero Long Super Exceed,LDA-V98W-LYXJ,5At,2WD,3200.0,Suv,1350,7,Diesel,8648711.749125,KRA CRSP July 2025,2026-05-20T12:50:34.557157
Mitsubishi,Pajero Short Vr-Ii,LDA-V88W-MYXJ,5At,2WD,3200.0,Suv,2160,5,Diesel,6988762.711125001,KRA CRSP July 2025,2026-05-20T12:50:34.557157
Mitsubishi,Pajero Super  Long Exceed,LDA-V98W-LYXJ,5Amt,4WD,3200.0,Suv,2160,7,Deisel,8008066.434374999,KRA CRSP July 2025,2026-05-20T12:50:34.557157
Mitsubishi,Rvr,5BA-GA4W-XTHXZ,Cvt,4WD,1798.0,Wagon,1150,5,Gasoline,4559096.1425625,KRA CRSP July 2025,2026-05-20T12:50:34.557157
Mitsubishi,Rvr G,5BA-GA4W-XTHXZ,Cvt,4WD,1798.0,Wagon,870,5,Gasoline,4712795.1275625,KRA CRSP July 2025,2026-05-20T12:50:34.557157
Mitsubishi,Rvr G,5BA-GA4W-XTHZ,Cvt,2WD,1798.0,Wagon,870,5,Gasoline,4376732.296859999,KRA CRSP July 2025,2026-05-20T12:50:34.557157
Mitsubishi,Rvr G,DBA-GA4W-XTHZ,Cvt,2WD,1798.0,Wagon,870,5,Gasoline,4104461.53125,KRA CRSP July 2025,2026-05-20T12:50:34.557157
Mitsubishi,Town Box,3BA-DS17W-LHCD5,4At,2WD,658.0,Minvan,870,4,Gasoline,2982375.10494,KRA CRSP July 2025,2026-05-20T12:50:34.557157
Mitsubishi,Town Box G,3BA-DS17W-LHCD5,4At,4WD,658.0,Minvan,920,4,Gasoline,2982375.10494,KRA CRSP July 2025,2026-05-20T12:50:34.557157
Mitsubishi,Town Box G,3BA-DS17W-LHCE,Cvt,2WD,658.0,Minvan,1485,4,Gasoline,3222145.5215400006,KRA CRSP July 2025,2026-05-20T12:50:34.557157
Mitsubishi,Town Box G,3BA-DS17W-LHCD4,Cvt,2WD,658.0,Minvan,1485,4,Gasoline,2942133.91614,KRA CRSP July 2025,2026-05-20T12:50:34.557157
Mitsubishi,Town Box G,ABA-DS17W-LHCSQ3,4At,2WD,658.0,Minvan,1485,4,Gasoline,2612323.8396,KRA CRSP July 2025,2026-05-20T12:50:34.557157
Mitsubishi,Town Box G,ABA-DS17W-LHCD2,4At,2WD,658.0,Minvan,1525,4,Gasoline,2498307.1380000003,KRA CRSP July 2025,2026-05-20T12:50:34.557157
Mitsubishi,Triton Gsr,3DF-LC2T-JLPRD,6At,4WD,2439.0,D/Cab,1515,5,Diesel,9433275.204374999,KRA CRSP July 2025,2026-05-20T12:50:34.557157
Mitsubishi Fuso,Canter,FBAV0 -,Mt,2WD,3000.0,Truck,,2,Diesel,7210620.899999999,KRA CRSP July 2025,2026-05-20T12:50:34.557157
Mitsubishi Fuso,Canter,FEBM0-,Mt,2WD,3000.0,Truck,,4,Diesel,12206973.2625,KRA CRSP July 2025,2026-05-20T12:50:34.557157
Mitsubishi Fuso,Canter,FBA60-,Mt,2WD,3000.0,Truck,,2,Diesel,7751206.383749999,KRA CRSP July 2025,2026-05-20T12:50:34.557157
Mitsubishi Fuso,Canter,FBA20-,Mt,2WD,2990.0,Truck,,2,Diesel,6378317.67375,KRA CRSP July 2025,2026-05-20T12:50:34.557157
Mitsubishi Fuso,Canter,FEA20-,At,2WD,3000.0,Truck,,2,Diesel,5024999.442857143,KRA CRSP July 2025,2026-05-20T12:50:34.557157
Mitsubishi Fuso,Canter,FEA2W-,Mt,2WD,3000.0,Truck,,2,Diesel,6157840.696874999,KRA CRSP July 2025,2026-05-20T12:50:34.557157
Mitsubishi Fuso,Canter,FEB90-,Mt,2WD,3000.0,Truck,,2,Diesel,8020579.403571429,KRA CRSP July 2025,2026-05-20T12:50:34.557157
Mitsubishi Fuso,Canter,FE73DY-,Mt,2WD,3000.0,Truck,,2,Diesel,5967913.295454544,KRA CRSP July 2025,2026-05-20T12:50:34.557157
Mitsubishi Fuso,Canter,FEB50-,Mt,2WD,3000.0,Truck,,2,Diesel,7803531.699999999,KRA CRSP July 2025,2026-05-20T12:50:34.557157
Mitsubishi Fuso,Canter,FBA30-,Mt,2WD,3000.0,Truck,,2,Diesel,8240240.525,KRA CRSP July 2025,2026-05-20T12:50:34.557157
Mitsubishi Fuso,Canter,FDA00-,Mt,2WD,3000.0,Truck,,2,Diesel,7645875.5924999975,KRA CRSP July 2025,2026-05-20T12:50:34.557157
Mitsubishi Fuso,Canter All Low Floor,FBA20-,Mt,2WD,3000.0,Truck,,2,Diesel,6666658.076249999,KRA CRSP July 2025,2026-05-20T12:50:34.557157
Mitsubishi Fuso,Canter All Low Floor,FBAV0-,At,2WD,3000.0,Truck,,2,Diesel,8622560.10375,KRA CRSP July 2025,2026-05-20T12:50:34.557157
Mitsubishi Fuso,Canter All Low Floor Dump,FBA30-,Mt,2WD,3000.0,Truck,,2,Diesel,7361334.6975,KRA CRSP July 2025,2026-05-20T12:50:34.557157
Mitsubishi Fuso,Canter All Low Floor Dump,FBA60-,Mt,2WD,3000.0,Truck,,2,Diesel,7607036.1825,KRA CRSP July 2025,2026-05-20T12:50:34.557157
Mitsubishi Fuso,Canter All Low Floor Dump,FBA60-,At,2WD,3000.0,Truck,,2,Diesel,7706878.79625,KRA CRSP July 2025,2026-05-20T12:50:34.557157
Mitsubishi Fuso,Canter Basegrade,FBA20-,At,2WD,3000.0,Truck,,2,Diesel,4694823.4473,KRA CRSP July 2025,2026-05-20T12:50:34.557157
Mitsubishi Fuso,Canter Double Cab,FBA00-,At,2WD,3000.0,Truck,,4,Diesel,8220204.321428572,KRA CRSP July 2025,2026-05-20T12:50:34.557157
Mitsubishi Fuso,Canter Double Cab,FDA00-,At,2WD,3000.0,Truck,,4,Diesel,13159564.07142857,KRA CRSP July 2025,2026-05-20T12:50:34.557157
Mitsubishi Fuso,Canter Double Cab All Low Floor,FBA20-,Mt,2WD,3000.0,Truck,,4,Diesel,7161438.386249999,KRA CRSP July 2025,2026-05-20T12:50:34.557157
Mitsubishi Fuso,Canter Double Cab All Low Floor,FBA20-,At,2WD,3000.0,Truck,,4,Diesel,7226874.348749999,KRA CRSP July 2025,2026-05-20T12:50:34.557157
Mitsubishi Fuso,Canter Double Cab Long,FEB50-,At,2WD,3000.0,Truck,,4,Diesel,11937630.397499997,KRA CRSP July 2025,2026-05-20T12:50:34.557157
Mitsubishi Fuso,Canter Double Cab Long All Low Floor,FBA00-,At,2WD,3000.0,Truck,,4,Diesel,9698770.603124999,KRA CRSP July 2025,2026-05-20T12:50:34.557157
Mitsubishi Fuso,Canter Dump,FBA30-,Mt,2WD,3000.0,Truck,,2,Diesel,9378149.464285716,KRA CRSP July 2025,2026-05-20T12:50:34.557157
Mitsubishi Fuso,Canter Dump,FEBM0-,Mt,2WD,3000.0,Truck,,2,Diesel,14339220.685714284,KRA CRSP July 2025,2026-05-20T12:50:34.557157
Mitsubishi Fuso,Canter Dump,FBA60-,At,2WD,3000.0,Truck,,2,Diesel,7475953.173749998,KRA CRSP July 2025,2026-05-20T12:50:34.557157
Mitsubishi Fuso,Canter Guts,SZ5F24-,Mt,2WD,3000.0,Truck,,2,Diesel,9471629.410714285,KRA CRSP July 2025,2026-05-20T12:50:34.557157
Mitsubishi Fuso,Canter Long,FEA20-,At,2WD,3000.0,Truck,,2,Diesel,6199002.028124999,KRA CRSP July 2025,2026-05-20T12:50:34.557157
Mitsubishi Fuso,Canter Long,FEA80-,At,2WD,3000.0,Truck,,2,Diesel,9302988.571874999,KRA CRSP July 2025,2026-05-20T12:50:34.557157
Mitsubishi Fuso,Canter Long,FEAV0-,At,2WD,3000.0,Truck,,2,Diesel,10162509.875,KRA CRSP July 2025,2026-05-20T12:50:34.557157
Mitsubishi Fuso,Canter Long,FEB90-,Mt,2WD,3000.0,Truck,,2,Diesel,9408424.905,KRA CRSP July 2025,2026-05-20T12:50:34.557157
Mitsubishi Fuso,Canter Long,FEA50-,Mt,2WD,3000.0,Truck,,2,Diesel,13477697.437499996,KRA CRSP July 2025,2026-05-20T12:50:34.557157
Mitsubishi Fuso,Canter Long,FEAV0-,Mt,2WD,3000.0,Truck,,2,Diesel,11777417.831249999,KRA CRSP July 2025,2026-05-20T12:50:34.557157
Mitsubishi Fuso,Canter Long,FEB50-,Mt,2WD,3000.0,Truck,,2,Diesel,20428216.25,KRA CRSP July 2025,2026-05-20T12:50:34.557157
Mitsubishi Fuso,Canter Long,FEB50-,Mt,2WD,3000.0,Truck,,2,Diesel,16418797.6875,KRA CRSP July 2025,2026-05-20T12:50:34.557157
Mitsubishi Fuso,Canter Long All Low Floor,FBA00-,Mt,2WD,3000.0,Truck,,2,Diesel,3648793.7024999997,KRA CRSP July 2025,2026-05-20T12:50:34.557157
Mitsubishi Fuso,Canter Long All Low Floor,FEAV0-,Mt,2WD,3000.0,Truck,,2,Diesel,7246082.969999999,KRA CRSP July 2025,2026-05-20T12:50:34.557157
Mitsubishi Fuso,Canter Long All Low Floor,FEA20-,At,2WD,3000.0,Truck,,2,Diesel,16753717.237499999,KRA CRSP July 2025,2026-05-20T12:50:34.557157
Mitsubishi Fuso,Canter Long All Low Floor,FEA50-,Mt,2WD,3000.0,Truck,,2,Diesel,20844821.860714287,KRA CRSP July 2025,2026-05-20T12:50:34.557157
Mitsubishi Fuso,Canter Long Custom,FEA80-,Mt,2WD,3000.0,Truck,,2,Diesel,12669774.384374997,KRA CRSP July 2025,2026-05-20T12:50:34.557157
Mitsubishi Fuso,Canter Long High Floor Dx,FEA80-,Mt,2WD,3000.0,Truck,,2,Diesel,13529412.956249999,KRA CRSP July 2025,2026-05-20T12:50:34.557157
Mitsubishi Fuso,Canter Long Turbo,FEB50-,At,2WD,3000.0,Truck,,2,Diesel,13810037.075,KRA CRSP July 2025,2026-05-20T12:50:34.557157
Mitsubishi Fuso,Canter Semi Long All Low Floor Sa,FEAV0-,Mt,2WD,3000.0,Truck,,2,Diesel,12166867.349999998,KRA CRSP July 2025,2026-05-20T12:50:34.557157
Mitsubishi Fuso,Canter Super Long,FEB20-,At,2WD,3000.0,Truck,,2,Diesel,8287570.192499997,KRA CRSP July 2025,2026-05-20T12:50:34.557157
Mitsubishi Fuso,Canter Super Long All Low Floor,FEB90-,Mt,2WD,3000.0,Truck,,2,Diesel,12636106.526249997,KRA CRSP July 2025,2026-05-20T12:50:34.557157
Mitsubishi Fuso,Canter Super Super Long,FED90-,At,2WD,3000.0,Truck,,2,Diesel,11755555.585714288,KRA CRSP July 2025,2026-05-20T12:50:34.557157
Mitsubishi Fuso,Canter Super Super Long,FEC90-,Mt,2WD,3000.0,Truck,,2,Diesel,19631844.168749996,KRA CRSP July 2025,2026-05-20T12:50:34.557157
Mitsubishi Fuso,Canter Super Super Long Dx Turbo,FEB80-,Mt,2WD,3000.0,Truck,,2,Diesel,16557409.349999998,KRA CRSP July 2025,2026-05-20T12:50:34.557157
Mitsubishi Fuso,Canter Wide Cab Long All Low Floor,FEB80-,Mt,2WD,3000.0,Truck,,2,Diesel,11514618.562499996,KRA CRSP July 2025,2026-05-20T12:50:34.557157
Mitsubishi Fuso,Canter Wide Cab Long All Low Floor,FEBS0-,At,2WD,3000.0,Truck,,2,Diesel,12062732.700000001,KRA CRSP July 2025,2026-05-20T12:50:34.557157
Neta,Neta N01,,At,FWD,35.0,Suv,,5,Electric,2673727.4999999995,KRA CRSP July 2025,2026-05-20T12:50:34.557157
Neta,Neta V,,At,FWD,38.0,Suv,,5,Electric,4221674.999999999,KRA CRSP July 2025,2026-05-20T12:50:34.557157
Neta,Neta U Pro,,At,FWD/AWD,54.0,Suv,,5,Electric,5628899.999999999,KRA CRSP July 2025,2026-05-20T12:50:34.557157
Neta,Neta S,,At,RWD/AWD,85.0,Sedan,,5,Electric,7359786.749999999,KRA CRSP July 2025,2026-05-20T12:50:34.557157
Neta,Neta Gt,,At,RWD/AWD,228.0,Coupe,,4,Electric,8443349.999999998,KRA CRSP July 2025,2026-05-20T12:50:34.557157
Neta,Neta V-Ii,,At,FWD,38.0,Suv,,5,Electric,4221674.999999999,KRA CRSP July 2025,2026-05-20T12:50:34.557157
Nio,Es8,,At,AWD,75.0,Suv,2600,6–7,Electric,14775862.499999996,KRA CRSP July 2025,2026-05-20T12:50:34.557157
Nio,Es6,,At,AWD,75.0,Suv,2300,5,Electric,10976354.999999998,KRA CRSP July 2025,2026-05-20T12:50:34.557157
Nio,Ec6,,At,AWD,70.0,Suv-Coupe,2300,5,Electric,10132019.999999998,KRA CRSP July 2025,2026-05-20T12:50:34.557157
Nio,Et5,,At,AWD,75.0,Sedan,2145,5,Electric,9076601.249999998,KRA CRSP July 2025,2026-05-20T12:50:34.557157
Nio,Et7,,At,AWD,75.0,Sedan,2400,5,Electric,13720443.749999996,KRA CRSP July 2025,2026-05-20T12:50:34.557157
Nio,Es7 (El7 In Europe),,At,AWD,75.0,Suv,2500,5,Electric,13720443.749999996,KRA CRSP July 2025,2026-05-20T12:50:34.557157
Nio,Ec7,,At,AWD,75.0,Suv-Coupe,2400,5,Electric,13720443.749999996,KRA CRSP July 2025,2026-05-20T12:50:34.557157
Nio,El6 (Es6 In Europe),,At,AWD,75.0,Suv,2300,5,Electric,10976354.999999998,KRA CRSP July 2025,2026-05-20T12:50:34.557157
Nio,Et5 Touring,,At,AWD,75.0,Station Wagon,2200,5,Electric,9076601.249999998,KRA CRSP July 2025,2026-05-20T12:50:34.557157
Nio,Et9,,At,AWD,100.0,Sedan,2379,4,Electric,21108374.999999996,KRA CRSP July 2025,2026-05-20T12:50:34.557157
Nissan,Ad Ve,5BF-VY12,Cvt,2WD,1498.0,Van,1700,5,Gasoline,2814535.81332,KRA CRSP July 2025,2026-05-20T12:50:34.557157
Nissan,Ariya B6,ZAA-FE0,Cvt,2WD,0.0,Suv,2195,5,Electric,8284375.291500002,KRA CRSP July 2025,2026-05-20T12:50:34.557157
Nissan,Ariya B9 E-4Orce,ZAA-FE0,Cvt,2WD,0.0,Suv,2485,5,Electric,13222877.378535002,KRA CRSP July 2025,2026-05-20T12:50:34.557157
Nissan,Atlas Diesel Dx,2RG-AHR88A,6Amt,4WD,2999.0,Truck,3915,3,Diesel,6571050.7878,KRA CRSP July 2025,2026-05-20T12:50:34.557157
Nissan,Atlas Diesel Dx,2RG-AHS88A,5Amt,4WD,2999.0,Truck,4520,5,Diesel,7110953.4042,KRA CRSP July 2025,2026-05-20T12:50:34.557157
Nissan,Atlas Diesel Dx Double Cab,2RG-AHS88A,5Amt,4WD,2999.0,Truck,4520,6,Diesel,7407243.129375,KRA CRSP July 2025,2026-05-20T12:50:34.557157
Nissan,Atlas Diesel Dx S/Cab,2RG-AHR88A,6Amt,2WD,2999.0,Truck,3915,3,Diesel,6844844.570625,KRA CRSP July 2025,2026-05-20T12:50:34.557157
Nissan,Atlas F24 D/Cab Dx,CBF-SQ2F24,5At,4WD,1998.0,Truck,3270,6,Gasoline,4211002.873125,KRA CRSP July 2025,2026-05-20T12:50:34.557157
Nissan,Atlas Gasolin,CBF-SQ2F24,5Amt,4WD,1998.0,Truck,3270,3,Gasoline,4042562.7582,KRA CRSP July 2025,2026-05-20T12:50:34.557157
Nissan,Atlas Gasolin Double Cab,CBF-SQ2F24,5At,2WD,1998.0,Truck,3270,6,Diesel,4211002.873125,KRA CRSP July 2025,2026-05-20T12:50:34.557157
Nissan,Aura E-Power G,6AA-FE13,Cvt,2WD,1198.0,Hatchback,1535,5,Gasoline,4590681.28398,KRA CRSP July 2025,2026-05-20T12:50:34.557157
Nissan,Aura E-Power G Leather Edition,6AA-FE13,Cvt,2WD,1198.0,Hatchback,1535,5,Gasoline,4666301.1846,KRA CRSP July 2025,2026-05-20T12:50:34.557157
Nissan,Caravan,3BF-CSE26,Cvt,2WD,2488.0,Van,2800,10,Gasoline,7080632.78625,KRA CRSP July 2025,2026-05-20T12:50:34.557157
Nissan,Caravan,3BF-DS4E26,7M-At,2WD,2488.0,Van,2650,10,Gasoline,6379737.46938,KRA CRSP July 2025,2026-05-20T12:50:34.557157
Nissan,Caravan,3BF-CS4E26,7M-At,2WD,2488.0,Van,2800,10,Gasoline,6549253.4772,KRA CRSP July 2025,2026-05-20T12:50:34.557157
Nissan,Caravan,3BF-VR2E26,7M-At,2WD,1998.0,Van,3185,6,Gasoline,5779081.835999999,KRA CRSP July 2025,2026-05-20T12:50:34.557157
Nissan,Caravan Chair Cab,3BF-CS4E26,7M-At,2WD,2488.0,Van,2800,10,Gasoline,7029981.984375,KRA CRSP July 2025,2026-05-20T12:50:34.557157
Nissan,Caravan Exclusive Kindergarten Vehicle,3BA-KS2E26,7M-At,2WD,2488.0,Van,2410,14,Gasoline,6872265.866812499,KRA CRSP July 2025,2026-05-20T12:50:34.557157
Nissan,Caravan Exclusive Kindergarten Vehicle For Attending,3BA-KS2E26,7M-At,2WD,2488.0,Van,2410,13,Gasoline,6772361.5265625,KRA CRSP July 2025,2026-05-20T12:50:34.557157
Nissan,Caravan Grand Gx,3BF-VR2E26,7M-At,2WD,1998.0,Van,2990,5,Gasoline,6874187.104124999,KRA CRSP July 2025,2026-05-20T12:50:34.557157
Nissan,Caravan Grand Premium Gx,3BF-VR2E26,7M-At,2WD,1998.0,Van,3010,5,Gasoline,7024043.614499998,KRA CRSP July 2025,2026-05-20T12:50:34.557157
Nissan,Caravan Gx,3BF-VR2E26,7Mt-At,2WD,1998.0,Van,2930,5,Gasoline,5316063.6436875,KRA CRSP July 2025,2026-05-20T12:50:34.557157
Nissan,Caravan Gx,3BF-VR2E26,7M-At,2WD,1998.0,Van,2930,5,Gasoline,5175813.319874999,KRA CRSP July 2025,2026-05-20T12:50:34.557157
Nissan,Caravan Gx,3BF-DS4E26,7M-At,2WD,2488.0,Van,2460,10,Gasoline,6651323.575874999,KRA CRSP July 2025,2026-05-20T12:50:34.557157
Nissan,Caravan Refridgerating Dx,3BF-VR2E26,7M-At,2WD,1998.0,Van,3265,3,Gasoline,7120105.480124999,KRA CRSP July 2025,2026-05-20T12:50:34.557157
Nissan,Caravan Refrigerating Van Dx,3BF-VR2E26,7M-At,2WD,1998.0,Van,3265,3,Gasoline,6749306.6788125,KRA CRSP July 2025,2026-05-20T12:50:34.557157
Nissan,Caravan Wagon Widebody,3BF-DS4E26,7M-At,2WD,2488.0,Van,2650,10,Gasoline,6760834.1026874995,KRA CRSP July 2025,2026-05-20T12:50:34.557157
Nissan,Cima Hybrid Vip G,DAA-HGY51,7M-At,2WD,3498.0,Sedan,2225,5,Gasoline,15765743.24955,KRA CRSP July 2025,2026-05-20T12:50:34.557157
Nissan,Cima Hybrid Vip G,5AA-HGY51,7Mt-At,2WD,3498.0,Sedan,2225,4,Gasoline,15645941.877059998,KRA CRSP July 2025,2026-05-20T12:50:34.557157
Nissan,Civilian Gl,ABG-DJW41,4At,2WD,4478.0,Bus,5425,29,Diesel,12500268.586875,KRA CRSP July 2025,2026-05-20T12:50:34.557157
Nissan,Clipper Dx Gl,5BD-DR17V[3BD-DR17V],Cvt,2WD,658.0,Van,1220,4,Electric,2657762.8486200003,KRA CRSP July 2025,2026-05-20T12:50:34.557157
Nissan,Clipper Rio,3BA-DR17W,Cvt,2WD,658.0,Van,1260,4,Gasoline,3839680.098,KRA CRSP July 2025,2026-05-20T12:50:34.557157
Nissan,Clipper Truck,3BD-DR16T,5Mt,2WD,658.0,Truck,1330,2,Gasoline,3074594.4959400003,KRA CRSP July 2025,2026-05-20T12:50:34.557157
Nissan,Clipper Truck Dx,3BD-DR16T,5Mt,4WD,658.0,Truck,1220,2,Gasoline,2296262.8359,KRA CRSP July 2025,2026-05-20T12:50:34.557157
Nissan,Cube 15X V,DBA-Z12,Cvt,2WD,1498.0,Minivan,1475,5,Gasoline,2766581.7300000004,KRA CRSP July 2025,2026-05-20T12:50:34.557157
Nissan,Cube 15X V Selection,DBA-Z12,Cvt,2WD,1498.0,Minivan,1475,5,Gasoline,2878921.7153999996,KRA CRSP July 2025,2026-05-20T12:50:34.557157
Nissan,Day Roox Highway Star X G,DBAB21A,Cvt,2WD,659.0,Minivan,1180,4,Gasoline,2657595.1769999997,KRA CRSP July 2025,2026-05-20T12:50:34.557157
Nissan,Dayz G,4AA-B45W,Cvt,2WD,659.0,Minivan,1100,4,Gasoline,3235056.2362800003,KRA CRSP July 2025,2026-05-20T12:50:34.557157
Nissan,Dayz G,5AA-B44W,Cvt,2WD,659.0,Minivan,1090,6,Gasoline,2794247.5472999997,KRA CRSP July 2025,2026-05-20T12:50:34.557157
Nissan,Dayz Highway Star G,DBA-B21W,Cvt,2WD,659.0,Minivan,1100,4,Gasoline,2360816.4096,KRA CRSP July 2025,2026-05-20T12:50:34.557157
Nissan,Dayz Highway Star G Turbo (2Wd),DBA-B21W,Cvt,2WD,659.0,Minivan,1100,4,Gasoline,2322251.9370000004,KRA CRSP July 2025,2026-05-20T12:50:34.557157
Nissan,Dayz Highway Star X G Package,DBA-B21A,Cvt,2WD,659.0,Minivan,1200,6,Gasoline,3015071.07084,KRA CRSP July 2025,2026-05-20T12:50:34.557157
Nissan,Dayz Highway Star X G-Package (2Wd),DBA-B21A,Cvt,2WD,659.0,Minivan,1180,44,Gasoline,2640828.015,KRA CRSP July 2025,2026-05-20T12:50:34.557157
Nissan,Dayz Highway Star X Propilot Edition,BR06-SM21,Cvt,2WD,659.0,Minivan,1080,4,Gasoline,2432915.2062,KRA CRSP July 2025,2026-05-20T12:50:34.557157
Nissan,Dayz Roox Highway Star X G-Package,DBA-B21A,Cvt,2WD,659.0,Minivan,1180,4,Gasoline,2657595.1769999997,KRA CRSP July 2025,2026-05-20T12:50:34.557157
Nissan,Dayz X,5AA-B44W,Cvt,2WD,659.0,Minivan,1090,4,Gasoline,2836668.46716,KRA CRSP July 2025,2026-05-20T12:50:34.557157
Nissan,Dayz X Highway Star X Propilot Edition,5AA-B44W,Cvt,2WD,659.0,Minivan,1090,5,Gasoline,2540225.043,KRA CRSP July 2025,2026-05-20T12:50:34.557157
Nissan,Dayzv Ighway Star G Turbo Propilot Edtion,4AA-B45W,Cvt,4WD,659.0,Minivan,1100,4,Gasoline,3235056.2362800003,KRA CRSP July 2025,2026-05-20T12:50:34.557157
Nissan,Elgrand 250,5BA-TE52,Cvt,4WD,2488.0,Minivan,2375,7,Gasoline,6905974.84875,KRA CRSP July 2025,2026-05-20T12:50:34.557157
Nissan,Elgrand 250,5BA-TE52,6Mt,2WD,2488.0,Minivan,2335,6,Gasoline,7810982.417700001,KRA CRSP July 2025,2026-05-20T12:50:34.557157
Nissan,Elgrand 250 Highway Star,DBA-TE52,Cvt,2WD,2488.0,Minivan,2335,7,Gasoline,6740399.124,KRA CRSP July 2025,2026-05-20T12:50:34.557157
Nissan,Elgrand 250 Highway Star Premium Urban Chrome,DBA-TE52,7M-At,2WD,2488.0,Minivan,2335,7,Gasoline,7241318.08875,KRA CRSP July 2025,2026-05-20T12:50:34.557157
Nissan,Elgrand 250 Highway Star Premium Urban Chrome,DBA-TE52,Cvt-M6,2WD,2488.0,Minivan,2335,7,Gasoline,7021249.087499999,KRA CRSP July 2025,2026-05-20T12:50:34.557157
Nissan,Elgrand 250 Highway Star Premium Urban Chrome,5BA-TE52,Cvt,2WD,2488.0,Minivan,2335,7,Gasoline,7100893.107,KRA CRSP July 2025,2026-05-20T12:50:34.557157
Nissan,Elgrand 250 Highway Star S,DBA-TE52,Cvt-M6,2WD,2488.0,Minivan,2375,7,Gasoline,6425665.520625,KRA CRSP July 2025,2026-05-20T12:50:34.557157
Nissan,Elgrand 250 Highway Star S,DBA-TE52,Cvt,2WD,2488.0,Minivan,2375,7,Gasoline,6645734.521875,KRA CRSP July 2025,2026-05-20T12:50:34.557157
Nissan,Elgrand 250 Highway Star S,DBA-TE52,Cvt,2WD,2488.0,Minivan,2375,7,Gasoline,6168638.8998,KRA CRSP July 2025,2026-05-20T12:50:34.557157
Nissan,Elgrand 250 Highway Star S,5BA-TE52,Cvt,2WD,2488.0,Minivan,2375,6,Gasoline,6629735.8548,KRA CRSP July 2025,2026-05-20T12:50:34.557157
Nissan,Elgrand 250 Highway Star Second Slide-Up Seat,5BA-TE52,Cvt,2WD,2488.0,Minivan,2375,7,Gasoline,7485839.20125,KRA CRSP July 2025,2026-05-20T12:50:34.557157
Nissan,E-Nv200,MI ZAB-VME0,Cvt,2WD,0.0,Van,2240,5,Electric,5769859.896900002,KRA CRSP July 2025,2026-05-20T12:50:34.557157
Nissan,E-Nv200 Van Gx,MT ZAB-VME0,Cvt,2WD,0.0,Van,1970,5,Electric,5769859.896900002,KRA CRSP July 2025,2026-05-20T12:50:34.557157
Nissan,E-Nv200 Van Gx 5,MI ZAB-VME0,5Mt,2WD,0.0,Van,2145,5,Gasoline,5808144.916800001,KRA CRSP July 2025,2026-05-20T12:50:34.557157
Nissan,Fairlady Z,3BA-RZ34,6Mt,2WD,2997.0,Coupe,1700,2,Gasoline,11627328.21525,KRA CRSP July 2025,2026-05-20T12:50:34.557157
Nissan,Fairlady Z,CBA-Z34,7M-At,2WD,3696.0,Coupe,1660,2,Gasoline,9103311.428850003,KRA CRSP July 2025,2026-05-20T12:50:34.557157
Nissan,Fairlady Z Version St,3BA-RZ34,6Mt,4WD,2997.0,Coupe,1700,2,Gasoline,11287269.2109375,KRA CRSP July 2025,2026-05-20T12:50:34.557157
Nissan,Fairlady Z Version St,CBA-Z34,Cvt,2WD,3696.0,Coupe,1660,2,Gasoline,9103311.428850003,KRA CRSP July 2025,2026-05-20T12:50:34.557157
Nissan,Fairlady Z Version St,4BA-Z34,7M-At,2WD,3696.0,Coupe,1660,2,Gasoline,8091832.3812,KRA CRSP July 2025,2026-05-20T12:50:34.557157
Nissan,Fuga 370G Type S,DBA-KY51,7M-At,2WD,3696.0,Sedan,2045,5,Gasoline,9976670.979525002,KRA CRSP July 2025,2026-05-20T12:50:34.557157
Nissan,Fuga 370Gt Type S,5BA-KY51,7M-At,2WD,3696.0,Sedan,2045,5,Gasoline,9077741.5068,KRA CRSP July 2025,2026-05-20T12:50:34.557157
Nissan,Fuga 370Gt Type S,5BA-KY51,7Mt-At,2WD,3696.0,Sedan,2045,4,Gasoline,9985515.65748,KRA CRSP July 2025,2026-05-20T12:50:34.557157
Nissan,Fuga Hybrid,DAA-HY51,7M-At,2WD,3498.0,Sedan,2125,5,Gasoline,10995276.071025,KRA CRSP July 2025,2026-05-20T12:50:34.557157
Nissan,Fuga Hybrid,DAA-HY51,7M-At,2WD,3498.0,Sedan,2125,5,Gasoline,10951891.039350001,KRA CRSP July 2025,2026-05-20T12:50:34.557157
Nissan,Fuga Hybrid,5AA-HGY51,7M-At,2WD,3498.0,Sedan,2135,5,Gasoline,9968077.809,KRA CRSP July 2025,2026-05-20T12:50:34.557157
Nissan,Fuga Hybrid,5AA-HY51,7Mt-At,2WD,3498.0,Sedan,2135,4,Gasoline,10981485.08028,KRA CRSP July 2025,2026-05-20T12:50:34.557157
Nissan,Fuga370Gt Type S Cool Exclusive,DBA-KY51,7M-At,2WD,3696.0,Sedan,2055,5,Gasoline,10848144.224475,KRA CRSP July 2025,2026-05-20T12:50:34.557157
Nissan,Gt-R,5BA-R35,6Amt,2WD,3799.0,Coupe,1980,4,Gasoline,29401847.335575,KRA CRSP July 2025,2026-05-20T12:50:34.557157
Nissan,Gt-R Premium Edition,4BA-R35,7M-At,4WD,3799.0,Coupe,1990,4,Gasoline,21143600.871525,KRA CRSP July 2025,2026-05-20T12:50:34.557157
Nissan,Gt-R Premium Edition,4BA-R35,6Amt,4WD,3799.0,Coupe,1625,4,Gasoline,18794311.885799997,KRA CRSP July 2025,2026-05-20T12:50:34.557157
Nissan,Gt-R Premium Edition,DBA-R35,6At,2WD,3799.0,Coupe,1990,4,Gasoline,20443781.447550002,KRA CRSP July 2025,2026-05-20T12:50:34.557157
Nissan,Gt-R Primium Edition T-Spec,4BA-R35,6Amt,4WD,3799.0,Coupe,1980,4,Gasoline,35765676.9600075,KRA CRSP July 2025,2026-05-20T12:50:34.557157
Nissan,Juke 15Rx V,DBA-YF15,Cvt,2WD,1498.0,Suv,1475,5,Gasoline,3279656.8871999998,KRA CRSP July 2025,2026-05-20T12:50:34.557157
Nissan,Juke 15Rx V Selection Personalization,DBA-YF15,Cvt,2WD,1498.0,Suv,1475,5,Gasoline,3279656.8872,KRA CRSP July 2025,2026-05-20T12:50:34.557157
Nissan,Kicks X,6AA-RP15,Mt,4WD,1198.0,Suv,1635,5,Gasoline,5027801.19732,KRA CRSP July 2025,2026-05-20T12:50:34.557157
Nissan,Kicks X,MT 6AA-P15,Cvt,2WD,1198.0,Suv,1635,5,Gasoline,4692122.61408,KRA CRSP July 2025,2026-05-20T12:50:34.557157
Nissan,Kicks X Four,MT 6AA-RP15,Cvt,4WD,1198.0,Suv,1755,5,Gasoline,5837487.4503,KRA CRSP July 2025,2026-05-20T12:50:34.557157
Nissan,Lafesta Highway Star G Supremo,DBA-CWFFN,6At,2WD,1997.0,Minivan,1885,7,Gasoline,4366448.4375,KRA CRSP July 2025,2026-05-20T12:50:34.557157
Nissan,Leaf E+ G,ZAA-ZE1,Cvt,2WD,0.0,Hatchback,1995,5,Electric,7386619.520115002,KRA CRSP July 2025,2026-05-20T12:50:34.557157
Nissan,Leaf G,ZAA-ZE1,Cvt,2WD,0.0,Hatchback,1795,5,Electric,6195466.359,KRA CRSP July 2025,2026-05-20T12:50:34.557157
Nissan,Leaf G,ZAA-ZE1,Cvt,2WD,2488.0,Hatchback,1795,5,Gasoline,6453610.790624999,KRA CRSP July 2025,2026-05-20T12:50:34.557157
Nissan,March G,MT DBA-K13,Cvt,2WD,1198.0,Hatchback,1225,5,Gasoline,2417824.7604,KRA CRSP July 2025,2026-05-20T12:50:34.557157
Nissan,March G,MT 5BA-K13,Cvt,2WD,1198.0,Hatchback,1245,5,Gasoline,2545255.1916000005,KRA CRSP July 2025,2026-05-20T12:50:34.557157
Nissan,March G,MT DBA-K13,Cvt,2WD,1198.0,Hatchback,1225,5,Gasoline,2417824.7604,KRA CRSP July 2025,2026-05-20T12:50:34.557157
Nissan,March G,5BA-K13,Cvt,2WD,1198.0,Hatchback,1245,4,Gasoline,2799780.71076,KRA CRSP July 2025,2026-05-20T12:50:34.557157
Nissan,Note E-Power Medalist Blackarrow,DAA-HE12,Cvt,2WD,1198.0,Hatchback,1505,5,Gasoline,3764227.8690000004,KRA CRSP July 2025,2026-05-20T12:50:34.557157
Nissan,Note E-Power X,DAA-HE12,Cvt,2WD,1198.0,Hatchback,1485,5,Gasoline,3246122.5631999997,KRA CRSP July 2025,2026-05-20T12:50:34.557157
Nissan,Note X,6AA-E13,Cvt,4WD,1198.0,Hatchback,1495,5,Gasoline,3771773.0918999994,KRA CRSP July 2025,2026-05-20T12:50:34.557157
Nissan,Note X,6AA-E13,Cvt,2WD,1198.0,Hatchback,1495,5,Gasoline,3666642.9861600003,KRA CRSP July 2025,2026-05-20T12:50:34.557157
Nissan,Nt100 Clipper,3BD-DR16T,2Wd,5MT,658.0,Truck,1310,2,Gasoline,2687273.0537400004,KRA CRSP July 2025,2026-05-20T12:50:34.557157
Nissan,Nt100 Clipper,3BD-DR16T,4Wd,5MT,658.0,Truck,1450,2,Gasoline,2855112.3453599997,KRA CRSP July 2025,2026-05-20T12:50:34.557157
Nissan,Nt100 Clipper Dx,EBD-DR16T,5Mt,4WD,658.0,Truck,2975,2,Diesel,1592880.3900000001,KRA CRSP July 2025,2026-05-20T12:50:34.557157
Nissan,Nt100 Clipper Dx,EBD-DR16T,5Mt,4WD,658.0,Truck,1230,2,Gasoline,1592880.3900000001,KRA CRSP July 2025,2026-05-20T12:50:34.557157
Nissan,Nt100 Clipper Dx,3BD-DR16T,5Mt/4At,4WD,658.0,Truck,1220,2,Gasoline,1792744.96104,KRA CRSP July 2025,2026-05-20T12:50:34.557157
Nissan,Nt450 Atlas Dx D/Cab,TRG-FEA2W,6Amt,4WD,2998.0,Truck,4890,6,Diesel,8088409.085624999,KRA CRSP July 2025,2026-05-20T12:50:34.557157
Nissan,Nt450 Atlas Dx S/Cab,TRG-FBA5W,6Amt,4WD,2998.0,Truck,5525,3,Diesel,7552209.217499999,KRA CRSP July 2025,2026-05-20T12:50:34.557157
Nissan,Nt450 Atlas Reinforced Dump,TRG-FBA3W,5Mt,2WD,2998.0,Truck,4925,3,Diesel,7632551.868749999,KRA CRSP July 2025,2026-05-20T12:50:34.557157
Nissan,Nt450 Atlas Reinforced Dump,TRG-FDA4W,6Amt,4WD,2998.0,Truck,4905,3,Diesel,8736390.03375,KRA CRSP July 2025,2026-05-20T12:50:34.557157
Nissan,Nt450 Atlas S/Cab,TRG-FBA3W,5Mt,2WD,2998.0,Truck,4735,3,Diesel,7609846.336875,KRA CRSP July 2025,2026-05-20T12:50:34.557157
Nissan,Nv100 Clipper G,3BA-DR17W,4At,4WD,658.0,Van,1220,4,Gasoline,3131770.51836,KRA CRSP July 2025,2026-05-20T12:50:34.557157
Nissan,Nv100 Clipper Gx,3BD-DR17V,5Mt,2WD,658.0,Van,1220,4,Gasoline,2233553.65002,KRA CRSP July 2025,2026-05-20T12:50:34.557157
Nissan,Nv100 Clipper Gx,3BD-DR17V,3At,2WD,658.0,Van,1220,4,Gasoline,2233553.65002,KRA CRSP July 2025,2026-05-20T12:50:34.557157
Nissan,Nv100 Clipper Gx,3BD-DR17VV,4At,2WD,658.0,Van,1220,4,Gasoline,2089691.4000600001,KRA CRSP July 2025,2026-05-20T12:50:34.557157
Nissan,Nv100 Clipper Gx,HBD-DR17V,5Mt,2WD,658.0,Van,1220,4,Gasoline,1750491.7128,KRA CRSP July 2025,2026-05-20T12:50:34.557157
Nissan,Nv100 Clipper Gx,5BD-DR17V,5Mt,2WD,658.0,Van,350,4,Gasoline,2441969.4736800003,KRA CRSP July 2025,2026-05-20T12:50:34.557157
Nissan,Nv100 Clipper Rio,ABA-DR17W,4At,2WD,658.0,Van,1220,4,Gasoline,3388643.4402,KRA CRSP July 2025,2026-05-20T12:50:34.557157
Nissan,Nv100 Clipper Rio,3BA-DR17W,4At,2WD,658.0,Van,1220,7,Gasoline,3373552.9944,KRA CRSP July 2025,2026-05-20T12:50:34.557157
Nissan,Nv100 Clipper Rio Chair Cab,3BA-DR17W,5At,2WD,658.0,Van,1230,4,Gasoline,3459065.5206,KRA CRSP July 2025,2026-05-20T12:50:34.557157
Nissan,Nv100 Clipper Rio G,3BA-DR17W,4At,2WD,658.0,Van,1220,4,Gasoline,3399206.75226,KRA CRSP July 2025,2026-05-20T12:50:34.557157
Nissan,Nv100 Clipper Rio G,ABA-DR17W,4At,2WD,658.0,Van,1180,4,Gasoline,2744784.4194,KRA CRSP July 2025,2026-05-20T12:50:34.557157
Nissan,Nv100 Clipper Rio G (2Wd),ABA-DR17W,4At,2WD,658.0,Van,1180,4,Gasoline,2627414.2854,KRA CRSP July 2025,2026-05-20T12:50:34.557157
Nissan,Nv150 Ad 1.5 Ve,DBF-VY12,Cvt,2WD,1498.0,Van,1700,5,Gasoline,2471479.6788,KRA CRSP July 2025,2026-05-20T12:50:34.557157
Nissan,Nv150 Ad Ve,DBF-VY12,Cvt,2WD,1498.0,Van,1700,5,Gasoline,2471479.6788,KRA CRSP July 2025,2026-05-20T12:50:34.557157
Nissan,Nv200,5BA-VM20,Cvt,2WD,1597.0,Van,1800,6,Gasoline,5237991.545624999,KRA CRSP July 2025,2026-05-20T12:50:34.557157
Nissan,Nv200 16X-2R,3BA-M20,Cvt,2WD,1597.0,Van,1625,7,Gasoline,3910102.1784,KRA CRSP July 2025,2026-05-20T12:50:34.557157
Nissan,Nv200 Vanette,DBA-M20,Cvt,2WD,1597.0,Van,1585,5,Gasoline,3618353.5596000007,KRA CRSP July 2025,2026-05-20T12:50:34.557157
Nissan,Nv200 Vanette,DBF-VM20,4At,2WD,1597.0,Van,1780,6,Gasoline,4669654.617,KRA CRSP July 2025,2026-05-20T12:50:34.557157
Nissan,Nv200 Vanette,5BF-VM20,Cvt,2WD,1597.0,Van,1800,6,Gasoline,4842356.3856,KRA CRSP July 2025,2026-05-20T12:50:34.557157
Nissan,Nv200 Vanette  Multi Bed Wagon,DBA-M20,4At,2WD,1597.0,Van,1585,5,Gasoline,3769118.29125,KRA CRSP July 2025,2026-05-20T12:50:34.557157
Nissan,Nv200 Vanette 16X-2R,3BA-M20,Cvt,2WD,1597.0,Van,1625,5,Gasoline,4073023.1024999996,KRA CRSP July 2025,2026-05-20T12:50:34.557157
Nissan,Nv200 Vanette 16X-2R,DBA-M20,4At,4WD,1597.0,Van,1585,5,Gasoline,3133363.3987499997,KRA CRSP July 2025,2026-05-20T12:50:34.557157
Nissan,Nv200 Vanette 16X-2R,DBA-M20,Cvt,2WD,1597.0,Van,1585,5,Gasoline,3008028.8628,KRA CRSP July 2025,2026-05-20T12:50:34.557157
Nissan,Nv200 Vanette Chair Cab 2-Wheelchair,5BF-VM20,Cvt,2WD,1597.0,Van,1800,6,Gasoline,5044121.234999999,KRA CRSP July 2025,2026-05-20T12:50:34.557157
Nissan,Nv200 Vanette Freezing Van,5BF-VM20,Cvt,2WD,1597.0,Van,2065,2,Gasoline,5083593.928874999,KRA CRSP July 2025,2026-05-20T12:50:34.557157
Nissan,Nv200 Vanette Gx,5BF-VM20,Cvt,2WD,1597.0,Van,2080,5,Gasoline,4436136.9545625,KRA CRSP July 2025,2026-05-20T12:50:34.557157
Nissan,Nv200 Vanette Gx,3BF-VNM20,E-At,4WD,1597.0,Van,2180,5,Gasoline,5829034.006125,KRA CRSP July 2025,2026-05-20T12:50:34.557157
Nissan,Nv200 Vanette Multibed Van,3BF-VNM20,E-At,2WD,1597.0,Van,2180,5,Gasoline,5585036.867437499,KRA CRSP July 2025,2026-05-20T12:50:34.557157
Nissan,Nv200 Vanette Route Van,5BF-VM20,Cvt,2WD,1597.0,Van,2020,2,Gasoline,3971197.5249375,KRA CRSP July 2025,2026-05-20T12:50:34.557157
Nissan,Nv200 Vanette Van Gx,DBF-VM20,5Mt,2WD,1597.0,Van,1970,5,Gasoline,3163055.2481249995,KRA CRSP July 2025,2026-05-20T12:50:34.557157
Nissan,Nv200 Vanette Van Gx,5BF-VM20,Cvt,2WD,1597.0,Van,650,5,Gasoline,4251698.1725624995,KRA CRSP July 2025,2026-05-20T12:50:34.557157
Nissan,Nv200 Vanette Van With Lifter,5BF-VM20,Cvt,2WD,1597.0,Van,2065,2,Gasoline,5025956.8094999995,KRA CRSP July 2025,2026-05-20T12:50:34.557157
Nissan,Nv200 Vanette Vx,5BF-VM20,Cvt,2WD,1597.0,Van,2020,2,Gasoline,4146030.120375,KRA CRSP July 2025,2026-05-20T12:50:34.557157
Nissan,Nv350 Caravan,CBF-DS4E26,Cvt,2WD,2488.0,Van,2620,5,Gasoline,5434237.2042,KRA CRSP July 2025,2026-05-20T12:50:34.557157
Nissan,Nv350 Caravan,CBF-CS4E26,5At,2WD,2488.0,Van,2790,10,Gasoline,6165285.4673999995,KRA CRSP July 2025,2026-05-20T12:50:34.557157
Nissan,Nv350 Caravan,CBA-KS26,5At,2WD,2488.0,Van,2450,10,Gasoline,4637168.240625,KRA CRSP July 2025,2026-05-20T12:50:34.557157
Nissan,Nv350 Caravan,CBF-DS8E26,Cvt,2WD,2488.0,Van,2790,10,Gasoline,6422172.361874999,KRA CRSP July 2025,2026-05-20T12:50:34.557157
Nissan,Nv350 Caravan,CBF-CS4E26,5At,2WD,2488.0,Van,2790,14,Gasoline,6165285.4673999995,KRA CRSP July 2025,2026-05-20T12:50:34.557157
Nissan,Nv350 Caravan Dx,CBF-VR2E26,5E-At,2WD,1998.0,Van,3125,3,Gasoline,3585727.4568749997,KRA CRSP July 2025,2026-05-20T12:50:34.557157
Nissan,Nv350 Caravan Dx,CBF-VR2E26,5At,2WD,1998.0,Van,1250,3,Gasoline,3585727.4568749997,KRA CRSP July 2025,2026-05-20T12:50:34.557157
Nissan,Nv350 Caravan Dx,CBF-CS2E26,5At,2WD,2488.0,Van,3155(3085),5,Gasoline,4198776.8175,KRA CRSP July 2025,2026-05-20T12:50:34.557157
Nissan,Nv350 Caravan Dx,CBF-CS4E26,5E-At,2WD,2488.0,Van,3155,9,Gasoline,4030825.7448000005,KRA CRSP July 2025,2026-05-20T12:50:34.557157
Nissan,Nv350 Caravan Gx,CBF-VR2E26,5E-At,2WD,1998.0,Van,2920,5,Gasoline,4705284.83625,KRA CRSP July 2025,2026-05-20T12:50:34.557157
Nissan,Nv350 Caravan Gx,CBF-VR2E26,5At,2WD,1998.0,Van,2920(2925) (2935),5,Gasoline,4705284.83625,KRA CRSP July 2025,2026-05-20T12:50:34.557157
Nissan,Nv350 Caravan Premium Gx,CBF-VR2E26,5E-At,2WD,1998.0,Van,2920,5,Gasoline,4705284.83625,KRA CRSP July 2025,2026-05-20T12:50:34.557157
Nissan,Nv350 Caravan Wagon Wide Body,CBF-DS8E26,5At,2WD,2488.0,Van,2730,10,Gasoline,6154945.717499999,KRA CRSP July 2025,2026-05-20T12:50:34.557157
Nissan,Roox,44A-B45A,Cvt,2WD,659.0,Minivan,1220,7,Gasoline,3240589.39974,KRA CRSP July 2025,2026-05-20T12:50:34.557157
Nissan,Roox G,44A-B45A,Cvt,2WD,659.0,Minivan,1220,4,Gasoline,3283010.3196,KRA CRSP July 2025,2026-05-20T12:50:34.557157
Nissan,Roox Highway Star G Turbo Propilot Edtions,4AA-B45A,Cvt,4WD,659.0,Minivan,1230,4,Gasoline,3631599.61758,KRA CRSP July 2025,2026-05-20T12:50:34.557157
Nissan,Roox Hughway Star G Turbo,44A-B45A,Cvt,2WD,659.0,Minivan,1230,5,Gasoline,2945990.3633999997,KRA CRSP July 2025,2026-05-20T12:50:34.557157
Nissan,Roox Hughway Star X,DAA-B44A,Cvt,2WD,659.0,Minivan,1230,7,Gasoline,6239060.9802,KRA CRSP July 2025,2026-05-20T12:50:34.557157
Nissan,Roox X,5AA-B44A,Cvt,2WD,659.0,Minivan,1230,7,Gasoline,3472479.2501999997,KRA CRSP July 2025,2026-05-20T12:50:34.557157
Nissan,Roox X Slide-Up Seat,5AA-B44A,Cvt,2WD,659.0,Minivan,1210,4,Gasoline,3375229.7106,KRA CRSP July 2025,2026-05-20T12:50:34.557157
Nissan,Sakura G,ZAA-B6AW,Cvt,4WD,0.0,Minivan,1330,4,Electric,4737310.115670001,KRA CRSP July 2025,2026-05-20T12:50:34.557157
Nissan,Sakura G,ZAA-B6AW,Cvt,2WD,0.0,Minivan,1330,4,Electric,3687392.349135001,KRA CRSP July 2025,2026-05-20T12:50:34.557157
Nissan,Serena Chair Cab,6AA-GFC28,Cvt,2WD,1433.0,Minivan,2295,7,Gasoline,6948311.9328,KRA CRSP July 2025,2026-05-20T12:50:34.557157
Nissan,Serena E-Power,DAA-HFC27,Cvt,2WD,1198.0,Minivan,2145,7,Gasoline,5285009.4624,KRA CRSP July 2025,2026-05-20T12:50:34.557157
Nissan,Serena E-Power,6AA-HFC27,Cvt,2WD,1198.0,Minivan,2165,7,Gasoline,6007171.129740001,KRA CRSP July 2025,2026-05-20T12:50:34.557157
Nissan,Serena E-Power Highway Star Chair Cab,DAA-HFC27,Cvt,2WD,1198.0,Minivan,2205,7,Gasoline,6336310.5198,KRA CRSP July 2025,2026-05-20T12:50:34.557157
Nissan,Serena E-Power Highway Star V,DAA-HFC27,Cvt,2WD,1198.0,Minivan,2145,5,Gasoline,5333634.2322,KRA CRSP July 2025,2026-05-20T12:50:34.557157
Nissan,Serena E-Power Highway Star V,6AA-HFC27,Cvt,2WD,1198.0,Minivan,2205,7,Gasoline,6621184.60218,KRA CRSP July 2025,2026-05-20T12:50:34.557157
Nissan,Serena E-Power Highway Star V Second Slide-Up Seat,6AA-GFC28,Cvt,2WD,1433.0,Minivan,2235,7,Gasoline,6490568.4102,KRA CRSP July 2025,2026-05-20T12:50:34.557157
Nissan,Serena E-Power Highway Star V Step Type,DAA-HFC27,Cvt,2WD,1198.0,Minivan,2185,7,Gasoline,6313339.507859999,KRA CRSP July 2025,2026-05-20T12:50:34.557157
Nissan,Serena E-Power Luxion,6AA-GFC28,Cvt,4WD,1433.0,Minivan,2235,7,Gasoline,8045219.67084,KRA CRSP July 2025,2026-05-20T12:50:34.557157
Nissan,Serena E-Power Luxion,6AA-GFC28,Cvt,2WD,1433.0,Minivan,2235,7,Gasoline,8128217.122739999,KRA CRSP July 2025,2026-05-20T12:50:34.557157
Nissan,Serena E-Power Star V,6AA-GFC28,Cvt,2WD,1433.0,Minivan,2235,7,Gasoline,6713571.6648,KRA CRSP July 2025,2026-05-20T12:50:34.557157
Nissan,Serena Highway Star,DAA-GF C27,Cvt,2WD,1997.0,Minivan,2090,8,Gasoline,4331516.85,KRA CRSP July 2025,2026-05-20T12:50:34.557157
Nissan,Serena Highway Star V,DAA-GF C27,Cvt,2WD,1997.0,Minivan,2160,8,Gasoline,5093025.4575,KRA CRSP July 2025,2026-05-20T12:50:34.557157
Nissan,Serena Multibed,5BA-FC28,Cvt,4WD,1997.0,Minivan,1955,5,Gasoline,6707039.4579374995,KRA CRSP July 2025,2026-05-20T12:50:34.557157
Nissan,Serena V,5BA-FC28,Cvt,2WD,1997.0,Minivan,1935,5,Gasoline,6532206.8625,KRA CRSP July 2025,2026-05-20T12:50:34.557157
Nissan,Skyline 350Gt Hybrid Type Sp,DAA-HV37,7M-At,2WD,3498.0,Sedan,2085,5,Gasoline,8631734.9976,KRA CRSP July 2025,2026-05-20T12:50:34.557157
Nissan,Skyline 400R,5BA-RV37,7M-At,4WD,2997.0,Sedan,2035,5,Gasoline,10303595.7069375,KRA CRSP July 2025,2026-05-20T12:50:34.557157
Nissan,Skyline 400R,5BA-RV37,7M-At,2WD,2997.0,Sedan,2035,5,Gasoline,9825207.616124997,KRA CRSP July 2025,2026-05-20T12:50:34.557157
Nissan,Skyline Gt Type Sp (Hybrid),5AA-HV37,7Mt-At,2WD,3498.0,Sedan,2115,7,Gasoline,10328571.792,KRA CRSP July 2025,2026-05-20T12:50:34.557157
Nissan,Skyline Nismo,5BA-RV37,7Mt,4WD,2997.0,Sedan,2015,5,Gasoline,14793527.306249999,KRA CRSP July 2025,2026-05-20T12:50:34.557157
Nissan,Sylphy G,DBA-TB17,Cvt,2WD,1798.0,Sedan,1515,5,Gasoline,3975214.6574999997,KRA CRSP July 2025,2026-05-20T12:50:34.557157
Nissan,Sylphy X Passenger'S Swivel Seat (2Wd),DBA-TB17,Cvt,2WD,1798.0,Sedan,1525,5,Gasoline,3641617.9968749997,KRA CRSP July 2025,2026-05-20T12:50:34.557157
Nissan,Teana Xv Navi Avm Package,DBA-L33,Cvt,2WD,2488.0,Sedan,1755,5,Gasoline,5681622.706875,KRA CRSP July 2025,2026-05-20T12:50:34.557157
Nissan,Teana Xv Navi Avm Package,DBA-L33,Cvt,2WD,2498.0,Sedan,1755,5,Gasoline,5681622.706875,KRA CRSP July 2025,2026-05-20T12:50:34.557157
Nissan,Vanette 16X-2R,3BA-M20,Cvt,4WD,1597.0,Minivan,1625,5,Gasoline,4073023.1024999996,KRA CRSP July 2025,2026-05-20T12:50:34.557157
Nissan,Wingroad 15M,DBA-Y12,Cvt,2WD,1498.0,Wagon,1495,5,Gasoline,3135459.2939999998,KRA CRSP July 2025,2026-05-20T12:50:34.557157
Nissan,X-Trail 20X,DBA-NT32,Cvt,4WD,1997.0,Suv,1815,5,Gasoline,4455523.985625,KRA CRSP July 2025,2026-05-20T12:50:34.557157
Nissan,X-Trail 20X Hybrid,DAA-HNT32,Cvt,4WD,1997.0,Suv,1915,5,Gasoline,5010936.226875,KRA CRSP July 2025,2026-05-20T12:50:34.557157
Nissan,X-Trail 20Xi,DBA-NT32,Cvt,4WD,1997.0,Suv,1815,5,Gasoline,5082545.98125,KRA CRSP July 2025,2026-05-20T12:50:34.557157
Nissan,X-Trail 20Xi,5BA-NT32,Cvt,4WD,1997.0,Suv,1845,5,Gasoline,5459387.947199999,KRA CRSP July 2025,2026-05-20T12:50:34.557157
Nissan,X-Trail 20Xi Hybrid,DAA-NT32,6Amt,4WD,1997.0,Suv,1915,5,Gasoline,5341039.72875,KRA CRSP July 2025,2026-05-20T12:50:34.557157
Nissan,X-Trail 20Xi Hybrid,DBA-HNT32,Cvt,4WD,1997.0,Suv,1915,5,Gasoline,5088833.667,KRA CRSP July 2025,2026-05-20T12:50:34.557157
Nissan,X-Trail 20Xi X-Treamer X,DBA-NT32,Cvt,4WD,1997.0,Suv,1875,5,Gasoline,5452681.0824,KRA CRSP July 2025,2026-05-20T12:50:34.557157
Nissan,X-Trail 20Xi X-Tremer X,DBA-NT32,Cvt,4WD,1997.0,Suv,1875,5,Gasoline,6184637.566875,KRA CRSP July 2025,2026-05-20T12:50:34.557157
Nissan,X-Trail Slide Up Seat 20X X-Tremer X (4Wd 2Row),DBA-NT32,Cvt,2WD,1997.0,Suv,1875,5,Gasoline,5267683.395,KRA CRSP July 2025,2026-05-20T12:50:34.557157
Nissan,X-Trail X E-4Orce,6AA-SNT33,Cvt,4WD,1497.0,Suv,2125,5,Gasoline,6370515.5302800005,KRA CRSP July 2025,2026-05-20T12:50:34.557157
Nissan,Navara Sl,,6At,2WD,2300.0,Single Cab,,5,Diesel,5268509.296874999,KRA CRSP July 2025,2026-05-20T12:50:34.557157
Nissan,Navara Sl,,7At,2WD,2300.0,Dual Cab,,4,Diesel,5361592.499999999,KRA CRSP July 2025,2026-05-20T12:50:34.557157
Nissan,Navara St,,7At,2WD,2300.0,Dual Cab,,4,Diesel,6076471.499999998,KRA CRSP July 2025,2026-05-20T12:50:34.557157
Nissan,Navara St-X  Cloth/No Sunroof,,7At,2WD,2300.0,Dual Cab,,4,Diesel,6582844.125,KRA CRSP July 2025,2026-05-20T12:50:34.557157
Nissan,Navara St,,6At,4WD,2300.0,Dual Cab,,4,Diesel,6731777.25,KRA CRSP July 2025,2026-05-20T12:50:34.557157
Nissan,Navara St-X  Leather/No Sunroof,,7At,2WD,2300.0,Dual Cab,,4,Diesel,6761563.874999998,KRA CRSP July 2025,2026-05-20T12:50:34.557157
Nissan,Navara St-X  Leather/Sunroof,,7At,2WD,2300.0,Dual Cab,,4,Diesel,6895603.687499998,KRA CRSP July 2025,2026-05-20T12:50:34.557157
Nissan,Navara Pro-4X,,6At,4WD,2300.0,Dual Cab,,4,Diesel,7163683.3125,KRA CRSP July 2025,2026-05-20T12:50:34.557157
Nissan,Navara St-X  Cloth/No Sunroof,,6At,4WD,2300.0,Dual Cab,,4,Diesel,7178576.625,KRA CRSP July 2025,2026-05-20T12:50:34.557157
Nissan,Navara Pro-4X,,7At,4WD,2300.0,Dual Cab,,4,Diesel,7223256.562499998,KRA CRSP July 2025,2026-05-20T12:50:34.557157
Nissan,Navara Sl Warrior,,6At,4WD,2300.0,Dual Cab,,4,Diesel,7536016.125,KRA CRSP July 2025,2026-05-20T12:50:34.557157
Nissan,Navara Black Edition,,7At,4WD,2300.0,Dual Cab,,4,Diesel,7789202.437499998,KRA CRSP July 2025,2026-05-20T12:50:34.557157
Nissan,Navara St-X  Leather/Sunroof,,7At,4WD,2300.0,Dual Cab,,4,Diesel,7818989.062499998,KRA CRSP July 2025,2026-05-20T12:50:34.557157
Nissan,Navara Black Edition Hsp,,7At,4WD,2300.0,Dual Cab,,4,Diesel,7848775.687499998,KRA CRSP July 2025,2026-05-20T12:50:34.557157
Nissan,Navara Sl Warrior,,7At,4WD,2300.0,Dual Cab,,4,Diesel,7848775.687499998,KRA CRSP July 2025,2026-05-20T12:50:34.557157
Nissan,Navara Pro-4X Warrior,,6At,4WD,2300.0,Dual Cab,,4,Diesel,8265788.437499998,KRA CRSP July 2025,2026-05-20T12:50:34.557157
Nissan,Navara Pro-4X Warrior,,7At,4WD,2300.0,Dual Cab,,4,Diesel,8593441.312499998,KRA CRSP July 2025,2026-05-20T12:50:34.557157
Nissan Diesel/Ud,Trucks Kazet,FBA2Y-58,At,2WD,3000.0,Trk,,,Diesel,7709833.968749998,KRA CRSP July 2025,2026-05-20T12:50:34.557157
Nissan Diesel/Ud,Trucks Condor,BRR90-700,Mt,2WD,5200.0,Trk,,,Diesel,12549773.272499999,KRA CRSP July 2025,2026-05-20T12:50:34.557157
Nissan Diesel/Ud,Trucks Quon,JNCMCG0D9PU07,Mt,2WD,9900.0,Trk,,,Diesel,30650868.241071425,KRA CRSP July 2025,2026-05-20T12:50:34.557157
Nissan Diesel/Ud,Trucks Quon,JNCMB02G3JU02,At,2WD,10800.0,Trk,,,Diesel,18051580.751785714,KRA CRSP July 2025,2026-05-20T12:50:34.557157
Nissan Diesel/Ud,Trucks Quon Basegrade,JNCMC90D6RU08,At,2WD,12770.0,Trk,,,Diesel,49709431.560937494,KRA CRSP July 2025,2026-05-20T12:50:34.557157
Nissan Diesel/Ud,Trucks Quon,JNCMC10GXSU10,At,2WD,9900.0,Trk,,,Diesel,26553913.5825,KRA CRSP July 2025,2026-05-20T12:50:34.557157
Opel,Astra 1.4,,6Mt,2WD,1400.0,Hatchback,,,Petrol,3321158.217142858,KRA CRSP July 2025,2026-05-20T12:50:34.557157
Opel,Astra 1.4 Sports Tourer,,6At,4WD,1400.0,Wagon,,,Petrol,3840089.18857143,KRA CRSP July 2025,2026-05-20T12:50:34.557157
Opel,Astra 1.6 Select,,6Mt,2WD,1600.0,Hatchback,,,Petrol,4415630.811428571,KRA CRSP July 2025,2026-05-20T12:50:34.557157
Opel,Astra 1.6 Select Sports Tourer,,6At,4WD,1600.0,Wagon,,,Petrol,4585462.765714286,KRA CRSP July 2025,2026-05-20T12:50:34.557157
Opel,Astra 1.6 Sports,,6At,2WD,1600.0,Hatchback,,,Petrol,3736302.9942857153,KRA CRSP July 2025,2026-05-20T12:50:34.557157
Opel,Astra Cdti,,6Mt,2WD,2000.0,Hatchback,,,Diesel,4245798.857142857,KRA CRSP July 2025,2026-05-20T12:50:34.557157
Opel,Astra Cdti Select,,6Mt,2WD,2000.0,Hatchback,,,Diesel,4868516.022857144,KRA CRSP July 2025,2026-05-20T12:50:34.557157
Opel,Astra Cdti Select Sports Tourer,,6At,4WD,2000.0,Wagon,,,Diesel,4981737.3257142855,KRA CRSP July 2025,2026-05-20T12:50:34.557157
Opel,Astra Cdti Sports Tourer,,6At,4WD,2000.0,Wagon,,,Diesel,4472241.462857143,KRA CRSP July 2025,2026-05-20T12:50:34.557157
Opel,Astra Gtc 1.4,,6Mt,2WD,1400.0,Hatchback,,,Petrol,3736302.9942857153,KRA CRSP July 2025,2026-05-20T12:50:34.557157
Opel,Astra Gtc 1.6 Sport,,6Mt,2WD,1600.0,Hatchback,,,Petrol,4925126.674285715,KRA CRSP July 2025,2026-05-20T12:50:34.557157
Opel,Astra Opc,,6Mt,2WD,2000.0,Hatchback,,,Petrol,7019720.777142857,KRA CRSP July 2025,2026-05-20T12:50:34.557157
Opel,Corsa (Base),,5Mt,2WD,1400.0,Hatchback,,,Petrol,3113585.828571429,KRA CRSP July 2025,2026-05-20T12:50:34.557157
Opel,Corsa Colour,,5Mt,2WD,1400.0,Hatchback,,,Petrol,2906013.4400000004,KRA CRSP July 2025,2026-05-20T12:50:34.557157
Opel,Corsa Enjoy,,5Mt,2WD,1400.0,Hatchback,,,Petrol,2957906.5371428574,KRA CRSP July 2025,2026-05-20T12:50:34.557157
Opel,Corsa Opc,,6Mt,2WD,1600.0,Hatchback,,,Petrol,4642073.417142857,KRA CRSP July 2025,2026-05-20T12:50:34.557157
Opel,Insignia (Base),,6At,2WD,2000.0,Sedan,,,Petrol,6340392.960000001,KRA CRSP July 2025,2026-05-20T12:50:34.557157
Opel,Insignia Cdti,,6At,2WD,2000.0,Sedan,,,Diesel,6170561.005714286,KRA CRSP July 2025,2026-05-20T12:50:34.557157
Opel,Insignia Cdti Select,,6At,2WD,2000.0,Sedan,,,Diesel,7246163.382857144,KRA CRSP July 2025,2026-05-20T12:50:34.557157
Opel,Insignia Cdti Select Sports Tourer,,6At,4WD,2000.0,Wagon,,,Diesel,7529216.64,KRA CRSP July 2025,2026-05-20T12:50:34.557157
Opel,Insignia Cdti Sports Tourer,,6At,4WD,2000.0,Wagon,,,Diesel,6453614.262857144,KRA CRSP July 2025,2026-05-20T12:50:34.557157
Opel,Insignia Opc,,6At,2WD,2800.0,Hatchback,,,Petrol,11718404.845714288,KRA CRSP July 2025,2026-05-20T12:50:34.557157
Opel,Insignia Select,,6At,2WD,2000.0,Sedan,,,Petrol,7019720.777142857,KRA CRSP July 2025,2026-05-20T12:50:34.557157
Opel,Insignia Select Sports Tourer,,6At,4WD,2000.0,Wagon,,,Petrol,7868880.54857143,KRA CRSP July 2025,2026-05-20T12:50:34.557157
Opel,Insignia Sports Tourer,,6At,4WD,2000.0,Wagon,,,Petrol,6680056.8685714295,KRA CRSP July 2025,2026-05-20T12:50:34.557157
Opel,Zafira Tourer,,6At,4WD,1600.0,Wagon,,,Petrol,5774286.445714286,KRA CRSP July 2025,2026-05-20T12:50:34.557157
Opel,Zafira Tourer Luxury,,6At,4WD,2000.0,Wagon,,,Diesel,6849888.822857142,KRA CRSP July 2025,2026-05-20T12:50:34.557157
Peugeot,2008 Allure,,6At,,1200.0,Suv,,,Electric,6018419.879999999,KRA CRSP July 2025,2026-05-20T12:50:34.557157
Peugeot,2008 Allure,,6At,,1200.0,Suv,,,Petrol,5402393.063999999,KRA CRSP July 2025,2026-05-20T12:50:34.557157
Peugeot,2008 Allure Hybrid,,6At,,1200.0,Suv,,,Electric,5740127.063999999,KRA CRSP July 2025,2026-05-20T12:50:34.557157
Peugeot,2008 Gt,,6At,,1200.0,Suv,,,Electric,6798585.419999999,KRA CRSP July 2025,2026-05-20T12:50:34.557157
Peugeot,2008 Gt,,6At,,1200.0,Suv,,,Petrol,6010314.264,KRA CRSP July 2025,2026-05-20T12:50:34.557157
Peugeot,2008 Gt Hybrid,,6At,,1200.0,Suv,,,Electric,6685782.263999999,KRA CRSP July 2025,2026-05-20T12:50:34.557157
Peugeot,3008 Allure 1.6 Thp,,6At,,1600.0,Suv,,,Electric,7931682.989999998,KRA CRSP July 2025,2026-05-20T12:50:34.557157
Peugeot,3008 Allure 1.6 Thp,,6At,,1600.0,Suv,,,Petrol,6764812.02,KRA CRSP July 2025,2026-05-20T12:50:34.557157
Peugeot,3008 Allure Hybrid,,6At,,1200.0,Suv,,,Electric,7158609.863999999,KRA CRSP July 2025,2026-05-20T12:50:34.557157
Peugeot,3008 Gt 1.6 Thp,,6At,,1600.0,Suv,,,Electric,9176232.78,KRA CRSP July 2025,2026-05-20T12:50:34.557157
Peugeot,3008 Gt Premium Hybrid,,6At,,1200.0,Suv,,,Electric,8779733.064,KRA CRSP July 2025,2026-05-20T12:50:34.557157
Peugeot,3008 Gt Sport 1.6 Thp,,8At,,1600.0,Suv,,,Electric,9473438.7,KRA CRSP July 2025,2026-05-20T12:50:34.557157
Peugeot,3008 Gt Sport 1.6 Thp,,8At,,1600.0,Suv,,,Petrol,7754372.64,KRA CRSP July 2025,2026-05-20T12:50:34.557157
Peugeot,3008 Gt Sport 1.6L Thp Awd Phev,,8At,,1600.0,Suv,,,Electric,11201285.843999999,KRA CRSP July 2025,2026-05-20T12:50:34.557157
Peugeot,308 Gt,,8At,,1200.0,Hatchback,,,Petrol,5942767.464,KRA CRSP July 2025,2026-05-20T12:50:34.557157
Peugeot,308 Gt Hybrid,,6At,,1200.0,Hatchback,,,Electric,6618235.464,KRA CRSP July 2025,2026-05-20T12:50:34.557157
Peugeot,308 Gt Premium,,8At,,1200.0,Hatchback,,,Petrol,6618235.464,KRA CRSP July 2025,2026-05-20T12:50:34.557157
Peugeot,308 Gt Premium,,8At,,1200.0,Wagon,,,Petrol,6820875.864,KRA CRSP July 2025,2026-05-20T12:50:34.557157
Peugeot,308 Gt Sport Phev,,8At,,1600.0,Hatchback,,,Electric,8779733.064,KRA CRSP July 2025,2026-05-20T12:50:34.557157
Peugeot,408 Gt Phev,,8At,,1600.0,Suv,,,Electric,9185013.864,KRA CRSP July 2025,2026-05-20T12:50:34.557157
Peugeot,408 Gt Premium Hybrid,,6At,,1200.0,Suv,,,Electric,7834077.863999999,KRA CRSP July 2025,2026-05-20T12:50:34.557157
Peugeot,508 Gt Phev,,8At,,1600.0,Sedan,,,Electric,10123576.649999999,KRA CRSP July 2025,2026-05-20T12:50:34.557157
Peugeot,508 Gt Phev,,8At,,1600.0,Wagon,,,Electric,10290754.979999997,KRA CRSP July 2025,2026-05-20T12:50:34.557157
Peugeot,Boxer Pro Lwb,,6Mt,,2000.0,Van,,,Diesel,7366248.727199998,KRA CRSP July 2025,2026-05-20T12:50:34.557157
Peugeot,E-2008 Gt,,1At,,,Suv,,,Electric,7615901.699999998,KRA CRSP July 2025,2026-05-20T12:50:34.557157
Peugeot,E-208 Gt,,1At,,,Hatchback,,,Electric,7597326.329999998,KRA CRSP July 2025,2026-05-20T12:50:34.557157
Peugeot,E-308 Gt,,1At,,,Hatchback,,,Electric,9185013.864,KRA CRSP July 2025,2026-05-20T12:50:34.557157
Peugeot,E-Expert Pro Long,,1At,,,Van,,,Electric,10806137.064,KRA CRSP July 2025,2026-05-20T12:50:34.557157
Peugeot,E-Partner Pro Long,,1At,,,Van,,,Electric,6687133.199999998,KRA CRSP July 2025,2026-05-20T12:50:34.557157
Peugeot,Expert City Short,,6Mt,,2000.0,Van,,,Diesel,5875220.664,KRA CRSP July 2025,2026-05-20T12:50:34.557157
Peugeot,Expert Premium Long,,8At,,2000.0,Van,,,Diesel,7361250.263999999,KRA CRSP July 2025,2026-05-20T12:50:34.557157
Peugeot,Expert Premium Short,,8At,,2000.0,Van,,,Diesel,7023516.263999999,KRA CRSP July 2025,2026-05-20T12:50:34.557157
Peugeot,Expert Pro Long,,6Mt,,2000.0,Van,,,Diesel,6348048.264,KRA CRSP July 2025,2026-05-20T12:50:34.557157
Peugeot,Expert Pro Long,,8At,,2000.0,Van,,,Diesel,6820875.864,KRA CRSP July 2025,2026-05-20T12:50:34.557157
Peugeot,Expert Pro Short,,8At,,2000.0,Van,,,Diesel,6483141.863999999,KRA CRSP July 2025,2026-05-20T12:50:34.557157
Peugeot,Partner City Short,,6Mt,,1200.0,Van,,,Petrol,4086581.3999999994,KRA CRSP July 2025,2026-05-20T12:50:34.557157
Peugeot,Partner Premium Long,,8At,,1200.0,Van,,,Petrol,5739789.33,KRA CRSP July 2025,2026-05-20T12:50:34.557157
Peugeot,Partner Premium Short,,8At,,1200.0,Van,,,Petrol,4885322.3100000005,KRA CRSP July 2025,2026-05-20T12:50:34.557157
Peugeot,Partner Pro Long,,8At,,1200.0,Van,,,Petrol,5331131.189999999,KRA CRSP July 2025,2026-05-20T12:50:34.557157
Peugeot,Partner Pro Short,,8At,,1200.0,Van,,,Petrol,4941048.419999999,KRA CRSP July 2025,2026-05-20T12:50:34.557157
Peugeot,208 Tech Pack Edition,ABA-A9HN01,At,2WD,1200.0,Hatchback,,,Gasoline,1107943.423125,KRA CRSP July 2025,2026-05-20T12:50:34.557157
Peugeot,2008 Crosscity,VF3CUHNZTHY15,At,2WD,1200.0,Hatchback,,,Gasoline,1203335.6878125,KRA CRSP July 2025,2026-05-20T12:50:34.557157
Peugeot,2008,VF3CUHNZTJY21,At,2WD,1200.0,Hatchback,,,Gasoline,1483901.1721875002,KRA CRSP July 2025,2026-05-20T12:50:34.557157
Peugeot,208 Allure Fun Edition,VF3CCHNZTKW10,At,2WD,1200.0,Hatchback,,,Gasoline,1551043.395,KRA CRSP July 2025,2026-05-20T12:50:34.557157
Peugeot,208 Allure Cielo Package,ABA-A9HN01,At,2WD,1200.0,Hatchback,,,Gasoline,1376512.314375,KRA CRSP July 2025,2026-05-20T12:50:34.557157
Peugeot,208 Style,VR3UPHNKSNT00,At,2WD,1200.0,Hatchback,,,Gasoline,2692654.67625,KRA CRSP July 2025,2026-05-20T12:50:34.557157
Peugeot,308 Tech Pack Edition,VF3LPHNSRKS30,At,2WD,1200.0,Hatchback,,,Gasoline,2025102.3168750003,KRA CRSP July 2025,2026-05-20T12:50:34.557157
Peugeot,308 Sw Allure Blue Hdi,VF3LCYHZRJS41,At,2WD,1500.0,Suv,,,Diesel,1807615.6931249998,KRA CRSP July 2025,2026-05-20T12:50:34.557157
Peugeot,2008 Gt Line Black Pack,ABA-A94HN01,At,2WD,1200.0,Hatchback,,,Gasoline,1646629.1531250002,KRA CRSP July 2025,2026-05-20T12:50:34.557157
Peugeot,308 Sw Allure Special Edition,ABA-T9WHN02,At,2WD,1200.0,Hatchback,,,Gasoline,1712997.4021875,KRA CRSP July 2025,2026-05-20T12:50:34.557157
Peugeot,208 Gt,VR3UPHNKSPT55,At,2WD,1200.0,Hatchback,,,Gasoline,4008797.0381249995,KRA CRSP July 2025,2026-05-20T12:50:34.557157
Peugeot,2008 Allure,VR3USHNSSLJ79,At,2WD,1200.0,Suv,,,Gasoline,3035138.060625,KRA CRSP July 2025,2026-05-20T12:50:34.557157
Peugeot,208 Allure,3BA-P21HN05,At,2WD,1200.0,Suv,,,Gasoline,2343399.0215625,KRA CRSP July 2025,2026-05-20T12:50:34.557157
Peugeot,308 Allure,VR3FPHNSTPY62,At,2WD,1200.0,Suv,,,Gasoline,3780474.7818749994,KRA CRSP July 2025,2026-05-20T12:50:34.557157
Peugeot,308 Allure Blue Hdi Special Edition,LDA-T9BH01,At,2WD,1600.0,Suv,,,Diesel,1959068.28375,KRA CRSP July 2025,2026-05-20T12:50:34.557157
Peugeot,308 Tech Pack Edition Blue Hdi,VF3LBYHZRKS38,At,2WD,1500.0,Suv,,,Diesel,2249361.2109375,KRA CRSP July 2025,2026-05-20T12:50:34.557157
Peugeot,5008 Crosscity,ABA-P875G01,At,2WD,1600.0,Suv,,,Gasoline,2278226.91375,KRA CRSP July 2025,2026-05-20T12:50:34.557157
Peugeot,E-208 Gt,VR3UHZKXZPT50,At,2WD,,Suv,,,Electric,4061040.2662500003,KRA CRSP July 2025,2026-05-20T12:50:34.557157
Peugeot,2008 Gt Pack Blue Hdi,VR3UDYHZSNJ56,At,2WD,1500.0,Hatchback,,,Diesel,3639418.0659374995,KRA CRSP July 2025,2026-05-20T12:50:34.557157
Peugeot,308 Sw Gt Line Blue Hdi Black Pack,LDA-T9WYH01,At,2WD,1500.0,Suv,,,Diesel,2759796.8990625003,KRA CRSP July 2025,2026-05-20T12:50:34.557157
Peugeot,308 Sw Gt Line Blue Hdi,VF3LCYHZRKS26,At,2WD,1500.0,Suv,,,Diesel,2559531.19125,KRA CRSP July 2025,2026-05-20T12:50:34.557157
Peugeot,3008 Gt Line,VF3M45GFRKS49,At,2WD,1600.0,Suv,,,Gasoline,3246679.15875,KRA CRSP July 2025,2026-05-20T12:50:34.557157
Peugeot,E-208 Gt Line,ZAA-P21ZK01,At,2WD,,Suv,,,Electric,3256811.1787499995,KRA CRSP July 2025,2026-05-20T12:50:34.557157
Peugeot,308 Sw Roadtrip,3BA-T9WHN05,At,2WD,1200.0,Hatchback,,,Gasoline,3270039.09375,KRA CRSP July 2025,2026-05-20T12:50:34.557157
Peugeot,208 Gt Line,3BA-P21HN05,At,2WD,1200.0,Suv,,,Gasoline,2959869.1134375,KRA CRSP July 2025,2026-05-20T12:50:34.557157
Peugeot,308 Gt Puretech Edition,VR3FPHNSTPY60,At,2WD,1200.0,Hatchback,,,Gasoline,5271148.224374999,KRA CRSP July 2025,2026-05-20T12:50:34.557157
Peugeot,308 Gt Hybrid,PY50,At,2WD,1600.0,Suv,,,Plug-In Hybrid,6731882.955,KRA CRSP July 2025,2026-05-20T12:50:34.557157
Peugeot,308,PY61,At,2WD,1600.0,Suv,,,Plug-In Hybrid,6731882.955,KRA CRSP July 2025,2026-05-20T12:50:34.557157
Peugeot,2008 Gt Blue Hdi Debut Edition,VR3UDYHZSPJ83,At,2WD,1200.0,Suv,,,Gasoline,5391888.1293750005,KRA CRSP July 2025,2026-05-20T12:50:34.557157
Peugeot,5008 Allure,VF3M45GZWJL00,At,2WD,1600.0,Suv,,,Gasoline,2374903.2712499998,KRA CRSP July 2025,2026-05-20T12:50:34.557157
Peugeot,2008 Gt,VR3USHNSSPJ77,At,2WD,1200.0,Hatchback,,,Gasoline,5441615.9428125005,KRA CRSP July 2025,2026-05-20T12:50:34.557157
Peugeot,E-2008 Gt,VR3UKZKXZMJ55,At,2WD,,Suv,,,Electric,3406258.47375,KRA CRSP July 2025,2026-05-20T12:50:34.557157
Peugeot,308 Gt Hybrid Special Edition,3LA-P515G06H,At,2WD,1600.0,Suv,,,Plug-In Hybrid,6849034.436249999,KRA CRSP July 2025,2026-05-20T12:50:34.557157
Peugeot,508 Sw Allure,VR3F45GFRLY00,At,2WD,1600.0,Hatchback,,,Gasoline,3083933.5875,KRA CRSP July 2025,2026-05-20T12:50:34.557157
Peugeot,308 Gt Blue Hdi,VF3LHAHWWHS24,At,2WD,2000.0,Suv,,,Diesel,2406988.0012499997,KRA CRSP July 2025,2026-05-20T12:50:34.557157
Peugeot,Rifter Debut Edition,VR3ECYHZRKJ83,At,2WD,1500.0,Wagon,,,Diesel,3122403.6009375,KRA CRSP July 2025,2026-05-20T12:50:34.557157
Peugeot,408 Allure,3BA-P54HN05,At,2WD,1200.0,Suv,,,Gasoline,4894996.9818750005,KRA CRSP July 2025,2026-05-20T12:50:34.557157
Peugeot,2008 Gt Blue Hdi,VR3UDYHZSNJ70,At,2WD,1500.0,Hatchback,,,Diesel,4230347.0240625,KRA CRSP July 2025,2026-05-20T12:50:34.557157
Peugeot,308 Allure Blue Hdi,VR3FBYHZTNY58,At,2WD,1500.0,Suv,,,Diesel,4249115.887499999,KRA CRSP July 2025,2026-05-20T12:50:34.557157
Peugeot,Rifter Gt,VR3ECYHZ3NJ71,At,2WD,1500.0,Wagon,,,Diesel,4304261.517187499,KRA CRSP July 2025,2026-05-20T12:50:34.557157
Peugeot,308 Gt Blue Hdi,VR3FBYHZTRY50,At,2WD,1500.0,Suv,,,Diesel,5751979.4165624995,KRA CRSP July 2025,2026-05-20T12:50:34.557157
Peugeot,3008 Blue Hdi Special Edition,LDA-P84AH01,At,2WD,2000.0,Suv,,,Diesel,2519917.8074999996,KRA CRSP July 2025,2026-05-20T12:50:34.557157
Peugeot,Rifter,VR3ECYHZRKJ83,At,2WD,1500.0,Wagon,,,Diesel,3373558.0828124997,KRA CRSP July 2025,2026-05-20T12:50:34.557157
Peugeot,3008 Allure Led Package,VF3M45GZWJS14,At,2WD,1600.0,Hatchback,,,Gasoline,2632636.53,KRA CRSP July 2025,2026-05-20T12:50:34.557157
Peugeot,Rifter Allure,VR3ECYHZRMJ84,At,2WD,1500.0,Wagon,,,Diesel,3907986.9571875,KRA CRSP July 2025,2026-05-20T12:50:34.557157
Peugeot,E-2008 Gt Line,ZAA-P24ZK01,At,2WD,,Suv,,,Electric,3523409.955,KRA CRSP July 2025,2026-05-20T12:50:34.557157
Peugeot,3008 Gt Blue Hdi,VF3MJEHZRKS26,At,2WD,2000.0,Suv,,,Diesel,3157179.6487499997,KRA CRSP July 2025,2026-05-20T12:50:34.557157
Peugeot,E-208 Allure,VR3UHZKXZLT00,At,2WD,,Suv,,,Electric,4018612.432499999,KRA CRSP July 2025,2026-05-20T12:50:34.557157
Peugeot,408 Gt,VR3FPHNSTPY54,At,2WD,1200.0,Suv,,,Gasoline,6460939.3715625,KRA CRSP July 2025,2026-05-20T12:50:34.557157
Peugeot,508 Gt Blue Hdi Premium Leather Edition,VR3FHEHZRLY03,At,2WD,2000.0,Hatchback,,,Diesel,4052385.8324999996,KRA CRSP July 2025,2026-05-20T12:50:34.557157
Peugeot,408,VR3FPHNSTPY62,At,2WD,1200.0,Hatchback,,,Plug-In Hybrid,6490543.8675,KRA CRSP July 2025,2026-05-20T12:50:34.557157
Peugeot,3008 Gt,VF3M45GFUPS01,At,2WD,1600.0,Suv,,,Gasoline,5742955.58625,KRA CRSP July 2025,2026-05-20T12:50:34.557157
Peugeot,3008 Gt Blue Hdi,VF3MJEHZRKS51,At,2WD,2000.0,Suv,,,Diesel,3708108.23625,KRA CRSP July 2025,2026-05-20T12:50:34.557157
Peugeot,2008 Gt Drive Edition,VR3USHNSSMJ71,At,2WD,1200.0,Hatchback,,,Gasoline,4141727.0296874996,KRA CRSP July 2025,2026-05-20T12:50:34.557157
Peugeot,Rifter Long Gt,VR3EBYHZ4RJ69,At,2WD,1500.0,Wagon,,,Diesel,6653078.355,KRA CRSP July 2025,2026-05-20T12:50:34.557157
Peugeot,3008 Crosscity,ABA-P845G01,At,2WD,1600.0,Suv,,,Gasoline,3373962.66,KRA CRSP July 2025,2026-05-20T12:50:34.557157
Peugeot,508 Gt Blue Hdi,VR3FHEHZRKY07,At,2WD,2000.0,Suv,,,Diesel,3889640.2612499995,KRA CRSP July 2025,2026-05-20T12:50:34.557157
Peugeot,508 Gt Blue Hdi Premium Leather Edition,VR3FHEHZRLY05,At,2WD,2000.0,Hatchback,,,Diesel,5259573.79875,KRA CRSP July 2025,2026-05-20T12:50:34.557157
Peugeot,3008 Blue Hdi Clean Edition,LDA-P84AH01,At,2WD,2000.0,Suv,,,Diesel,3539452.32,KRA CRSP July 2025,2026-05-20T12:50:34.557157
Peugeot,508 Gt Line,VR3F45GFRKY21,At,2WD,1600.0,Hatchback,,,Gasoline,3990749.3774999995,KRA CRSP July 2025,2026-05-20T12:50:34.557157
Peugeot,308 Sw Gt Blue Hdi,VR3FCYHZTNY57,At,2WD,1500.0,Suv,,,Diesel,5456514.9375,KRA CRSP July 2025,2026-05-20T12:50:34.557157
Peugeot,2008 Gt Line,5BA-P24HN05,At,2WD,1200.0,Hatchback,,,Gasoline,3189545.8237499995,KRA CRSP July 2025,2026-05-20T12:50:34.557157
Peugeot,5008 Gt Line Blue Hdi,VF3MJEHZRLS07,At,2WD,2000.0,Suv,,,Diesel,4163626.96875,KRA CRSP July 2025,2026-05-20T12:50:34.557157
Peugeot,508 Gt,VR3F35GFTMY00,At,2WD,1600.0,Hatchback,,,Gasoline,4695558.01875,KRA CRSP July 2025,2026-05-20T12:50:34.557157
Peugeot,3008 Gt Blue Hdi Red Nappa,VF3MJEHZRMS17,At,2WD,2000.0,Suv,,,Diesel,4755505.803749999,KRA CRSP July 2025,2026-05-20T12:50:34.557157
Peugeot,508 Sw Gt Line,VR3F45GFRKY21,At,2WD,1600.0,Suv,,,Gasoline,4292599.14,KRA CRSP July 2025,2026-05-20T12:50:34.557157
Peugeot,Rifter Gt Line First Limited,3DA-K9PYH01,At,2WD,1500.0,Wagon,,,Diesel,4304261.517187499,KRA CRSP July 2025,2026-05-20T12:50:34.557157
Peugeot,3008 Gt Blue Hdi Black Pack,3DA-P84AH01,At,2WD,2000.0,Suv,,,Diesel,7757327.812499998,KRA CRSP July 2025,2026-05-20T12:50:34.557157
Peugeot,308 Gti By Sport,VF3L35GNHKS05,At,2WD,1600.0,Suv,,,Gasoline,3918980.9024999994,KRA CRSP July 2025,2026-05-20T12:50:34.557157
Peugeot,5008 Gt,5BA-P875G06,At,2WD,1600.0,Suv,,,Gasoline,7837961.804999999,KRA CRSP July 2025,2026-05-20T12:50:34.557157
Peugeot,508 Sw Gt Blue Hdi,VR3FJEHZRKY17,At,2WD,2000.0,Hatchback,,,Diesel,4417138.552499999,KRA CRSP July 2025,2026-05-20T12:50:34.557157
Peugeot,508 Sw Gt Line,VR3F45GFRKY04,At,2WD,1600.0,Hatchback,,,Gasoline,3962253.07125,KRA CRSP July 2025,2026-05-20T12:50:34.557157
Peugeot,408,VR3F3DGYTRY50,At,2WD,1600.0,Hatchback,,,Plug-In Hybrid,8047567.968749998,KRA CRSP July 2025,2026-05-20T12:50:34.557157
Peugeot,308 Sw Gt Hybrid,VR3F4DGYTPY54,At,2WD,1600.0,Suv,,,Plug-In Hybrid,8063610.333749998,KRA CRSP July 2025,2026-05-20T12:50:34.557157
Peugeot,5008 Gt Executive Edition,5BA-P875G06,At,2WD,1600.0,Suv,,,Gasoline,8065087.919999999,KRA CRSP July 2025,2026-05-20T12:50:34.557157
Peugeot,3008,VF3MJAHWWJS10,At,2WD,2000.0,Suv,,,Diesel,3535230.6449999996,KRA CRSP July 2025,2026-05-20T12:50:34.557157
Peugeot,5008 Gt Blue Hdi,VF3MJAHWWHL07,At,2WD,2000.0,Suv,,,Diesel,3571748.13375,KRA CRSP July 2025,2026-05-20T12:50:34.557157
Peugeot,3008 Gt Executive Edition,5BA-P845G06,At,2WD,1600.0,Suv,,,Gasoline,8208624.869999999,KRA CRSP July 2025,2026-05-20T12:50:34.557157
Peugeot,5008 Crosscity Blue Hdi,VF3MJEHZRLS10,At,2WD,2000.0,Suv,,,Diesel,4679304.57,KRA CRSP July 2025,2026-05-20T12:50:34.557157
Peugeot,508 Sw Gt Hybrid,3LA-R85G06H,At,2WD,1600.0,Hatchback,,,Gasoline,5281526.50875,KRA CRSP July 2025,2026-05-20T12:50:34.557157
Peugeot,3008 Gt Hybrid4,VF3M45GBUMS02,At,2WD,1600.0,Suv,,,Hybrid,5341474.293749999,KRA CRSP July 2025,2026-05-20T12:50:34.557157
Peugeot,5008 Gt Blue Hdi Red Nappa,VF3MJEHZRMS20,At,2WD,2000.0,Suv,,,Diesel,6468239.35125,KRA CRSP July 2025,2026-05-20T12:50:34.557157
Peugeot,408 Gt Hybrid,3LA-P545G06H,At,2WD,1600.0,Hatchback,,,Plug-In Hybrid,7725243.0825,KRA CRSP July 2025,2026-05-20T12:50:34.557157
Peugeot,508 Gt Hybrid,VR3F4DGZTMY50,At,2WD,1600.0,Hatchback,,,Gasoline,6613253.887499999,KRA CRSP July 2025,2026-05-20T12:50:34.557157
Peugeot,2008 Gt Debut Edition,VR3USHNSSPJ84,At,2WD,1200.0,Suv,,,Gasoline,4841399.2996875,KRA CRSP July 2025,2026-05-20T12:50:34.557157
Porsche,718 Boxster,,6 Mt,2WD,2000.0,Convertible,,,Petrol,18251145.36,KRA CRSP July 2025,2026-05-20T12:50:34.557157
Porsche,718 Boxster,,7 At,2WD,2000.0,Convertible,,,Petrol,18869874.048,KRA CRSP July 2025,2026-05-20T12:50:34.557157
Porsche,718 Boxster Gts 4.0,,6 Mt,4WD,4000.0,Convertible,,,Petrol,28904401.5,KRA CRSP July 2025,2026-05-20T12:50:34.557157
Porsche,718 Boxster Gts 4.0,,7 At,4WD,4000.0,Convertible,,,Petrol,29693235.546,KRA CRSP July 2025,2026-05-20T12:50:34.557157
Porsche,718 Boxster S,,6 Mt,4WD,2500.0,Convertible,,,Petrol,21763578.96,KRA CRSP July 2025,2026-05-20T12:50:34.557157
Porsche,718 Boxster S,,7 At,4WD,2500.0,Convertible,,,Petrol,22382307.648000002,KRA CRSP July 2025,2026-05-20T12:50:34.557157
Porsche,718 Boxster Style Edition,,6 Mt,2WD,2000.0,Convertible,,,Petrol,18818538.479999997,KRA CRSP July 2025,2026-05-20T12:50:34.557157
Porsche,718 Boxster Style Edition,,7 At,2WD,2000.0,Convertible,,,Petrol,19539938.304,KRA CRSP July 2025,2026-05-20T12:50:34.557157
Porsche,718 Cayman,,6 Mt,2WD,2000.0,Coupe,,,Petrol,17899901.999999996,KRA CRSP July 2025,2026-05-20T12:50:34.557157
Porsche,718 Cayman,,7 At,2WD,2000.0,Coupe,,,Petrol,18507823.2,KRA CRSP July 2025,2026-05-20T12:50:34.557157
Porsche,718 Cayman Gt4 Rs,,7 At,4WD,4000.0,Coupe,,,Petrol,49071624.41999999,KRA CRSP July 2025,2026-05-20T12:50:34.557157
Porsche,718 Cayman Gts 4.0,,6 Mt,4WD,4000.0,Coupe,,,Petrol,28523887.86,KRA CRSP July 2025,2026-05-20T12:50:34.557157
Porsche,718 Cayman Gts 4.0,,7 At,4WD,4000.0,Coupe,,,Petrol,29312721.905999996,KRA CRSP July 2025,2026-05-20T12:50:34.557157
Porsche,718 Cayman S,,6 Mt,4WD,2500.0,Coupe,,,Petrol,21425844.959999997,KRA CRSP July 2025,2026-05-20T12:50:34.557157
Porsche,718 Cayman S,,7 At,4WD,2500.0,Coupe,,,Petrol,22044573.648000002,KRA CRSP July 2025,2026-05-20T12:50:34.557157
Porsche,718 Cayman Style Edition,,6 Mt,2WD,2000.0,Coupe,,,Petrol,18467295.119999997,KRA CRSP July 2025,2026-05-20T12:50:34.557157
Porsche,718 Cayman Style Edition,,7 At,2WD,2000.0,Coupe,,,Petrol,19188694.944,KRA CRSP July 2025,2026-05-20T12:50:34.557157
Porsche,718 Spyder Rs,,7 At,4WD,4000.0,Convertible,,,Petrol,49071624.41999999,KRA CRSP July 2025,2026-05-20T12:50:34.557157
Porsche,911 Carrera,,8At,4WD,3000.0,Coupe,,,Petrol,34891975.008,KRA CRSP July 2025,2026-05-20T12:50:34.557157
Porsche,911 Carrera,,8At,4WD,3000.0,Coupe,,,Petrol,37529002.07999999,KRA CRSP July 2025,2026-05-20T12:50:34.557157
Porsche,911 Carrera 4,,8At,4WD,3000.0,Convertible,,,Petrol,39736431.50400001,KRA CRSP July 2025,2026-05-20T12:50:34.557157
Porsche,911 Carrera 4,,8At,4WD,3000.0,Coupe,,,Petrol,37076438.519999996,KRA CRSP July 2025,2026-05-20T12:50:34.557157
Porsche,911 Carrera 4 Gts,,8At,4WD,3000.0,Coupe,,,Petrol,50389912.8,KRA CRSP July 2025,2026-05-20T12:50:34.557157
Porsche,911 Carrera 4 Gts,,8At,4WD,3600.0,Coupe,,,Petrol/Electric,58730816.81999999,KRA CRSP July 2025,2026-05-20T12:50:34.557157
Porsche,911 Carrera 4S,,8At,4WD,3000.0,Convertible,,,Petrol,44670049.77599999,KRA CRSP July 2025,2026-05-20T12:50:34.557157
Porsche,911 Carrera 4S,,8At,4WD,3000.0,Coupe,,,Petrol,42010056.792,KRA CRSP July 2025,2026-05-20T12:50:34.557157
Porsche,911 Carrera Gts,,8At,4WD,3000.0,Convertible,,,Petrol,52267713.83999999,KRA CRSP July 2025,2026-05-20T12:50:34.557157
Porsche,911 Carrera Gts,,8At,4WD,3600.0,Convertible,,,Petrol/Electric,61087074.35999999,KRA CRSP July 2025,2026-05-20T12:50:34.557157
Porsche,911 Carrera Gts,,7Mt,4WD,3000.0,Coupe,,,Petrol,47782606.32,KRA CRSP July 2025,2026-05-20T12:50:34.557157
Porsche,911 Carrera Gts,,8At,4WD,3600.0,Coupe,,,Petrol/Electric,55789153.67999999,KRA CRSP July 2025,2026-05-20T12:50:34.557157
Porsche,911 Carrera S,,8At,4WD,3000.0,Convertible,,,Petrol,42470725.967999995,KRA CRSP July 2025,2026-05-20T12:50:34.557157
Porsche,911 Carrera S,,8At,4WD,3000.0,Coupe,,,Petrol,39825593.279999994,KRA CRSP July 2025,2026-05-20T12:50:34.557157
Porsche,911 Carrera T,,6Mt,4WD,3000.0,Convertible,,,Petrol,44594397.35999999,KRA CRSP July 2025,2026-05-20T12:50:34.557157
Porsche,911 Carrera T,,8At,4WD,3000.0,Coupe,,,Petrol,37581688.58400001,KRA CRSP July 2025,2026-05-20T12:50:34.557157
Porsche,911 Carrera T,,6Mt,4WD,3000.0,Coupe,,,Petrol,41446716.48,KRA CRSP July 2025,2026-05-20T12:50:34.557157
Porsche,911 Dakar,,8At,4WD,3000.0,Coupe,,,Petrol,66182354.639999986,KRA CRSP July 2025,2026-05-20T12:50:34.557157
Porsche,911 Edition 50 Yrs Porsche Design,,8At,4WD,3000.0,Coupe,,,Petrol,57509345.519999996,KRA CRSP July 2025,2026-05-20T12:50:34.557157
Porsche,911 Gt3,,7At,4WD,4000.0,Coupe,,,Petrol,61087074.35999999,KRA CRSP July 2025,2026-05-20T12:50:34.557157
Porsche,911 Gt3,,7Mt,4WD,4000.0,Coupe,,,Petrol,61087074.35999999,KRA CRSP July 2025,2026-05-20T12:50:34.557157
Porsche,911 Gt3 Rs,,7At,4WD,4000.0,Coupe,,,Petrol,78678512.64,KRA CRSP July 2025,2026-05-20T12:50:34.557157
Porsche,911 Gt3 Touring Package,,6Mt,4WD,4000.0,Coupe,,,Petrol,61087074.35999999,KRA CRSP July 2025,2026-05-20T12:50:34.557157
Porsche,911 Gt3 Touring Package,,7At,4WD,4000.0,Coupe,,,Petrol,61087074.35999999,KRA CRSP July 2025,2026-05-20T12:50:34.557157
Porsche,911 S/T,,6Mt,4WD,4000.0,Coupe,,,Petrol,96665099.69999999,KRA CRSP July 2025,2026-05-20T12:50:34.557157
Porsche,911 Targa 4,,8At,4WD,3000.0,Convertible,,,Petrol,39736431.50400001,KRA CRSP July 2025,2026-05-20T12:50:34.557157
Porsche,911 Targa 4 Gts,,8At,4WD,3000.0,Convertible,,,Petrol,51074837.352000006,KRA CRSP July 2025,2026-05-20T12:50:34.557157
Porsche,911 Targa 4S,,8At,4WD,3000.0,Convertible,,,Petrol,44670049.77599999,KRA CRSP July 2025,2026-05-20T12:50:34.557157
Porsche,911 Turbo,,8At,4WD,3700.0,Coupe,,,Petrol,67789968.48,KRA CRSP July 2025,2026-05-20T12:50:34.557157
Porsche,911 Turbo S,,8At,4WD,3700.0,Coupe,,,Petrol,78839499.17999999,KRA CRSP July 2025,2026-05-20T12:50:34.557157
Porsche,Cayen,,8At,4WD,3000.0,Suv,,,Petrol,18737482.32,KRA CRSP July 2025,2026-05-20T12:50:34.557157
Porsche,Macan (Base),,7 At,4WD,2000.0,Suv,,,Petrol,12671779.68,KRA CRSP July 2025,2026-05-20T12:50:34.557157
Porsche,Macan Electric,,1 At,4WD,,Suv,,,Electric,17346018.24,KRA CRSP July 2025,2026-05-20T12:50:34.557157
Porsche,Macan Electric 4,,1 At,4WD,,Suv,,,Electric,18156579.839999996,KRA CRSP July 2025,2026-05-20T12:50:34.557157
Porsche,Macan Electric 4S,,1 At,4WD,,Suv,,,Electric,20169474.48,KRA CRSP July 2025,2026-05-20T12:50:34.557157
Porsche,Macan Electric Turbo,,1 At,4WD,,Suv,,,Electric,24911259.839999996,KRA CRSP July 2025,2026-05-20T12:50:34.557157
Porsche,Macan Gts,,7 At,4WD,2900.0,Suv,,,Petrol,19142763.119999997,KRA CRSP July 2025,2026-05-20T12:50:34.557157
Porsche,Macan S,,7 At,4WD,2900.0,Suv,,,Petrol,15873498.0,KRA CRSP July 2025,2026-05-20T12:50:34.557157
Porsche,Macan T,,7 At,4WD,2000.0,Suv,,,Petrol,13131097.919999998,KRA CRSP July 2025,2026-05-20T12:50:34.557157
Porsche,Panamera (Base),,8 At,2WD,2900.0,Sedan,,,Petrol,27761734.799999997,KRA CRSP July 2025,2026-05-20T12:50:34.557157
Porsche,Panamera 4,,8 At,2WD,2900.0,Sedan,,,Petrol,25425966.455999997,KRA CRSP July 2025,2026-05-20T12:50:34.557157
Porsche,Panamera 4 E-Hybrid,,8 At,2WD,2900.0,Sedan,,,Petrol/Electric,33962531.04,KRA CRSP July 2025,2026-05-20T12:50:34.557157
Porsche,Panamera 4 E-Hybrid Executive,,8 At,2WD,2900.0,Sedan,,,Petrol/Electric,30745952.424000002,KRA CRSP July 2025,2026-05-20T12:50:34.557157
Porsche,Panamera 4 E-Hybrid Platinum Edition,,8 At,2WD,2900.0,Sedan,,,Petrol/Electric,29408525.784,KRA CRSP July 2025,2026-05-20T12:50:34.557157
Porsche,Panamera 4 E-Hybrid Sport Turismo,,8 At,4WD,2900.0,Wagon,,,Petrol/Electric,30478467.096,KRA CRSP July 2025,2026-05-20T12:50:34.557157
Porsche,Panamera 4 Executive,,8 At,2WD,2900.0,Sedan,,,Petrol,26540488.655999996,KRA CRSP July 2025,2026-05-20T12:50:34.557157
Porsche,Panamera 4 Platinum Edition,,8 At,2WD,2900.0,Sedan,,,Petrol,25292223.791999996,KRA CRSP July 2025,2026-05-20T12:50:34.557157
Porsche,Panamera 4 Sport Turismo,,8 At,4WD,2900.0,Wagon,,,Petrol,26763393.096,KRA CRSP July 2025,2026-05-20T12:50:34.557157
Porsche,Panamera 4S E-Hybrid,,8 At,2WD,2900.0,Sedan,,,Petrol/Electric,40190345.999999985,KRA CRSP July 2025,2026-05-20T12:50:34.557157
Porsche,Panamera Gts,,8 At,2WD,4000.0,Sedan,,,Petrol,46305582.96,KRA CRSP July 2025,2026-05-20T12:50:34.557157
Porsche,Panamera Gts Sport Turismo,,8 At,4WD,4000.0,Wagon,,,Petrol,42065782.901999995,KRA CRSP July 2025,2026-05-20T12:50:34.557157
Porsche,Panamera Platinum Edition,,8 At,2WD,2900.0,Sedan,,,Petrol,24207422.184,KRA CRSP July 2025,2026-05-20T12:50:34.557157
Porsche,Panamera Turbo S,,8 At,2WD,4000.0,Sedan,,,Petrol,53866096.283999994,KRA CRSP July 2025,2026-05-20T12:50:34.557157
Porsche,Panamera Turbo S E-Hybrid,,8 At,2WD,4000.0,Sedan,,,Petrol/Electric,63253075.08,KRA CRSP July 2025,2026-05-20T12:50:34.557157
Porsche,Taycan (Base),,2 At,2WD,,Sedan,,,Electric,18040399.344,KRA CRSP July 2025,2026-05-20T12:50:34.557157
Porsche,Taycan 4,,,2WD,,Sedan,,,Electric,21740613.047999997,KRA CRSP July 2025,2026-05-20T12:50:34.557157
Porsche,Taycan 4 Cross Turismo,,,4WD,,Wagon,,,Electric,18872575.919999998,KRA CRSP July 2025,2026-05-20T12:50:34.557157
Porsche,Taycan 4S,,,2WD,,Sedan,,,Electric,22528208.735999998,KRA CRSP July 2025,2026-05-20T12:50:34.557157
Porsche,Taycan 4S Cross Turismo,,,4WD,,Wagon,,,Electric,25485407.639999997,KRA CRSP July 2025,2026-05-20T12:50:34.557157
Porsche,Taycan Gt,,,2WD,,Sedan,,,Electric,49098417.984,KRA CRSP July 2025,2026-05-20T12:50:34.557157
Porsche,Taycan Gts,,,2WD,,Sedan,,,Electric,27224062.271999996,KRA CRSP July 2025,2026-05-20T12:50:34.557157
Porsche,Taycan Turbo,,,2WD,,Sedan,,,Electric,32083379.063999996,KRA CRSP July 2025,2026-05-20T12:50:34.557157
Porsche,Taycan Turbo Cross Turismo,,,4WD,,Wagon,,,Electric,32380584.983999997,KRA CRSP July 2025,2026-05-20T12:50:34.557157
Porsche,Taycan Turbo S,,,2WD,,Sedan,,,Electric,42886814.25599999,KRA CRSP July 2025,2026-05-20T12:50:34.557157
Porsche,912 Base Grade,45,Mt,2WD,1600.0,Coupe,,,Gasoline,23453688.374999996,KRA CRSP July 2025,2026-05-20T12:50:34.557157
Porsche,718 Boxster 718 Boxster,WP0ZZZ98ZKS20,Mt,2WD,2000.0,Convertible,,,Gasoline,12473728.312499996,KRA CRSP July 2025,2026-05-20T12:50:34.557157
Porsche,Macan Macan,WP1ZZZ95ZJLB1,At,4WD,2000.0,Coupe,,,Gasoline,4553618.0625,KRA CRSP July 2025,2026-05-20T12:50:34.557157
Porsche,718 Cayman 718 Cayman,WP0ZZZ98ZJK25,At,2WD,2000.0,Convertible,,,Gasoline,10812218.625,KRA CRSP July 2025,2026-05-20T12:50:34.557157
Porsche,718 Cayman 718 Cayman T,WP0ZZZ98ZMS25,At,2WD,2000.0,Coupe,,,Gasoline,16050374.4375,KRA CRSP July 2025,2026-05-20T12:50:34.557157
Porsche,718 Boxster 718 Boxster T,WP0ZZZ98ZPS20,Mt,2WD,2000.0,Convertible,,,Gasoline,17522300.249999996,KRA CRSP July 2025,2026-05-20T12:50:34.557157
Porsche,718 Cayman 718 Cayman Style Edition,WP0ZZZ98ZPS25,At,2WD,2000.0,Coupe,,,Gasoline,18835179.187499996,KRA CRSP July 2025,2026-05-20T12:50:34.557157
Porsche,718 Boxster 718 Boxster Style Edition,WP0ZZZ98ZRK20,Mt,2WD,2000.0,Convertible,,,Gasoline,17993291.062499996,KRA CRSP July 2025,2026-05-20T12:50:34.557157
Porsche,718 Boxster,WP0ZZZ98ZRK20,Mt,2WD,2000.0,Convertible,,,Gasoline,16344717.187499996,KRA CRSP July 2025,2026-05-20T12:50:34.557157
Porsche,Macan Macan T,WP1ZZZ95ZRLB0,At,4WD,2000.0,Coupe,,,Gasoline,14900995.6875,KRA CRSP July 2025,2026-05-20T12:50:34.557157
Porsche,718 Boxster 718 Boxster Style Edition,7BA-982SA,At,2WD,2000.0,Convertible,,,Gasoline,17831275.312499996,KRA CRSP July 2025,2026-05-20T12:50:34.557157
Porsche,718 Boxster 718 Boxster S,WP0ZZZ98ZJS22,Mt,2WD,2500.0,Coupe,,,Gasoline,10157157.562499998,KRA CRSP July 2025,2026-05-20T12:50:34.557157
Porsche,718 Boxster 718 Boxster Gts,WP0ZZZ98ZKS22,Mt,2WD,2500.0,Convertible,,,Gasoline,14560847.437499996,KRA CRSP July 2025,2026-05-20T12:50:34.557157
Porsche,718 Cayman 718 Cayman Gts,WP0ZZZ98ZKS27,Mt,2WD,2500.0,Coupe,,,Gasoline,14431277.25,KRA CRSP July 2025,2026-05-20T12:50:34.557157
Porsche,718 Cayman 718 Cayman S,WP0ZZZ98ZJS27,At,2WD,2500.0,Coupe,,,Gasoline,10545656.062499998,KRA CRSP July 2025,2026-05-20T12:50:34.557157
Porsche,718 Boxster 718 Boxster S,WP0ZZZ98ZKS22,Mt,2WD,2500.0,Convertible,,,Gasoline,17183636.4375,KRA CRSP July 2025,2026-05-20T12:50:34.557157
Porsche,718 Boxster 718 Boxster S,WP0ZZZ98ZKS22,At,2WD,2500.0,Convertible,,,Gasoline,13427585.4375,KRA CRSP July 2025,2026-05-20T12:50:34.557157
Porsche,718 Cayman 718 Cayman Style Edition,WP0ZZZ98ZPS25,Mt,2WD,2500.0,Coupe,,,Gasoline,15532305.749999996,KRA CRSP July 2025,2026-05-20T12:50:34.557157
Porsche,Cayenne S,ABA-E3K29,At,4WD,2900.0,Wagon,,,Gasoline,10139344.312499996,KRA CRSP July 2025,2026-05-20T12:50:34.557157
Porsche,Panamera 4 E-Hybrid,ALA-G2J29A,At,4WD,2900.0,Coupe,,,Plug-In Hybrid,9541964.25,KRA CRSP July 2025,2026-05-20T12:50:34.557157
Porsche,Panamera 4 E-Hybrid Sport Turismo,ALA-G2J29A,At,4WD,2900.0,Coupe,,,Plug-In Hybrid,9865783.687499996,KRA CRSP July 2025,2026-05-20T12:50:34.557157
Porsche,Panamera 4S Sport Turismo,ABA-G2J29A,At,4WD,2900.0,Coupe,,,Gasoline,10869475.5,KRA CRSP July 2025,2026-05-20T12:50:34.557157
Porsche,Cayenne Coupe Cayenne S Coupe,WP1ZZZ9YZLDA7,At,4WD,2900.0,Coupe,,,Gasoline,11484668.812499998,KRA CRSP July 2025,2026-05-20T12:50:34.557157
Porsche,Panamera 4,WPOZZZ97ZML11,At,4WD,2900.0,Coupe,,,Gasoline,18462797.437499996,KRA CRSP July 2025,2026-05-20T12:50:34.557157
Porsche,Panamera 4 E-Hybrid Platinum Edition,3LA-G2NM,At,4WD,2900.0,Coupe,,,Plug-In Hybrid,15402735.562499996,KRA CRSP July 2025,2026-05-20T12:50:34.557157
Porsche,Panamera 4 E-Hybrid Sport Turismo,WP0ZZZ97ZPL15,At,4WD,2900.0,Coupe,,,Gasoline,17036465.0625,KRA CRSP July 2025,2026-05-20T12:50:34.557157
Porsche,Panamera Base Grade,WP0ZZZ97ZJL11,At,2WD,3000.0,Coupe,,,Gasoline,8382618.562499998,KRA CRSP July 2025,2026-05-20T12:50:34.557157
Porsche,Panamera 4 Executive,WP0ZZZ97ZJL15,At,4WD,3000.0,Coupe,,,Gasoline,10619241.75,KRA CRSP July 2025,2026-05-20T12:50:34.557157
Porsche,Other,WP0ZZZ99ZJS14,Mt,2WD,3000.0,Convertible,,,Gasoline,27412895.25,KRA CRSP July 2025,2026-05-20T12:50:34.557157
Porsche,911 911 Carrera S,WP0ZZZ99ZLS21,At,2WD,3000.0,Coupe,,,Gasoline,26703546.1875,KRA CRSP July 2025,2026-05-20T12:50:34.557157
Porsche,911 911 Carrera,WP0ZZZ99ZKS10,Mt,2WD,3000.0,Coupe,,,Gasoline,23497797.374999993,KRA CRSP July 2025,2026-05-20T12:50:34.557157
Porsche,Macan Macan S,WP1ZZZ95ZLLB3,At,4WD,3000.0,Coupe,,,Gasoline,10707671.812499996,KRA CRSP July 2025,2026-05-20T12:50:34.557157
Porsche,Panamera 4 Sport Turismo,WPOZZZ97ZJL18,At,2WD,3000.0,Coupe,,,Gasoline,8036320.5,KRA CRSP July 2025,2026-05-20T12:50:34.557157
Porsche,911 911 Carrera 4,3BA-992L30,At,2WD,3000.0,Coupe,,,Gasoline,25343589.374999993,KRA CRSP July 2025,2026-05-20T12:50:34.557157
Porsche,911 911 Carrera Cabriolet,WP0ZZZ99ZLS24,At,2WD,3000.0,Convertible,,,Gasoline,30945432.374999993,KRA CRSP July 2025,2026-05-20T12:50:34.557157
Porsche,911,WP0ZZZ99ZLS20,At,2WD,3000.0,Coupe,,,Gasoline,20348245.124999996,KRA CRSP July 2025,2026-05-20T12:50:34.557157
Porsche,Cayenne Coupe Cayenne E-Hybrid Coupe,WP1ZZZ9YZLDA7,At,4WD,3000.0,Coupe,,,Plug-In Hybrid,12618142.875,KRA CRSP July 2025,2026-05-20T12:50:34.557157
Porsche,911 911 Carrera 4S,3BA-992NA2,At,2WD,3000.0,Coupe,,,Gasoline,37113906.375,KRA CRSP July 2025,2026-05-20T12:50:34.557157
Porsche,Cayenne Basegrade,WP1ZZZ9YZNDA0,At,4WD,3000.0,Wagon,,,Gasoline,11355310.687499998,KRA CRSP July 2025,2026-05-20T12:50:34.557157
Porsche,Panamera,WP0ZZZ97ZPL10,At,4WD,3000.0,Coupe,,,Gasoline,19450372.499999996,KRA CRSP July 2025,2026-05-20T12:50:34.557157
Porsche,911 911 Targa 4 Gts,WP0ZZZ99ZPS23,At,4WD,3000.0,Coupe,,,Gasoline,44054712.0,KRA CRSP July 2025,2026-05-20T12:50:34.557157
Porsche,Cayenne Coupe Cayenne Coupe Platinum Edition,WP1ZZZ9YZPDA2,At,4WD,3000.0,Coupe,,,Gasoline,15969366.562499996,KRA CRSP July 2025,2026-05-20T12:50:34.557157
Porsche,Cayenne Coupe Base Grade,WP1ZZZ9YZRDA4,At,4WD,3000.0,Coupe,,,Gasoline,20259815.0625,KRA CRSP July 2025,2026-05-20T12:50:34.557157
Porsche,Cayenne Coupe,WP1ZZZ9YZRDA4,At,4WD,3000.0,Coupe,,,Gasoline,17102840.624999996,KRA CRSP July 2025,2026-05-20T12:50:34.557157
Porsche,911 911 Carrera,7BA-992SK1,At,2WD,3000.0,Coupe,,,Gasoline,35284443.1875,KRA CRSP July 2025,2026-05-20T12:50:34.557157
Porsche,911 911 Carrera Gts,WP0ZZZ99ZRS27,At,2WD,3000.0,Coupe,,,Gasoline,43039568.812499985,KRA CRSP July 2025,2026-05-20T12:50:34.557157
Porsche,911 911 Carrera Gts,WP0ZZZ99ZRS27,Mt,2WD,3000.0,Coupe,,,Gasoline,37274225.62499999,KRA CRSP July 2025,2026-05-20T12:50:34.557157
Porsche,911 911 Targa 4,WP0ZZZ99ZRS22,At,4WD,3000.0,Coupe,,,Gasoline,40416779.8125,KRA CRSP July 2025,2026-05-20T12:50:34.557157
Porsche,Cayenne E-Hybrid,WP1ZZZ9YZRDA2,At,4WD,3000.0,Wagon,,,Gasoline,17960845.5,KRA CRSP July 2025,2026-05-20T12:50:34.557157
Porsche,911 911 Carrera T,WP0ZZZ99ZSS20,Mt,2WD,3000.0,Coupe,,,Gasoline,36951890.62499999,KRA CRSP July 2025,2026-05-20T12:50:34.557157
Porsche,Cayenne Platinum Edition,ABA-92ACEY,At,4WD,3600.0,Wagon,,,Gasoline,6258423.84375,KRA CRSP July 2025,2026-05-20T12:50:34.557157
Porsche,911 911 Sport Classic,WP0ZZZ99ZPS25,Mt,2WD,3700.0,Coupe,,,Gasoline,124569559.359375,KRA CRSP July 2025,2026-05-20T12:50:34.557157
Porsche,911 911Gt2 Rs,WP0ZZZ99ZKS15,At,2WD,3800.0,Coupe,,,Gasoline,81996793.12499999,KRA CRSP July 2025,2026-05-20T12:50:34.557157
Porsche,911 911 Turbo,3BA-992NE,At,4WD,3800.0,Coupe,,,Gasoline,46503291.65624999,KRA CRSP July 2025,2026-05-20T12:50:34.557157
Porsche,911 911 Turbo Cabriolet,WP0ZZZ99ZPS26,At,2WD,3800.0,Convertible,,,Gasoline,56079769.078125,KRA CRSP July 2025,2026-05-20T12:50:34.557157
Porsche,911 911 Turbo S Cabriolet,WP0ZZZ99ZRS25,At,4WD,3800.0,Convertible,,,Gasoline,73514081.0625,KRA CRSP July 2025,2026-05-20T12:50:34.557157
Porsche,Cayenne Turbo,WP1ZZZ9YZKDA9,At,4WD,4000.0,Wagon,,,Gasoline,15423447.0,KRA CRSP July 2025,2026-05-20T12:50:34.557157
Porsche,Panamera Turbo S E-Hybrid,ALA-G2J40A,At,4WD,4000.0,Coupe,,,Gasoline,17177468.953124996,KRA CRSP July 2025,2026-05-20T12:50:34.557157
Porsche,Panamera Turbo Sport Turismo,WP0ZZZ97ZJL19,At,4WD,4000.0,Coupe,,,Gasoline,16160205.140625,KRA CRSP July 2025,2026-05-20T12:50:34.557157
Porsche,Macan Macan Turbo,WP1ZZZ95ZLLB7,At,4WD,4000.0,Coupe,,,Gasoline,11837523.140625,KRA CRSP July 2025,2026-05-20T12:50:34.557157
Porsche,Panamera Turbo,WP0ZZZ97ZJL14,At,4WD,4000.0,Coupe,,,Gasoline,15598964.062499996,KRA CRSP July 2025,2026-05-20T12:50:34.557157
Porsche,718 Spyder 718 Spyder,WP0ZZZ98ZLS23,Mt,2WD,4000.0,Convertible,,,Gasoline,21693127.828124996,KRA CRSP July 2025,2026-05-20T12:50:34.557157
Porsche,718 Spyder 718 Spyder,WP0ZZZ98ZLS23,Mt,2WD,4000.0,Convertible,,,Gasoline,23351350.546874996,KRA CRSP July 2025,2026-05-20T12:50:34.557157
Porsche,718 Spyder,WP0ZZZ98ZLS23,Mt,2WD,4000.0,Convertible,,,Gasoline,21964214.390624996,KRA CRSP July 2025,2026-05-20T12:50:34.557157
Porsche,Cayenne Gts,3BA-E3M40,At,4WD,4000.0,Wagon,,,Gasoline,13318850.390624996,KRA CRSP July 2025,2026-05-20T12:50:34.557157
Porsche,Cayenne Coupe Cayenne Turbo Coupe,WP1ZZZ9YZLDA8,At,4WD,4000.0,Coupe,,,Gasoline,21948132.984374996,KRA CRSP July 2025,2026-05-20T12:50:34.557157
Porsche,Panamera Gts,3BA-G2K40A,At,4WD,4000.0,Coupe,,,Gasoline,13494137.71875,KRA CRSP July 2025,2026-05-20T12:50:34.557157
Porsche,Panamera Gts Sport Turismo,3BA-G2K40A,At,4WD,4000.0,Coupe,,,Gasoline,24754568.109375,KRA CRSP July 2025,2026-05-20T12:50:34.557157
Porsche,718 Cayman 718 Cayman Gts 4.0,WP0ZZZ98ZMS27,Mt,2WD,4000.0,Coupe,,,Gasoline,20334478.734375,KRA CRSP July 2025,2026-05-20T12:50:34.557157
Porsche,Cayenne Coupe Cayenne Gts Coupe,WP1ZZZ9YZMDA6,At,4WD,4000.0,Coupe,,,Gasoline,23590504.031249996,KRA CRSP July 2025,2026-05-20T12:50:34.557157
Porsche,718 Cayman 718 Cayman Gt4,WP0ZZZ98ZNS27,At,4WD,4000.0,Coupe,,,Gasoline,44047890.65624999,KRA CRSP July 2025,2026-05-20T12:50:34.557157
Porsche,718 Cayman,WP0ZZZ98ZNS27,At,2WD,4000.0,Coupe,,,Gasoline,39232428.421875,KRA CRSP July 2025,2026-05-20T12:50:34.557157
Porsche,911 911Gt3,WP0ZZZ99ZNS26,At,2WD,4000.0,Coupe,,,Gasoline,52020362.671875,KRA CRSP July 2025,2026-05-20T12:50:34.557157
Porsche,911 911Gt3 Touring Package,WP0ZZZ99ZPS26,Mt,2WD,4000.0,Coupe,,,Gasoline,54826568.0625,KRA CRSP July 2025,2026-05-20T12:50:34.557157
Porsche,Cayenne E-Hybrid Platinum Edition,3LA-E3NF,At,4WD,4000.0,Wagon,,,Plug-In Hybrid,17738710.03125,KRA CRSP July 2025,2026-05-20T12:50:34.557157
Porsche,Cayenne Coupe Cayenne Turbo Gt Coupe,WP1ZZZ9YZNDA5,At,4WD,4000.0,Coupe,,,Gasoline,45626395.54687499,KRA CRSP July 2025,2026-05-20T12:50:34.557157
Porsche,718 Cayman 718 Cayman Gt4 Rs,WP0ZZZ98ZPS27,Mt,2WD,4000.0,Coupe,,,Gasoline,39976997.53124999,KRA CRSP July 2025,2026-05-20T12:50:34.557157
Porsche,718 Cayman 718 Cayman Gt4,WP0ZZZ98ZPS27,Mt,2WD,4000.0,Coupe,,,Gasoline,25390702.59375,KRA CRSP July 2025,2026-05-20T12:50:34.557157
Porsche,911 911Gt3,WP0ZZZ99ZPS26,Mt,2WD,4000.0,Coupe,,,Gasoline,55687612.499999985,KRA CRSP July 2025,2026-05-20T12:50:34.557157
Porsche,911 911Gt3Rs,WP0ZZZ99ZPS27,At,2WD,4000.0,Coupe,,,Gasoline,94912229.95312499,KRA CRSP July 2025,2026-05-20T12:50:34.557157
Porsche,Cayenne Coupe Cayenne S Coupe,7BA-E3RM,At,4WD,4000.0,Coupe,,,Gasoline,27823819.359375,KRA CRSP July 2025,2026-05-20T12:50:34.557157
Porsche,718 Boxster 718 Boxster Gts 4.0,WP0ZZZ98ZRK22,Mt,2WD,4000.0,Convertible,,,Gasoline,24435696.796874996,KRA CRSP July 2025,2026-05-20T12:50:34.557157
Porsche,718 Spyder 718 Spyder Rs,WP0ZZZ98ZRK23,At,2WD,4000.0,Convertible,,,Gasoline,54220758.515624985,KRA CRSP July 2025,2026-05-20T12:50:34.557157
Porsche,Cayenne Coupe Cayenne Turbo E-Hybrid Coupe,WP1ZZZ9YZRDA8,At,4WD,4000.0,Coupe,,,Plug-In Hybrid,43697086.26562499,KRA CRSP July 2025,2026-05-20T12:50:34.557157
Porsche,Macan Macan Gts,WP1ZZZ95ZRLB4,At,4WD,4000.0,Coupe,,,Gasoline,22060473.093749996,KRA CRSP July 2025,2026-05-20T12:50:34.557157
Porsche,718 Cayman 718 Cayman Gt4 Rs,99999,At,2WD,4000.0,Coupe,,,Gasoline,48831419.8125,KRA CRSP July 2025,2026-05-20T12:50:34.557157
Porsche,Taycan Taycan Turbo,ZAA-J1MC,At,4WD,,Coupe,,,Electric,20930869.171875,KRA CRSP July 2025,2026-05-20T12:50:34.557157
Porsche,Taycan Taycan 4S,WP0ZZZY1ZMSA2,At,4WD,,Coupe,,,Electric,11787670.781249998,KRA CRSP July 2025,2026-05-20T12:50:34.557157
Porsche,Taycan Taycan Turbo S,WP0ZZZY1ZMSA5,At,4WD,,Coupe,,,Electric,22491914.25,KRA CRSP July 2025,2026-05-20T12:50:34.557157
Porsche,Taycan Taycan Gts,WP0ZZZY1ZRSA4,At,4WD,,Coupe,,,Electric,20345046.515625,KRA CRSP July 2025,2026-05-20T12:50:34.557157
Porsche,Taycan Cross Turismo Taycan 4 Cross Turismo,WP0ZZZY1ZPSA5,At,4WD,,Coupe,,,Electric,15984688.078125,KRA CRSP July 2025,2026-05-20T12:50:34.557157
Porsche,Taycan Cross Turismo Taycan Turbo Cross Turismo,WPOZZZY1ZSSA7,At,4WD,,Coupe,,,Electric,32436655.874999993,KRA CRSP July 2025,2026-05-20T12:50:34.557157
Porsche,Macan Electric Macan,ZAA-H2SA12,At,2WD,,Hatchback,,,Electric,18264801.75,KRA CRSP July 2025,2026-05-20T12:50:34.557157
Porsche,Macan Electric Macan 4,ZAA-H2SA22,At,2WD,,Hatchback,,,Electric,17706776.953124996,KRA CRSP July 2025,2026-05-20T12:50:34.557157
Porsche,Taycan Cross Turismo Taycan 4S Cross Turismo,WP0ZZZY1ZSSA6,At,4WD,,Coupe,,,Electric,18405169.453124996,KRA CRSP July 2025,2026-05-20T12:50:34.557157
Porsche,Taycan Taycan,WP0ZZZY1ZPSA0,At,2WD,,Coupe,,,Electric,13318850.390624996,KRA CRSP July 2025,2026-05-20T12:50:34.557157
Renault,Arkana Espirit Alpine,,7At,2WD,1300.0,Suv,,,Petrol,5572610.999999999,KRA CRSP July 2025,2026-05-20T12:50:34.557157
Renault,Arkana Intens,,7At,2WD,1300.0,Suv,,,Petrol,4658702.795999999,KRA CRSP July 2025,2026-05-20T12:50:34.557157
Renault,Arkana R.S. Line,,7At,2WD,1300.0,Suv,,,Petrol,5121848.688,KRA CRSP July 2025,2026-05-20T12:50:34.557157
Renault,Arkana Techno,,7At,2WD,1300.0,Suv,,,Petrol,5077267.8,KRA CRSP July 2025,2026-05-20T12:50:34.557157
Renault,Arkana Zen,,7At,2WD,1300.0,Suv,,,Petrol,4209178.842,KRA CRSP July 2025,2026-05-20T12:50:34.557157
Renault,Captur Intens,,7At,2WD,1300.0,Suv,,,Petrol,4440751.788000001,KRA CRSP July 2025,2026-05-20T12:50:34.557157
Renault,Captur Life,,7At,2WD,1300.0,Suv,,,Petrol,3664301.3220000006,KRA CRSP July 2025,2026-05-20T12:50:34.557157
Renault,Captur R.S. Line,,7At,2WD,1300.0,Suv,,,Petrol,4685946.672,KRA CRSP July 2025,2026-05-20T12:50:34.557157
Renault,Captur Zen,,7At,2WD,1300.0,Suv,,,Petrol,3623435.5080000004,KRA CRSP July 2025,2026-05-20T12:50:34.557157
Renault,Kangoo E-Tech Swb Ev45,,At,2WD,,Van,,,Electric,8374452.263999999,KRA CRSP July 2025,2026-05-20T12:50:34.557157
Renault,Kangoo Petrol Lwb,,7At,2WD,1300.0,Van,,,Petrol,5447536.842,KRA CRSP July 2025,2026-05-20T12:50:34.557157
Renault,Kangoo Petrol Swb,,6At,2WD,1300.0,Van,,,Petrol,4828357.841999999,KRA CRSP July 2025,2026-05-20T12:50:34.557157
Renault,Kangoo Petrol Swb,,7At,4WD,1300.0,Van,,,Petrol,5199865.242000001,KRA CRSP July 2025,2026-05-20T12:50:34.557157
Renault,Koleos Intens,,Cvt,2WD,2500.0,Suv,,,Petrol,4799875.608,KRA CRSP July 2025,2026-05-20T12:50:34.557157
Renault,Koleos Life,,Cvt,2WD,2500.0,Suv,,,Petrol,5066009.999999999,KRA CRSP July 2025,2026-05-20T12:50:34.557157
Renault,Koleos Life,,Cvt,2WD,2500.0,Suv,,,Petrol,4472949.096,KRA CRSP July 2025,2026-05-20T12:50:34.557157
Renault,Koleos Zen,,Cvt,2WD,2500.0,Suv,,,Petrol,5741477.999999999,KRA CRSP July 2025,2026-05-20T12:50:34.557157
Renault,Master Lwb Fwd Platform Cab (110Kw),,6At,2WD,2300.0,Single Cab,,,Diesel,7051885.919999999,KRA CRSP July 2025,2026-05-20T12:50:34.557157
Renault,Master Pro Elwb Rwd (120Kw) L4H3,,6At,2WD,2300.0,Van,,,Diesel,8132634.719999999,KRA CRSP July 2025,2026-05-20T12:50:34.557157
Renault,Master Pro Lwb Fwd (110Kw) L3H2,,6At,2WD,2300.0,People Mover,,,Diesel,9280930.32,KRA CRSP July 2025,2026-05-20T12:50:34.557157
Renault,Master Pro Lwb Fwd (110Kw) L3H2,,6At,2WD,2300.0,Van,,,Diesel,7727353.919999999,KRA CRSP July 2025,2026-05-20T12:50:34.557157
Renault,Master Pro Lwb Fwd (120Kw) L3H2,,6At,2WD,2300.0,Van,,,Diesel,7389619.919999999,KRA CRSP July 2025,2026-05-20T12:50:34.557157
Renault,Master Pro Lwb Rwd (120Kw) L3H2,,6At,4WD,2300.0,Van,,,Diesel,7727353.919999999,KRA CRSP July 2025,2026-05-20T12:50:34.557157
Renault,Master Pro Mwb Fwd (110Kw) L2H2,,6At,2WD,2300.0,Van,,,Diesel,7457166.719999999,KRA CRSP July 2025,2026-05-20T12:50:34.557157
Renault,Master Pro Mwb Fwd (120Kw) L2H2,,6At,4WD,2300.0,Van,,,Diesel,7389619.919999999,KRA CRSP July 2025,2026-05-20T12:50:34.557157
Renault,Master Pro Swb Fwd (110Kw) L1H1,,6At,2WD,2300.0,Van,,,Diesel,6714151.919999999,KRA CRSP July 2025,2026-05-20T12:50:34.557157
Renault,Megane E-Tech Technc1:C73,,At,2WD,,Suv,,,Electric,7428797.063999999,KRA CRSP July 2025,2026-05-20T12:50:34.557157
Renault,Megane E-Tech Techno Ev60,,At,4WD,,Suv,,,Electric,6003559.584000001,KRA CRSP July 2025,2026-05-20T12:50:34.557157
Renault,Megane R.S. Trophy,,6At,2WD,1800.0,Hatchback,,,Petrol,7801655.399999999,KRA CRSP July 2025,2026-05-20T12:50:34.557157
Renault,Megane R.S. Ultime,,6At,2WD,1800.0,Hatchback,,,Petrol,7920537.768,KRA CRSP July 2025,2026-05-20T12:50:34.557157
Renault,Trafic L1 Swb Premium,,6At,2WD,2000.0,Van,,,Diesel,5676633.071999999,KRA CRSP July 2025,2026-05-20T12:50:34.557157
Renault,Trafic L1 Swb Pro,,6At,4WD,2000.0,Van,,,Diesel,6619586.399999999,KRA CRSP July 2025,2026-05-20T12:50:34.557157
Renault,Trafic L2 Lwb Crew Lifestyle,,6At,2WD,2000.0,Van,,,Diesel,8510896.799999999,KRA CRSP July 2025,2026-05-20T12:50:34.557157
Renault,Trafic L2 Lwb Crew Pro,,6At,2WD,2000.0,Van,,,Diesel,7835428.799999999,KRA CRSP July 2025,2026-05-20T12:50:34.557157
Renault,Trafic L2 Lwb Premium,,6At,2WD,2000.0,Van,,,Diesel,7565241.6,KRA CRSP July 2025,2026-05-20T12:50:34.557157
Renault,Trafic L2 Lwb Pro,,6At,4WD,2000.0,Van,,,Diesel,7159960.799999999,KRA CRSP July 2025,2026-05-20T12:50:34.557157
Renault,Trafic L2 Lwb Pro,,6At,2WD,2000.0,Van,,,Diesel,6889773.6,KRA CRSP July 2025,2026-05-20T12:50:34.557157
Renault,Twingo Tempo,DBA-AHH4B,At,2WD,900.0,Hatchback,,,Gasoline,1556461.2112499997,KRA CRSP July 2025,2026-05-20T12:50:34.557157
Renault,Twingo Gt,VF1AHB55AJ078,At,2WD,900.0,Hatchback,,,Gasoline,2605389.1359375,KRA CRSP July 2025,2026-05-20T12:50:34.557157
Renault,Twingo Zen,VF1AHB115H076,At,2WD,900.0,Hatchback,,,Gasoline,913289.0249999999,KRA CRSP July 2025,2026-05-20T12:50:34.557157
Renault,Twingo Le Coq Sportif,VF1AH0008K080,At,2WD,900.0,Hatchback,,,Gasoline,2900853.6149999993,KRA CRSP July 2025,2026-05-20T12:50:34.557157
Renault,Twingo Play,DBA-AHH4B,At,2WD,900.0,Hatchback,,,Gasoline,1423531.2196875,KRA CRSP July 2025,2026-05-20T12:50:34.557157
Renault,Twingo Gt Blanc,VF1AHB55AJ077,At,2WD,900.0,Hatchback,,,Gasoline,2014460.1778125,KRA CRSP July 2025,2026-05-20T12:50:34.557157
Renault,Twingo,VF1AHB55AJ077,At,2WD,900.0,Hatchback,,,Gasoline,2309924.6568749994,KRA CRSP July 2025,2026-05-20T12:50:34.557157
Renault,Twingo Edc Canvas Top,VF1AHB22AK078,At,2WD,900.0,Hatchback,,,Gasoline,1631730.1584374998,KRA CRSP July 2025,2026-05-20T12:50:34.557157
Renault,Twingo Ciel,3BA-AHH4B,At,2WD,900.0,Hatchback,,,Gasoline,3295193.2406249996,KRA CRSP July 2025,2026-05-20T12:50:34.557157
Renault,Twingo Signature,VF1AH0006L080,At,2WD,900.0,Hatchback,,,Gasoline,2677755.6815625,KRA CRSP July 2025,2026-05-20T12:50:34.557157
Renault,Twingo S,7BA-AHB4D,At,2WD,900.0,Hatchback,,,Gasoline,1980792.3196874997,KRA CRSP July 2025,2026-05-20T12:50:34.557157
Renault,Twingo Sandre,3BA-AHH4B,At,2WD,900.0,Hatchback,,,Gasoline,2664404.634375,KRA CRSP July 2025,2026-05-20T12:50:34.557157
Renault,Twingo Intens,VF1AH000XN084,At,2WD,900.0,Hatchback,,,Gasoline,3934882.545,KRA CRSP July 2025,2026-05-20T12:50:34.557157
Renault,Twingo Edc,VF1AH0000K080,At,2WD,900.0,Hatchback,,,Gasoline,2826939.121875,KRA CRSP July 2025,2026-05-20T12:50:34.557157
Renault,Twingo Intens,VF1AH000XN084,At,2WD,900.0,Hatchback,,,Gasoline,3934882.545,KRA CRSP July 2025,2026-05-20T12:50:34.557157
Renault,Twingo Intens Canvas Top,VF1AH0006N084,At,2WD,900.0,Hatchback,,,Gasoline,3816658.0546875,KRA CRSP July 2025,2026-05-20T12:50:34.557157
Renault,Twingo Intens Edc Edition Finale,3BA-AHH4B,At,2WD,900.0,Hatchback,,,Gasoline,4772515.6359375,KRA CRSP July 2025,2026-05-20T12:50:34.557157
Renault,Kangoo Zen,VF1KW14B3H076,At,2WD,1200.0,Wagon,,,Gasoline,1877466.8240625,KRA CRSP July 2025,2026-05-20T12:50:34.557157
Renault,Kangoo 20 Ans,ABA-KWH5F1,At,2WD,1200.0,Wagon,,,Gasoline,2720517.7312499997,KRA CRSP July 2025,2026-05-20T12:50:34.557157
Renault,Captur Intens Leather,VF12R021AJ077,At,2WD,1200.0,Hatchback,,,Gasoline,2100177.770625,KRA CRSP July 2025,2026-05-20T12:50:34.557157
Renault,Kangoo Escapade,VF1KW14B3K079,At,2WD,1200.0,Wagon,,,Gasoline,2679110.135625,KRA CRSP July 2025,2026-05-20T12:50:34.557157
Renault,Lutecia Limited,VF15RBUODJ078,At,2WD,1200.0,Hatchback,,,Gasoline,1423531.2196875,KRA CRSP July 2025,2026-05-20T12:50:34.557157
Renault,Lutecia Gt Line,ABA-RH5F1,At,2WD,1200.0,Hatchback,,,Gasoline,1346714.3249999997,KRA CRSP July 2025,2026-05-20T12:50:34.557157
Renault,Kangoo Couleur,VF1KW14B3K080,At,2WD,1200.0,Wagon,,,Gasoline,3228438.0046874997,KRA CRSP July 2025,2026-05-20T12:50:34.557157
Renault,Kangoo Paysage,VF1KW14B3K080,At,2WD,1200.0,Wagon,,,Gasoline,3713332.5590624996,KRA CRSP July 2025,2026-05-20T12:50:34.557157
Renault,Kangoo La Poste,ABA-KWH5F1,At,2WD,1200.0,Wagon,,,Gasoline,3373558.0828124997,KRA CRSP July 2025,2026-05-20T12:50:34.557157
Renault,Kangoo Panache,VE1KW14B3L081,At,2WD,1200.0,Wagon,,,Gasoline,2664404.634375,KRA CRSP July 2025,2026-05-20T12:50:34.557157
Renault,Lutecia Intens,7BA-BJAH5H,At,2WD,1300.0,Hatchback,,,Gasoline,2812233.6206249995,KRA CRSP July 2025,2026-05-20T12:50:34.557157
Renault,Captur Intens Tech Pack,VF1RJB001L081,At,2WD,1300.0,Hatchback,,,Hybrid,2606743.59,KRA CRSP July 2025,2026-05-20T12:50:34.557157
Renault,Captur Intens,VF1RJB002M082,At,2WD,1300.0,Hatchback,,,Gasoline,3295193.2406249996,KRA CRSP July 2025,2026-05-20T12:50:34.557157
Renault,Lutecia Intens Tech Pack,VF1RJA008M081,At,2WD,1300.0,Hatchback,,,Gasoline,3107698.0996875,KRA CRSP July 2025,2026-05-20T12:50:34.557157
Renault,Lutecia Intens Plus,VF1RJA009M083,At,2WD,1300.0,Hatchback,,,Gasoline,2930264.6174999997,KRA CRSP July 2025,2026-05-20T12:50:34.557157
Renault,Kangoo Premiere Edition,3BA-KFKH5H,At,2WD,1300.0,Wagon,,,Gasoline,5037408.1518749995,KRA CRSP July 2025,2026-05-20T12:50:34.557157
Renault,Arkana Sport Line Mild Hybrid,7AA-LJLH5HH,At,2WD,1300.0,Hatchback,,,Hybrid,5038375.6190625,KRA CRSP July 2025,2026-05-20T12:50:34.557157
Renault,Kangoo Variete(Black Bumper Specifications),3BA-KFKH5H,At,2WD,1300.0,Wagon,,,Gasoline,5269793.770312499,KRA CRSP July 2025,2026-05-20T12:50:34.557157
Renault,Lutecia Intens Edition Finale,3BA-BJAH5H,At,2WD,1300.0,Hatchback,,,Gasoline,3827493.6871875,KRA CRSP July 2025,2026-05-20T12:50:34.557157
Renault,Kangoo,VF1KW32H25925,At,2WD,1500.0,Wagon,,,Diesel,5633754.9262500005,KRA CRSP July 2025,2026-05-20T12:50:34.557157
Renault,Kangoo Creatif,7DA-KFKK9K,At,2WD,1500.0,Wagon,,,Diesel,6047250.402187499,KRA CRSP July 2025,2026-05-20T12:50:34.557157
Renault,Lutecia Sport Chassis Cup,VF15RA63DH076,At,2WD,1600.0,Hatchback,,,Gasoline,2453848.5937499995,KRA CRSP July 2025,2026-05-20T12:50:34.557157
Renault,Lutecia Sport Trophy Final Edition,ABA-RM5M1,At,2WD,1600.0,Hatchback,,,Gasoline,3083933.5875,KRA CRSP July 2025,2026-05-20T12:50:34.557157
Renault,Megane Gt,ABA-BBM5M,At,2WD,1600.0,Hatchback,,,Gasoline,3385361.1825,KRA CRSP July 2025,2026-05-20T12:50:34.557157
Renault,Captur E-Tech Hybrid Leather Pack,5AA-HJBH4MH,At,2WD,1600.0,Hatchback,,,Hybrid,5148121.578749999,KRA CRSP July 2025,2026-05-20T12:50:34.557157
Renault,Captur E-Tech Hybrid,5AA-HJBH4MH,At,2WD,1600.0,Hatchback,,,Hybrid,4516770.0825,KRA CRSP July 2025,2026-05-20T12:50:34.557157
Renault,Lutecia E-Tech Hybrid Leather Pack,5AA-BJAH4MH,At,2WD,1600.0,Hatchback,,,Hybrid,4610069.1,KRA CRSP July 2025,2026-05-20T12:50:34.557157
Renault,Arkana Sport Line E-Tech Full Hybrid,7AA-LJLH4MH,At,2WD,1600.0,Hatchback,,,Hybrid,5001629.456249999,KRA CRSP July 2025,2026-05-20T12:50:34.557157
Renault,Arkana E-Tech Engineered,7AA-LJLH4MH,At,2WD,1600.0,Hatchback,,,Hybrid,5641424.3025,KRA CRSP July 2025,2026-05-20T12:50:34.557157
Renault,Lutecia E-Tech Hybrid,5AA-BJAH4MH,At,2WD,1600.0,Hatchback,,,Hybrid,3739770.7987499996,KRA CRSP July 2025,2026-05-20T12:50:34.557157
Renault,Lutecia Sport Trophy,VF15R930DH076,At,2WD,1600.0,Hatchback,,,Gasoline,2039702.2762499996,KRA CRSP July 2025,2026-05-20T12:50:34.557157
Renault,Arkana Entracte E-Tech Full Hybrid,7AA-LJLH4MH,At,2WD,1600.0,Hatchback,,,Hybrid,5385168.63,KRA CRSP July 2025,2026-05-20T12:50:34.557157
Renault,Megane Sport Trophy,VF1RFB008L081,At,2WD,1800.0,Hatchback,,,Gasoline,6366708.0675,KRA CRSP July 2025,2026-05-20T12:50:34.557157
Renault,Megane R.S.Ultime,VF1RFB001P086,At,2WD,1800.0,Hatchback,,,Gasoline,9675234.765,KRA CRSP July 2025,2026-05-20T12:50:34.557157
Rolls-Royce,Cullinan,,At,4WD,6500.0,Suv,,4,Gasoline,81736482.92624998,KRA CRSP July 2025,2026-05-20T12:50:34.557157
Rolls-Royce,Cullinan Basegrade,,At,4WD,6500.0,Suv,,4,Gasoline,65426252.64749999,KRA CRSP July 2025,2026-05-20T12:50:34.557157
Rolls-Royce,Dawn Basegrade,,At,4WD,6600.0,Convertible,,2,Gasoline,39922902.888749994,KRA CRSP July 2025,2026-05-20T12:50:34.557157
Rolls-Royce,Ghost Basegrade,,At,4WD,6700.0,Sedan,,4,Gasoline,53552369.54249999,KRA CRSP July 2025,2026-05-20T12:50:34.557157
Rolls-Royce,Ghost Ii Basegrade,,At,2WD,6600.0,Sedan,,4,Gasoline,40886711.29125,KRA CRSP July 2025,2026-05-20T12:50:34.557157
Rolls-Royce,Phantom,,At,2WD,6800.0,Sedan,,4,Gasoline,69577847.8425,KRA CRSP July 2025,2026-05-20T12:50:34.557157
Rolls-Royce,Phantom Basegrade,,At,2WD,6200.0,Sedan,,4,Gasoline,64737908.53874999,KRA CRSP July 2025,2026-05-20T12:50:34.557157
Rolls-Royce,Phantom Ewb,,At,2WD,6700.0,Sedan,,4,Gasoline,32509219.421249997,KRA CRSP July 2025,2026-05-20T12:50:34.557157
Rolls-Royce,Wraith,,At,2WD,6600.0,Coupe,,,Gasoline,70156217.3175,KRA CRSP July 2025,2026-05-20T12:50:34.557157
Rolls-Royce,Wraith Basegrade,,At,2WD,6600.0,Coupe,,,Gasoline,52051775.16375001,KRA CRSP July 2025,2026-05-20T12:50:34.557157
Saic Motors,Maxus T90,,Manual/Auto,RWD/AWD,2000.0,Pickup,2200,2–5,Petrol/Diesel,9709852.499999998,KRA CRSP July 2025,2026-05-20T12:50:34.557157
Saic Motors,Mg Cyberster,,Automatic,RWD,77.0,Roadster,1800,2,Electric,12665024.999999996,KRA CRSP July 2025,2026-05-20T12:50:34.557157
Saic Motors,Mg Hs,,Automatic,AWD,1500.0,Suv,1700,5,Petrol,10642139.062499998,KRA CRSP July 2025,2026-05-20T12:50:34.557157
Saic Motors,Mg Mg3,,Manual,FWD,1500.0,Hatchback,1200,5,Petrol,3265201.757812499,KRA CRSP July 2025,2026-05-20T12:50:34.557157
Saic Motors,Mg Mg4 Ev,,Automatic,RWD,51.0,Hatchback,1600,5,Electric,10554187.5,KRA CRSP July 2025,2026-05-20T12:50:34.557157
Saic Motors,Mg Zs Ev,,Automatic,FWD,44.0,Suv,1500,5,Electric,13134100.0,KRA CRSP July 2025,2026-05-20T12:50:34.557157
Saic Motors,Rising Auto F7,,Automatic,RWD/AWD,64.0,Sedan,1700,5,Electric,8443350.0,KRA CRSP July 2025,2026-05-20T12:50:34.557157
Saic Motors,Roewe I6 Max,,Automatic,FWD,1500.0,Sedan,1500,5,Petrol,7739737.500000002,KRA CRSP July 2025,2026-05-20T12:50:34.557157
Saic Motors,Roewe Rx9,,Automatic,AWD,2000.0,Suv,1800,7,Petrol,11257800.0,KRA CRSP July 2025,2026-05-20T12:50:34.557157
Scania,Scania G370,G370,At,4×2,13000.0,Truck,,2,Diesel,8707204.687499998,KRA CRSP July 2025,2026-05-20T12:50:34.557157
Scania,Scania G400,G400,At,6×2,13000.0,Truck,,2,Diesel,9023830.312499998,KRA CRSP July 2025,2026-05-20T12:50:34.557157
Scania,Scania G410,G410,Mt,6×2,12700.0,Truck,23800,2,Diesel,7124076.562499998,KRA CRSP July 2025,2026-05-20T12:50:34.557157
Scania,Scania G420,G420,At,6×2,13000.0,Truck,,2,Diesel,9182143.124999998,KRA CRSP July 2025,2026-05-20T12:50:34.557157
Scania,Scania G450,G450,At,6×2,13000.0,Truck,,2,Diesel,9498768.749999996,KRA CRSP July 2025,2026-05-20T12:50:34.557157
Scania,Scania G460,G460,At,6×2,13000.0,Truck,,2,Diesel,9498768.749999996,KRA CRSP July 2025,2026-05-20T12:50:34.557157
Scania,Scania G480,G480,At,6×2,13000.0,Truck,,2,Diesel,9657081.562499996,KRA CRSP July 2025,2026-05-20T12:50:34.557157
Scania,Scania G500,G500,At,6×2,13000.0,Truck,,2,Diesel,9815394.374999996,KRA CRSP July 2025,2026-05-20T12:50:34.557157
Scania,Scania R410,R410,At,6×4,13000.0,Truck,,2,Diesel,8707204.687499998,KRA CRSP July 2025,2026-05-20T12:50:34.557157
Scania,Scania R450,R450,At,6×4,13000.0,Truck,,2,Diesel,9340455.937499998,KRA CRSP July 2025,2026-05-20T12:50:34.557157
Scania,Scania R480,R480,At,6×4,12700.0,Truck,,2,Diesel,7915640.624999998,KRA CRSP July 2025,2026-05-20T12:50:34.557157
Scania,Scania R500,R500,At,6×4,13000.0,Truck,,2,Diesel,10290332.812499996,KRA CRSP July 2025,2026-05-20T12:50:34.557157
Scania,Scania R540,R540,At,6×4,13000.0,Truck,,2,Diesel,11081896.874999996,KRA CRSP July 2025,2026-05-20T12:50:34.557157
Scania,Scania R620,R620,At,6×4,16400.0,Truck,,2,Diesel,12665024.999999996,KRA CRSP July 2025,2026-05-20T12:50:34.557157
Scania,Scania R730,R730,At,6×4,16400.0,Truck,,2,Diesel,13456589.062499996,KRA CRSP July 2025,2026-05-20T12:50:34.557157
Scania,G 460 Lpgrs,,Mt,"
6x4",5346.0,,,,Diesel,14421123.593099998,KRA CRSP July 2025,2026-05-20T12:50:34.557157
Scania,G Series,,Mt,"
6x4",5346.0,,,,Diesel,9447686.482499998,KRA CRSP July 2025,2026-05-20T12:50:34.557157
Scania,G Series 460,,Mt,"
6x4",5345.0,,,,Diesel,9447686.482499998,KRA CRSP July 2025,2026-05-20T12:50:34.557157
Scania,G Series 460 Ng,,Mt,"
6x4",5742.0,,,,Diesel,12234414.149999999,KRA CRSP July 2025,2026-05-20T12:50:34.557157
Scania,G Series G460,,Mt,"
6x4",5742.0,,,,Diesel,11554724.474999998,KRA CRSP July 2025,2026-05-20T12:50:34.557157
Scania,G Series G460,,Mt,6x4,5346.0,,,,Diesel,9447686.482499998,KRA CRSP July 2025,2026-05-20T12:50:34.557157
Scania,G Series G460 A6X4Nz,,Mt,"
6x4",5330.0,,,,Diesel,10807065.832499998,KRA CRSP July 2025,2026-05-20T12:50:34.557157
Scania,G Series G460 Xt,,Mt,"
6x4",10951.0,,,,Diesel,13253948.662499998,KRA CRSP July 2025,2026-05-20T12:50:34.557157
Scania,G410,,Mt,"
6x4",5466.0,,,,Diesel,19031310.9,KRA CRSP July 2025,2026-05-20T12:50:34.557157
Scania,G460,,Mt,"
6x4",5345.0,,,,Diesel,9447686.482499998,KRA CRSP July 2025,2026-05-20T12:50:34.557157
Scania,G460 G-Series,,Mt,"
6x4",5472.0,,,,Diesel,14273483.174999999,KRA CRSP July 2025,2026-05-20T12:50:34.557157
Scania,R Series,,Mt,"
6x4",5346.0,,,,Diesel,10626800.309999999,KRA CRSP July 2025,2026-05-20T12:50:34.557157
Scania,R Series 410,,Mt,4x2,10879.0,,,,Diesel,8088307.132499998,KRA CRSP July 2025,2026-05-20T12:50:34.557157
Scania,R Series 460,,Mt,"
6x4",13000.0,,,,Diesel,6796896.75,KRA CRSP July 2025,2026-05-20T12:50:34.557157
Scania,R Series 500,,Mt,"
6x4",5346.0,,,,Diesel,11702483.1,KRA CRSP July 2025,2026-05-20T12:50:34.557157
Scania,R Series 620,,Mt,"
6x4",5330.0,,,,Diesel,10127376.157499999,KRA CRSP July 2025,2026-05-20T12:50:34.557157
Scania,R Series R500,,Mt,"
6x4",5346.0,,,,Diesel,8088307.132499998,KRA CRSP July 2025,2026-05-20T12:50:34.557157
Scania,R Series R560 A6X4Nz V8,,Mt,"
6x4",5346.0,,,,Diesel,14953172.849999998,KRA CRSP July 2025,2026-05-20T12:50:34.557157
Scania,R460,,Mt,"
6x4",5330.0,,,,Diesel,10807065.832499998,KRA CRSP July 2025,2026-05-20T12:50:34.557157
Shacman,X3000 Tractor Head 6X4 385 Hp,X3000,Mt,6X4,10800.0,Tractor,,,,9366489.599999998,KRA CRSP July 2025,2026-05-20T12:50:34.557157
Shacman,X3000 Tractor Head 6X4 420 H,X3000,Mt,6X4,10800.0,Tractor,,,,9456551.999999998,KRA CRSP July 2025,2026-05-20T12:50:34.557157
Shacman,F3000 Truck Head,FS3000,Mt,6X4,10800.0,Truck,,,,5583868.799999999,KRA CRSP July 2025,2026-05-20T12:50:34.557157
Shacman,X3000 Truck Tractor,X3000,Mt,6X4,10800.0,Truck,,,,6574555.199999999,KRA CRSP July 2025,2026-05-20T12:50:34.557157
Shacman,H3000 Tractor Truck,H3000,Mt,6X4,10800.0,Truck,,,,5763993.599999999,KRA CRSP July 2025,2026-05-20T12:50:34.557157
Shacman,F3000 Tipper Truck,F3000,Mt,6X4,10800.0,Truck,,,,7114929.6,KRA CRSP July 2025,2026-05-20T12:50:34.557157
Shacman,H3000 Dump Truck,H3000,Mt,6X4,10800.0,Truck,,,,7475179.199999999,KRA CRSP July 2025,2026-05-20T12:50:34.557157
Shacman,X3000 Tractor,X3000,Mt,6X4,10800.0,Tractor,,,,6934804.799999999,KRA CRSP July 2025,2026-05-20T12:50:34.557157
Skoda,Enyaq Rs,RS,At,4WD,,Suv,,,Electric,15128681.951999998,KRA CRSP July 2025,2026-05-20T12:50:34.557157
Skoda,Enyaq Sportline,,At,2WD,,Suv,,,Electric,12606934.751999997,KRA CRSP July 2025,2026-05-20T12:50:34.557157
Skoda,Fabia 110Tsi Monte Carlo Edition 150,110TSI,7At,4WD,1500.0,Hatchback,,,Petrol,5594075.8719999995,KRA CRSP July 2025,2026-05-20T12:50:34.557157
Skoda,Fabia Monte Carlo 110Tsi,110TSI,7At,4WD,1500.0,Hatchback,,,Petrol/Electric,6553390.536000001,KRA CRSP July 2025,2026-05-20T12:50:34.557157
Skoda,Fabia Monte Carlo 110Tsi,110TSI,7At,2WD,1500.0,Hatchback,,,Petrol,6553390.536000001,KRA CRSP July 2025,2026-05-20T12:50:34.557157
Skoda,Fabia Monte Carlo Edition 150,,7At,2WD,1500.0,Hatchback,,,Petrol,4922060.264,KRA CRSP July 2025,2026-05-20T12:50:34.557157
Skoda,Fabia Select 85Tsi,85TSI,7At,2WD,1000.0,Hatchback,,,Petrol/Electric,5348055.416,KRA CRSP July 2025,2026-05-20T12:50:34.557157
Skoda,Fabia Select 85Tsi,85TSI,7At,2WD,1000.0,Hatchback,,,Petrol,5348055.416,KRA CRSP July 2025,2026-05-20T12:50:34.557157
Skoda,Kamiq Monte Carlo 110Tsi,110TSI,7At,2WD,1500.0,Suv,,,Petrol/Electric,7048733.7360000005,KRA CRSP July 2025,2026-05-20T12:50:34.557157
Skoda,Kamiq Monte Carlo 110Tsi,110TSI,7At,2WD,1500.0,Suv,,,Petrol,7048733.7360000005,KRA CRSP July 2025,2026-05-20T12:50:34.557157
Skoda,Kamiq Runout 85Tsi,85TSI,7At,2WD,1000.0,Suv,,,Petrol,4704109.256,KRA CRSP July 2025,2026-05-20T12:50:34.557157
Skoda,Kamiq Select 85Tsi,85TSI,7At,2WD,1000.0,Suv,,,Petrol/Electric,5430612.615999999,KRA CRSP July 2025,2026-05-20T12:50:34.557157
Skoda,Kamiq Select 85Tsi,85TSI,7At,2WD,1000.0,Suv,,,Petrol,5430612.615999999,KRA CRSP July 2025,2026-05-20T12:50:34.557157
Skoda,Kamiq Signature 110Tsi,110TSI,7At,2WD,1500.0,Suv,,,Petrol,6538530.24,KRA CRSP July 2025,2026-05-20T12:50:34.557157
Skoda,Kamiq Style 85Tsi,85TSI,7At,4WD,1000.0,Suv,,,Petrol,5485100.368,KRA CRSP July 2025,2026-05-20T12:50:34.557157
Skoda,Karoq (Base),,8At,4WD,1400.0,Suv,,,Petrol,5957327.552,KRA CRSP July 2025,2026-05-20T12:50:34.557157
Skoda,Karoq (Base),,8At,2WD,1400.0,Suv,,,Petrol,6602924.856000001,KRA CRSP July 2025,2026-05-20T12:50:34.557157
Skoda,Karoq Sportline  110Tsi,110TSI,8At,2WD,1400.0,Suv,,,Petrol/Electric,7345939.6559999995,KRA CRSP July 2025,2026-05-20T12:50:34.557157
Skoda,Karoq Sportline  110Tsi,110TSI,8At,2WD,1400.0,Suv,,,Petrol,7593611.256,KRA CRSP July 2025,2026-05-20T12:50:34.557157
Skoda,Karoq Style 110Tsi,110TSI,8At,2WD,1400.0,Suv,,,Petrol,6738318.664000001,KRA CRSP July 2025,2026-05-20T12:50:34.557157
Skoda,Kodiaq Rs  180Tsi,180TSI,7At,4WD,2000.0,Suv,,,Petrol,10838109.216,KRA CRSP July 2025,2026-05-20T12:50:34.557157
Skoda,Kodiaq Rs  180Tsi,180TSI,7At,4WD,2000.0,Suv,,,Petrol,12715009.632,KRA CRSP July 2025,2026-05-20T12:50:34.557157
Skoda,Kodiaq Select,,7At,4WD,2000.0,Suv,,,Petrol/Electric,9905062.751999998,KRA CRSP July 2025,2026-05-20T12:50:34.557157
Skoda,Kodiaq Sportline,,7At,4WD,2000.0,Suv,,,Petrol/Electric,10625561.951999998,KRA CRSP July 2025,2026-05-20T12:50:34.557157
Skoda,Kodiaq Sportline  132Tsi,132TSI,7At,4WD,2000.0,Suv,,,Petrol,10409412.191999998,KRA CRSP July 2025,2026-05-20T12:50:34.557157
Skoda,Kodiaq Style  132Tsi,132TSI,7At,4WD,2000.0,Suv,,,Petrol,9598850.591999998,KRA CRSP July 2025,2026-05-20T12:50:34.557157
Skoda,Octavia Rs 180Tsi,180TSI,7At,2WD,2000.0,Sedan,,,Petrol,8718040.32,KRA CRSP July 2025,2026-05-20T12:50:34.557157
Skoda,Octavia Rs 180Tsi,180TSI,7At,4WD,2000.0,Wagon,,,Petrol,8935991.328,KRA CRSP July 2025,2026-05-20T12:50:34.557157
Skoda,Octavia Rs 180Tsi,180TSI,7At,4WD,2000.0,Sedan,,,Petrol,9472763.232,KRA CRSP July 2025,2026-05-20T12:50:34.557157
Skoda,Octavia Rs 195Tsi,195TSI,7At,4WD,2000.0,Wagon,,,Petrol/Electric,9946491.456,KRA CRSP July 2025,2026-05-20T12:50:34.557157
Skoda,Octavia Rs 195Tsi,195TSI,7At,2WD,2000.0,Sedan,,,Petrol/Electric,10355374.751999998,KRA CRSP July 2025,2026-05-20T12:50:34.557157
Skoda,Octavia Select 110Tsi,110TSI,8At,4WD,1400.0,Sedan,,,Petrol,5812026.88,KRA CRSP July 2025,2026-05-20T12:50:34.557157
Skoda,Octavia Select 110Tsi,110TSI,8At,4WD,1400.0,Sedan,,,Petrol,6536879.096,KRA CRSP July 2025,2026-05-20T12:50:34.557157
Skoda,Octavia Sportline 110Tsi,110TSI,8At,4WD,1400.0,Sedan,,,Petrol/Electric,7345939.6559999995,KRA CRSP July 2025,2026-05-20T12:50:34.557157
Skoda,Octavia Sportline 110Tsi,110TSI,8At,2WD,1400.0,Sedan,,,Petrol,6701993.496000001,KRA CRSP July 2025,2026-05-20T12:50:34.557157
Skoda,Octavia Style 110Tsi,110TSI,8At,4WD,1400.0,Wagon,,,Petrol,6229766.311999999,KRA CRSP July 2025,2026-05-20T12:50:34.557157
Skoda,Octavia Style 110Tsi,110TSI,8At,4WD,1400.0,Sedan,,,Petrol,6701993.496000001,KRA CRSP July 2025,2026-05-20T12:50:34.557157
Skoda,Scala Ambition 85Tsi,85TSI,7At,4WD,1000.0,Hatchback,,,Petrol,4885735.096000001,KRA CRSP July 2025,2026-05-20T12:50:34.557157
Skoda,Scala Monte Carlo 110Tsi,110TSI,7At,2WD,1500.0,Hatchback,,,Petrol/Electric,6999199.416,KRA CRSP July 2025,2026-05-20T12:50:34.557157
Skoda,Scala Monte Carlo 110Tsi,110TSI,7At,4WD,1500.0,Hatchback,,,Petrol,6999199.416,KRA CRSP July 2025,2026-05-20T12:50:34.557157
Skoda,Scala Select 85Tsi,85TSI,7At,4WD,1000.0,Hatchback,,,Petrol/Electric,5364566.856,KRA CRSP July 2025,2026-05-20T12:50:34.557157
Skoda,Scala Select 85Tsi,85TSI,7At,2WD,1000.0,Hatchback,,,Petrol,5364566.856,KRA CRSP July 2025,2026-05-20T12:50:34.557157
Skoda,Scala Signature 110Tsi,110TSI,7At,4WD,1500.0,Hatchback,,,Petrol,6284254.063999999,KRA CRSP July 2025,2026-05-20T12:50:34.557157
Skoda,Superb Sportline 206Tsi,206TSI,7At,4WD,2000.0,Sedan,,,Petrol,11814385.632,KRA CRSP July 2025,2026-05-20T12:50:34.557157
Skoda,Superb Sportline 206Tsi,206TSI,7At,4WD,2000.0,Wagon,,,Petrol,12120597.791999998,KRA CRSP July 2025,2026-05-20T12:50:34.557157
Subaru,Brz  Gt,DBA-ZC6,Cvt,4WD,1998.0,Coupe,1470,4,Gasoline,5361998.681249999,KRA CRSP July 2025,2026-05-20T12:50:34.557157
Subaru,Brz S,4BA-ZC6,6Mt,AWD,1998.0,Coupe,1460,5,Gasoline,4610969.55,KRA CRSP July 2025,2026-05-20T12:50:34.557157
Subaru,Brz S,DBA-ZC6,6Mt,2WD,1998.0,Coupe,1490,4,Gasoline,4803093.28125,KRA CRSP July 2025,2026-05-20T12:50:34.557157
Subaru,Brz Sti Sport,4BA-ZC6,6Mt,AWD,1998.0,Coupe,1470,5,Gasoline,5482861.974,KRA CRSP July 2025,2026-05-20T12:50:34.557157
Subaru,Brz Sti Sport,DBA-ZC6,Cvt,4WD,1998.0,Coupe,1470,4,Gasoline,5711314.556249999,KRA CRSP July 2025,2026-05-20T12:50:34.557157
Subaru,Brz Sti Sport,DBA-ZC6,6Mt,2WD,1998.0,Coupe,1470,4,Gasoline,5711314.556249999,KRA CRSP July 2025,2026-05-20T12:50:34.557157
Subaru,Chiffon Custom R,5BA-LA650F,Cvt,2WD,658.0,Minivan,1140,4,Gasoline,3024796.0248000002,KRA CRSP July 2025,2026-05-20T12:50:34.557157
Subaru,Chiffon Custom R,DBA-LA600F,Cvt,2WD,658.0,Minivan,1160,4,Gasoline,2615677.2720000003,KRA CRSP July 2025,2026-05-20T12:50:34.557157
Subaru,Chiffon Custom R,DBA-LA610F,Cvt,4WD,658.0,Minivan,1160,4,Gasoline,2808499.635,KRA CRSP July 2025,2026-05-20T12:50:34.557157
Subaru,Chiffon Custom R Limited Smart Assist,DBA-LA600F,Cvt,2WD,658.0,Minivan,1160,4,Gasoline,2565375.786,KRA CRSP July 2025,2026-05-20T12:50:34.557157
Subaru,Chiffon Custom R Limited Smart Assist,DBA-LA610F,Cvt,4WD,658.0,Minivan,1210,4,Gasoline,2758198.149,KRA CRSP July 2025,2026-05-20T12:50:34.557157
Subaru,Chiffon Custom Rs,5BA-LA650F,Cvt,2WD,658.0,Minivan,1140,5,Gasoline,2774965.311,KRA CRSP July 2025,2026-05-20T12:50:34.557157
Subaru,Chiffon G,6BA-LA650F,Cvt,2WD/AWD,658.0,Minivan,1120,5,Gasoline,2330635.518,KRA CRSP July 2025,2026-05-20T12:50:34.557157
Subaru,Crosstrek Limited,5AA-GUE,Cvt,AWD,1995.0,Suv,1885,5,Gasoline,5744499.564375,KRA CRSP July 2025,2026-05-20T12:50:34.557157
Subaru,Dias Wagon Rs,ABA-S321N,4At,2WD,658.0,Wagon,1230,4,Gasoline,2607293.691,KRA CRSP July 2025,2026-05-20T12:50:34.557157
Subaru,Dias Wagon Rs,ABA-S331N,4At,4WD,658.0,Wagon,1230,4,Gasoline,2816883.216,KRA CRSP July 2025,2026-05-20T12:50:34.557157
Subaru,Dias Wagon Rs Limited,ABA-S321N,Cvt,4WD,658.0,Wagon,1210,4,Gasoline,2506690.7189999996,KRA CRSP July 2025,2026-05-20T12:50:34.557157
Subaru,Forester 2.0I-L Eyesight,DBA-SJ5,Cvt,AWD,1995.0,Suv,1785,5,Gasoline,4348982.64375,KRA CRSP July 2025,2026-05-20T12:50:34.557157
Subaru,Forester 2.0Xt Eyesight,DBA-SJG,Cvt,AWD,1998.0,Suv,1885,5,Gasoline,5059840.449375,KRA CRSP July 2025,2026-05-20T12:50:34.557157
Subaru,Forester Advance,5AA-SKE,Cvt,AWD,1995.0,Suv,1915,5,Gasoline,4812175.494,KRA CRSP July 2025,2026-05-20T12:50:34.557157
Subaru,Forester Sti Black Sport Black Interior Selection,5BA-SK5,Cvt,AWD,1795.0,Suv,1845,5,Gasoline,6724330.59375,KRA CRSP July 2025,2026-05-20T12:50:34.557157
Subaru,Forester Sti Sport,4BA-SK5,Cvt,AWD,1795.0,Suv,1845,5,Gasoline,6340083.13125,KRA CRSP July 2025,2026-05-20T12:50:34.557157
Subaru,Forester X-Break,5BA-SK9,Cvt,AWD,2498.0,Suv,1805,5,Gasoline,4527133.74,KRA CRSP July 2025,2026-05-20T12:50:34.557157
Subaru,Forster Advance,5AA-SKE,Cvt,AWD,1995.0,Suv,1915,5,Gasoline,5012682.806249999,KRA CRSP July 2025,2026-05-20T12:50:34.557157
Subaru,Forster Sport,4BA-SK5,Cvt,AWD,1795.0,Suv,1845,5,Gasoline,5222272.33125,KRA CRSP July 2025,2026-05-20T12:50:34.557157
Subaru,Forster Urban Selection,5AA-SKE,Cvt,AWD,1995.0,Suv,1915,5,Gasoline,5763711.9375,KRA CRSP July 2025,2026-05-20T12:50:34.557157
Subaru,Forster X-Break,5AA-SKE,Cvt,AWD,1995.0,Suv,1905,5,Gasoline,4855490.6625,KRA CRSP July 2025,2026-05-20T12:50:34.557157
Subaru,Forster X-Break,5BA-SK9,Cvt,AWD,2498.0,Suv,1805,5,Gasoline,4715764.3125,KRA CRSP July 2025,2026-05-20T12:50:34.557157
Subaru,Impreza G4,DBA-GK7,Cvt,AWD,1995.0,Sedan,1675,5,Gasoline,4124721.852,KRA CRSP July 2025,2026-05-20T12:50:34.557157
Subaru,Impreza G4,3BA-GK7,Cvt,AWD,1995.0,Sedan,1675,5,Gasoline,4783880.908125,KRA CRSP July 2025,2026-05-20T12:50:34.557157
Subaru,Impreza G4 2.0I Eyesight,3BA-GK7,Cvt,AWD,1995.0,Sedan,1675,5,Gasoline,4296585.2625,KRA CRSP July 2025,2026-05-20T12:50:34.557157
Subaru,Impreza G4 2.0I Eyesight,DBA-GK6,Cvt,2WD,1995.0,Sedan,1625,5,Gasoline,3877406.2125,KRA CRSP July 2025,2026-05-20T12:50:34.557157
Subaru,Impreza G4 2.0I Eyesight,DBA-GK7,Cvt,AWD,1995.0,Sedan,1675,5,Gasoline,4226722.087499999,KRA CRSP July 2025,2026-05-20T12:50:34.557157
Subaru,Impreza Sport 2.0I Eyesight,DBA-GT7,Cvt,AWD,1995.0,Sedan,1675,5,Gasoline,4124721.852,KRA CRSP July 2025,2026-05-20T12:50:34.557157
Subaru,Impreza Sport 2.0I-S Eyesight,DBA-GT6,Cvt,2WD,1995.0,Sedan,1625,5,Gasoline,3877406.2125,KRA CRSP July 2025,2026-05-20T12:50:34.557157
Subaru,Impreza Sport Advance,5AA-GTE,Cvt,AWD,1995.0,Sedan,1805,5,Gasoline,4418845.81875,KRA CRSP July 2025,2026-05-20T12:50:34.557157
Subaru,Impreza St-H,5AA-GUE,Cvt,AWD,1995.0,Sedan,1855,5,Gasoline,5610012.952499999,KRA CRSP July 2025,2026-05-20T12:50:34.557157
Subaru,Impreza Sti Sport,3BA-GT7,Cvt,AWD,1995.0,Sedan,1675,5,Gasoline,4645901.1375,KRA CRSP July 2025,2026-05-20T12:50:34.557157
Subaru,Justy,5BA-M900F,Cvt,AWD,996.0,Hatchback,1365,5,Gasoline,2994615.1332,KRA CRSP July 2025,2026-05-20T12:50:34.557157
Subaru,"Justy Custo, Rs Smart Assist",DBA-M900F,Cvt,2WD,996.0,Hatchback,1375,5,Gasoline,3215941.6716,KRA CRSP July 2025,2026-05-20T12:50:34.557157
Subaru,Justy Custom R,DBA-M900F,Cvt,2WD,996.0,Hatchback,1355,4,Gasoline,3014735.7276,KRA CRSP July 2025,2026-05-20T12:50:34.557157
Subaru,Justy Custom R,DBA-M910F,Cvt,4WD,996.0,Hatchback,1355,4,Gasoline,3319898.076,KRA CRSP July 2025,2026-05-20T12:50:34.557157
Subaru,Legacy B4 Limited,DBA-BN9,Cvt,AWD,2498.0,Sedan,1815,5,Gasoline,5239738.125,KRA CRSP July 2025,2026-05-20T12:50:34.557157
Subaru,Legacy Ouback Limited,DBA-BS9,Cvt,AWD,2498.0,Suv,1855,5,Gasoline,5763711.9375,KRA CRSP July 2025,2026-05-20T12:50:34.557157
Subaru,Legacy Outback Active X Black,4BA-BT5,Cvt,AWD,1795.0,Suv,1965,5,Gasoline,7877072.981249999,KRA CRSP July 2025,2026-05-20T12:50:34.557157
Subaru,Legacy Outback Limited,4BA-BT5,Cvt,AWD,1795.0,Suv,1965,5,Gasoline,7684949.25,KRA CRSP July 2025,2026-05-20T12:50:34.557157
Subaru,Legacy Outback Limited,DBA-BS9,Cvt,AWD,2498.0,Suv,1855,5,Gasoline,5763711.9375,KRA CRSP July 2025,2026-05-20T12:50:34.557157
Subaru,Legacy Outback Limited,4BA-BS9,Cvt,AWD,2498.0,Suv,1855,5,Gasoline,5763711.9375,KRA CRSP July 2025,2026-05-20T12:50:34.557157
Subaru,Legacy Outback Limited Ex,4BA-BT5,Cvt,AWD,1795.0,Suv,1965,5,Gasoline,7492825.51875,KRA CRSP July 2025,2026-05-20T12:50:34.557157
Subaru,Legacy Outback Selection,4BA-BT5,Cvt,AWD,1795.0,Suv,1965,5,Gasoline,7857860.608124999,KRA CRSP July 2025,2026-05-20T12:50:34.557157
Subaru,Legacy Outback X-Break Ex,4BA-BT5,Cvt,AWD,1795.0,Suv,1955,5,Gasoline,7243064.668125,KRA CRSP July 2025,2026-05-20T12:50:34.557157
Subaru,Levorg 1.6Gt-S Eyesight,DBA-VM4,Cvt,AWD,1599.0,Wagon,1835,5,Gasoline,4977751.21875,KRA CRSP July 2025,2026-05-20T12:50:34.557157
Subaru,Levorg Gt Ex,4BA-VN5,Cvt,AWD,1795.0,Wagon,1855,5,Gasoline,6628268.728124999,KRA CRSP July 2025,2026-05-20T12:50:34.557157
Subaru,Levorg Gt-H Ex,4BA-VN5,Cvt,AWD,1795.0,Wagon,1855,5,Gasoline,6628268.728124999,KRA CRSP July 2025,2026-05-20T12:50:34.557157
Subaru,Levorg Gt-S Eyesight,DBA-VM4,Cvt,AWD,1599.0,Wagon,1835,5,Gasoline,4977751.21875,KRA CRSP July 2025,2026-05-20T12:50:34.557157
Subaru,Levorg Layback Limited Ex,4BA-VN5,Cvt,AWD,1795.0,Wagon,1875,5,Gasoline,6974091.444375,KRA CRSP July 2025,2026-05-20T12:50:34.557157
Subaru,Levorg Sti Smart Edition,3BA-GU7,Cvt,AWD,1995.0,Wagon,1715,5,Gasoline,5533163.46,KRA CRSP July 2025,2026-05-20T12:50:34.557157
Subaru,Levorg Sti Sport 1.6Ti Sport Eye Sight,DBA-VM4,Cvt,AWD,1599.0,Wagon,1835,5,Gasoline,5533163.460000001,KRA CRSP July 2025,2026-05-20T12:50:34.557157
Subaru,Levorg Sti Sport 2.0 Gt-S Eye Sight,DBA-VM4,Cvt,AWD,1599.0,Wagon,1835,5,Gasoline,5763711.9375,KRA CRSP July 2025,2026-05-20T12:50:34.557157
Subaru,Levorg Sti Sport Ex,5BA-VNH,Cvt,AWD,2387.0,Wagon,1915,5,Gasoline,8780054.518125,KRA CRSP July 2025,2026-05-20T12:50:34.557157
Subaru,Levorg Sti Sport Ex,4BA-VN5,Cvt,AWD,1795.0,Wagon,155,5,Gasoline,6497275.274999999,KRA CRSP July 2025,2026-05-20T12:50:34.557157
Subaru,Levorg Sti Sport Eyesight,DBA-VM4,Cvt,AWD,1599.0,Wagon,1835,5,Gasoline,5763711.9375,KRA CRSP July 2025,2026-05-20T12:50:34.557157
Subaru,Levorg Sti Sport R Ex,5BA-VNH,Cvt,AWD,2387.0,Wagon,1905,5,Gasoline,8338169.936249999,KRA CRSP July 2025,2026-05-20T12:50:34.557157
Subaru,Levorglayback Limited Ex,4BA-VN5,Cvt,AWD,1795.0,Wagon,1875,5,Gasoline,6974091.444375,KRA CRSP July 2025,2026-05-20T12:50:34.557157
Subaru,Pleo Plus G Smart Assist,DBA-LA350F,Cvt,2WD,658.0,Wagon,890,4,Gasoline,1894689.306,KRA CRSP July 2025,2026-05-20T12:50:34.557157
Subaru,Pleo Plus G Smart Assist,DBA-LA360F,Cvt,4WD,658.0,Wagon,960,4,Gasoline,2095895.2500000002,KRA CRSP July 2025,2026-05-20T12:50:34.557157
Subaru,Pleo+ G,5BA-LA350F,Cvt,AWD,658.0,Wagon,890,5,Gasoline,1894689.306,KRA CRSP July 2025,2026-05-20T12:50:34.557157
Subaru,Pleo+ G,5BA-LA350F,Cvt,2WD,658.0,Wagon,890,5,Gasoline,1894689.306,KRA CRSP July 2025,2026-05-20T12:50:34.557157
Subaru,Pleo+ G,5BA-LA360F,Cvt,4WD,658.0,Wagon,890,4,Gasoline,2095895.2500000002,KRA CRSP July 2025,2026-05-20T12:50:34.557157
Subaru,Rex Rev,5BA-A201F,Cvt,AWD,1196.0,Suv,1155,5,Gasoline,3640318.5418200004,KRA CRSP July 2025,2026-05-20T12:50:34.557157
Subaru,Rex Z,5BA-A201F,Cvt,2WD,1196.0,Suv,1255,5,Gasoline,3791998.4810625003,KRA CRSP July 2025,2026-05-20T12:50:34.557157
Subaru,Sambar  Van Transporter,3BD-S710B,Cvt,4WD,658.0,Van,1410,4,Gasoline,2388482.2269,KRA CRSP July 2025,2026-05-20T12:50:34.557157
Subaru,Sambar Truck,3BD-S510J,Cvt,4WD,658.0,Truck,1320,2,Gasoline,2351594.4705,KRA CRSP July 2025,2026-05-20T12:50:34.557157
Subaru,Sambar Truck Tb,EBD-S500J,4At,2WD,658.0,Truck,1230,2,Gasoline,1525811.742,KRA CRSP July 2025,2026-05-20T12:50:34.557157
Subaru,Sambar Truck Tb,3BD-S500J,4At,2WD,658.0,Truck,1230,2,Gasoline,1550962.4849999999,KRA CRSP July 2025,2026-05-20T12:50:34.557157
Subaru,Sambar Truck Tb Smart Assist,3BD-S500J,4At,2WD,658.0,Truck,1230,2,Gasoline,1706058.7335,KRA CRSP July 2025,2026-05-20T12:50:34.557157
Subaru,Sambar Truck Tc,3BD-S510J,Cvt,4WD,658.0,Truck,1320,2,Gasoline,2351594.4705,KRA CRSP July 2025,2026-05-20T12:50:34.557157
Subaru,Sambar Van,3BD-S710B,Cvt,4WD,658.0,Van,1410,4,Gasoline,2388482.2269,KRA CRSP July 2025,2026-05-20T12:50:34.557157
Subaru,Sambar Van,3BD-S321B,4At,2WD,658.0,Van,1390,4,Gasoline,1991938.8456000001,KRA CRSP July 2025,2026-05-20T12:50:34.557157
Subaru,Sambar Van,EBD-S321B,4At,2WD,658.0,Van,1390,4,Gasoline,1794086.334,KRA CRSP July 2025,2026-05-20T12:50:34.557157
Subaru,Sambar Van Transporter,3BD-S710B,Cvt,2WD,658.0,Van,1410,4,Gasoline,2388482.2269,KRA CRSP July 2025,2026-05-20T12:50:34.557157
Subaru,Sambar Vb,EBD-S321B,5Mt,2WD,658.0,Van,1350(1360),2(4),Gasoline,1453154.5989054,KRA CRSP July 2025,2026-05-20T12:50:34.557157
Subaru,Solterra Et-Hs,ZAA-YEAM15X,Cvt,AWD,0.0,Suv,2305,5,Electric,10482270.777000003,KRA CRSP July 2025,2026-05-20T12:50:34.557157
Subaru,Stella Custm Rs,DBA-LA150F,Cvt,2WD,658.0,Suv,1070,4,Gasoline,2523457.881,KRA CRSP July 2025,2026-05-20T12:50:34.557157
Subaru,Stella Custm Rs,DBA-LA160F,Cvt,4WD,658.0,Suv,1070,4,Gasoline,2716280.2440000004,KRA CRSP July 2025,2026-05-20T12:50:34.557157
Subaru,Stella Custom R,5BA-LA150F,Cvt,2WD,658.0,Suv,1050,4,Gasoline,2545255.1916000005,KRA CRSP July 2025,2026-05-20T12:50:34.557157
Subaru,Stella Custom Rs,DBA-LA150F,Cvt,2WD,658.0,Suv,1070,5,Gasoline,2523457.881,KRA CRSP July 2025,2026-05-20T12:50:34.557157
Subaru,Stella Custom Rs Smart Assist,DBA-LA160F,Cvt,2WD,658.0,Suv,1070,4,Gasoline,2523457.881,KRA CRSP July 2025,2026-05-20T12:50:34.557157
Subaru,Stella Custom Rs Smart Assist,DBA-LA150F,Cvt,4WD,658.0,Suv,1120,4,Gasoline,2716280.2440000004,KRA CRSP July 2025,2026-05-20T12:50:34.557157
Subaru,Stella Customr,5BA-LA150F,Cvt,AWD,658.0,Suv,1050,5,Gasoline,2313868.356,KRA CRSP July 2025,2026-05-20T12:50:34.557157
Subaru,Subaru Brz S,3BA-ZD8,Cvt,AWD,2387.0,Coupe,1510,4,Gasoline,5994260.414999999,KRA CRSP July 2025,2026-05-20T12:50:34.557157
Subaru,Subaru Brz Sti,3BA-ZD8,Cvt,AWD,2387.0,Coupe,1490,5,Gasoline,6609056.3549999995,KRA CRSP July 2025,2026-05-20T12:50:34.557157
Subaru,Subaru Brz Sti Sport,3BA-ZD8,Cvt,RWD,2387.0,Coupe,1490,4,Gasoline,6570631.608749999,KRA CRSP July 2025,2026-05-20T12:50:34.557157
Subaru,Subaru Xv 2.0I-S Eyesight,DBA-GT7,Cvt,AWD,1995.0,Suv,1715,5,Gasoline,4366448.4375,KRA CRSP July 2025,2026-05-20T12:50:34.557157
Subaru,Subaru Xv Advance,5AA-GTE,Cvt,AWD,1995.0,Suv,1825,5,Gasoline,4576037.962499999,KRA CRSP July 2025,2026-05-20T12:50:34.557157
Subaru,Wrx S4 2.0Gt Eyesight,DBA-VAG,Cvt,AWD,1998.0,Sedan,1815,5,Gasoline,6043164.637499999,KRA CRSP July 2025,2026-05-20T12:50:34.557157
Subaru,Wrx S4 2.0Gt-S Eyesight,DBA-VAG,Cvt,AWD,1998.0,Sedan,1815,5,Gasoline,6043164.637499999,KRA CRSP July 2025,2026-05-20T12:50:34.557157
Subaru,Wrx S4 Sti Eyesight,DBA-VAG,Cvt,AWD,1998.0,Sedan,1815,5,Gasoline,6354754.398,KRA CRSP July 2025,2026-05-20T12:50:34.557157
Subaru,Wrx S4 Sti R Ex,5BA-VBH,Cvt,AWD,2387.0,Sedan,1875,5,Gasoline,8338169.936249999,KRA CRSP July 2025,2026-05-20T12:50:34.557157
Subaru,Wrx S4 Sti Sport Eyesight,DBA-VAG,Cvt,AWD,1998.0,Sedan,1815,5,Gasoline,6619535.83125,KRA CRSP July 2025,2026-05-20T12:50:34.557157
Subaru,Wrx S4 Sti Sport R Ex,5BA-VBH,Cvt,AWD,2387.0,Sedan,1885,5,Gasoline,8780054.518125,KRA CRSP July 2025,2026-05-20T12:50:34.557157
Subaru,Wrx Sti Sport Sport R Ex,5BA-VBH,Cvt,AWD,2387.0,Sedan,1885,5,Gasoline,8780054.518125,KRA CRSP July 2025,2026-05-20T12:50:34.557157
Subaru,Wrx Sti Type S,CBA-VAB,6Mt,AWD,1994.0,Sedan,1765,5,Gasoline,6304452.912,KRA CRSP July 2025,2026-05-20T12:50:34.557157
Subaru,Wrx Sti Type S,CBA-VAB,Cvt,AWD,1994.0,Sedan,1765,5,Gasoline,6654467.418749999,KRA CRSP July 2025,2026-05-20T12:50:34.557157
Subaru,Xv 2.0I-S Eyesight,DBA-GT7,Cvt,AWD,1995.0,Suv,1715,5,Gasoline,4331516.85,KRA CRSP July 2025,2026-05-20T12:50:34.557157
Suzuki,Alto Hybrid X,5AA-HA97S/ABXB,Cvt,4WD,657.0,Hatcback,930,4,Gasoline,2111824.0539,KRA CRSP July 2025,2026-05-20T12:50:34.557157
Suzuki,Alto Hybrid X,5AA-HA97S/ABXB,Cvt,2WD,657.0,Hatcback,930,4,Gasoline,2111824.0539,KRA CRSP July 2025,2026-05-20T12:50:34.557157
Suzuki,Alto Hybrid X,5AA-HA97S/ABXB-2,Cvt,2WD,657.0,Hatcback,930,4,Gasoline,2314706.7141000004,KRA CRSP July 2025,2026-05-20T12:50:34.557157
Suzuki,Alto S,5BA-HA36S/ABSE-J3,Cvt,2WD,658.0,Hatcback,870,4,Gasoline,1840699.0443600002,KRA CRSP July 2025,2026-05-20T12:50:34.557157
Suzuki,Alto S,5BA-36S/ABSE-J3,Cvt,2WD,658.0,Hatcback,870,4,Gasoline,1673362.7676000001,KRA CRSP July 2025,2026-05-20T12:50:34.557157
Suzuki,Alto Turbo Rs,DBA-HA36S/ASRN-A,5Ags,2WD,658.0,Hatcback,890,4,Gasoline,2008706.0076000001,KRA CRSP July 2025,2026-05-20T12:50:34.557157
Suzuki,Alto Van Vp,HBD-HA36V/AGPN-V,5Ags,2WD,658.0,Van,930,4,Diesel,1249153.5690000001,KRA CRSP July 2025,2026-05-20T12:50:34.557157
Suzuki,Alto Van Vp,HBD-HA36V/AGPN-V2,5Ags,2WD,658.0,Van,1350,4,Gasoline,1249153.5690000001,KRA CRSP July 2025,2026-05-20T12:50:34.557157
Suzuki,Alto Van Vp,HBD-HA36V/AGPN-V,5Ags,2WD,658.0,Van,930,4,Gasoline,1249153.5690000001,KRA CRSP July 2025,2026-05-20T12:50:34.557157
Suzuki,Alto Vp,HBD-HA36V/AGPN,5Ags,2WD,658.0,Van,930(940),2(4),Gasoline,1207235.664,KRA CRSP July 2025,2026-05-20T12:50:34.557157
Suzuki,Alto Works,4BA-HA36S/ASWF-A3,5Mt,2WD,658.0,Hatcback,890,4,Gasoline,2578454.17236,KRA CRSP July 2025,2026-05-20T12:50:34.557157
Suzuki,Alto Works,4BA-HA36S/ASWF-A3,5Mt,2WD,658.0,Hatcback,890,4,Gasoline,2344049.2476000004,KRA CRSP July 2025,2026-05-20T12:50:34.557157
Suzuki,Alto Works,DBA-HA36S/ASWF-A,5Mt,2WD,658.0,Hatcback,890,4,Gasoline,2344049.2476000004,KRA CRSP July 2025,2026-05-20T12:50:34.557157
Suzuki,Alto Works,DBA-HA36S/ASWF-A2,5Mt,2WD,658.0,Hatcback,890,4,Gasoline,2344049.2476000004,KRA CRSP July 2025,2026-05-20T12:50:34.557157
Suzuki,Alto X,DBA-HA36S/ABXEJ-J2,Cvt,2WD,658.0,Hatcback,970,4,Gasoline,1819237.0769999998,KRA CRSP July 2025,2026-05-20T12:50:34.557157
Suzuki,Alto X,DBA-HA36S/ABXE,Cvt,2WD,658.0,Hatcback,870,4,Gasoline,1760552.01,KRA CRSP July 2025,2026-05-20T12:50:34.557157
Suzuki,Baleno Xs,DBA-WB32S/BBSE,Cvt,2WD,1242.0,Hatcback,1185,5,Gasoline,2397704.166,KRA CRSP July 2025,2026-05-20T12:50:34.557157
Suzuki,Carry,EBD-DA16T/KWCJ-J3,5Mt,4WD,658.0,Truck,1420,2,Gasoline,2053977.345,KRA CRSP July 2025,2026-05-20T12:50:34.557157
Suzuki,Carry,EBD-DA16T/KWCJ-J4,5Mt,4WD,658.0,Truck,1430,2,Diesel,2087511.6690000002,KRA CRSP July 2025,2026-05-20T12:50:34.557157
Suzuki,Carry,EBD-DA16T/KWCJ-F5,5Mt,4WD,658.0,Truck,1430,2,Gasoline,2323928.6532000005,KRA CRSP July 2025,2026-05-20T12:50:34.557157
Suzuki,Carry,3BD-DA26T/KWCJ-F6,5Mt,4WD,658.0,Truck,1440,2,Gasoline,2360816.4096,KRA CRSP July 2025,2026-05-20T12:50:34.557157
Suzuki,Carry,3BD-DA16T/KWCJ-F6,Cvt,4WD,658.0,Truck,1440,2,Gasoline,2360816.4096,KRA CRSP July 2025,2026-05-20T12:50:34.557157
Suzuki,Carry For Special Heavy Duty Dump,3BD-DA16T/KWCJ-F7,5Mt,4WD,658.0,Truck,1440,2,Gasoline,2709405.7075800006,KRA CRSP July 2025,2026-05-20T12:50:34.557157
Suzuki,Carry Kc,EBD-DA16T/KKCU-S3,5Mt,4WD,658.0,Truck,1190,2,Gasoline,1542578.9039999999,KRA CRSP July 2025,2026-05-20T12:50:34.557157
Suzuki,Carry Kc,EBD-DA16T/KKCU-S4,5Mt,4WD,658.0,Truck,1190,2,Diesel,1542578.9039999999,KRA CRSP July 2025,2026-05-20T12:50:34.557157
Suzuki,Carry Kc,EBD-DA16T/KKCU-S4,4At,4WD,658.0,Truck,1190,2,Gasoline,1542578.9039999999,KRA CRSP July 2025,2026-05-20T12:50:34.557157
Suzuki,Carry Kc,3BD-DA16T/KKCU-S5,5Mt,4WD,658.0,Truck,1120,2,Gasoline,1733724.5508,KRA CRSP July 2025,2026-05-20T12:50:34.557157
Suzuki,Carry Kc,3BD-DA16T/KKCU-S6,Cvt,4WD,658.0,Truck,1230,2,Gasoline,1733724.5508,KRA CRSP July 2025,2026-05-20T12:50:34.557157
Suzuki,Carry Kc,3BD-DA16T/KKCU-S6,5Mt,4WD,658.0,Truck,1230,2,Gasoline,1733724.5508,KRA CRSP July 2025,2026-05-20T12:50:34.557157
Suzuki,Carry Kc,3BD-DA16T/KKCU-SJ7,5Mt,4WD,658.0,Truck,1230,2,Gasoline,2128423.54428,KRA CRSP July 2025,2026-05-20T12:50:34.557157
Suzuki,Carry Pixis Truck Xtra,EBD-DA16T/KWCJ-J4,5Mt,4WD,658.0,Truck,1280,2,Gasoline,2087511.6690000002,KRA CRSP July 2025,2026-05-20T12:50:34.557157
Suzuki,Escudo,5AA-YEH1S/MBSW-3,6Ags,4WD,1460.0,Suv,1595,5,Gasoline,4979847.114,KRA CRSP July 2025,2026-05-20T12:50:34.557157
Suzuki,Escudo,4BA-YEAS/MBTL-2,6At,4WD,1371.0,Suv,1495,5,Gasoline,4128075.2844000002,KRA CRSP July 2025,2026-05-20T12:50:34.557157
Suzuki,Escudo,4BA-YEA1S/MBTL-2,6At,4WD,1371.0,Suv,1495,5,Gasoline,4128075.2844000002,KRA CRSP July 2025,2026-05-20T12:50:34.557157
Suzuki,Escudo,CBA-YEA1S/MBTL,6At,4WD,1371.0,Suv,1495,5,Gasoline,4015735.2990000006,KRA CRSP July 2025,2026-05-20T12:50:34.557157
Suzuki,Escudo 1.4 Turbo,CBA-YEA1S/MBTL,6At,4WD,1371.0,Suv,1495,5,Gasoline,4028456.115882,KRA CRSP July 2025,2026-05-20T12:50:34.557157
Suzuki,Every,5BD-DA17V/EVQE-H6,Cvt,2WD,658.0,Van,1595,4,,3060007.0650000004,KRA CRSP July 2025,2026-05-20T12:50:34.557157
Suzuki,Every,HBD-DA17V/EVQD-H3,4At,2WD,658.0,Van,1595,4,Diesel,2791732.4729999998,KRA CRSP July 2025,2026-05-20T12:50:34.557157
Suzuki,Every,HBD-DA17V/EVQD-H3,4At,2WD,658.0,Van,1595,4,Gasoline,2791732.4729999998,KRA CRSP July 2025,2026-05-20T12:50:34.557157
Suzuki,Every  Pc,HBD-DA17V/EVBD-D2,4At,2WD,658.0,Van,1330,4,Gasoline,1765582.1586000002,KRA CRSP July 2025,2026-05-20T12:50:34.557157
Suzuki,Every  Pc,HBD-DA17V/EVQN-H2,5Ags,2WD,658.0,Van,1595,4,Gasoline,2682745.92,KRA CRSP July 2025,2026-05-20T12:50:34.557157
Suzuki,Every  Wagon,ABA-DA17W/EHKD-R3,4At,2WD,658.0,Wagon,1040,4,Gasoline,3227678.685,KRA CRSP July 2025,2026-05-20T12:50:34.557157
Suzuki,Every For Wheelchair User Car,5BD-DA17V/EVQD-H4,4At,2WD,658.0,Van,1595,4,Gasoline,2815206.4998000003,KRA CRSP July 2025,2026-05-20T12:50:34.557157
Suzuki,Every Pc,HBD-DA17V/EVBD-3,4At,2WD,658.0,Van,1910,4,Gasoline,1765582.1586000002,KRA CRSP July 2025,2026-05-20T12:50:34.557157
Suzuki,Every Pc,HBD-DA17V/EVBD-3,4At,2WD,658.0,Van,1330,4,Diesel,1765582.1586000002,KRA CRSP July 2025,2026-05-20T12:50:34.557157
Suzuki,Every Pc,5BD-DA17V/EVBD-4,4At,2WD,658.0,Van,1350,4,Gasoline,1995627.62124,KRA CRSP July 2025,2026-05-20T12:50:34.557157
Suzuki,Every Pc,5BD-DA17V/EVBD-J5,Cvt,2WD,658.0,Van,1350,4,Gasoline,2176377.6276000002,KRA CRSP July 2025,2026-05-20T12:50:34.557157
Suzuki,Every Pc,5BD-DA17V/EVBE-6,Cvt,2WD,658.0,Van,1370,4,,2489923.557,KRA CRSP July 2025,2026-05-20T12:50:34.557157
Suzuki,Every Pc,5BD-DA17V/EVQD-H5,Cvt,2WD,658.0,Van,1595,4,Gasoline,2865507.9858,KRA CRSP July 2025,2026-05-20T12:50:34.557157
Suzuki,Every Pc,HBD-DA17V/EVQN-H2,5Ags,2WD,658.0,Van,1595,4,,2682745.92,KRA CRSP July 2025,2026-05-20T12:50:34.557157
Suzuki,Every Wagon,3BA-DA17W/EHKD-R5,Cvt,2WD,658.0,Wagon,1595,4,Gasoline,3844749.2399999998,KRA CRSP July 2025,2026-05-20T12:50:34.557157
Suzuki,Every Wagon,3BA-DA17W/EHKD-R4,Cvt,2WD,658.0,Wagon,900,4,Gasoline,2429058.75894,KRA CRSP July 2025,2026-05-20T12:50:34.557157
Suzuki,Every Wagon,3BA-DA17W/EHKD-RQ3,4At,2WD,658.0,Wagon,1595,4,Gasoline,3227678.685,KRA CRSP July 2025,2026-05-20T12:50:34.557157
Suzuki,Every Wagon,ABA-DA17W/EHKD-R2,4At,2WD,658.0,Wagon,1595,4,Gasoline,3177377.199,KRA CRSP July 2025,2026-05-20T12:50:34.557157
Suzuki,Every Wagon Pz,3BA-DA17W/EHKD-R5,4At,4WD,658.0,Wagon,1040,4,Gasoline,3306484.3463999997,KRA CRSP July 2025,2026-05-20T12:50:34.557157
Suzuki,Every Wagon Pz,3BA-DA17W/EWDD-5,Cvt,2WD,658.0,Wagon,1200,4,Gasoline,2989752.65622,KRA CRSP July 2025,2026-05-20T12:50:34.557157
Suzuki,Every Wagon Pz,3BA-DA17W/EWDE-6,Cvt,2WD,658.0,Wagon,1220,4,Gasoline,3205546.03116,KRA CRSP July 2025,2026-05-20T12:50:34.557157
Suzuki,Every Wagon Pz,3BA-DA17W/EHKE-R6,Cvt,2WD,658.0,Wagon,1130,4,Gasoline,3640150.8702000002,KRA CRSP July 2025,2026-05-20T12:50:34.557157
Suzuki,Every Wagon Pz,3BA-DA17W/EWDD-4,Cvt,2WD,657.0,Wagon,1010,4,Gasoline,2382949.06344,KRA CRSP July 2025,2026-05-20T12:50:34.557157
Suzuki,Every Wagon Pz Turbo Special,ABA-DA17W/EWDD-3,4At,2WD,658.0,Wagon,1190,4,Gasoline,2632444.434,KRA CRSP July 2025,2026-05-20T12:50:34.557157
Suzuki,Every Wagon Pz Turbo Special,3BA-DA17W/EWDD-Q3,4At,2WD,658.0,Wagon,1190,4,Gasoline,2647534.8798,KRA CRSP July 2025,2026-05-20T12:50:34.557157
Suzuki,Every Wagon Pz Turbo Special,ABA-DA17W/EWDD-2,4At,2WD,658.0,Wagon,1190,4,Gasoline,2548608.6240000003,KRA CRSP July 2025,2026-05-20T12:50:34.557157
Suzuki,Every Wagon Pz Turbo Special (Standard Roof),3BA-DA17W/EWDD-5,4At,4WD,658.0,Wagon,1200,4,Gasoline,2989752.65622,KRA CRSP July 2025,2026-05-20T12:50:34.557157
Suzuki,Fronx,4AA-WDB3S/XBSK-ZN,6At,2WD,1460.0,Suv,1345,5,Gasoline,4260535.8642,KRA CRSP July 2025,2026-05-20T12:50:34.557157
Suzuki,Hustler Hybrid X,5AA-MR92S/HBXB-2,Cvt,4WD,657.0,Hatcback,1040,4,Gasoline,2578789.5156,KRA CRSP July 2025,2026-05-20T12:50:34.557157
Suzuki,Hustler Hybrid X,5AA-MR92S/HBXB-2,Cvt,2WD,657.0,Hatcback,1040,4,Gasoline,2580298.56018,KRA CRSP July 2025,2026-05-20T12:50:34.557157
Suzuki,Hustler Hybrid X,5AA-MR92S/HBXB-3,Cvt,2WD,657.0,Hatcback,1040,4,Gasoline,2803469.4864,KRA CRSP July 2025,2026-05-20T12:50:34.557157
Suzuki,Hustler Hybrid X,5AA-MR92S/HBXB-J,Cvt,2WD,657.0,Hatcback,1040,4,Gasoline,2545255.1916000005,KRA CRSP July 2025,2026-05-20T12:50:34.557157
Suzuki,Hustler Hybrid X,SAA-MR92S/HBXB-JM,Cvt,2WD,658.0,Hatcback,1040,4,Gasoline,2858801.121,KRA CRSP July 2025,2026-05-20T12:50:34.557157
Suzuki,Hustler J,DAA-MR41S/HBJB-B2,Cvt,2WD,658.0,Hatcback,1020,4,Gasoline,2305484.775,KRA CRSP July 2025,2026-05-20T12:50:34.557157
Suzuki,Hustler Tough Wild Tough Wild,5AA-MR92S/HBFB-3,Cvt,2WD,657.0,Hatcback,1050,4,Gasoline,2951020.512,KRA CRSP July 2025,2026-05-20T12:50:34.557157
Suzuki,Hustler X,DAA-MR41S/HBXB-2,Cvt,2WD,658.0,Hatcback,1020,4,Gasoline,2275783.3462464,KRA CRSP July 2025,2026-05-20T12:50:34.557157
Suzuki,Ignis Hybrid Mf,5AA-FF21S/PBFB-J4,Cvt,4WD,1242.0,Suv,1155,5,Gasoline,3131770.51836,KRA CRSP July 2025,2026-05-20T12:50:34.557157
Suzuki,Ignis Hybrid Mf,5AA-FF21S/PBFB-J3,Cvt,2WD,1242.0,Suv,1155,5,Gasoline,3113326.6401600004,KRA CRSP July 2025,2026-05-20T12:50:34.557157
Suzuki,Ignis Hybrid Mf,5AA-FF21S/PBFB-JM2,Cvt,2WD,1242.0,Suv,1155,5,Gasoline,2887305.2964,KRA CRSP July 2025,2026-05-20T12:50:34.557157
Suzuki,Ignis Hybrid Mz,DAA-FF21S/PBZB-J,Cvt,2WD,1242.0,Suv,1155,5,Gasoline,2699513.0820000004,KRA CRSP July 2025,2026-05-20T12:50:34.557157
Suzuki,Jimny Sierra,ABA-JB43W/GWZJ-Y9,5Mt,2WD,1328.0,Suv,1280,4,Gasoline,2598732.6510365997,KRA CRSP July 2025,2026-05-20T12:50:34.557157
Suzuki,Jimny Sierra Jc,3BA-JB74W/GJCU-J2,5Mt,2WD,1460.0,Suv,1290,4,Gasoline,3283010.3196,KRA CRSP July 2025,2026-05-20T12:50:34.557157
Suzuki,Jimny Sierra Jc,3BA-JB74W/GJCU-J3,5Mt,4WD,1460.0,Suv,1300,4,Gasoline,3329120.0151,KRA CRSP July 2025,2026-05-20T12:50:34.557157
Suzuki,Jimny Sierra Jc,3BA-JB74W/GJCU-4,5Mt,4X4,1460.0,Suv,1300,4,Gasoline,3495114.9189,KRA CRSP July 2025,2026-05-20T12:50:34.557157
Suzuki,Jimny Sierra Jc,3BA-JB74W/GJCR-J,4At,4WD,1460.0,Suv,1310,4,Gasoline,3135459.2940000007,KRA CRSP July 2025,2026-05-20T12:50:34.557157
Suzuki,Jimny Sierra Jc,3BA-JB84W/GJCR-J,6At,4WD,1460.0,Suv,1310,4,Gasoline,3135459.2940000007,KRA CRSP July 2025,2026-05-20T12:50:34.557157
Suzuki,Jimny Xc,3BA-JB64W/JXCU-J3,5Mt,4WD,658.0,Suv,1260,4,Gasoline,3024796.0248000002,KRA CRSP July 2025,2026-05-20T12:50:34.557157
Suzuki,Jimny Xc,3BA-JB64W/JXCU-J3,4At,4WD,658.0,Suv,1260,4,Gasoline,3024796.0248000002,KRA CRSP July 2025,2026-05-20T12:50:34.557157
Suzuki,Jimny Xc,3BA-JB64W/JXCU-4,5Mt,4WD,658.0,Suv,1260,4,Gasoline,3190790.9286,KRA CRSP July 2025,2026-05-20T12:50:34.557157
Suzuki,Jimny Xc,3BA-JB64W/JXCR-J,4At,4WD,658.0,Suv,1040,4,Gasoline,2858801.121,KRA CRSP July 2025,2026-05-20T12:50:34.557157
Suzuki,Jimny Xc,3BA-JB64W/JXCR-J,4At,2WD,658.0,Suv,1260,4,Gasoline,3227678.685,KRA CRSP July 2025,2026-05-20T12:50:34.557157
Suzuki,Jimny Xc,3BA-JB64W/JXCU-J2,Cvt,2WD,657.0,Suv,1040,4,Gasoline,2545255.1916000005,KRA CRSP July 2025,2026-05-20T12:50:34.557157
Suzuki,Jimny Xc,ABA-JB23W/JXCU-DT,5Mt,2WD,658.0,Suv,1210,4,Gasoline,2358202.7014947003,KRA CRSP July 2025,2026-05-20T12:50:34.557157
Suzuki,Jimny Xc,3BA-JB64W/JXCR-J,4At,4WD,658.0,Suv,1260,4,Gasoline,2858801.121,KRA CRSP July 2025,2026-05-20T12:50:34.557157
Suzuki,Landy 2.0G,DAA-SGC27/LGBE-Q,Cvt,2WD,1997.0,Minivan,2130,8,Gasoline,4797853.543124999,KRA CRSP July 2025,2026-05-20T12:50:34.557157
Suzuki,Landy 2.0G,5AA-SGC27/LGBB-Q2,Cvt,2WD,1997.0,Minivan,2140,8,Gasoline,5009189.6475,KRA CRSP July 2025,2026-05-20T12:50:34.557157
Suzuki,Landy Hybrid G,6AA-ZWR90C/LBGV,Cvt,4WD,1797.0,Minivan,2035,7,Gasoline,6026921.4493125,KRA CRSP July 2025,2026-05-20T12:50:34.557157
Suzuki,Landy Hybrid G,6AA-ZWR90C/LBGV,Cvt,2WD,1797.0,Minivan,2035,7,Gasoline,6026921.4493125,KRA CRSP July 2025,2026-05-20T12:50:34.557157
Suzuki,Lapin Lc,5BA-HE33S/NSXE-5,Cvt,2WD,658.0,Hatcback,900,4,Gasoline,2720472.0345,KRA CRSP July 2025,2026-05-20T12:50:34.557157
Suzuki,Lapin Lc X,5BA-HE33S/NSXE-4,Cvt,4WD,658.0,Hatcback,900,4,Gasoline,2591364.8871000004,KRA CRSP July 2025,2026-05-20T12:50:34.557157
Suzuki,Lapin Lc X,5BA-HE33S/NSXE-4,5Mt,4WD,658.0,Hatcback,900,4,Gasoline,2591364.8871000004,KRA CRSP July 2025,2026-05-20T12:50:34.557157
Suzuki,Lapin X,5BA-HE33S/NBXE-4,Cvt,4WD,658.0,Hatcback,900,4,Gasoline,2508367.4352,KRA CRSP July 2025,2026-05-20T12:50:34.557157
Suzuki,Lapin X,5BA-HE33S/NBXE-5,Cvt,2WD,658.0,Hatcback,900,4,Gasoline,2637474.5826,KRA CRSP July 2025,2026-05-20T12:50:34.557157
Suzuki,Lapin X,DBA-HE33S/NBXE-2,Cvt,2WD,658.0,Hatcback,900,4,Gasoline,2191468.0734,KRA CRSP July 2025,2026-05-20T12:50:34.557157
Suzuki,Lapin X,5BA-HE33S/NBXE-3,Cvt,2WD,658.0,Hatcback,900,4,Gasoline,2429058.75894,KRA CRSP July 2025,2026-05-20T12:50:34.557157
Suzuki,Lapin X,5BA-HE33S/NBXE-M3,Cvt,2WD,658.0,Hatcback,900,4,Gasoline,2288717.6130000004,KRA CRSP July 2025,2026-05-20T12:50:34.557157
Suzuki,Lapin X,DBA-HE33S/NBXE,Cvt,2WD,658.0,Hatcback,900,4,Gasoline,2157933.7494,KRA CRSP July 2025,2026-05-20T12:50:34.557157
Suzuki,Pixis Deluxe,EBD-S321M-ZMDF,5Mt,2WD,658.0,Van,1360,2(4),40,1596872.6512722,KRA CRSP July 2025,2026-05-20T12:50:34.557157
Suzuki,Sambar Truck Tc,3BD-S510J,4Wd,CVT,658.0,Truck,1320,2,,2351594.4705,KRA CRSP July 2025,2026-05-20T12:50:34.557157
Suzuki,Sambar Vb,HBD-DA17V/EVBN-D2,5Ags,2WD,658.0,Van,1320(1330),2(4),37,1740431.4156,KRA CRSP July 2025,2026-05-20T12:50:34.557157
Suzuki,Solio Bandit Hybrid Mv,5AA-MA37S/FSVB-J,Cvt,2WD,1242.0,Minivan,1275,5,Gasoline,3364163.3836800004,KRA CRSP July 2025,2026-05-20T12:50:34.557157
Suzuki,Solio Bandit Hybrid Mv,DAA-MA36S/FSVB-JR2,Cvt,2WD,1242.0,Minivan,1225,5,Gasoline,3090187.9566,KRA CRSP July 2025,2026-05-20T12:50:34.557157
Suzuki,Solio Bandit Hybrid Sv,5AA-MA47S/FSVH-JR2,Cvt,4X4,1242.0,Minivan,1325,5,Gasoline,3886125.13674,KRA CRSP July 2025,2026-05-20T12:50:34.557157
Suzuki,Solio Bandit Hybrid Sv,DAA-MA46S/FSVH-JRM2,5Ags,2WD,1242.0,Minivan,1265,5,Gasoline,3366846.1296,KRA CRSP July 2025,2026-05-20T12:50:34.557157
Suzuki,Solio Bandit Hybrid Sv,DAA-MA46S/FSVH,5Ags,2WD,1242.0,Minivan,1265,4,Gasoline,3187442.3118849,KRA CRSP July 2025,2026-05-20T12:50:34.557157
Suzuki,Solio Hybrid Mz,5AA-MSA37S/FBZB-J,Cvt,2WD,1242.0,Minivan,1275,5,Gasoline,3391829.20098,KRA CRSP July 2025,2026-05-20T12:50:34.557157
Suzuki,Solio Hybrid Mz,DAA-MA36S/FBZB-J2,Cvt,2WD,1242.0,Minivan,1225,5,Gasoline,3034856.322,KRA CRSP July 2025,2026-05-20T12:50:34.557157
Suzuki,Solio Hybrid Sv,5AA-M47S/FBZH-J2,5Ags,2WD,1242.0,Minivan,1325,5,Gasoline,3845548.6047000005,KRA CRSP July 2025,2026-05-20T12:50:34.557157
Suzuki,Solio Hybrid Sz,5AA-MA47S/FBZH-J2,Cvt,4WD,1242.0,Minivan,1325,5,Gasoline,3845548.6047000005,KRA CRSP July 2025,2026-05-20T12:50:34.557157
Suzuki,Solio Hybrid Sv,5AA-MA47S/FSV-JR2,5Ags,2WD,1242.0,Minivan,1325,5,Gasoline,3886125.13674,KRA CRSP July 2025,2026-05-20T12:50:34.557157
Suzuki,Solio Hybrid Sz,DAA-MA46S/FBZH-JM2,5Ags,2WD,1242.0,Minivan,1265,5,Gasoline,3489246.4121999997,KRA CRSP July 2025,2026-05-20T12:50:34.557157
Suzuki,Solio Hybrid Sz,DAA-MAA46/FBZH,5Ags,2WD,1242.0,Minivan,1265,4,Gasoline,3212672.7184011005,KRA CRSP July 2025,2026-05-20T12:50:34.557157
Suzuki,Spacia,DAA-MK42S/ZBKB-JRA2,Cvt,2WD,658.0,Van,890,4,Gasoline,2842626.6586799994,KRA CRSP July 2025,2026-05-20T12:50:34.557157
Suzuki,Spacia Base Xf,5BD-MK33V/ZGXE-2,Cvt,2WD,658.0,Van,1180,4,Gasoline,2724160.8101399997,KRA CRSP July 2025,2026-05-20T12:50:34.557157
Suzuki,Spacia Base Xf,5BD-MK33V/ZGXE,Cvt,2WD,658.0,Van,1180,4,Gasoline,2595053.66274,KRA CRSP July 2025,2026-05-20T12:50:34.557157
Suzuki,Spacia Custom Hybrid Xs,5AA-MKA94S/ZSXB,Cvt,2WD,657.0,Van,1130,4,Gasoline,3345719.50548,KRA CRSP July 2025,2026-05-20T12:50:34.557157
Suzuki,Spacia Custom  Hybrid Xs,4AA-MK53S/ZTXB-J2,Cvt,2WD,658.0,Van,1120,4,Gasoline,3061516.1095800004,KRA CRSP July 2025,2026-05-20T12:50:34.557157
Suzuki,Spacia Custom Hybrid Xs,4AA-MK53S/ZTXB-3,Cvt,2WD,658.0,Van,1120,4,Gasoline,3157591.94784,KRA CRSP July 2025,2026-05-20T12:50:34.557157
Suzuki,Spacia Custom Hybrid Xs Turbo,DAA-MK53S/ZTXB-J,Cvt,2WD,658.0,Van,1120,4,Gasoline,2774965.311,KRA CRSP July 2025,2026-05-20T12:50:34.557157
Suzuki,Spacia Custom Xs Turbo,DAA-MK53S/ZTXB-J,Cvt,2WD,658.0,Van,1120,4,Gasoline,2774965.311,KRA CRSP July 2025,2026-05-20T12:50:34.557157
Suzuki,Spacia Custom Z Turbo,DAA-MK42S/ZTZB-A,Cvt,2WD,658.0,Van,1110,4,Gasoline,2489400.850473,KRA CRSP July 2025,2026-05-20T12:50:34.557157
Suzuki,Spacia Gear Hybrid Gear Xz Turbo,DAA-MK53S/ZTZB-J,Cvt,2WD,658.0,Van,1110,4,Gasoline,2699513.0820000004,KRA CRSP July 2025,2026-05-20T12:50:34.557157
Suzuki,Spacia Gear Hybrid Xz,5AA-MK94S/ZSZB,Cvt,2WD,657.0,Van,1120,4,Gasoline,3273788.3805,KRA CRSP July 2025,2026-05-20T12:50:34.557157
Suzuki,Spacia Gear Hybrid Xz Turbo,4AA-MK53S/ZTZB-3,Cvt,2WD,658.0,Van,1110,4,Gasoline,3022951.63698,KRA CRSP July 2025,2026-05-20T12:50:34.557157
Suzuki,Spacia Gear Hybrid Xz Turbo,4AA-MK53S/ZTZB-JK2,Cvt,2WD,658.0,Van,1110,4,Gasoline,2820236.6484,KRA CRSP July 2025,2026-05-20T12:50:34.557157
Suzuki,Spacia Gear Xz,4AA-MK53S/ZTXB-J2,Cvt,2WD,658.0,Van,1110,4,Gasoline,2958398.06328,KRA CRSP July 2025,2026-05-20T12:50:34.557157
Suzuki,Spacia Hybrid,5AA-MK53A/ZBKB-JHR2,Cvt,2WD,658.0,Van,1595,4,Gasoline,2927546.4852,KRA CRSP July 2025,2026-05-20T12:50:34.557157
Suzuki,Spacia Hybrid X,5AA-MK53S/ZBXB-3,Cvt,2WD,658.0,Van,1090,4,Gasoline,2571076.62108,KRA CRSP July 2025,2026-05-20T12:50:34.557157
Suzuki,Spacia Hybrid X,5AA-MK53S/ZBKB-HR3,4At,4WD,658.0,Van,1595,4,Gasoline,2940960.2148,KRA CRSP July 2025,2026-05-20T12:50:34.557157
Suzuki,Spacia Hybrid X,5AA-MKA94S/ZBXB,Cvt,2WD,657.0,Van,1100,4,Gasoline,2858801.121,KRA CRSP July 2025,2026-05-20T12:50:34.557157
Suzuki,Spacia Hybrid X,5BA-MK94S/ZBKB-R,Cvt,2WD,657.0,Van,1120,4,Gasoline,3195821.0771999997,KRA CRSP July 2025,2026-05-20T12:50:34.557157
Suzuki,Spacia Hybrid X,5AA-MK53S/ZBXB-J2,Cvt,2WD,658.0,Van,1090,4,Gasoline,2556321.51852,KRA CRSP July 2025,2026-05-20T12:50:34.557157
Suzuki,Spacia Hybrid X,5A-MK53S/ZBKB-JHR2,Cvt,2WD,658.0,Van,1020,4,Gasoline,2772114.89346,KRA CRSP July 2025,2026-05-20T12:50:34.557157
Suzuki,Spacia Hybrid X,5AA-MK53S/ZBXB-JK2,Cvt,2WD,658.0,Van,1090,4,Gasoline,2458065.9492,KRA CRSP July 2025,2026-05-20T12:50:34.557157
Suzuki,Spacia Hybrid X,DAA-MK53S/ZBXB-J,Cvt,2WD,658.0,Van,1090,4,Gasoline,2280334.032,KRA CRSP July 2025,2026-05-20T12:50:34.557157
Suzuki,Spacia Hybrid X,DAA-MK53S/ZBXB-J,4At,2WD,658.0,Van,1090,4,Gasoline,2280334.032,KRA CRSP July 2025,2026-05-20T12:50:34.557157
Suzuki,Spacia Hybrid X,DAA-MK53S/ZBKB-JHR,Cvt,2WD,658.0,Van,1040,4,Gasoline,2912456.0394,KRA CRSP July 2025,2026-05-20T12:50:34.557157
Suzuki,Spacia Hybrid X,DAA-MK53A/ZBKB-JHR,Cvt,2WD,658.0,Van,1595,4,Gasoline,2912456.0394,KRA CRSP July 2025,2026-05-20T12:50:34.557157
Suzuki,Spacia Hybrid Xs Turbo,4AA-MK53S/ZTXTB-JK2,Cvt,2WD,658.0,Van,1120,4,Gasoline,2929223.2014,KRA CRSP July 2025,2026-05-20T12:50:34.557157
Suzuki,Spacia X,DAA-MK42S/ZBXB-JA2,Cvt,2WD,658.0,Van,1070,4,Gasoline,2270737.2688425,KRA CRSP July 2025,2026-05-20T12:50:34.557157
Suzuki,Super Carry X,3BD-DA16T/KSXJ-H5,5Mt,4WD,658.0,Truck,1300,2,,2609808.7653,KRA CRSP July 2025,2026-05-20T12:50:34.557157
Suzuki,Super Carry X,EBD-DA16T/KSXJ-2,5Mt,4WD,658.0,Truck,1280,2,Diesel,2018766.3048000003,KRA CRSP July 2025,2026-05-20T12:50:34.557157
Suzuki,Super Carry X,3BD-DA16T/KSXJ-4,5Mt,4WD,658.0,Truck,1300,2,,2239086.81348,KRA CRSP July 2025,2026-05-20T12:50:34.557157
Suzuki,Super Carry X,3BD-DA16T/KSXJ-4,Cvt,4WD,658.0,Truck,1300,2,Gasoline,2239086.81348,KRA CRSP July 2025,2026-05-20T12:50:34.557157
Suzuki,Super Carry X,3BD-DA16T/KSXJ-3,5Mt,4WD,658.0,Truck,1290,2,Gasoline,2239086.81348,KRA CRSP July 2025,2026-05-20T12:50:34.557157
Suzuki,Super Carry X,EBD-DA16T/KSXJ-2,5Mt,4WD,658.0,Truck,1280,2,Gasoline,2018766.3048000003,KRA CRSP July 2025,2026-05-20T12:50:34.557157
Suzuki,Super Carry X,EBD-DA16T/KSXJ,5Mt,4WD,658.0,Truck,1280,2,Gasoline,1943314.0758,KRA CRSP July 2025,2026-05-20T12:50:34.557157
Suzuki,Swift Hybrid Mz,5AA-ZCEDS/VBZB-ZC,Cvt,2WD,1197.0,Hatcback,1225,5,Gasoline,3633444.0054000006,KRA CRSP July 2025,2026-05-20T12:50:34.557157
Suzuki,Swift Hybrid Rs,5AA-ZC53S/VBRB-3,Cvt,2WD,1242.0,Hatcback,1185,5,Gasoline,3170502.6625800002,KRA CRSP July 2025,2026-05-20T12:50:34.557157
Suzuki,Swift Hybrid Rs,DAA-ZC53S/VBR,Cvt,2WD,1242.0,Hatcback,1185,4,Gasoline,2634055.2318573003,KRA CRSP July 2025,2026-05-20T12:50:34.557157
Suzuki,Swift Hybrid Sl,DAA-ZC33S/VBRM,5Ags,2WD,1242.0,Hatcback,1235,5,Gasoline,3026472.741,KRA CRSP July 2025,2026-05-20T12:50:34.557157
Suzuki,Swift Hybrid Sz,5AA-ZC43S/VBZH-2,5Ags,2WD,1242.0,Hatcback,1245,5,Gasoline,3500648.0823600003,KRA CRSP July 2025,2026-05-20T12:50:34.557157
Suzuki,Swift Hybrid Sz,5AA-AZ43S/VBZH-M2,5Ags,2WD,1242.0,Hatcback,1245,5,Gasoline,3262889.7251999998,KRA CRSP July 2025,2026-05-20T12:50:34.557157
Suzuki,Swift Sport,5BA-ZC33S/VBRK-J4,6At,4X4,1371.0,Hatcback,1265,5,Gasoline,3749640.43806,KRA CRSP July 2025,2026-05-20T12:50:34.557157
Suzuki,Swift Sport,4BA-ZC33S/VBRM-J3,6Mt,2WD,1371.0,Hatcback,1245,5,Gasoline,3401051.1400800003,KRA CRSP July 2025,2026-05-20T12:50:34.557157
Suzuki,Swift Sport,5AA-M47S/VBRK-J4,6At,2WD,1371.0,Hatcback,1265,5,Gasoline,3749640.43806,KRA CRSP July 2025,2026-05-20T12:50:34.557157
Suzuki,Swift Sport,DAA-ZC33S/VBRM,6Mt,2WD,1371.0,Hatcback,1245,5,Gasoline,2850417.54,KRA CRSP July 2025,2026-05-20T12:50:34.557157
Suzuki,Swift Sport,4BA-ZC33S/VBRM-JM2,6Nt,2WD,1371.0,Hatcback,1245,5,Gasoline,3155579.8884,KRA CRSP July 2025,2026-05-20T12:50:34.557157
Suzuki,Swift Sport,CBA-ZC33S/VBRM,6Mt,2WD,1371.0,Hatcback,1245,4,Gasoline,2859446.9296908,KRA CRSP July 2025,2026-05-20T12:50:34.557157
Suzuki,Swift Sport,4BA-ZC33S/VBRM-J2,6Mt,2WD,1371.0,Hatcback,1245,5,Gasoline,3382607.26188,KRA CRSP July 2025,2026-05-20T12:50:34.557157
Suzuki,Sx S-Cross,DBA-YA22S/QBSE-2,6At,2WD,1586.0,Suv,1425,5,Gasoline,3335966.6062499997,KRA CRSP July 2025,2026-05-20T12:50:34.557157
Suzuki,Sx4 S-Cross,DBA-YA22S/QBSK-3,6At,2WD,1586.0,Suv,1425,5,Gasoline,3461720.32125,KRA CRSP July 2025,2026-05-20T12:50:34.557157
Suzuki,Wagon R,5BA-MH85S/WFBE-A4,Cvt,2WD,657.0,Wagon,1040,4,Gasoline,2528488.0296,KRA CRSP July 2025,2026-05-20T12:50:34.557157
Suzuki,Wagon R,5BA-MH85S/WFBE-A3,Cvt,4WD,657.0,Wagon,1020,4,Gasoline,2528488.0296,KRA CRSP July 2025,2026-05-20T12:50:34.557157
Suzuki,Wagon R,5BA-MH85S/WFBE-A3,Cvt,2WD,657.0,Wagon,1595,4,Gasoline,2411117.8956,KRA CRSP July 2025,2026-05-20T12:50:34.557157
Suzuki,Wagon R,DBA-MH35S/WFBE-AJ,Cvt,2WD,658.0,Wagon,1040,4,Gasoline,2330635.518,KRA CRSP July 2025,2026-05-20T12:50:34.557157
Suzuki,Wagon R,5BA-MH85S/WFBE-AJ2,Cvt,2WD,657.0,Wagon,1595,4,Gasoline,2335665.6666,KRA CRSP July 2025,2026-05-20T12:50:34.557157
Suzuki,Wagon R,DBA-MH35S/WFBE-AJ,Cvt,2WD,658.0,Wagon,890,4,Gasoline,2338018.3723824,KRA CRSP July 2025,2026-05-20T12:50:34.557157
Suzuki,Wagon Hybrid Fx-S,5AA-MH95S/WFXB-A4,Cvt,4X4,657.0,Wagon,990,4,Gasoline,2453035.8006,KRA CRSP July 2025,2026-05-20T12:50:34.557157
Suzuki,Wagon R Custom Hybrid Zt,4AA-MH55S/WZTB-A4,Cvt,4X4,658.0,Wagon,1020,4,Gasoline,2868023.0601000004,KRA CRSP July 2025,2026-05-20T12:50:34.557157
Suzuki,Wagon R Custom Z,5BA-MH85S/WZQE-A3,Cvt,4WD,657.0,Wagon,1040,4,Gasoline,2764905.0138000003,KRA CRSP July 2025,2026-05-20T12:50:34.557157
Suzuki,Wagon R Custom Z,5BA-MH85S/WZQE-A3,Cvt,2WD,657.0,Wagon,1595,4,Gasoline,2647534.8798,KRA CRSP July 2025,2026-05-20T12:50:34.557157
Suzuki,Wagon R Custom Z,5BA-MH85S/WZQE-A4,Cvt,2WD,657.0,Wagon,1050,4,Gasoline,2764905.0138000003,KRA CRSP July 2025,2026-05-20T12:50:34.557157
Suzuki,Wagon R Custom Z,4AA-MH55S/WZTB-A4,Cvt,2WD,658.0,Wagon,1020,4,Gasoline,2868023.0601000004,KRA CRSP July 2025,2026-05-20T12:50:34.557157
Suzuki,Wagon R Fx,DBA-MH35S/WSKE-AJ,Cvt,2WD,658.0,Wagon,1595,4,Gasoline,2330635.518,KRA CRSP July 2025,2026-05-20T12:50:34.557157
Suzuki,Wagon R Hybrid Fx-S,5AA-MH95SS/WFXB-A3,Cvt,2WD,657.0,Wagon,990,4,Gasoline,2323928.6532000005,KRA CRSP July 2025,2026-05-20T12:50:34.557157
Suzuki,Wagon R Hybrid Fx-S,5AA-MH95S/WFXB-A4,Cvt,2WD,657.0,Wagon,990,4,Gasoline,2453035.8006,KRA CRSP July 2025,2026-05-20T12:50:34.557157
Suzuki,Wagon R Hybrid Fz,DAA-MH55S/WFZB-MJ,Cvt,2WD,658.0,Wagon,1010,4,Gasoline,2095895.2500000002,KRA CRSP July 2025,2026-05-20T12:50:34.557157
Suzuki,Wagon R Hybrid Fz,5AA-MH95S/WFZB-AJ2,Cvt,2WD,657.0,Wagon,1010,4,Gasoline,2382949.06344,KRA CRSP July 2025,2026-05-20T12:50:34.557157
Suzuki,Wagon R Hybrid Fz,5AA-MH95S/WFZB-MJ2,Cvt,2WD,657.0,Wagon,1010,4,Gasoline,2276980.5996000003,KRA CRSP July 2025,2026-05-20T12:50:34.557157
Suzuki,Wagon R Hybrid Fz,DAA-MH55S/WFZB-A,Cvt,2WD,658.0,Wagon,1010,4,Gasoline,2095895.2500000002,KRA CRSP July 2025,2026-05-20T12:50:34.557157
Suzuki,Wagon R Smile Hybrid X,5AA-MX91S/SBXB-2,Cvt,4WD,657.0,Wagon,1090,7,Gasoline,2762892.95436,KRA CRSP July 2025,2026-05-20T12:50:34.557157
Suzuki,Wagon R Smile Hybrid X,5AA-MX91S/SBXB-2,Cvt,2WD,657.0,Wagon,1090,4,Gasoline,2762892.95436,KRA CRSP July 2025,2026-05-20T12:50:34.557157
Suzuki,Wagon R Smile Hybrid X,5AA-MX91S/SBXB,Cvt,2WD,657.0,Wagon,1090,4,Gasoline,2670673.5633600005,KRA CRSP July 2025,2026-05-20T12:50:34.557157
Suzuki,Wagon R Stingray,DBA-MH35S/WSKE-AJ,Cvt,2WD,658.0,Wagon,1595,4,Gasoline,2577112.7994000004,KRA CRSP July 2025,2026-05-20T12:50:34.557157
Suzuki,Wagon R Stingray Hybrid T,4AA-MH55S/WZTB-A3,Cvt,2WD,658.0,Wagon,1020,4,Gasoline,2747299.4937,KRA CRSP July 2025,2026-05-20T12:50:34.557157
Suzuki,Wagon R Stingray Hybrid T,4AA-MH55S/WSTB-A4,Cvt,4WD,658.0,Wagon,1020,4,Gasoline,2960242.4510999997,KRA CRSP July 2025,2026-05-20T12:50:34.557157
Suzuki,Wagon R Stingray Hybrid T,4AA-MH55S/WSTB-A4,Cvt,2WD,658.0,Wagon,1020,4,Gasoline,2960242.4510999997,KRA CRSP July 2025,2026-05-20T12:50:34.557157
Suzuki,Wagon R Stingray Hybrid T,DAA-MH55S/WSTB-MJ,Cvt,2WD,658.0,Wagon,1020,4,Gasoline,2575436.0831999998,KRA CRSP July 2025,2026-05-20T12:50:34.557157
Suzuki,Wagon R Stingray Hybrid T,4AA-MH55S/WSTB-AJ2,Cvt,2WD,658.0,Wagon,1020,4,Gasoline,2772114.89346,KRA CRSP July 2025,2026-05-20T12:50:34.557157
Suzuki,Wagon R Stingray Hybrid T,4AA-MH55S/WSTB-MJ2,Cvt,2WD,658.0,Wagon,1020,4,Gasoline,2630767.7178,KRA CRSP July 2025,2026-05-20T12:50:34.557157
Suzuki,Wagon R Stingray Hybrid T,DAA-MH55S/WSTB-AJ,Cvt,2WD,658.0,Wagon,1020,4,Gasoline,2583594.3993282,KRA CRSP July 2025,2026-05-20T12:50:34.557157
Suzuki,Wagon R Stingray Hybrid T,DAA-MH55S/WSTB-AJ,Cvt,2WD,658.0,Wagon,1020,4,Gasoline,2575436.0831999998,KRA CRSP July 2025,2026-05-20T12:50:34.557157
Suzuki,Wagon R Stingray L,DBA-MH35S/WSKE-AJ,Cvt,2WD,658.0,Wagon,1040,4,Gasoline,2577112.7994000004,KRA CRSP July 2025,2026-05-20T12:50:34.557157
Suzuki,Wagon R Stingray X,4BA-HA36S/ASWF-A3,5Mt,2WD,658.0,Wagon,890,4,Gasoline,2578454.17236,KRA CRSP July 2025,2026-05-20T12:50:34.557157
Suzuki,Wagon R Stingray X,5BA-MH85S/WSKE-AJ2,Cvt,2WD,657.0,Wagon,1595,4,Gasoline,2665978.758,KRA CRSP July 2025,2026-05-20T12:50:34.557157
Suzuki,Wagonv R Custom Z Hybrid Zt,4AA-MH55S/WZTB-A3,Cvt,2WD,658.0,Wagon,1020,4,Gasoline,2738915.9126999998,KRA CRSP July 2025,2026-05-20T12:50:34.557157
Suzuki,Xbee Hybrid Hybrid Mz,DAA-MN71S/CBZK-J,6At,2WD,996.0,Suv,1235,5,Gasoline,3110308.551,KRA CRSP July 2025,2026-05-20T12:50:34.557157
Suzuki,Xbee Hybrid Mz,4AA-MN71S/CBZK-J3,6At,4WD,996.0,Suv,1235,5,Gasoline,3520936.3483799994,KRA CRSP July 2025,2026-05-20T12:50:34.557157
Suzuki,Xbee Hybrid Mz,4AA-MN71S/CBZK-J3,6At,2WD,996.0,Suv,1235,5,Gasoline,3520936.3483799994,KRA CRSP July 2025,2026-05-20T12:50:34.557157
Suzuki,Xbee Hybrid Mz,4AA-MN71S/CBZK-J4,6At,2WD,996.0,Suv,1235,5,Gasoline,3672176.14962,KRA CRSP July 2025,2026-05-20T12:50:34.557157
Suzuki,Xbee Hybrid Mz,4AA-MN71S/CBZK-J2,6At,2WD,996.0,Suv,1235,5,Gasoline,3458227.1625,KRA CRSP July 2025,2026-05-20T12:50:34.557157
Suzuki,Xbee Hybrid Mz,4AA-MN71S/CBZK-JM2,6At,2WD,996.0,Suv,1235,5,Gasoline,3227678.685,KRA CRSP July 2025,2026-05-20T12:50:34.557157
Tata,Ata   Xenon  Yodha Pickup 4Sptc  Bsi,,Manual,2WD,2956.0,Pick Up,3450,,Diesel,2001443.8491428571,KRA CRSP July 2025,2026-05-20T12:50:34.557157
Tata,Lpg 1216 48 Wb Cab And Chassis(Kits),,Manual,2WD,5676.0,Truck,12600,,Diesel,3784679.3691428574,KRA CRSP July 2025,2026-05-20T12:50:34.557157
Tata,Lpk 2516 (6X4) Ii  Pper,,Manual,6X4,5883.0,Tipper,25000,,Diesel,6206071.323428572,KRA CRSP July 2025,2026-05-20T12:50:34.557157
Tata,Lpk 2518 (6X4) Tipper (Boggy),,Manual,6X4,5883.0,Tipper,25000,,Diesel,7331079.360000001,KRA CRSP July 2025,2026-05-20T12:50:34.557157
Tata,Lpk 2518 (6X4) Transit Mixer Stettor,,Manual,6X4,5883.0,Transit  Mixer,25000,,Diesel,11766009.257142859,KRA CRSP July 2025,2026-05-20T12:50:34.557157
Tata,Lpo 1316Tc Bus Chassis Chassis 60 Seater,,Man  Ual,4X2,5883.0,Bus,,,Diese L,4122799.350857143,KRA CRSP July 2025,2026-05-20T12:50:34.557157
Tata,Lpt  809/38 Cbc Ckd,,Manual,2WD,3784.0,Truck,8720,,Diesel,2541303.6068571433,KRA CRSP July 2025,2026-05-20T12:50:34.557157
Tata,Lpt 1518 Cab / Chassis,,Manual,2WD,5883.0,Truck,16000,,Diesel,5077718.112000001,KRA CRSP July 2025,2026-05-20T12:50:34.557157
Tata,Novus V3T6F - Ckd (12 Speed),,Manual,6X4,11015.0,Prim£ Mover,,,Diesel,11347862.4,KRA CRSP July 2025,2026-05-20T12:50:34.557157
Tata,Signa 1618 Tipp Lr,,Manual,4X2,5883.0,Tipper,16200,,Diesel,5027797.810285714,KRA CRSP July 2025,2026-05-20T12:50:34.557157
Tata,Signa Lpt 25T8 (6X4) Cab / Chassis,,Manual,6X4,5883.0,Truck,25000,,Diesel,5069998.477714286,KRA CRSP July 2025,2026-05-20T12:50:34.557157
Tata,Tata  407 Dt Dslb,,Manual,2WD,2956.0,Pick Up,5400,,Diesel,2418304.100571429,KRA CRSP July 2025,2026-05-20T12:50:34.557157
Tata,Tata Daewoo  F8C6F(11051Cc),,Manual,6X4,11015.0,Bus,,,Diesel,9006240.0,KRA CRSP July 2025,2026-05-20T12:50:34.557157
Tata,Tata Intra  V20 Ac Bs-Iv,,Manual,2WD,1396.0,Pick Up,2300,,Diesel,1540324.3611428572,KRA CRSP July 2025,2026-05-20T12:50:34.557157
Tata,Tata Xenon,,6At,2WD,2200.0,Dual Cab,,,Diesel,5195599.786666667,KRA CRSP July 2025,2026-05-20T12:50:34.557157
Tata,Tata Xenon,,5Mt,2WD,2200.0,Single Cab,,,Diesel,5856057.386666667,KRA CRSP July 2025,2026-05-20T12:50:34.557157
Tata,Tata Xenon/31  Dc 4X4   Abs Ev,,Manual,4WD,2956.0,Pick Up,3150,,Diesel,3242246.4000000004,KRA CRSP July 2025,2026-05-20T12:50:34.557157
Tata,Traveller  Am8Ulance,,Manual,2WD,2596.0,Ambulance,6780,,Di Esel,7496073.6768000005,KRA CRSP July 2025,2026-05-20T12:50:34.557157
Tata,Traveller  Bus,,Man Ual,2WD,2596.0,Mini Bus,6780,,Di Esel,5731931.3856,KRA CRSP July 2025,2026-05-20T12:50:34.557157
Toyota,86 Gt Limited,4BA-ZN6-H2L7,6At,2WD,1998.0,Coupe,1480,4,Gasoline,5257203.91875,KRA CRSP July 2025,2026-05-20T12:50:34.557157
Toyota,86 Gt Limited,DBA-ZN6-G2L7,6At,2WD,1998.0,Coupe,1480,4,Gasoline,5257203.91875,KRA CRSP July 2025,2026-05-20T12:50:34.557157
Toyota,Aeras/Estima Hybrid Aeras,DAA-AHR20W-GFXSB(W),Cvt,AWD,2362.0,Van,2405,7,Gasoline,7570876.332914999,KRA CRSP July 2025,2026-05-20T12:50:34.557157
Toyota,Alion A18 G Package,DBA-ZRT260-VTQBCXG,Cvt,2WD,1797.0,Sedan,1545,5,Gasoline,3954255.7049999996,KRA CRSP July 2025,2026-05-20T12:50:34.557157
Toyota,Allion A15 G Plus,3BA-NZT260-CEXEK(J),Cvt,2WD,1496.0,Sedan,1475,5,Gasoline,3524152.2900516,KRA CRSP July 2025,2026-05-20T12:50:34.557157
Toyota,Allion A20,DBA-ZRT261-CEXGP(J),Cvt,2WD,1986.0,Sedan,1545,5,Gasoline,4287057.672009375,KRA CRSP July 2025,2026-05-20T12:50:34.557157
Toyota,"Allion A20 ""G-Plus Package""",DBA-ZRT261-CEXGP,Cvt,2WD,1986.0,Sedan,1545,5,Gasoline,4300637.976539999,KRA CRSP July 2025,2026-05-20T12:50:34.557157
Toyota,Allion A20 G-Plus,DBA-ZRT261-CEXGP(J),Cvt,2WD,1986.0,Sedan,1545,5,Gasoline,4287057.672009375,KRA CRSP July 2025,2026-05-20T12:50:34.557157
Toyota,Alphard Executive Lounge (Hyrid),6AA-AAH45W-PFXVB,Cvt,4WD,2487.0,Van,2675,7,Gasoline,15230172.149999999,KRA CRSP July 2025,2026-05-20T12:50:34.557157
Toyota,Alphard Executive Lounge S (Hybrid),6AA-AYH30W-PFXZB,Cvt,4WD,2493.0,Van,2625,7,Gasoline,13539483.315,KRA CRSP July 2025,2026-05-20T12:50:34.557157
Toyota,Alphard G,6AA-AYH30W-PFQB(B),Cvt,4WD,2493.0,Van,2575,5,Gasoline,8744012.1061425,KRA CRSP July 2025,2026-05-20T12:50:34.557157
Toyota,Alphard G F,DAA-AYH30W-PFXQB(B),Cvt,4WD,2493.0,Van,2575,7,Gasoline,8942486.4,KRA CRSP July 2025,2026-05-20T12:50:34.557157
Toyota,Alphard Hybrid Exclusive Lounge S,6AA-AY30W-PFXZB,Cvt,2WD,2493.0,Van,2625,5,Gasoline,13539483.315,KRA CRSP July 2025,2026-05-20T12:50:34.557157
Toyota,Alphard Hybrid G,DAA-AYH30W-PFXQB(B),Cvt,4WD,2493.0,Van,2575,7,Gasoline,8977417.987499999,KRA CRSP July 2025,2026-05-20T12:50:34.557157
Toyota,Alphard Hybrid G,DAA-AYH30W-PFQB(B),Cvt,AWD,2493.0,Van,2565,7,Gasoline,8690475.95514,KRA CRSP July 2025,2026-05-20T12:50:34.557157
Toyota,Alphard S,DBA-AGH30W-VTSCXSP,Cvt,AWD,2493.0,Van,2425,7,Gasoline,6414482.355668438,KRA CRSP July 2025,2026-05-20T12:50:34.557157
Toyota,Alphard S,DBA-AGH30W-VTSCXSP,Cvt,2WD,2493.0,Van,2425,7,Gasoline,6671933.212499999,KRA CRSP July 2025,2026-05-20T12:50:34.557157
Toyota,Alphard S,3BA-AGH30W-VTSCXSP,Cvt,2WD,2493.0,Van,2425,7,Gasoline,6836111.67375,KRA CRSP July 2025,2026-05-20T12:50:34.557157
Toyota,Aplhard Welcab G,3BA-AGH40W-PFXQK-W,Cvt,2WD,2493.0,Van,2435,7,Gasoline,8243854.649999999,KRA CRSP July 2025,2026-05-20T12:50:34.557157
Toyota,Aqua Crossover,DAA-NHP10H-AHXXB,Cvt,2WD,1496.0,Hatchback,1375,5,Gasoline,3212672.7184011005,KRA CRSP July 2025,2026-05-20T12:50:34.557157
Toyota,Aqua G,6AA-NHP10-AHXEB,Cvt,2WD,1496.0,Hatchback,1365,5,Gasoline,3241092.4146,KRA CRSP July 2025,2026-05-20T12:50:34.557157
Toyota,Aqua S,DAA-NHP10-VTUQXN,Cvt,2WD,1496.0,Hatchback,1465,5,Gasoline,4513720.0104,KRA CRSP July 2025,2026-05-20T12:50:34.557157
Toyota,Aqua S,6AA-NHP-VTUQXN,Cvt,2WD,1496.0,Hatchback,1465,5,Gasoline,4513720.0104,KRA CRSP July 2025,2026-05-20T12:50:34.557157
Toyota,Aqua Welcab X,6AA-MXPK11-AHXNB(U),Cvt,2WD,1490.0,Hatchback,1395,5,Gasoline,3635120.7216000003,KRA CRSP July 2025,2026-05-20T12:50:34.557157
Toyota,Aqua Welcab X,6AA-MXPK11-VQQLXN,Cvt,2WD,1490.0,Hatchback,1445,5,Gasoline,3616676.8434,KRA CRSP July 2025,2026-05-20T12:50:34.557157
Toyota,Aqua Welcab X,6AA-MXPK11-YVQQLXN,Cvt,2WD,1496.0,Hatchback,1445,5,Gasoline,3641827.5864,KRA CRSP July 2025,2026-05-20T12:50:34.557157
Toyota,Aqua X,6AA-MXPK11-VQQLXN,Cvt,2WD,1490.0,Hatchback,1445,5,Gasoline,3616676.8434,KRA CRSP July 2025,2026-05-20T12:50:34.557157
Toyota,Aqua Z,6AA-MXPK11-AHXEB,Cvt,2WD,1490.0,Hatchback,1405,5,Gasoline,4024118.88,KRA CRSP July 2025,2026-05-20T12:50:34.557157
Toyota,Auris Hybrid G Package,DAA-ZWE186H-BHXNB-V,Cvt,2WD,1797.0,Hatchback,1675,5,Gasoline,4595311.689302812,KRA CRSP July 2025,2026-05-20T12:50:34.557157
Toyota,Avensis Li,DBA-ZRT272W-AWXGP,Cvt,2WD,1986.0,Sedan,1755,5,Gasoline,4840607.3691374995,KRA CRSP July 2025,2026-05-20T12:50:34.557157
Toyota,Belta Glx,K15BR-HEPRSKN,4At,2WD,1500.0,Sedan,,,Gasoline,2195000.0,KRA CRSP July 2025,2026-05-20T12:50:34.557157
Toyota,Bz4X,ZAA-YEAM15-MWDHS,Cvt,2WD,0.0,Suv,1645,5,Electric,9990434.025,KRA CRSP July 2025,2026-05-20T12:50:34.557157
Toyota,Bz4X Z,ZAA-YEAM15-MWDHS,Cvt,4WD,0.0,Suv,2285,5,Electric,9990434.025,KRA CRSP July 2025,2026-05-20T12:50:34.557157
Toyota,C+ Pod,ZAZ-RMV12-AGDQS,Cvt,2WD,0.0,Hatchback,800,5,Electric,2877244.9992,KRA CRSP July 2025,2026-05-20T12:50:34.557157
Toyota,C+ Walk S,ZEV11-ABDDSS,Cvt,2WD,0.0,Hatchback,1645,1,Electric,776179.8742500001,KRA CRSP July 2025,2026-05-20T12:50:34.557157
Toyota,C+ Walk T,ZEV11-ABDHSS,Cvt,2WD,0.0,Hatchback,1645,1,Electric,578215.58157,KRA CRSP July 2025,2026-05-20T12:50:34.557157
Toyota,C+Pod G,ZAZ-RMV12-AGDQS,Cvt,2WD,0.0,Hatchback,800,1,Electric,2637474.582600001,KRA CRSP July 2025,2026-05-20T12:50:34.557157
Toyota,C+Walk T,ZEV11-ABDBSS,Cvt,2WD,0.0,Hatchback,1645,1,Electric,544401.8048700001,KRA CRSP July 2025,2026-05-20T12:50:34.557157
Toyota,Camry,DAA-AXVH70-AEXSB,Cvt,2WD,2487.0,Sedan,1875,5,Gasoline,7065708.265490624,KRA CRSP July 2025,2026-05-20T12:50:34.557157
Toyota,"Camry G ""Leather Package""",DAA-AXVH70-AEXNB(L),Cvt,AWD,2487.0,Sedan,1875,5,Gasoline,6806955.4555893745,KRA CRSP July 2025,2026-05-20T12:50:34.557157
Toyota,Camry Ws,6AA-AXVH70-AEXSB(L),Cvt,2WD,2487.0,Sedan,1875,5,Gasoline,7831661.9174999995,KRA CRSP July 2025,2026-05-20T12:50:34.557157
Toyota,"Camry Ws ""Leather Package""",6AA-AXV70-AEXSB(L),Cvt,2WD,2487.0,Sedan,1875,5,Gasoline,7814196.123749999,KRA CRSP July 2025,2026-05-20T12:50:34.557157
Toyota,Camry Ws Leather Package,6AA-AXVH70-AEXSB(L),Cvt,2WD,2487.0,Sedan,1875,5,Gasoline,7065708.265490624,KRA CRSP July 2025,2026-05-20T12:50:34.557157
Toyota,Camry Ws Leather Package,DAA-AXVH70-AEXSB(L),Cvt,2WD,2487.0,Sedan,1875,5,Gasoline,6986317.5,KRA CRSP July 2025,2026-05-20T12:50:34.557157
Toyota,Century,6AA-UWG60-AEXGH,Cvt,4WD,4968.0,Sedan,2645,5,Gasoline,37877018.958000004,KRA CRSP July 2025,2026-05-20T12:50:34.557157
Toyota,Century,6AA-UWG60-AEXGH,Cvt,2WD,4968.0,Sedan,2645,5,Gasoline,34232955.470547296,KRA CRSP July 2025,2026-05-20T12:50:34.557157
Toyota,Century,DAA-UWG60-AEXGH,Cvt,2WD,4968.0,Sedan,2645,5,Gasoline,34232955.470547296,KRA CRSP July 2025,2026-05-20T12:50:34.557157
Toyota,Century,DBA-GZG50-AETGK,6At,AWD,4996.0,Sedan,2345,5,Gasoline,21968482.343133714,KRA CRSP July 2025,2026-05-20T12:50:34.557157
Toyota,Century 3.5,6LA-GRG75-CNGB,Cvt,4WD,2790.0,Sedan,2790,4,Gasoline,43664484.375,KRA CRSP July 2025,2026-05-20T12:50:34.557157
Toyota,Century Sedan, 6AA-UWG60-AEXGH,Cvt,4WD,4968.0,Sedan,2645,5,Gasoline,37877018.958000004,KRA CRSP July 2025,2026-05-20T12:50:34.557157
Toyota,Century Sedan 5.0L Hybrid,6AA-UWG60-AEXGH,Cvt,2WD,2645.0,Sedan,2645,5,Gasoline,35071313.85,KRA CRSP July 2025,2026-05-20T12:50:34.557157
Toyota,Century V6 3.5L Plug-In Hybrid E-Fouradvanced,6LA-GRG75-CNXGB,Cvt,4WD,3456.0,Sedan,2790,4,Gasoline,47157643.12500001,KRA CRSP July 2025,2026-05-20T12:50:34.557157
Toyota,C-Hr G,6AA-ZYX11-AHXEB,Cvt,2WD,1797.0,Suv,1715,5,Gasoline,4755458.821955623,KRA CRSP July 2025,2026-05-20T12:50:34.557157
Toyota,C-Hr G,DAA-ZYX10-AHXEB,Cvt,2WD,1797.0,Suv,1715,5,Gasoline,4737111.00562125,KRA CRSP July 2025,2026-05-20T12:50:34.557157
Toyota,"C-Hr S ""Gr Sport"" Hybrid",6AA-ZYX11-AHXNB(G),Cvt,2WD,1797.0,Suv,1725,5,Gasoline,5492992.134374999,KRA CRSP July 2025,2026-05-20T12:50:34.557157
Toyota,C-Hr S Gr Sport,6AA-ZYX11-AHXNB(G),Cvt,2WD,1797.0,Suv,1725,5,Gasoline,5510457.928125,KRA CRSP July 2025,2026-05-20T12:50:34.557157
Toyota,Coaster Ex,2KG-XZB70-ZRTQH,6At,AWD,4009.0,Bus,5515,29,Diesel,14990890.775625,KRA CRSP July 2025,2026-05-20T12:50:34.557157
Toyota,Coaster Ex,SDG-XZB70-ZRTQH,6At,2WD,4009.0,Van,5475,29,Diesel,14292259.025625,KRA CRSP July 2025,2026-05-20T12:50:34.557157
Toyota,Coaster Gx Longbody,2KG-GDB70-ZXTEY,6At,2WD,2754.0,Bus,5050,24,Diesel,14666027.011875,KRA CRSP July 2025,2026-05-20T12:50:34.557157
Toyota,Coaster Gx Longbody,2KG-GDB70-ZXTEY,6At,4WD,2754.0,Bus,5050,24,Diesel,14711438.075624999,KRA CRSP July 2025,2026-05-20T12:50:34.557157
Toyota,Coaster Standard  W/Folding Door,HZB70R-ZGMNS,5Mt,2WD,4200.0,Bus,,30,Diesel,6583500.0,KRA CRSP July 2025,2026-05-20T12:50:34.557157
Toyota,Comfort Sg,DBA-TSS11-BEPFC,4At,2WD,1998.0,Sedan,1665,5,Gasoline,5191029.783407812,KRA CRSP July 2025,2026-05-20T12:50:34.557157
Toyota,Comfort Training Car Deluxe,CBA-TSS13Y-BEMDK,4At,2WD,1998.0,Sedan,1615,5,Gasoline,4357981.1019262485,KRA CRSP July 2025,2026-05-20T12:50:34.557157
Toyota,Copen Gr Sport,3BA-LA400A-KMVZ,5Mt,4WD,658.0,Convrtible,960,2,Gasoline,4086492.7226400003,KRA CRSP July 2025,2026-05-20T12:50:34.557157
Toyota,Copen Gr Sport,3BA-LA400A-KMVZ,5Mt,2WD,658.0,Convrtible,960,2,Gasoline,4086492.7226400003,KRA CRSP July 2025,2026-05-20T12:50:34.557157
Toyota,Copen Gr Sport,3BA-LA400A-KMVZ,Cvt/6At,2WD,658.0,Convrtible,960,5,Gasoline,4086492.7226400003,KRA CRSP July 2025,2026-05-20T12:50:34.557157
Toyota,Corolla  Axio,6AA-NKE165-AEXNB,Cvt,2WD,1496.0,Saloon,1415,5,Gasoline,3236062.266,KRA CRSP July 2025,2026-05-20T12:50:34.557157
Toyota,Corolla Axio Ex,6AA-NKE165-AEXNB,Cvt,2WD,1496.0,Van,1415,5,Gasoline,3698165.2507200004,KRA CRSP July 2025,2026-05-20T12:50:34.557157
Toyota,Corolla Axio Ex,6AA-NKE165-AEXNB,Cvt,2WD,1496.0,Saloon,1415,5,Gasoline,3650211.1674,KRA CRSP July 2025,2026-05-20T12:50:34.557157
Toyota,Corolla Axio G,DBA-NRE161-VQQBXE,Cvt,2WD,1496.0,Saloon,1405,4,Gasoline,3406105.9032637496,KRA CRSP July 2025,2026-05-20T12:50:34.557157
Toyota,Corolla Axio Hybrid Ex,DAA-NKE165-AEXNB,Cvt,2WD,1496.0,Saloon,1415,5,Gasoline,3236062.266,KRA CRSP July 2025,2026-05-20T12:50:34.557157
Toyota,Corolla Axio Hybrid Ex,6AA-NKE165-AEXNB,Cvt,2WD,1496.0,Saloon,1415,5,Gasoline,3578112.3708000006,KRA CRSP July 2025,2026-05-20T12:50:34.557157
Toyota,Corolla Axio Hybrid G,DAA-NKE165-AEXEB,Cvt,2WD,1496.0,Saloon,1415,5,Gasoline,3579354.7395174,KRA CRSP July 2025,2026-05-20T12:50:34.557157
Toyota,Corolla Cross Z Hybrid,6AA-ZVG11-KHXEB,Cvt,2WD,1797.0,Saloon,1685,5,Gasoline,5222272.33125,KRA CRSP July 2025,2026-05-20T12:50:34.557157
Toyota,Corolla Cross Z Hybrid,6AA-ZVG13-KHXEB,Cvt,2WD,1797.0,Saloon,1675,5,Gasoline,5676382.96875,KRA CRSP July 2025,2026-05-20T12:50:34.557157
Toyota,Corolla Fielder Ex,6AA-NKE165-AWXNB,Cvt,2WD,1496.0,Wagon,1445,5,Gasoline,3955373.5157999997,KRA CRSP July 2025,2026-05-20T12:50:34.557157
Toyota,Corolla Fielder Ex,6AA-NKE165G-AWXNB,Cvt,2WD,1496.0,Wagon,1445,5,Gasoline,3907419.43248,KRA CRSP July 2025,2026-05-20T12:50:34.557157
Toyota,Corolla Fielder Hybrid Ex,6AA-NKE165-AWXNB,Cvt,2WD,1496.0,Wagon,1445,5,Gasoline,3843704.2168799997,KRA CRSP July 2025,2026-05-20T12:50:34.557157
Toyota,Corolla Fielder Hybrid G,DAA-NKE165G-AWXEB-X,Cvt,2WD,1496.0,Wagon,1445,5,Gasoline,3938606.3538,KRA CRSP July 2025,2026-05-20T12:50:34.557157
Toyota,Corolla Fileder Hybrid Ex,DAA-NKE165G-AWXNB,Cvt,2WD,1496.0,Wagon,1445,5,Gasoline,3477509.3988,KRA CRSP July 2025,2026-05-20T12:50:34.557157
Toyota,Corolla Fileder Hybrid G,DAA-NKE165G-VQQBXE,Cvt,2WD,1496.0,Wagon,1485,5,Gasoline,3958726.9482000005,KRA CRSP July 2025,2026-05-20T12:50:34.557157
Toyota,Corolla Fileder Hybrid Wx,6AA-NKE165G-AWXNB,Cvt,2WD,1496.0,Wagon,1445,5,Gasoline,3477509.3988,KRA CRSP July 2025,2026-05-20T12:50:34.557157
Toyota,Corolla High 1Zr,ZRE182R-GEXGKN,Cvt,2WD,1800.0,Sedan,,,Gasoline,4620000.0,KRA CRSP July 2025,2026-05-20T12:50:34.557157
Toyota,Corolla Mid 1Zr,ZRE182R-GEFNKN,Mt,2WD,1800.0,Sedan,,,Gasoline,4368000.0,KRA CRSP July 2025,2026-05-20T12:50:34.557157
Toyota,Corolla Mid 1Zr,ZRE182R-GEXNKN,Cvt,2WD,1800.0,Sedan,,,Gasoline,4620000.0,KRA CRSP July 2025,2026-05-20T12:50:34.557157
Toyota,Corolla Hybrid Wxb,6AA-ZWE211-AEXSB,Cvt,2WD,1797.0,Wagon,1645,5,Gasoline,4366448.4375,KRA CRSP July 2025,2026-05-20T12:50:34.557157
Toyota,Corolla Sport G,6AA-ZWE219-BHXNZ-Z,Cvt,2WD,1797.0,Wagon,1665,5,Gasoline,5047614.39375,KRA CRSP July 2025,2026-05-20T12:50:34.557157
Toyota,Corolla Sport G,6AA-ZWE219H-BHXNZ-Z,Cvt,2WD,1797.0,Wagon,1665,5,Gasoline,5201488.036687499,KRA CRSP July 2025,2026-05-20T12:50:34.557157
Toyota,"Corolla Sport G""Z"" (Hybrid)",6AA-2WE219H-BHXNZ-Z,Cvt,2WD,1797.0,Wagon,1665,5,Gasoline,5047614.39375,KRA CRSP July 2025,2026-05-20T12:50:34.557157
Toyota,Corolla Sport Hybrid G,6AA-ZWE211-BHXNB-Z,Cvt,2WD,1797.0,Wagon,1675,5,Gasoline,4485215.835,KRA CRSP July 2025,2026-05-20T12:50:34.557157
Toyota,Corolla Sport Hybrid G,6AA-ZWE213H-BHXNB-Z,Cvt,2WD,1797.0,Wagon,1665,5,Gasoline,4962032.004375,KRA CRSP July 2025,2026-05-20T12:50:34.557157
Toyota,Corolla Sport Hybrid G Z,6AA-ZWE213H-BHXNB-Z,Cvt,2WD,1797.0,Wagon,1665,5,Gasoline,4510937.709455623,KRA CRSP July 2025,2026-05-20T12:50:34.557157
Toyota,Corolla Sport Hybrid G Z,6AA-ZWE211H-BHXNB-Z,Cvt,2WD,1797.0,Wagon,1675,5,Gasoline,4348982.64375,KRA CRSP July 2025,2026-05-20T12:50:34.557157
Toyota,Corolla Touring Hybrid Wxb,6AA-ZWE211W-AWXSB,Cvt,2WD,1797.0,Wagon,1665,5,Gasoline,4445044.509374999,KRA CRSP July 2025,2026-05-20T12:50:34.557157
Toyota,Corolla Touring Wxb,6AA-ZWE219-AWXSB,Cvt,2WD,1797.0,Wagon,1665,5,Gasoline,4977751.21875,KRA CRSP July 2025,2026-05-20T12:50:34.557157
Toyota,Corolla Touring Wxb,6AA-ZWE211W-AHXEB,Cvt,2WD,1797.0,Wagon,1665,5,Gasoline,4882562.6428125,KRA CRSP July 2025,2026-05-20T12:50:34.557157
Toyota,Corolla Touring Wxb (Hybrid),6AA-ZWE219W-AEXSB,Cvt,2WD,1797.0,Wagon,1665,5,Gasoline,4977751.21875,KRA CRSP July 2025,2026-05-20T12:50:34.557157
Toyota,Corolla Touring Wxb Hybrid,6AA-ZWE219W-AWZSB,Cvt,2WD,1797.0,Wagon,1665,5,Gasoline,5097042.590062499,KRA CRSP July 2025,2026-05-20T12:50:34.557157
Toyota,Corolla Wxb,6AA-ZWE219-AEXSB,Cvt,2WD,1797.0,Wagon,1645,5,Gasoline,4890422.25,KRA CRSP July 2025,2026-05-20T12:50:34.557157
Toyota,Corolla Wxb Hybrid,6AA-ZWE219-AEXSB,Cvt,2WD,1797.0,Wagon,1645,5,Gasoline,5009713.621312499,KRA CRSP July 2025,2026-05-20T12:50:34.557157
Toyota,Corolla Z(Hybrid),6AA-ZVG13-KHXEB,Cvt,4WD,1797.0,Wagon,1685,5,Gasoline,5676382.96875,KRA CRSP July 2025,2026-05-20T12:50:34.557157
Toyota,Crown,6AA-AZSH20-AEXAB,Cvt,2WD,2487.0,Sedan,2045,5,Gasoline,9379131.24375,KRA CRSP July 2025,2026-05-20T12:50:34.557157
Toyota,Crown 2.0 Athlete G.T,DAA-ARS210-AEZYZ,8At,2WD,1998.0,Sedan,1905,5,Gasoline,8778081.573939374,KRA CRSP July 2025,2026-05-20T12:50:34.557157
Toyota,Crown Comfort Delux,DBA-TSS10-AEPDC,4At,2WD,1998.0,Sedan,1675,5,Gasoline,4357981.1019262485,KRA CRSP July 2025,2026-05-20T12:50:34.557157
Toyota,Crown Crossover Rs,5AA-TZSH35-AETAT,6At,4WD,2185.0,Sedan,2185,5,Gasoline,11702081.8125,KRA CRSP July 2025,2026-05-20T12:50:34.557157
Toyota,Crown G,6AA-GW224-AEXEB,Cvt,2WD,3456.0,Sedan,2175,5,Gasoline,13945458.224925,KRA CRSP July 2025,2026-05-20T12:50:34.557157
Toyota,Crown Hybrid Saloon G,DAA-AWS210-AEXUH,Cvt,AWD,2493.0,Sedan,1955,5,Gasoline,9365039.110226247,KRA CRSP July 2025,2026-05-20T12:50:34.557157
Toyota,Crown Majesta F Version,DAA-GWS214-AEXZB(F),Cvt,AWD,3456.0,Sedan,2105,5,Gasoline,12243058.424928563,KRA CRSP July 2025,2026-05-20T12:50:34.557157
Toyota,Crown Rs Advance,6AA-AZSH20-AEXAB,Cvt,2WD,2487.0,Sedan,2045,5,Gasoline,9379131.24375,KRA CRSP July 2025,2026-05-20T12:50:34.557157
Toyota,Crown Rs Advanced,5AA-TZSH35-AETAT(F),6At,AWD,2393.0,Sedan,2195,5,Gasoline,11178108.0,KRA CRSP July 2025,2026-05-20T12:50:34.557157
Toyota,Crown Sedan Super Saloon,DBA-TSS10H-CEPJC,4At,2WD,1998.0,Sedan,1735,5,Gasoline,4961981.434809376,KRA CRSP July 2025,2026-05-20T12:50:34.557157
Toyota,Crown Sport Rs,6LA-AZSH37W-BNXGB,Cvt,4WD,2305.0,Sedan,2305,5,Gasoline,13361332.21875,KRA CRSP July 2025,2026-05-20T12:50:34.557157
Toyota,Crown Sport Z,6AA-AZSH36-BNXGB,Cvt,4WD,2085.0,Sedan,2085,5,Gasoline,10304818.3125,KRA CRSP July 2025,2026-05-20T12:50:34.557157
Toyota,Crown Sport Z (2.5L Hybrid),6AA-AZSH36W-BNXGB,Cvt,4WD,2487.0,Sedan,2085,5,Gasoline,10304818.3125,KRA CRSP July 2025,2026-05-20T12:50:34.557157
Toyota,Crown Turbo Hybrid Crossiover Rs,5AA-TZSH35-ATAT(F),6At,4WD,2393.0,Sedan,2195,5,Gasoline,11178108.0,KRA CRSP July 2025,2026-05-20T12:50:34.557157
Toyota,Crown Z,6AA-AZSH32-CEVGB,Cvt,2WD,2295.0,Sedan,2295,5,Gasoline,12750029.4375,KRA CRSP July 2025,2026-05-20T12:50:34.557157
Toyota,Driving Instruction Car,DBA-NZE161-BEMNK,5Mt,2WD,1496.0,Sedan,1355,5,Gasoline,2929223.2014,KRA CRSP July 2025,2026-05-20T12:50:34.557157
Toyota,Driving Istruction Car,3BA-NZE161-BEMNK,5Mt,2WD,1496.0,Sedan,1355,5,Gasoline,3257356.5617400003,KRA CRSP July 2025,2026-05-20T12:50:34.557157
Toyota,Dyna,2KG-XZU630D-TMFQY,6Mt,4WD,4009.0,Truck,6025,3,Diesel,9646357.888124999,KRA CRSP July 2025,2026-05-20T12:50:34.557157
Toyota,Dyna Aluminium Van G,2DG-GDY231-TGMGC,5Mt,2WD,2754.0,Van,3555,3,Diesel,6630015.3075,KRA CRSP July 2025,2026-05-20T12:50:34.557157
Toyota,Dyna Cargo,NBG-BZU600-TQMQP,5Mt,2WD,4104.0,Truck,5575,3,Diesel,6096393.390532499,KRA CRSP July 2025,2026-05-20T12:50:34.557157
Toyota,Dyna Cargo G Package,2DG-GDY231-TGMGC,5Mt,2WD,2754.0,Truck,3555,2,Diesel,6189877.305,KRA CRSP July 2025,2026-05-20T12:50:34.557157
Toyota,Dyna Cargo S/Cab,TSG-XKC605-TQUMC,5Amt,4WD,4009.0,Truck,4595,3,Diesel,7803716.6475,KRA CRSP July 2025,2026-05-20T12:50:34.557157
Toyota,Dyna Cargo Standard Cab,NBG-BZU600-TQMQP,5Mt,2WD,4104.0,Truck,5575,3,Diesel,6096393.390532499,KRA CRSP July 2025,2026-05-20T12:50:34.557157
Toyota,Dyna Dump,2RG-XZU600D-TUFMX-K,6Mt,2WD,4009.0,Truck,5215,3,Diesel,9138103.29,KRA CRSP July 2025,2026-05-20T12:50:34.557157
Toyota,Dyna Dump,2RG-XZU600D-TUFMX-K,6M,4WD,4009.0,Truck,5215,3,Diesel,9225114.381303746,KRA CRSP July 2025,2026-05-20T12:50:34.557157
Toyota,Dyna Dump,TKG-XZU600D-TUMMB-K,5Mt,4WD,4009.0,Truck,5115,3,Diesel,8025532.228124999,KRA CRSP July 2025,2026-05-20T12:50:34.557157
Toyota,Dyna Dump G Package,2KG-XZU630D-TMFQY,6Mt,2WD,4009.0,Truck,6025,3,Diesel,9646357.888124999,KRA CRSP July 2025,2026-05-20T12:50:34.557157
Toyota,Dyna Route Van,LDF-KDY241V-REMGY,5Mt,2WD,2992.0,Van,3435,3,Diesel,5180354.42625,KRA CRSP July 2025,2026-05-20T12:50:34.557157
Toyota,Dyna Slide Type Dump,2RG-ZXU630D-TMFQY,6Mt,4WD,4009.0,Truck,6025,3,Diesel,8986150.884375,KRA CRSP July 2025,2026-05-20T12:50:34.557157
Toyota,Esquire Hybrid Gi,6AA-ZWR80G-CPXGB,Cvt,2WD,1797.0,Minivan,2005,7,Gasoline,5365491.839999999,KRA CRSP July 2025,2026-05-20T12:50:34.557157
Toyota,Esquire Hybrid Gi,DAA-ZWR80G-CPXGB(L),Cvt,2WD,1797.0,Minivan,2005,7,Gasoline,5431861.85625,KRA CRSP July 2025,2026-05-20T12:50:34.557157
Toyota,Esquire Xi,DBA-ZRR80G-VTTNCE,Cvt,2WD,1986.0,Minivan,2045,7,Gasoline,5547136.095,KRA CRSP July 2025,2026-05-20T12:50:34.557157
Toyota,Estima Aeras Smart,DBA-ACR50W-GFXVK,Cvt,AWD,2362.0,Minivan,2165,7,Gasoline,5702327.633621249,KRA CRSP July 2025,2026-05-20T12:50:34.557157
Toyota,Estima Aeras Smart,DBA-ACR50W-GFXVK,Cvt,2WD,2362.0,Minivan,2165,7,Gasoline,5684321.172009374,KRA CRSP July 2025,2026-05-20T12:50:34.557157
Toyota,Estima Hybrid Aeras,DAA-AHR20W-GFSB,Cvt,4WD,2362.0,Minivan,2405,7,Gasoline,7546969.479374999,KRA CRSP July 2025,2026-05-20T12:50:34.557157
Toyota,Estima Hybrid Aeras Premium G,DAA-AHR20W-GFXB,Cvt,AWD,2362.0,Minivan,2375,7,Gasoline,7996001.795178749,KRA CRSP July 2025,2026-05-20T12:50:34.557157
Toyota,Estima Hybrid Aeras Premium G,DAA-AHR20W-GFXZB,Cvt,4WD,2362.0,Minivan,2375,7,Gasoline,7970750.766028125,KRA CRSP July 2025,2026-05-20T12:50:34.557157
Toyota,Fj Cruiser,CBA-GSJ15W-GKASK-A,5At,AWD,3994.0,Suv,2215,5,Gasoline,5857060.233734664,KRA CRSP July 2025,2026-05-20T12:50:34.557157
Toyota,Fortuner 1Gd-E4,GUN156R-SNFSXN,Mt,4WD,2800.0,S/Wagon,,,Diesel,7529000.0,KRA CRSP July 2025,2026-05-20T12:50:34.557157
Toyota,Fortuner Executive Tmt -E4,GUN156R-SDTHX,6At,4WD,2800.0,S/Wagon,,,Diesel,7592000.0,KRA CRSP July 2025,2026-05-20T12:50:34.557157
Toyota,Fortuner Gd- Executive Plus Euro 4,GUN156R-SJTSXJ,6At,4WD,2800.0,S/Wagon,,,Diesel,7592000.0,KRA CRSP July 2025,2026-05-20T12:50:34.557157
Toyota,Gr Corolla Rz,4BA-GZEA14H-BHFRZ,Mt,4WD,1618.0,Hatchback,1745,5,Gasoline,9169541.71875,KRA CRSP July 2025,2026-05-20T12:50:34.557157
Toyota,Gr Rz,3BA-ZN8-C2E8,6Mt,2WD,2387.0,Hatchback,1490,4,Gasoline,6071109.9075,KRA CRSP July 2025,2026-05-20T12:50:34.557157
Toyota,Gr Rz,3BA-ZN8-B2E8,6Mt,2WD,2387.0,Hatchback,1490,4,Gasoline,5849294.326874999,KRA CRSP July 2025,2026-05-20T12:50:34.557157
Toyota,Gr Supra,3BA-DB02-ZURW,Cvt,2WD,2997.0,Hatchback,1640,5,Gasoline,12772734.969375,KRA CRSP July 2025,2026-05-20T12:50:34.557157
Toyota,Gr Yaris Rz,4BA-GXPA16-AGFGZ(H),Mt,4WD,1618.0,Hatchback,1500,4,Gasoline,7964401.949999999,KRA CRSP July 2025,2026-05-20T12:50:34.557157
Toyota,Gr Yaris Rz,4BA-GXPA16-AGFG(H),6Mt,2WD,1618.0,Hatchback,1500,4,Gasoline,7645825.8719999995,KRA CRSP July 2025,2026-05-20T12:50:34.557157
Toyota,Gr Yaris Rz,4BA-GXPA16-AGFGZ(H),5Mt,2WD,1618.0,Hatchback,1500,4,Gasoline,7240366.202990624,KRA CRSP July 2025,2026-05-20T12:50:34.557157
Toyota,Gr Yaris Rz High Performance,4BA-GXPA16-AGFGZ(H),Cvt,2WD,1618.0,Hatchback,1500,5,Gasoline,7964401.949999999,KRA CRSP July 2025,2026-05-20T12:50:34.557157
Toyota,Gr86 Rz,3BA-ZN8-A2E8,Cvt,2WD,2387.0,Coupe,1490,5,Gasoline,5849294.326874999,KRA CRSP July 2025,2026-05-20T12:50:34.557157
Toyota,Granace,3DA-GDH303W-RDTDJY,5At,2WD,2754.0,Minivan,3210,5,Diesel,16033598.662500001,KRA CRSP July 2025,2026-05-20T12:50:34.557157
Toyota,Granace Premium,3DA-GDH303W-RDTJY,Cvt,2WD,2754.0,Minivan,3070,6,Diesel,12260987.2125,KRA CRSP July 2025,2026-05-20T12:50:34.557157
Toyota,Granace Premium,3DA-GDH303W-RDTJY,6At,2WD,2754.0,Minivan,3070,6,Diesel,12677860.777725,KRA CRSP July 2025,2026-05-20T12:50:34.557157
Toyota,Harrier,DBA-ASU60W-ANTST(S),6At,2WD,1998.0,Suv,1975,5,Gasoline,7084125.944999999,KRA CRSP July 2025,2026-05-20T12:50:34.557157
Toyota,Harrier Phev Z (Plug-In-Hybrid),6LA-AXUP85-ANKSB,Cvt,4WD,2487.0,Suv,2225,5,Gasoline,10828792.125,KRA CRSP July 2025,2026-05-20T12:50:34.557157
Toyota,Harrier Phev Z (Plug-In-Hybrid),6LA-AXUP85-ANXSB,Cvt,2WD,2487.0,Suv,2225,5,Gasoline,10828792.125,KRA CRSP July 2025,2026-05-20T12:50:34.557157
Toyota,Harrier Progress,DBA-ASU60W-ANTST(S),6At,2WD,1996.0,Suv,1975,5,Gasoline,7106566.626390936,KRA CRSP July 2025,2026-05-20T12:50:34.557157
Toyota,Harrier Z,6AA-AXUH80-ANXSB(S),Cvt,2WD,2487.0,Suv,1965,5,Gasoline,8607143.16,KRA CRSP July 2025,2026-05-20T12:50:34.557157
Toyota,"Harrier Z ""Leather Package"" Hybrid",6AA-AXHU80-ANXSB(S),Cvt,2WD,2487.0,Suv,1965,5,Gasoline,8418512.5875,KRA CRSP July 2025,2026-05-20T12:50:34.557157
Toyota,Harrier Z Leather Package,6AA-AXUH80-ANXSB(S),6At,2WD,2487.0,Suv,1965,5,Gasoline,8607143.16,KRA CRSP July 2025,2026-05-20T12:50:34.557157
Toyota,Hiace Commuter Gl,3BF-TRH223B-LETNK,6At,2WD,2693.0,Van,2860,14,Gasoline,5193691.306357499,KRA CRSP July 2025,2026-05-20T12:50:34.557157
Toyota,Hiace Commuter Gl,CBF-TRH223B-LETNK,6At,2WD,2693.0,Van,2860,14,Diesel,5162888.632499999,KRA CRSP July 2025,2026-05-20T12:50:34.557157
Toyota,Hiace Commuter Gl,CBF-TRH223B-LETNK,6At,2WD,2693.0,Van,2860,14,Gasoline,5162888.632499999,KRA CRSP July 2025,2026-05-20T12:50:34.557157
Toyota,Hiace Dx,3BF-TRH200K-VTZYF,Cvt,2WD,1998.0,Van,2670,10,Gasoline,6570631.608749999,KRA CRSP July 2025,2026-05-20T12:50:34.557157
Toyota,Hiace Dx,CBF-TRH200K-VTZYF,Cvt,2WD,1998.0,Van,2670,10,Gasoline,6532206.8625,KRA CRSP July 2025,2026-05-20T12:50:34.557157
Toyota,Hiace Fine Tech Tourer,CBA-TRH224W-VTNGTQ,6At,2WD,2693.0,Van,2820,10,Gasoline,7814196.123749999,KRA CRSP July 2025,2026-05-20T12:50:34.557157
Toyota,Hiace Fine Tech Tourer,CBA-TRH224W-VTNGTQ,6At,2WD,2693.0,Van,2820,10,Diesel,7814196.123749999,KRA CRSP July 2025,2026-05-20T12:50:34.557157
Toyota,Hiace Fine Tech Tourer,3BA-TRH224W-VTNGTQ,6At,4WD,2693.0,Van,2820,10,Gasoline,8842407.4018125,KRA CRSP July 2025,2026-05-20T12:50:34.557157
Toyota,Hiace Fine Tech Tower,3BA-TRH224W-VTNGTQ,6At,2WD,2270.0,Van,2820,10,Gasoline,8773068.200624999,KRA CRSP July 2025,2026-05-20T12:50:34.557157
Toyota,Hiace Low Temp Refrigerating    Van,3DF-GDH201V-VTBTTB,6At,2WD,2754.0,Van,3235,3,Diesel,8856904.010625,KRA CRSP July 2025,2026-05-20T12:50:34.557157
Toyota,Hiace Low Temperature Refrigerating Van,3DF-GDH201V-VTBTTB,6At,2WD,2754.0,Van,3265,3,Gasoline,8951044.6389375,KRA CRSP July 2025,2026-05-20T12:50:34.557157
Toyota,Hiace School Bus,3BA-TRH219W-VTNHTD,6At,4WD,2693.0,Bus,2580,14,Gasoline,6692193.533249999,KRA CRSP July 2025,2026-05-20T12:50:34.557157
Toyota,Hiace School Bus,3BA-TRH219W-VTNHTD,6At,4WD,2693.0,Van,2580,14,Gasoline,5933606.953044374,KRA CRSP July 2025,2026-05-20T12:50:34.557157
Toyota,Hiace School Bus,CBA-TRH219W-VTNHTD,6At,AWD,2693.0,Van,2580,14,Diesel,5861520.382499999,KRA CRSP July 2025,2026-05-20T12:50:34.557157
Toyota,Hiace Van,3BF-TRH200K-VTASTL,Cvt/6At,2WD,1998.0,Van,3185,6,Gasoline,5380512.422625,KRA CRSP July 2025,2026-05-20T12:50:34.557157
Toyota,Hiace Van,3DF-GDH201V-VTBTTB,6At,2WD,2754.0,Van,3265,3,Gasoline,9049027.741875,KRA CRSP July 2025,2026-05-20T12:50:34.557157
Toyota,Hiace Van,3DF-GDH211K-KRTEY,Cvt,2WD,2754.0,Van,3150,5,Gasoline,6793495.137,KRA CRSP July 2025,2026-05-20T12:50:34.557157
Toyota,Hiace Van,QDF-KDH201C-SRPEY,4At,2WD,2982.0,Van,3030,2,Gasoline,5467624.815532499,KRA CRSP July 2025,2026-05-20T12:50:34.557157
Toyota,Hiace Van,CBF-TRH200K-VTASTL,6At,2WD,1998.0,Van,3040,6,Gasoline,4645901.1375,KRA CRSP July 2025,2026-05-20T12:50:34.557157
Toyota,Hiace Van,QDF-QDH201V-SRTEY,6At,2WD,2754.0,Van,3105,5,Diesel,5761965.358124999,KRA CRSP July 2025,2026-05-20T12:50:34.557157
Toyota,Hiace Van Gl,3DF-GDH211K-KRTEY,6At,2WD,2754.0,Van,315,5,Diesel,6687827.0848125,KRA CRSP July 2025,2026-05-20T12:50:34.557157
Toyota,Hiace Van Gl,QDF-GDH201V-SRTEY,6At,2WD,2754.0,Van,3040,5,Diesel,5761965.358124999,KRA CRSP July 2025,2026-05-20T12:50:34.557157
Toyota,Hiace Van Moderate Temperature Refrigerating Van,3BF-TRH200V-VTBPTK,6At,2WD,1998.0,Van,2985,3,Gasoline,5785940.653205624,KRA CRSP July 2025,2026-05-20T12:50:34.557157
Toyota,Hiace Van Van With Lift,3BF-TRH200K-VTASTL,6At,2WD,1998.0,Van,3185,6,Gasoline,5330560.252499999,KRA CRSP July 2025,2026-05-20T12:50:34.557157
Toyota,Hiace Wagon,3BA-TRH224-LDTNK,Cvt,2WD,2693.0,Van,2590,10,Gasoline,6513169.1473125,KRA CRSP July 2025,2026-05-20T12:50:34.557157
Toyota,Hiace Wagon,CBA-TRH224W-LDTNK,6At,2WD,2693.0,Van,2590,10,Gasoline,5831828.533125,KRA CRSP July 2025,2026-05-20T12:50:34.557157
Toyota,Hiace Wagon Grand Cabin,3BA--TRH224W-LDTNK,6At,2WD,2693.0,Van,2590,10,Gasoline,6513169.1473125,KRA CRSP July 2025,2026-05-20T12:50:34.557157
Toyota,Hiace Wagon Grand Cabin,3BA-TRH224W-LDTNK,Cvt,2WD,2693.0,Van,2590,5,Gasoline,6463216.977187499,KRA CRSP July 2025,2026-05-20T12:50:34.557157
Toyota,Hiace Wagon Grand Cabin,CBA-TRH224W-LDTNK,Cvt,AWD,2693.0,Van,2590,10,Gasoline,5713478.080678124,KRA CRSP July 2025,2026-05-20T12:50:34.557157
Toyota,Hiace Wagon Grand Cabin,CBA-TRH224W-LDTNK,6At,2WD,2693.0,Van,2590,10,Gasoline,5831828.533125,KRA CRSP July 2025,2026-05-20T12:50:34.557157
Toyota,Hiace Welcab Dx,3BF-TRH200K-VTZYF,6At,2WD,1998.0,Van,2670,5,Gasoline,6616042.672499999,KRA CRSP July 2025,2026-05-20T12:50:34.557157
Toyota,Hiace Welcab Dx,3BF-TRH200K-VTZYBUW,Cvt,2WD,1998.0,Van,2690,10,Gasoline,7171454.913749999,KRA CRSP July 2025,2026-05-20T12:50:34.557157
Toyota,Hilux 2Gd 4 S/Cab  Std-E4 (Vehicle Stability Control; Airbags;  With Air Conditioner),GUN125R-BJFSXJ,Mt,4WD,2400.0,S/Cab,,,Diesel,4462500.0,KRA CRSP July 2025,2026-05-20T12:50:34.557157
Toyota,Hilux 2Gd D/Cab Basic-E4 ( Without Central Locking),GUN125R-DJFLXJ,Mt,4WD,2400.0,D/Cab,,,Diesel,4462500.0,KRA CRSP July 2025,2026-05-20T12:50:34.557157
Toyota,Hilux 2Gd D/Cab -E4 (Fabric Seats),GUN126R-DJFHXJ,Mt,4WD,2800.0,D/Cab,,,Diesel,6589000.0,KRA CRSP July 2025,2026-05-20T12:50:34.557157
Toyota,Hilux 2Gd D/Cab -E4 (Leather Seats),GUN126R-DJTHXJ,At,4WD,2800.0,D/Cab,,,Diesel,6951000.0,KRA CRSP July 2025,2026-05-20T12:50:34.557157
Toyota,Hilux 2Gd D/Cab Std-E4 (Includes Central Locking),GUN125R-DJFLXJ,Mt,4WD,2400.0,D/Cab,,,Diesel,5712000.0,KRA CRSP July 2025,2026-05-20T12:50:34.557157
Toyota,Hilux 2Gd S/Cab -E4 (With Diff Lock;  With Air Conditioner; Driver & Passanger Airbags),GUN135R-BJFLXJ,Mt,2WD,2400.0,S/Cab,,,Diesel,3400000.0,KRA CRSP July 2025,2026-05-20T12:50:34.557157
Toyota,Hilux D/C Gd-6 Comfort Plus Tmt-E4*,GUN125R-DTFSX,6Mt,4WD,2400.0,D/Cab,,,Diesel,5240000.0,KRA CRSP July 2025,2026-05-20T12:50:34.557157
Toyota,Hilux D/C Gd-6 Country Tmt - E4,GUN125R-DTFLX,6Mt,4WD,2400.0,D/Cab,,,Diesel,4823838.5,KRA CRSP July 2025,2026-05-20T12:50:34.557157
Toyota,Hilux D/Cab Deluxe 2Gd  - E0,GUN125R-DNFSXN,Mt,4WD,2400.0,D/Cab,,,Diesel,5240000.0,KRA CRSP July 2025,2026-05-20T12:50:34.557157
Toyota,Hilux D/Cab Deluxe 2Gd - E4,GUN125R-DNTSXN,At,4WD,2400.0,D/Cab,,,Diesel,5712000.0,KRA CRSP July 2025,2026-05-20T12:50:34.557157
Toyota,Hilux Z,3DF-GUN125-DTTHX,10At,4WD,2393.0,D/Cab,2875,5,Diesel,7112071.215,KRA CRSP July 2025,2026-05-20T12:50:34.557157
Toyota,Hilux Z,3DF-GUN125-DTTHX,6At/Cvt,4WD,2393.0,D/Cab,2875,5,Diesel,6780221.133749999,KRA CRSP July 2025,2026-05-20T12:50:34.557157
Toyota,Hilux Z,QDF-GUN125-DTTHH,6At,4WD,2393.0,D/Cab,2855,5,Diesel,6074603.06625,KRA CRSP July 2025,2026-05-20T12:50:34.557157
Toyota,Hilux Z,GDF-GUN125-DTTHH,6At,AWD,2393.0,D/Cab,2855,5,Diesel,6071068.3957762495,KRA CRSP July 2025,2026-05-20T12:50:34.557157
Toyota,Hilux Z,QDF-GUN125-DTTHH,6At,4WD,2393.0,D/Cab,2855,5,Diesel,6536049.337125,KRA CRSP July 2025,2026-05-20T12:50:34.557157
Toyota,Hybrid F / Vitz Hybrid F,DAA-NHP130-VTPBXN,Cvt,2WD,1496.0,Hatchback,1160,5,Gasoline,3451520.6486406,KRA CRSP July 2025,2026-05-20T12:50:34.557157
Toyota,"Isis Platana ""V-Selection"" 2.0L",DBA-ZGM11W-AWXSP(U),Cvt,2WD,1986.0,Van,1855,7,Gasoline,4071270.7350421865,KRA CRSP July 2025,2026-05-20T12:50:34.557157
Toyota,Jpn Taxi,DAA-NTP10-AHXGN(K),Cvt,2WD,1496.0,Van,1685,5,Gasoline,5432560.488000001,KRA CRSP July 2025,2026-05-20T12:50:34.557157
Toyota,Jpn Taxi,DAA-NTP10-AHXGN,Cvt,2WD,1496.0,Van,1685,5,Gasoline,5432560.488000001,KRA CRSP July 2025,2026-05-20T12:50:34.557157
Toyota,Jpn Taxi,6AA-NTP10-AHXGN(K),Cvt,2WD,1496.0,Van,1685,5,Gasoline,5975816.536800001,KRA CRSP July 2025,2026-05-20T12:50:34.557157
Toyota,Jpn Taxi Takumi,6AA-NTP10-AHXGN,Cvt,2WD,1496.0,Van,1685,5,Gasoline,5975816.536800001,KRA CRSP July 2025,2026-05-20T12:50:34.557157
Toyota,Jpn Taxi Takumi,DAA-NTP10-AHXGN,Cvt,2WD,1496.0,Van,1685,5,Gasoline,5449769.445222,KRA CRSP July 2025,2026-05-20T12:50:34.557157
Toyota,Land Cruiser 200 Vxr 1Vd,VDJ200R-GNTVZ,At,4WD,4500.0,S/Wagon,,,Diesel,20160000.0,KRA CRSP July 2025,2026-05-20T12:50:34.557157
Toyota,Land Cruiser Prado Tz-G,3DA-GDJ151W-GKTZY,6At/Cvt,4WD,2754.0,Suv,2715,7,Diesel,9681289.475624999,KRA CRSP July 2025,2026-05-20T12:50:34.557157
Toyota,Land Cruiser Prado Tz-G,LDA-GDJ151W-GKTZY,6At,4WD,2754.0,Suv,2715,7,Diesel,9367394.230349999,KRA CRSP July 2025,2026-05-20T12:50:34.557157
Toyota,Land Cruiser Prado Tz-G,LDA-GDJ151W-GKTZY,6At,AWD,2754.0,Suv,2705,7,Diesel,9397067.727643764,KRA CRSP July 2025,2026-05-20T12:50:34.557157
Toyota,Land Cruiser Zx,3BA-VJA300W-GNUZZ,5Mt,4WD,3444.0,Suv,2885,7,Gasoline,13770031.792499999,KRA CRSP July 2025,2026-05-20T12:50:34.557157
Toyota,Land Cruiser Zx,3BA-VJA300W-GNUZZ,10At,4WD,3444.0,Suv,2885,7,Gasoline,13770031.792499999,KRA CRSP July 2025,2026-05-20T12:50:34.557157
Toyota,Land Cruiser Zx,3BA-VJA300W-GNUZZ,Cvt,4WD,3444.0,Suv,2885,5,Gasoline,13770031.792499999,KRA CRSP July 2025,2026-05-20T12:50:34.557157
Toyota,Land Cruiser Zx,3BA-URJ202W-GNTVK,6At,4WD,4608.0,Suv,3130,8,Gasoline,11959178.296500001,KRA CRSP July 2025,2026-05-20T12:50:34.557157
Toyota,Land Cruiser Zx,CBA-URJ202W-GNYVK,6At,4WD,4608.0,Suv,3130,8,Gasoline,11959178.296500001,KRA CRSP July 2025,2026-05-20T12:50:34.557157
Toyota,Land Cruiser Zx,CBA-URJ202W-GNTVK,6At,AWD,4608.0,Suv,3130,8,Gasoline,11978139.090707099,KRA CRSP July 2025,2026-05-20T12:50:34.557157
Toyota,Landcruiser 79Vd Single Cabin E4,VDJ79R-TJMNYJ,Mt,4WD,4500.0,S/Cab,,,Diesel,6439507.503,KRA CRSP July 2025,2026-05-20T12:50:34.557157
Toyota,Landcruiser Hardtop Lx,VDJ76R-RKMNY,5Mt,4WD,4500.0,S/Wagon,,,Diesel,11519792.2,KRA CRSP July 2025,2026-05-20T12:50:34.557157
Toyota,Lite Ace Dx,DBF-S412-ZMRFJD,5Mt,4WD,1495.0,Van,2090,2,Gasoline,2877855.3238968,KRA CRSP July 2025,2026-05-20T12:50:34.557157
Toyota,Lite Ace Truck Dx,DBF-S402U-TQRFJD,4At,2WD,1495.0,Truck,2050,2,Diesel,2369199.9906,KRA CRSP July 2025,2026-05-20T12:50:34.557157
Toyota,Lite Ace Van,DBF-S412M-ZMRFJD,5Mt,2WD,1495.0,Van,2055,5,Gasoline,2895688.8774,KRA CRSP July 2025,2026-05-20T12:50:34.557157
Toyota,Lite Ace Van Gl,DBF-S412M-ZMRFJD,5Mt,4WD,1495.0,Van,2090,5,Diesel,2895688.8774,KRA CRSP July 2025,2026-05-20T12:50:34.557157
Toyota,Mark X,DBA-GRX133-AETTH,6At,2WD,3456.0,Sedan,1835,5,Gasoline,6724679.909625,KRA CRSP July 2025,2026-05-20T12:50:34.557157
Toyota,Mark X 350Rds,DBA-GRX133-AETTH,5Mt,AWD,3456.0,Sedan,1835,5,Gasoline,6745981.960177424,KRA CRSP July 2025,2026-05-20T12:50:34.557157
Toyota,Mark X 350Rds,DBA-GR133-AETTH,6At,2WD,3456.0,Sedan,1835,5,Gasoline,6724679.909625,KRA CRSP July 2025,2026-05-20T12:50:34.557157
Toyota,Mirai,ZBA-JPD10-CEDSS,Cvt,2WD,0.0,Sedan,2070,5,Electric,10353163.629600003,KRA CRSP July 2025,2026-05-20T12:50:34.557157
Toyota,Mirai,ZBA-JPD10-CEDSS,Cvt,AWD,3456.0,Sedan,2070,4,Gasoline,12678283.068935737,KRA CRSP July 2025,2026-05-20T12:50:34.557157
Toyota,Mirai,ZBA-JPD10-CEDSS,Cvt,2WD,0.0,Sedan,2070,4,Electric,10297831.995000003,KRA CRSP July 2025,2026-05-20T12:50:34.557157
Toyota,Mirai Z,ZBA-JPD20-CEDHS,Cvt,4WD,2487.0,Sedan,2205,5,Gasoline,13797977.0625,KRA CRSP July 2025,2026-05-20T12:50:34.557157
Toyota,Mirai Z,ZBA-JPD20-CEDHS,Cvt,2WD,0.0,Sedan,1645,5,Electric,12329732.576700004,KRA CRSP July 2025,2026-05-20T12:50:34.557157
Toyota,"Mirai Z ""Advanced Drive""",ZBA-JPD20-CEDHS(T),Cvt,2WD,0.0,Sedan,2245,5,Electric,12987564.232500002,KRA CRSP July 2025,2026-05-20T12:50:34.557157
Toyota,Noah Crown Z,ZBA-KZSM30-CEDGS,Cvt,2WD,0.0,Van,1645,5,Electric,12757015.755000003,KRA CRSP July 2025,2026-05-20T12:50:34.557157
Toyota,Noah G (Hybrid),6AA-ZWR92W-APXGB,Cvt,2WD,1797.0,Van,2055,7,Gasoline,6048404.375624999,KRA CRSP July 2025,2026-05-20T12:50:34.557157
Toyota,Noah Hybrid Si,6AA-ZWR80W-APXSB,Cvt,2WD,1797.0,Van,2005,5,Gasoline,5846325.141937499,KRA CRSP July 2025,2026-05-20T12:50:34.557157
Toyota,Noah Hybrid Si,DAA-ZWR80W-APXSB,Cvt,2WD,1797.0,Van,2005,7,Gasoline,5314841.038125,KRA CRSP July 2025,2026-05-20T12:50:34.557157
Toyota,Noah S-Z (Hybrid),6AA-ZWR90W-APXRB,Cvt,2WD,1797.0,Van,2055,7,Gasoline,6409946.306249999,KRA CRSP July 2025,2026-05-20T12:50:34.557157
Toyota,Noah Welcab G Hybrid,6AA-ZWR92W-APXGB,Cvt,2WD,1797.0,Van,2055,5,Gasoline,6048404.375624999,KRA CRSP July 2025,2026-05-20T12:50:34.557157
Toyota,Noah Welcab S-G Hybrid,6AA-ZWR90W-APXSB-W,Cvt,2WD,1797.0,Van,2065,5,Gasoline,5976794.621249999,KRA CRSP July 2025,2026-05-20T12:50:34.557157
Toyota,Noah Welcab X,6BA-MZRAW-VTRGAB,Cvt,2WD,1986.0,Van,2025,7,Gasoline,5023162.2825,KRA CRSP July 2025,2026-05-20T12:50:34.557157
Toyota,Noah X,DBA-ZRR80G-VTRFAE,Cvt,2WD,1986.0,Van,2025,8,Gasoline,4665874.491196875,KRA CRSP July 2025,2026-05-20T12:50:34.557157
Toyota,Noah X,3BA-ZRR80G-VTRFAE,Cvt,2WD,1986.0,Van,2025,7,Gasoline,4721004.050625,KRA CRSP July 2025,2026-05-20T12:50:34.557157
Toyota,Passo Moda,5BA-M700A-GBSE(G),Cvt,2WD,996.0,Hatchback,1185,5,Gasoline,2632444.434,KRA CRSP July 2025,2026-05-20T12:50:34.557157
Toyota,Passo Moda G,5BA-M700A-GBSE(G),8At,2WD,996.0,Hatchback,1185,5,Gasoline,2632444.434,KRA CRSP July 2025,2026-05-20T12:50:34.557157
Toyota,Passo Moda G,5BA-M700A-GBSE(G),Cvt,2WD,998.0,Hatchback,1185,5,Gasoline,2632444.434,KRA CRSP July 2025,2026-05-20T12:50:34.557157
Toyota,Passo X G Package,DBA-M700A-GBNE(G),Cvt,2WD,996.0,Hatchback,1185,5,Gasoline,2253916.9978317,KRA CRSP July 2025,2026-05-20T12:50:34.557157
Toyota,Pixis Epoch G,5BA-LA350A-GBPF,Cvt,2WD,658.0,Hatchback,890,5,Gasoline,2065714.3584000003,KRA CRSP July 2025,2026-05-20T12:50:34.557157
Toyota,Pixis Epoch G,DBA-LA350A-GBPF,Cvt,2WD,658.0,Hatchback,890,4,Gasoline,1877922.144,KRA CRSP July 2025,2026-05-20T12:50:34.557157
Toyota,"Pixis Epoch G""Sa ""Iii",5BA-LA350A-GBPF,Cvt,2WD,658.0,Hatchback,890,4,Gasoline,2065714.3584000003,KRA CRSP July 2025,2026-05-20T12:50:34.557157
Toyota,"Pixis Epoch G""Sa ""Iii",DBA-LA350-GBPF,Cvt,2WD,658.0,Hatchback,890,4,Gasoline,1883870.9186139002,KRA CRSP July 2025,2026-05-20T12:50:34.557157
Toyota,Pixis G,5BA-LA350A-GBPF,Cvt,2WD,658.0,Hatchback,890,4,Gasoline,1877922.144,KRA CRSP July 2025,2026-05-20T12:50:34.557157
Toyota,Pixis G Turbo,3BA-LA250A-GBVZ,Cvt,2WD,658.0,Hatchback,1060,4,Gasoline,2355786.261,KRA CRSP July 2025,2026-05-20T12:50:34.557157
Toyota,"Pixis Joy  F G Turbo ""Sa Iii""",3BA-LA20A-GBVZ,Cvt,2WD,658.0,Hatchback,1069,5,Gasoline,2590526.5289999996,KRA CRSP July 2025,2026-05-20T12:50:34.557157
Toyota,Pixis Joy C G,DBA-LA250A-GBGZ,Cvt,2WD,658.0,Hatchback,1060,4,Gasoline,2355786.261,KRA CRSP July 2025,2026-05-20T12:50:34.557157
Toyota,"Pixis Joy C G Turbo""Sa Iii""",DBA-LA250A-GBGZ,Cvt,2WD,658.0,Hatchback,1060,4,Gasoline,2363248.7788986005,KRA CRSP July 2025,2026-05-20T12:50:34.557157
Toyota,Pixis Joy F G,3BA-LA250A-GBVZ(P),Cvt,2WD,658.0,Hatchback,1060,5,Gasoline,2702028.1563000004,KRA CRSP July 2025,2026-05-20T12:50:34.557157
Toyota,Pixis Joy F G,DBA-LA250A-GBGZ,Cvt,2WD,658.0,Hatchback,1060,4,Gasoline,2355786.261,KRA CRSP July 2025,2026-05-20T12:50:34.557157
Toyota,Pixis Mega G,DBA-LA700A-GBVZ,Cvt,2WD,658.0,Hatchback,1240,4,Gasoline,2598910.11,KRA CRSP July 2025,2026-05-20T12:50:34.557157
Toyota,Pixis Mega G Turbo,3BA-LA700A-GBVZ,Cvt,2WD,658.0,Hatchback,1240,4,Gasoline,2598910.11,KRA CRSP July 2025,2026-05-20T12:50:34.557157
Toyota,"Pixis Mega G Turbo ""Sa Ii""",DBA-LA700A-GBVZ,Cvt,2WD,658.0,Hatchback,1240,4,Gasoline,2607142.7865420002,KRA CRSP July 2025,2026-05-20T12:50:34.557157
Toyota,"Pixis Mega Turbo ""Sa Iii""",3BA-LA700A-GBVZ,Cvt,2WD,658.0,Hatchback,1240,5,Gasoline,2858801.121,KRA CRSP July 2025,2026-05-20T12:50:34.557157
Toyota,Pixis Truck Extra,EBD-S510U-TMNF,5Mt,4WD,658.0,Truck,1270,2,Diesel,1827620.658,KRA CRSP July 2025,2026-05-20T12:50:34.557157
Toyota,Pixis Truck Extra,EBD-S510U-TMNF,5Mt,4WD,658.0,Truck,1270,2,Gasoline,1827620.658,KRA CRSP July 2025,2026-05-20T12:50:34.557157
Toyota,Pixis Truck Extra,3BD-S510U-TBNF,Cvt,4WD,658.0,Truck,1320,2,Gasoline,2250153.1404,KRA CRSP July 2025,2026-05-20T12:50:34.557157
Toyota,Pixis Truck Extra,3BD-S510U-TMNF,5Mt,4WD,658.0,Truck,1270,2,Gasoline,2038048.5411000003,KRA CRSP July 2025,2026-05-20T12:50:34.557157
Toyota,Pixis Van,3BD-S321M-ZQGZ,Cvt,2WD,658.0,Van,1270,4,Gasoline,2129429.574,KRA CRSP July 2025,2026-05-20T12:50:34.557157
Toyota,Pixis Van,EBD-S321M-ZQGZ,4At,2WD,658.0,Van,1270,4,Diesel,2112662.412,KRA CRSP July 2025,2026-05-20T12:50:34.557157
Toyota,Pixis Van,3BDS700M-ZBGZ,Cvt,2WD,658.0,Van,1410,4,Gasoline,2434591.9224,KRA CRSP July 2025,2026-05-20T12:50:34.557157
Toyota,Pixis Van,EBD-NCP160V-FXXRK,4At,2WD,658.0,Van,1270,4,Gasoline,2112662.412,KRA CRSP July 2025,2026-05-20T12:50:34.557157
Toyota,Porte F,5BA-NSP141-VQQKFA,Cvt,2WD,1496.0,Van,1495,5,Gasoline,3370199.562,KRA CRSP July 2025,2026-05-20T12:50:34.557157
Toyota,Porte F,DBA-NSP141-VQQKFA,Cvt,2WD,1496.0,Van,1495,5,Gasoline,3439396.03109625,KRA CRSP July 2025,2026-05-20T12:50:34.557157
Toyota,Porte G,5BA-NSP141-AEXGB,Cvt,2WD,1496.0,Van,1445,5,Gasoline,3070067.3622000003,KRA CRSP July 2025,2026-05-20T12:50:34.557157
Toyota,Porte G,DBA-NSP141-AEXGB,Cvt,2WD,1496.0,Van,1445,5,Gasoline,3070067.3622000003,KRA CRSP July 2025,2026-05-20T12:50:34.557157
Toyota,Prado Tx-L - E4,GDJ150R-GKFEY,6Mt,4WD,2800.0,S/Wagon,,,Diesel,9095658.6984,KRA CRSP July 2025,2026-05-20T12:50:34.557157
Toyota,Premio 1.5F Ex,3BA-NZT260-AEXEK(X),Cvt,2WD,1496.0,Sedan,1475,5,Gasoline,3580551.9928710004,KRA CRSP July 2025,2026-05-20T12:50:34.557157
Toyota,Premio 2.0G,DBA-ZRT261-AEXGP,Cvt,2WD,1986.0,Sedan,1545,5,Gasoline,4344219.721794374,KRA CRSP July 2025,2026-05-20T12:50:34.557157
Toyota,Premio 2.0G Eex,DBA-ZRT261-AEXGP(X),Cvt,2WD,1986.0,Sedan,1545,5,Gasoline,4344219.721794374,KRA CRSP July 2025,2026-05-20T12:50:34.557157
Toyota,"Premio 2.0G Ex Package""",DBA-ZRT261-AEXGP(X),Cvt,2WD,1986.0,Sedan,1545,5,Gasoline,4357981.1019262485,KRA CRSP July 2025,2026-05-20T12:50:34.557157
Toyota,Prius,6AA-ZVW51-AHXHB(T),Cvt,2WD,1797.0,Hatchback,1655,5,Gasoline,6011726.208749999,KRA CRSP July 2025,2026-05-20T12:50:34.557157
Toyota,Prius A Phv,DLA-ZVW52-AHXHB,Cvt,2WD,1797.0,Hatchback,1770,5,Gasoline,6850758.264989062,KRA CRSP July 2025,2026-05-20T12:50:34.557157
Toyota,Prius A Premium,DAA-ZVW51-AHXHB(T),Cvt,2WD,1797.0,Hatchback,1665,4,Gasoline,5311347.879375,KRA CRSP July 2025,2026-05-20T12:50:34.557157
Toyota,Prius A Prmium Tourinf Selection,6A-ZVW51-AHZHB(T),Cvt,2WD,1797.0,Hatchback,1655,5,Gasoline,5333417.6563575,KRA CRSP July 2025,2026-05-20T12:50:34.557157
Toyota,Prius A S,DAA-ZVW41W-VTPBXE,Cvt,2WD,1797.0,Hatchback,1795,5,Gasoline,4879632.166948125,KRA CRSP July 2025,2026-05-20T12:50:34.557157
Toyota,Prius G,DAA-ZVW41W-AXXGB(T),Cvt,2WD,1787.0,Hatchback,1745,5,Gasoline,5271176.55375,KRA CRSP July 2025,2026-05-20T12:50:34.557157
Toyota,Prius Phev A Premium,6LA-ZVW52-AHXHB,Cvt,2WD,1797.0,Hatchback,1805,5,Gasoline,7003783.293749999,KRA CRSP July 2025,2026-05-20T12:50:34.557157
Toyota,Prius Phv,DLA-ZVW52-AHXHB(N),Cvt,2WD,1797.0,Hatchback,1805,5,Gasoline,6898988.53125,KRA CRSP July 2025,2026-05-20T12:50:34.557157
Toyota,Prius Phv A Premium,DLA-ZVW52-AHXHB,Cvt,2WD,1797.0,Hatchback,1750,5,Gasoline,6829125.356249999,KRA CRSP July 2025,2026-05-20T12:50:34.557157
Toyota,Prius Phv A Premium Navi Package,6LA-ZVW52-AHXHB(N),Cvt,2WD,1797.0,Hatchback,1805,5,Gasoline,6973614.6282056235,KRA CRSP July 2025,2026-05-20T12:50:34.557157
Toyota,"Prius Phv S ""Navi Package""",DLA-ZVW52-VTQJXN,Cvt,2WD,1797.0,Hatchback,1760,4,Gasoline,6219997.9193025,KRA CRSP July 2025,2026-05-20T12:50:34.557157
Toyota,Prius Phv S Navi,DLA-ZVW52-VTQJXN,Cvt,2WD,1797.0,Hatchback,1760,4,Gasoline,6200356.78125,KRA CRSP July 2025,2026-05-20T12:50:34.557157
Toyota,Prius S,DAA-ZVW51-VTUQXE,Cvt,2WD,1797.0,Hatchback,1715,5,Gasoline,5747992.723125,KRA CRSP July 2025,2026-05-20T12:50:34.557157
Toyota,Prius S,DAA-ZVW50-VTUQXE,Cvt,2WD,1797.0,Hatchback,1725,5,Gasoline,5608266.373125,KRA CRSP July 2025,2026-05-20T12:50:34.557157
Toyota,Prius S,6AA-ZVW51-VTUQXE,Cvt,2WD,1797.0,Hatchback,1715,5,Gasoline,5934876.71625,KRA CRSP July 2025,2026-05-20T12:50:34.557157
Toyota,Prius S  Saftey Package,DLA-ZVW52-VTQJXS,Cvt,2WD,1797.0,Hatchback,1815,5,Gasoline,5596040.3175,KRA CRSP July 2025,2026-05-20T12:50:34.557157
Toyota,Prius Van Cruise Turbo,3BD-S321M-ZQGZ,4At,2WD,658.0,Van,1270,4,Gasoline,2342372.5313999997,KRA CRSP July 2025,2026-05-20T12:50:34.557157
Toyota,Prius Z (Plug-In-Hybrid),6LA-MXWH61-AHXHB,Cvt,2WD,1986.0,Hatchback,1845,5,Gasoline,8034265.125,KRA CRSP July 2025,2026-05-20T12:50:34.557157
Toyota,Prius Z Hyrid,6AA-MXWH60-AHXHB,Cvt,2WD,1986.0,Hatchback,1695,5,Gasoline,6462343.6875,KRA CRSP July 2025,2026-05-20T12:50:34.557157
Toyota,Probox F Hybrid,6AE-NHP160V-EXXRB,Cvt,2WD,1496.0,Van,1635,5,Gasoline,3376906.4268,KRA CRSP July 2025,2026-05-20T12:50:34.557157
Toyota,Probox F Hybrid,6AE-NHP160V-EXXRB,Cvt,2WD,1496.0,Wagon,1635,5,Gasoline,3356785.8324,KRA CRSP July 2025,2026-05-20T12:50:34.557157
Toyota,Probox Gl,DBE-NCP160V-EXXGK,Cvt,2WD,1496.0,Wagon,1615,5,Diesel,2573759.367,KRA CRSP July 2025,2026-05-20T12:50:34.557157
Toyota,Probox Gl,DBE-NCP160V-EXXGK,Cvt,2WD,1496.0,Van,1615,5,Gasoline,2583819.6642,KRA CRSP July 2025,2026-05-20T12:50:34.557157
Toyota,Probox Gl,5BE-NCP160V-EXXGK,Cvt,2WD,1496.0,Van,1615,5,Gasoline,2573759.367,KRA CRSP July 2025,2026-05-20T12:50:34.557157
Toyota,Raize Z,5BA-A200A-GBSV,Cvt,2WD,996.0,Suv,1255,5,Gasoline,3140031.6990774,KRA CRSP July 2025,2026-05-20T12:50:34.557157
Toyota,Raize Z Hybrid,5AA-A202A-GBSH,Cvt,2WD,1196.0,Suv,1345,5,Gasoline,3903395.3135999995,KRA CRSP July 2025,2026-05-20T12:50:34.557157
Toyota,Rav4 G,6BA-MXAA54-ANXGB,Cvt,4WD,1986.0,Suv,1895,5,Gasoline,5414396.0625,KRA CRSP July 2025,2026-05-20T12:50:34.557157
Toyota,Rav4 G Z Package,6BA-MXA54-ANXGB(A),Cvt,4WD,1986.0,Suv,1895,5,Gasoline,5620969.244919375,KRA CRSP July 2025,2026-05-20T12:50:34.557157
Toyota,Rav4 G Z Package Hybrid,6BA-MXAA54-ANXGB(A),Cvt,4WD,1986.0,Suv,1895,5,Gasoline,6741796.387499999,KRA CRSP July 2025,2026-05-20T12:50:34.557157
Toyota,Rav4 Phev Z,6LA-AXAP54-ANXGB,Cvt,4WD,2487.0,Suv,2195,5,Gasoline,9838481.619375,KRA CRSP July 2025,2026-05-20T12:50:34.557157
Toyota,Rav4 Phv Black Tone,6LA-AXAP54-ANXGB,Cvt,4WD,2487.0,Suv,2195,5,Gasoline,9414062.831249999,KRA CRSP July 2025,2026-05-20T12:50:34.557157
Toyota,Rav4 Z (Plug-In-Hybrid),6LA-AXAP54-ANXGB,Cvt,4WD,2487.0,Suv,2195,5,Gasoline,9838481.619375,KRA CRSP July 2025,2026-05-20T12:50:34.557157
Toyota,Regiusace Dx,CBF-TRH200V-SRTDK-G,6At,2WD,1998.0,Van,3105,3,Gasoline,3825008.83125,KRA CRSP July 2025,2026-05-20T12:50:34.557157
Toyota,Regiusace Moderate Temperature Refrigerating Van,CBF-TRH200V-VTBPTK,6At,2WD,1998.0,Van,2985,3,Gasoline,5538403.198125,KRA CRSP July 2025,2026-05-20T12:50:34.557157
Toyota,Regiusace Moderating Temp Van,CBF-TRH200V-VTPTK,5Mt,2WD,1998.0,Van,2985,3,Diesel,5538403.198125,KRA CRSP July 2025,2026-05-20T12:50:34.557157
Toyota,Regiusace Van,CBF-TRH200K-VTASTL,6At,2WD,1998.0,Van,3185,6,Diesel,4460065.092,KRA CRSP July 2025,2026-05-20T12:50:34.557157
Toyota,Regiusace Van Dx,CBF-TRH200V-SRTDK-G,6At,2WD,1998.0,Van,3105,6,Diesel,4055557.30875,KRA CRSP July 2025,2026-05-20T12:50:34.557157
Toyota,Regiusace Van Dx Gl,CBF-TRH200V-SRTDK-G,6At,2WD,1998.0,Van,2100,5,Gasoline,3889632.268125,KRA CRSP July 2025,2026-05-20T12:50:34.557157
Toyota,Roomy Custom G-T,5BA-M900A-GBVJ,Cvt,2WD,996.0,Van,1385,5,Gasoline,3447328.5072,KRA CRSP July 2025,2026-05-20T12:50:34.557157
Toyota,Roomy Custom G-T,4BA-M900A-GBVJ,Cvt,2WD,996.0,Van,1385,5,Gasoline,3447328.5072,KRA CRSP July 2025,2026-05-20T12:50:34.557157
Toyota,Roomy Custom G-T,DBA-M900A-AGBVJ,Cvt,2WD,996.0,Van,1375,5,Gasoline,3061290.2403105,KRA CRSP July 2025,2026-05-20T12:50:34.557157
Toyota,Roomy G,5BA-M900A-VTPBEG,Cvt,2WD,996.0,Van,1455,5,Gasoline,3485892.9798000003,KRA CRSP July 2025,2026-05-20T12:50:34.557157
Toyota,Roomy G-T,DBA-M900A-AGBVJ,Cvt,2WD,996.0,Van,1375,5,Gasoline,3051623.484,KRA CRSP July 2025,2026-05-20T12:50:34.557157
Toyota,Roomy Welcab G,5BA-M900A-VTPBEG,Cvt,2WD,996.0,Van,1455,5,Gasoline,3500983.4256,KRA CRSP July 2025,2026-05-20T12:50:34.557157
Toyota,Roomy X S,DBA-M900A-VTPBAM,Cvt,2WD,996.0,Van,1445,5,Gasoline,3202527.9420000003,KRA CRSP July 2025,2026-05-20T12:50:34.557157
Toyota,Rumion  Glx,K15BR-HMPRKN,4At,2WD,1500.0,Hatchback,,,Gasoline,3369074.0,KRA CRSP July 2025,2026-05-20T12:50:34.557157
Toyota,Rush Dual Vvt-I Urban,F800RE-GQGF   ,4At,2WD,1500.0,S/Wagon,,,Gasoline,3276000.0,KRA CRSP July 2025,2026-05-20T12:50:34.557157
Toyota,"Sai G ""A Package""",DAA-AZK10-BEXSB(A),6At,AWD,2362.0,Sedan,1865,5,Gasoline,7040305.263625312,KRA CRSP July 2025,2026-05-20T12:50:34.557157
Toyota,Sienta,6AA-NHP170G-MWXUB,Cvt,2WD,1496.0,Van,1765,5,Gasoline,4325927.796,KRA CRSP July 2025,2026-05-20T12:50:34.557157
Toyota,Sienta G,DBA-NSP172G-MNXQB,Cvt,2WD,1496.0,Van,1635,5,Gasoline,3994815.563299687,KRA CRSP July 2025,2026-05-20T12:50:34.557157
Toyota,Sienta G Cuero,6AA-NHP170G-MWXUS,Cvt,2WD,1496.0,Van,1765,7,Gasoline,3931899.4889999996,KRA CRSP July 2025,2026-05-20T12:50:34.557157
Toyota,Sienta G Cuerp Hybrid,6AA-NHP170G-MWXUB,Cvt,2WD,1496.0,Van,1765,7,Gasoline,3932662.394871,KRA CRSP July 2025,2026-05-20T12:50:34.557157
Toyota,Sienta Hybrid G,DAA-NHP170G-MWXQB,Cvt,2WD,1496.0,Van,1765,7,Gasoline,3628592.7390225,KRA CRSP July 2025,2026-05-20T12:50:34.557157
Toyota,Sienta Welcab X,5BA-MXPC12G-MNXB-P,Cvt,2WD,1490.0,Van,1605,5,Gasoline,3556315.0602,KRA CRSP July 2025,2026-05-20T12:50:34.557157
Toyota,Sienta Welcab X (Hybrid),6AA-MXPL12G-MNXNB,Cvt,2WD,1490.0,Van,1665,5,Gasoline,4223648.1078,KRA CRSP July 2025,2026-05-20T12:50:34.557157
Toyota,Sienta X,5BA-MXPC12G-MNXNB-P,Cvt,2WD,1490.0,Van,1605,5,Gasoline,3487569.696,KRA CRSP July 2025,2026-05-20T12:50:34.557157
Toyota,Sienta X,DBA-NSP172G-MNXNB,Cvt,2WD,1496.0,Van,1635,5,Gasoline,3571405.506,KRA CRSP July 2025,2026-05-20T12:50:34.557157
Toyota,Sienta X,5BA-NSP170G-VQQKXN,Cvt,2WD,1496.0,Van,1745,7,Gasoline,3209234.8068000004,KRA CRSP July 2025,2026-05-20T12:50:34.557157
Toyota,Sienta X,5BA-NSP172G-MNXNB,Cvt,2WD,1496.0,Van,1635,5,Gasoline,3584819.2356000002,KRA CRSP July 2025,2026-05-20T12:50:34.557157
Toyota,Sienta Z Hybrid,6AA-MXPL10G-MWXUB,Cvt,2WD,1490.0,Van,1765,7,Gasoline,4879244.142,KRA CRSP July 2025,2026-05-20T12:50:34.557157
Toyota,Spade G,5BA--NSP141-BEXGB,Cvt,2WD,1496.0,Van,1445,5,Gasoline,3070067.3622000003,KRA CRSP July 2025,2026-05-20T12:50:34.557157
Toyota,Spade G,DBA-NSP141-BEXGB,Cvt,2WD,1496.0,Van,1445,5,Gasoline,3070067.3622000003,KRA CRSP July 2025,2026-05-20T12:50:34.557157
Toyota,Spade X,DBA-NSP141-VTPLXB,Cvt,2WD,1496.0,Van,1415,3,Gasoline,4069390.2174,KRA CRSP July 2025,2026-05-20T12:50:34.557157
Toyota,Starlet Glx,K15BR-GHPXKN,At,2WD,1500.0,Hatchback,,,Gasoline,1471500.0,KRA CRSP July 2025,2026-05-20T12:50:34.557157
Toyota,Succeed Tx,6AE-NHP160V-FXXRB,Cvt,2WD,1496.0,Wagon,1635,5,Diesel,3051623.484,KRA CRSP July 2025,2026-05-20T12:50:34.557157
Toyota,Succeed Tx,DBE-NCP160V-FXXRK,Cvt,2WD,1496.0,Wagon,1615,2,Gasoline,2642504.7312,KRA CRSP July 2025,2026-05-20T12:50:34.557157
Toyota,Succeed Tx,DBE-NCP160V-EXXGK,Cvt,2WD,1496.0,Van,1615,5,Gasoline,2642504.7312,KRA CRSP July 2025,2026-05-20T12:50:34.557157
Toyota,Supra Rz,3BA-DB06-ZURW,8At,2WD,2997.0,Coupe,1640,2,Gasoline,12772734.969375,KRA CRSP July 2025,2026-05-20T12:50:34.557157
Toyota,Supra Rz,3BA-DB42-ZRRW,8At,2WD,2997.0,Coupe,1630,2,Gasoline,11158701.756564375,KRA CRSP July 2025,2026-05-20T12:50:34.557157
Toyota,Supra Rz,3BA-DB02-ZURW,6At,2WD,2997.0,Coupe,1640,2,Gasoline,11611577.562446248,KRA CRSP July 2025,2026-05-20T12:50:34.557157
Toyota,Tank G,DBA-M900A-BGBGE,Cvt,2WD,996.0,Minivan,1345,5,Gasoline,2615677.2720000003,KRA CRSP July 2025,2026-05-20T12:50:34.557157
Toyota,Tank G S,DBA-M900A-BGBGE(S),Cvt,2WD,996.0,Minivan,1345,5,Gasoline,2615677.2720000003,KRA CRSP July 2025,2026-05-20T12:50:34.557157
Toyota,Town Ace  Van Gl,6BF-S413M-ZQDFJD,4At,4WD,1496.0,Van,2160,5,Gasoline,3935252.9214,KRA CRSP July 2025,2026-05-20T12:50:34.557157
Toyota,Town Ace Dx,DBF-S402U-TMDFJD,5Mt,2WD,1495.0,Truck,2040,2,Diesel,2402734.3146,KRA CRSP July 2025,2026-05-20T12:50:34.557157
Toyota,Town Ace Dx X Edition,5BF-S413U-TQDFJD,4At,4WD,1496.0,Truck,2090,2,Gasoline,3245208.752871,KRA CRSP July 2025,2026-05-20T12:50:34.557157
Toyota,Town Ace Gl,DBF-S402M-ZQDFJD,4At,2WD,1495.0,Van,2100,2,Gasoline,2806822.9188,KRA CRSP July 2025,2026-05-20T12:50:34.557157
Toyota,Town Ace Truck Dx,5BF-S413U-TQDFJD,4At,4WD,1496.0,Truck,2090,2,Gasoline,3569728.7898000004,KRA CRSP July 2025,2026-05-20T12:50:34.557157
Toyota,Town Ace Van,5BF-S413M-ZQDFJD,4At,2WD,1496.0,Van,2160,5,Gasoline,3577502.0461031995,KRA CRSP July 2025,2026-05-20T12:50:34.557157
Toyota,Town Ace Van Gl,DBF-S402M-ZQDFJD,4At,2WD,1495.0,Van,2090,5,Gasoline,2825266.7970000003,KRA CRSP July 2025,2026-05-20T12:50:34.557157
Toyota,Townace,5BF-S403U-VTCABB,4At,4WD,1496.0,Truck,2210,2,Gasoline,3697159.221,KRA CRSP July 2025,2026-05-20T12:50:34.557157
Toyota,Townace Gl,5BF-S413M-ZQDFJD,4At,4WD,1496.0,Van,2160,5,Gasoline,3935252.9214,KRA CRSP July 2025,2026-05-20T12:50:34.557157
Toyota,Townace Moderate Temperature Refrigerating Truck,5BF-S403U-VTCBB,4At,2WD,1496.0,Truck,2250,2,Gasoline,5652210.3102,KRA CRSP July 2025,2026-05-20T12:50:34.557157
Toyota,Townace Power Lift,5BF-S403U-VTCABB,4At,4WD,1496.0,Truck,2150,3,Gasoline,3361053.075129,KRA CRSP July 2025,2026-05-20T12:50:34.557157
Toyota,Townace Power Lift Car,DBF-S402U-VTCABB,4At,2WD,1495.0,Truck,2130,2,Diesel,3039886.4706,KRA CRSP July 2025,2026-05-20T12:50:34.557157
Toyota,Townace Truck Dx,5BF-S413U-TQDFJD,Cvt,4WD,1496.0,Truck,2090,2,Gasoline,3569728.7898000004,KRA CRSP July 2025,2026-05-20T12:50:34.557157
Toyota,Toyoace Cargo,2KG-XZU730-TKFSF,6Mt,2WD,4009.0,Truck,7865,3,Diesel,9749406.07125,KRA CRSP July 2025,2026-05-20T12:50:34.557157
Toyota,Toyoace Cargo Wide Cab,TSG-XKU710-TQVMC,6Amt,4WD,4009.0,Truck,5115,3,Diesel,8558238.9375,KRA CRSP July 2025,2026-05-20T12:50:34.557157
Toyota,Toyoace Dump,2RG-XZU600D-TWFMX-K,6Mt,2WD,4009.0,Truck,4985,3,Diesel,7983614.323124999,KRA CRSP July 2025,2026-05-20T12:50:34.557157
Toyota,Toyoace Dump,TPG-XZU610D-TWTMB-K,6At,4WD,4009.0,Truck,4865,3,Diesel,7340873.113124999,KRA CRSP July 2025,2026-05-20T12:50:34.557157
Toyota,Toyoace Route Van,LDF-KDY241V-RENGY,5Mt,2WD,2982.0,Truck,3435,3,Diesel,5180354.42625,KRA CRSP July 2025,2026-05-20T12:50:34.557157
Toyota,Toyoace Route Van,TG-XZ605V-RETMB,6At,4WD,4009.0,Truck,4515,3,Diesel,7148749.381875,KRA CRSP July 2025,2026-05-20T12:50:34.557157
Toyota,Toyota Driving Instruction Car,3BA-NZE161-BEMNK,5Mt,2WD,1496.0,Suv,1355,5,Gasoline,2929223.2014,KRA CRSP July 2025,2026-05-20T12:50:34.557157
Toyota,Toyota Driving Instruction Car,DBA-NZE161-BEMNK,5Mt,2WD,1496.0,Suv,1355,5,Gasoline,2912456.0394,KRA CRSP July 2025,2026-05-20T12:50:34.557157
Toyota,Velfire Golden Eyes,3BA-AG30W-NFXSK,Cvt,2WD,2493.0,Van,2355,7,Gasoline,7520770.788749999,KRA CRSP July 2025,2026-05-20T12:50:34.557157
Toyota,Velfire Z Premier,5BA-TAHA40W-PFZTT,Cvt,2WD,2393.0,Van,2565,7,Gasoline,11440094.90625,KRA CRSP July 2025,2026-05-20T12:50:34.557157
Toyota,Vellfire 3.5Za G Edition,DBA-GGH30W-NFTRK©,Cvt,AWD,3456.0,Van,2455,7,Gasoline,8033594.076206326,KRA CRSP July 2025,2026-05-20T12:50:34.557157
Toyota,Vellfire Golden Eyes Ii,3BA-AGH30W-NFXSK,Cvt,2WD,2493.0,Van,2355,5,Gasoline,7405496.55,KRA CRSP July 2025,2026-05-20T12:50:34.557157
Toyota,Vellfire Zg,3BA-GGH30W-NFZRK,Cvt,2WD,3456.0,Van,2475,5,Gasoline,9019970.669308051,KRA CRSP July 2025,2026-05-20T12:50:34.557157
Toyota,Vellfire Zg,DBA-GGH30W-NFZRK,Cvt,2WD,3456.0,Van,2475,7,Gasoline,8678892.640725,KRA CRSP July 2025,2026-05-20T12:50:34.557157
Toyota,Vitz Hybrid  F,DAA-NHP130-VTPBXN,Cvt,2WD,1496.0,Suv,1445,5,Gasoline,3440621.6424000002,KRA CRSP July 2025,2026-05-20T12:50:34.557157
Toyota,Vitz Hybrid U,DAA-NHP130-AHXEB,Cvt,2WD,1496.0,Suv,1385,5,Gasoline,3251359.3573233,KRA CRSP July 2025,2026-05-20T12:50:34.557157
Toyota,Voxy  Zs,3BA-ZRR80W-VTSNBS,Cvt,2WD,1986.0,Sedan,2065,7,Gasoline,5141929.68,KRA CRSP July 2025,2026-05-20T12:50:34.557157
Toyota,Voxy Hybrid Zs,6AA-ZWR80W-BPXSB,Cvt,2WD,1797.0,Sedan,2005,7,Gasoline,5314841.038125,KRA CRSP July 2025,2026-05-20T12:50:34.557157
Toyota,Voxy Hybrid Zs,DAA-ZRW80W-BPXSB,Cvt,2WD,1797.0,Sedan,2005,7,Gasoline,5303643.291261562,KRA CRSP July 2025,2026-05-20T12:50:34.557157
Toyota,Voxy S-Z Hybrid,6AA-ZWR90W-BPXRB,Cvt,2WD,1797.0,Sedan,2055,7,Gasoline,6532206.8625,KRA CRSP July 2025,2026-05-20T12:50:34.557157
Toyota,Voxy Welcab S-G,6BA-MZRA90W-VTPNBE,Cvt,2WD,1996.0,Sedan,2055,7,Gasoline,5526177.1425,KRA CRSP July 2025,2026-05-20T12:50:34.557157
Toyota,Voxy Zs,3BA-ZRR80W-VTSNBS,Cvt,2WD,1986.0,Sedan,2065,7,Gasoline,5141929.68,KRA CRSP July 2025,2026-05-20T12:50:34.557157
Toyota,Voxy Zs,DBA-ZRR80-VTSNBS,Cvt,2WD,1986.0,Sedan,2065,7,Gasoline,5141929.68,KRA CRSP July 2025,2026-05-20T12:50:34.557157
Toyota,Wish 2.0Z,DBA-ZGE22W-HWXQP,Cvt,2WD,1986.0,Wagon,1760,6,Gasoline,4206661.689161249,KRA CRSP July 2025,2026-05-20T12:50:34.557157
Toyota,Xi/Esquire Xi,DBA-ZRR80G-VTTNCE,Cvt,2WD,1986.0,Suv,2045,7,Gasoline,5582229.119237812,KRA CRSP July 2025,2026-05-20T12:50:34.557157
Toyota,Yaris Cross Hybrid Z,6AA-MXPJ10-BHXGB,Cvt,2WD,1490.0,Suv,1465,5,Gasoline,4332634.660800001,KRA CRSP July 2025,2026-05-20T12:50:34.557157
Toyota,Yaris Cross Z,6AA-MXPJ10-BHXGB,Cvt,4WD,1490.0,Suv,1465,5,Gasoline,4369522.4172,KRA CRSP July 2025,2026-05-20T12:50:34.557157
Toyota,Yaris Hybrid Z,6AA-MXPH10-AHXEB,Cvt,2WD,1490.0,Suv,1365,5,Gasoline,3896688.4488,KRA CRSP July 2025,2026-05-20T12:50:34.557157
Toyota,Yaris Welcab 1.5X,5BA-MXPA10-VQQLXN,Cvt,2WD,1490.0,Suv,1315,5,Gasoline,2888982.0126,KRA CRSP July 2025,2026-05-20T12:50:34.557157
Toyota,Yaris X,5BA-MXPA10-VQQLXN,Cvt,2WD,1490.0,Suv,2425,5,Gasoline,2848740.8238000004,KRA CRSP July 2025,2026-05-20T12:50:34.557157
Toyota,Yaris Z Hybrid,6AA-MXPH10-AHXEB,Cvt,2WD,1490.0,Suv,1365,5,Gasoline,3940283.07,KRA CRSP July 2025,2026-05-20T12:50:34.557157
Toyota,Land Cruiser 250 Vx,3BA-TRJ250W,At,4WD,2700.0,Suv,,,Gasoline,13124686.251093749,KRA CRSP July 2025,2026-05-20T12:50:34.557157
Toyota,Land Cruiser 250 Vx,3DA-GDJ250W,At,4WD,2800.0,Suv,,,Gasoline,18438297.48984375,KRA CRSP July 2025,2026-05-20T12:50:34.557157
Toyota,Land Cruiser 250 Zx First Edition,3DA-GDJ250W,At,4WD,2800.0,Suv,,,Diesel,21390096.871518753,KRA CRSP July 2025,2026-05-20T12:50:34.557157
Toyota,Land Cruiser 70 Ax,GDJ76W,At,4WD,2800.0,Suv,,,Diesel,14593727.830893751,KRA CRSP July 2025,2026-05-20T12:50:34.557157
Toyota,Land Cruiser 80,HDJ81005,At,4WD,4200.0,Suv,,,Diesel,4161686.0536687505,KRA CRSP July 2025,2026-05-20T12:50:34.557157
Toyota,Land Cruiser Ax,FJA300-407,At,4WD,3500.0,Suv,,,Gasoline,15581637.775968751,KRA CRSP July 2025,2026-05-20T12:50:34.557157
Toyota,Land Cruiser Ax G Selection,URJ202-421,At,4WD,4600.0,Suv,,,Gasoline,13451168.4318,KRA CRSP July 2025,2026-05-20T12:50:34.557157
Toyota,Land Cruiser Gr Sport,3BA-VJA300W,At,4WD,3500.0,Suv,,,Gasoline,21291613.63711875,KRA CRSP July 2025,2026-05-20T12:50:34.557157
Toyota,Land Cruiser Gx,3BA-VJA300W,At,4WD,3500.0,Suv,,,Gasoline,13022099.54859375,KRA CRSP July 2025,2026-05-20T12:50:34.557157
Toyota,Land Cruiser Prado Tx,LDA-GDJ150W,At,4WD,2800.0,Suv,,,Diesel,7283399.410743751,KRA CRSP July 2025,2026-05-20T12:50:34.557157
Toyota,Land Cruiser Prado Tx L Package,GDJ150-004,At,4WD,2800.0,Suv,,,Diesel,8647289.620481253,KRA CRSP July 2025,2026-05-20T12:50:34.557157
Toyota,Land Cruiser Prado Tx L Package 70Th Anniversary Limited,3BA-TRJ150W,At,4WD,2700.0,Suv,,,Gasoline,8452716.841406249,KRA CRSP July 2025,2026-05-20T12:50:34.557157
Toyota,Land Cruiser Prado Tx L Package Black Edition,3DA-GDJ150W,At,4WD,2800.0,Suv,,,Diesel,9431308.494337503,KRA CRSP July 2025,2026-05-20T12:50:34.557157
Toyota,Land Cruiser Prado Tx L Package Matt Black Edition,3BA-TRJ150W,At,4WD,2700.0,Suv,,,Gasoline,8329945.255312499,KRA CRSP July 2025,2026-05-20T12:50:34.557157
Toyota,Land Cruiser Prado Tz-G,3DA-GDJ151W,At,4WD,2800.0,Suv,,,Diesel,10587717.098268751,KRA CRSP July 2025,2026-05-20T12:50:34.557157
Toyota,Land Cruiser Vx,3BA-VJA300W,At,4WD,3500.0,Suv,,,Gasoline,17511293.64999375,KRA CRSP July 2025,2026-05-20T12:50:34.557157
Toyota,Land Cruiser Zx,3BA-VJA300W,At,4WD,3500.0,Suv,,,Gasoline,20137769.70075,KRA CRSP July 2025,2026-05-20T12:50:34.557157
Vauxhall,Combi (136Ps),1GK0NPLZEFT0A0K0,At,,,,,,Electric,8170348.349999999,KRA CRSP July 2025,2026-05-20T12:50:34.557157
Vauxhall,Combi 100Kw (136Ps),1GK0NNLZEFT0A0K0,At,,,,,,Electric,7157146.349999999,KRA CRSP July 2025,2026-05-20T12:50:34.557157
Vauxhall,Design (136Ps),1GK0NPLZEFT0A0K0,At,,,,,,Electric,9222013.749479998,KRA CRSP July 2025,2026-05-20T12:50:34.557157
Vauxhall,Design 1.2 (100Ps) Turbo,1GJOA5HL81T0A0H0,At,,1200.0,,,,Electric,3683254.3911899994,KRA CRSP July 2025,2026-05-20T12:50:34.557157
Vauxhall,Design 1.2 (100Ps) Turbo,1GJOA5HL6KT0A0H0,At,,1200.0,,,,Electric,3385703.7948799995,KRA CRSP July 2025,2026-05-20T12:50:34.557157
Vauxhall,Design 1.2 (100Ps) Turbo Hybrid,1GJOA5NPLZEFT5A5,At,,1200.0,,,,Electric,3798489.794879999,KRA CRSP July 2025,2026-05-20T12:50:34.557157
Vauxhall,Design 1.2 (136Ps) Hybrid,1GO6SYPJH7TXA0B0,At,,1200.0,,,,Petrol,5767823.691189999,KRA CRSP July 2025,2026-05-20T12:50:34.557157
Vauxhall,Design 1.5 (130Ps) Turbo,1GK9AF8P41T0A070,At,,1500.0,,,5,Diesel,4777997.95,KRA CRSP July 2025,2026-05-20T12:50:34.557157
Vauxhall,Design 100Kw (136Ps),1GK9CL8ZIFT0A070,At,,,,,7 seat,Electric,6027612.99948,KRA CRSP July 2025,2026-05-20T12:50:34.557157
Vauxhall,Design 100Kw (136Ps),1GK9AF8ZIFT0A070,At,,,,,5 seat,Electric,5858745.99948,KRA CRSP July 2025,2026-05-20T12:50:34.557157
Vauxhall,Design 2.0 (180Ps) Turbo,1GK0NNQWQ1T0A0,At,,2000.0,,,,Diesel,7090538.450519998,KRA CRSP July 2025,2026-05-20T12:50:34.557157
Vauxhall,Design Xl 1.5 (100Ps) Turbo,1GK9CL8P6KT0A070,At,,1500.0,,,7,Diesel,4485607.1786899995,KRA CRSP July 2025,2026-05-20T12:50:34.557157
Vauxhall,Design Xl 1.5 (130Ps) Turbo,1GK9CL8P41T0A070,At,,1500.0,,,,Diesel,4932792.699999999,KRA CRSP July 2025,2026-05-20T12:50:34.557157
Vauxhall,Gs 1.2 (100Ps) Turbo,1GJOA5TL81T0A0H0,At,,1200.0,,,,Electric,4092599.81988,KRA CRSP July 2025,2026-05-20T12:50:34.557157
Vauxhall,Gs 1.2 (100Ps) Turbo,1GJOA5TL6KT0A0H0,At,,1200.0,,,,Electric,3795051.287499999,KRA CRSP July 2025,2026-05-20T12:50:34.557157
Vauxhall,Gs 1.2 (136Ps) Hybrid,1GO6SYUJH7TXA0B0,At,,1200.0,,,,Diesel,6103212.31619,KRA CRSP July 2025,2026-05-20T12:50:34.557157
Vauxhall,Ultimate (136Ps,1GK0NPLZEFT0A0K0,At,,,,,,Electric,10221143.499479998,KRA CRSP July 2025,2026-05-20T12:50:34.557157
Vauxhall,Ultimate 1.2 (100Ps) Turbo,1GJOA5NPLZEFT5A5,At,,1200.0,,,,Electric,4570744.29119,KRA CRSP July 2025,2026-05-20T12:50:34.557157
Vauxhall,Ultimate 1.2 (100Ps) Turbo,1GJOA5TL6KT040H0,At,,1200.0,,,,Electric,4273193.69488,KRA CRSP July 2025,2026-05-20T12:50:34.557157
Vauxhall,Ultimate 1.2 (100Ps) Turbo Hybrid,1GJOA5TJGWT040,At,,1200.0,,,,Electric,4685979.694879999,KRA CRSP July 2025,2026-05-20T12:50:34.557157
Vauxhall,Ultimate 1.2 (136Ps) Hybrid,1GO6SYUJH7TX40B0,At,,1200.0,,,,Petrol,6404203.483809998,KRA CRSP July 2025,2026-05-20T12:50:34.557157
Vauxhall,Ultimate 100Kw (136Ps),1GK9AF5ZIFT0A070,At,,,,,5 seat,Electric,6330636.950519999,KRA CRSP July 2025,2026-05-20T12:50:34.557157
Vauxhall,Ultimate Xl 100Kw (136Ps),1GK9CL5ZIFT0A070,At,,,,,5 seat,Electric,6499503.950519999,KRA CRSP July 2025,2026-05-20T12:50:34.557157
Vauxhall,Xl Combi (136Ps),1GK0NPLZEFT0A0K0,At,,,,,,Electric,7326013.349999999,KRA CRSP July 2025,2026-05-20T12:50:34.557157
Vauxhall,Xl Combi (136Ps),1GK0NPLZEFT0A0K0,At,,,,,,Electric,8339215.349999998,KRA CRSP July 2025,2026-05-20T12:50:34.557157
Vauxhall,Xl Design (136Ps),1GK0NPLZEFT0A0K0,At,,,,,,Electric,9390880.74948,KRA CRSP July 2025,2026-05-20T12:50:34.557157
Vauxhall,Xl Design 2.0 (180Ps) Turbo,1GK0NPQWQ1T0A0,At,,2000.0,,,,Diesel,7259405.450519999,KRA CRSP July 2025,2026-05-20T12:50:34.557157
Vauxhall,Xl Ultimate (136Ps),1GK0NPLZEFT0A0K0,At,,,,,,Electric,10390010.499479998,KRA CRSP July 2025,2026-05-20T12:50:34.557157
Vauxhall,Yes 1.2 (100Ps) Turbo,1GJOA5HL6KT02CH0,At,,1200.0,,,,Electric,2980659.59631,KRA CRSP July 2025,2026-05-20T12:50:34.557157
Volkswagen,Golf Etsi Active Basic,WVWZZZCDZNW16,At,2WD,990.0,Hatchback,,,Gasoline,3565503.5728125,KRA CRSP July 2025,2026-05-20T12:50:34.557157
Volkswagen,Polo Tsi Comfortline,WVWZZZAWZJU03,At,2WD,1000.0,Hatchback,,,Gasoline,1768723.5121875003,KRA CRSP July 2025,2026-05-20T12:50:34.557157
Volkswagen,Polo Tsi Highline,WVWZZZAWZJU01,At,2WD,1000.0,Hatchback,,,Gasoline,1929903.545625,KRA CRSP July 2025,2026-05-20T12:50:34.557157
Volkswagen,Polo Tsi Trend Line,WVWZZZAWZJU04,At,2WD,1000.0,Hatchback,,,Gasoline,1913650.0968749998,KRA CRSP July 2025,2026-05-20T12:50:34.557157
Volkswagen,Up! Move Up!,WVWZZZAAZJD15,At,2WD,1000.0,Wagon,,,Gasoline,1348262.2725,KRA CRSP July 2025,2026-05-20T12:50:34.557157
Volkswagen,Up! Spice Up!,WVWZZZAAZKD15,At,2WD,1000.0,Wagon,,,Gasoline,2234462.2162499996,KRA CRSP July 2025,2026-05-20T12:50:34.557157
Volkswagen,Up! Up! Gti,WVWZZZAAZKD16,At,2WD,1000.0,Wagon,,,Gasoline,2181058.0275,KRA CRSP July 2025,2026-05-20T12:50:34.557157
Volkswagen,Polo Tsi Comfortline Limited,WVWZZZAWZLU08,At,2WD,1000.0,Hatchback,,,Gasoline,2437436.8321875,KRA CRSP July 2025,2026-05-20T12:50:34.557157
Volkswagen,T-Cross Tsi 1St Plus,WVGZZZC1ZLY05,At,2WD,1000.0,Wagon,,,Gasoline,2257487.9353125,KRA CRSP July 2025,2026-05-20T12:50:34.557157
Volkswagen,T-Cross Tsi 1St,WVGZZZC1ZLY07,At,2WD,1000.0,Wagon,,,Gasoline,2338174.69875,KRA CRSP July 2025,2026-05-20T12:50:34.557157
Volkswagen,Golf Etsi Active,WVWZZZCDZNW10,At,2WD,1000.0,Hatchback,,,Hybrid,3734036.356875,KRA CRSP July 2025,2026-05-20T12:50:34.557157
Volkswagen,Polo Tsi Active,WVWZZZAWZNU07,At,2WD,1000.0,Hatchback,,,Gasoline,2679110.135625,KRA CRSP July 2025,2026-05-20T12:50:34.557157
Volkswagen,Polo Tsi R-Line,3BA-AWDLA,At,2WD,1000.0,Hatchback,,,Gasoline,3683728.0631249994,KRA CRSP July 2025,2026-05-20T12:50:34.557157
Volkswagen,T-Cross Tsi Active,WVGZZZC1ZNY02,At,2WD,1000.0,Hatchback,,,Gasoline,3462178.0771875,KRA CRSP July 2025,2026-05-20T12:50:34.557157
Volkswagen,Golf Variant Etsi Active Basic,WVWZZZCD6RW81,At,2WD,1000.0,Wagon,,,Hybrid,4375080.1153125,KRA CRSP July 2025,2026-05-20T12:50:34.557157
Volkswagen,Golf Variant Etsi Active,WVWZZZCD2PW52,At,2WD,1000.0,Wagon,,,Hybrid,4274657.02125,KRA CRSP July 2025,2026-05-20T12:50:34.557157
Volkswagen,The Beetle Exclusive,DBA-16CBZ,At,2WD,1200.0,Coupe,,,Gasoline,2425053.2521875002,KRA CRSP July 2025,2026-05-20T12:50:34.557157
Volkswagen,The Beetle Black Style,DBA-16CBZ,At,2WD,1200.0,Coupe,,,Gasoline,2561079.13875,KRA CRSP July 2025,2026-05-20T12:50:34.557157
Volkswagen,Golf Tsi Comfortline Tech Edition,WVWZZZAUZKP04,At,2WD,1200.0,Hatchback,,,Gasoline,2871249.1190625,KRA CRSP July 2025,2026-05-20T12:50:34.557157
Volkswagen,The Beetle Design Meister,WVWZZZ16ZKM70,At,2WD,1200.0,Coupe,,,Gasoline,4289362.5225,KRA CRSP July 2025,2026-05-20T12:50:34.557157
Volkswagen,Golf Variant Tsi Comfortline Meister,WVWZZZAUZLP55,At,2WD,1200.0,Wagon,,,Gasoline,2544825.69,KRA CRSP July 2025,2026-05-20T12:50:34.557157
Volkswagen,Sharan Tsi Comfortline,WVWZZZ7NZJV02,At,2WD,1400.0,Wagon,,,Gasoline,2572882.2384375,KRA CRSP July 2025,2026-05-20T12:50:34.557157
Volkswagen,Tiguan Dynaudio Edition,ABA-5NCZE,At,2WD,1400.0,Wagon,,,Gasoline,3592399.1606249996,KRA CRSP July 2025,2026-05-20T12:50:34.557157
Volkswagen,Golf Touran Tsi Comfortline,WVGZZZ1TZLW04,At,2WD,1400.0,Wagon,,,Gasoline,3766930.24125,KRA CRSP July 2025,2026-05-20T12:50:34.557157
Volkswagen,Golf Touran Tsi R Line,WVGZZZ1TZLW04,At,2WD,1400.0,Wagon,,,Gasoline,4398105.834375,KRA CRSP July 2025,2026-05-20T12:50:34.557157
Volkswagen,Sharan Tsi Highline,WVWZZZ7NZLV01,At,2WD,1400.0,Hatchback,,,Gasoline,5471220.438750001,KRA CRSP July 2025,2026-05-20T12:50:34.557157
Volkswagen,Golf Etsi R Line,WVWZZZCDZMW35,At,2WD,1500.0,Hatchback,,,Diesel,3860968.051875,KRA CRSP July 2025,2026-05-20T12:50:34.557157
Volkswagen,Golf Variant Etsi R Line,WVWZZZCDZMW80,At,2WD,1500.0,Wagon,,,Gasoline,3860968.051875,KRA CRSP July 2025,2026-05-20T12:50:34.557157
Volkswagen,Golf Etsi Style,WVWZZZCDZNW16,At,2WD,1500.0,Hatchback,,,Gasoline,4599725.99625,KRA CRSP July 2025,2026-05-20T12:50:34.557157
Volkswagen,Golf Touran Tsi Comfortline,WVGZZZ1TZNW00,At,2WD,1500.0,Wagon,,,Gasoline,3107698.0996875,KRA CRSP July 2025,2026-05-20T12:50:34.557157
Volkswagen,Golf Touran Tsi Highline,WVGZZZ1TZNW01,At,2WD,1500.0,Wagon,,,Gasoline,5244252.6365625,KRA CRSP July 2025,2026-05-20T12:50:34.557157
Volkswagen,Golf Variant Etsi R Line,WVWZZZCD7PW51,At,2WD,1500.0,Wagon,,,Hybrid,4912604.8846875,KRA CRSP July 2025,2026-05-20T12:50:34.557157
Volkswagen,Passat Variant Tsi Elegance Advance,WVWZZZ3CZNE03,At,2WD,1500.0,Wagon,,,Gasoline,4707114.8540624995,KRA CRSP July 2025,2026-05-20T12:50:34.557157
Volkswagen,Tiguan Tsi R Line,WVGZZZ5NZNW02,At,2WD,1500.0,Wagon,,,Diesel,5326100.360625001,KRA CRSP July 2025,2026-05-20T12:50:34.557157
Volkswagen,Golf Etsi R Line Platinum Edition,WVWZZZCD8RW01,At,2WD,1500.0,Hatchback,,,Hybrid,6076854.898125,KRA CRSP July 2025,2026-05-20T12:50:34.557157
Volkswagen,Golf Variant Etsi Style Platinum Edition,WVWZZZCD4RW81,At,2WD,1500.0,Wagon,,,Gasoline,5604150.430312499,KRA CRSP July 2025,2026-05-20T12:50:34.557157
Volkswagen,Passat Etsi Elegance,WVWZZZCJXSD00,At,2WD,1500.0,Sedan,,,Gasoline,6479708.235,KRA CRSP July 2025,2026-05-20T12:50:34.557157
Volkswagen,Other,269,At,2WD,1600.0,Other,,,Gasoline,4285211.208749999,KRA CRSP July 2025,2026-05-20T12:50:34.557157
Volkswagen,New Beetle,WVWZZZ9CZ7M55,At,2WD,1800.0,Coupe,,,Gasoline,698898.2962499999,KRA CRSP July 2025,2026-05-20T12:50:34.557157
Volkswagen,Arteon Tsi 4Motion R Line,WVWZZZ3NZM01,At,4WD,2000.0,Sedan,,,Gasoline,4532601.36375,KRA CRSP July 2025,2026-05-20T12:50:34.557157
Volkswagen,Passat Tdi Eleganceline,LDA-3CDFC,At,2WD,2000.0,Sedan,,,Gasoline,3186520.29,KRA CRSP July 2025,2026-05-20T12:50:34.557157
Volkswagen,Passat Tdi Highline,LDA-3CDFC,At,2WD,2000.0,Sedan,,,Diesel,3243512.9025,KRA CRSP July 2025,2026-05-20T12:50:34.557157
Volkswagen,Passat Tdi Highline,LDA-3CDFC,At,2WD,2000.0,Sedan,,,Diesel,3478660.1999999997,KRA CRSP July 2025,2026-05-20T12:50:34.557157
Volkswagen,Passat Alltrack Tdi 4Motion Advance,LDA-3CDFCF,At,2WD,2000.0,Wagon,,,Diesel,2965304.52,KRA CRSP July 2025,2026-05-20T12:50:34.557157
Volkswagen,Polo Gti Base Grade,WVWZZZAWZJU04,At,2WD,2000.0,Hatchback,,,Gasoline,2426196.6224999996,KRA CRSP July 2025,2026-05-20T12:50:34.557157
Volkswagen,The Beetle Design,WVWZZZ16ZKM70,At,2WD,2000.0,Coupe,,,Gasoline,3873597.896249999,KRA CRSP July 2025,2026-05-20T12:50:34.557157
Volkswagen,Tiguan Tdi 4Motion R Line,WVGZZZ5NZKW33,At,2WD,2000.0,Wagon,,,Diesel,4437613.67625,KRA CRSP July 2025,2026-05-20T12:50:34.557157
Volkswagen,Tiguan Tdi 4Motion R Line,WVGZZZ5NZKW33,At,2WD,2000.0,Wagon,,,Diesel,4437613.67625,KRA CRSP July 2025,2026-05-20T12:50:34.557157
Volkswagen,Caravel,WV2ZZZ7HZJH11,At,2WD,2000.0,Van,,,Diesel,11882959.706249997,KRA CRSP July 2025,2026-05-20T12:50:34.557157
Volkswagen,Passat 2.0Tsi R Line,WVWZZZ3CZKE05,At,2WD,2000.0,Sedan,,,Gasoline,3625996.6574999997,KRA CRSP July 2025,2026-05-20T12:50:34.557157
Volkswagen,Sharan Tdi Highline,3DA-7NDLU,At,2WD,2000.0,Wagon,,,Diesel,5751821.10375,KRA CRSP July 2025,2026-05-20T12:50:34.557157
Volkswagen,Tiguan Tdi 4Motion Highline,WVGZZZ5NZKW34,At,2WD,2000.0,Wagon,,,Diesel,3231903.2962499997,KRA CRSP July 2025,2026-05-20T12:50:34.557157
Volkswagen,Tiguan Tdi 4Motion Comfortline,WVGZZZ5NZKW91,At,4WD,2000.0,Wagon,,,Diesel,2597596.6275,KRA CRSP July 2025,2026-05-20T12:50:34.557157
Volkswagen,Tiguan Tdi 4Motion Highline,WVGZZZ5NZKW34,At,4WD,2000.0,Wagon,,,Diesel,3231903.2962499997,KRA CRSP July 2025,2026-05-20T12:50:34.557157
Volkswagen,Arteon Tsi 4Motion Elegance,WVWZZZ3HZKE01,At,4WD,2000.0,Sedan,,,Gasoline,4036132.383749999,KRA CRSP July 2025,2026-05-20T12:50:34.557157
Volkswagen,California,WV2ZZZ7HZLH03,At,4WD,2000.0,Van,,,Diesel,21724739.549999997,KRA CRSP July 2025,2026-05-20T12:50:34.557157
Volkswagen,Golf Tdi Comfortline Meister,WVWZZZAUZLW10,At,2WD,2000.0,Hatchback,,,Diesel,3696287.5462499997,KRA CRSP July 2025,2026-05-20T12:50:34.557157
Volkswagen,Golf Tdi Highline Meister,WVWZZZAUZLP00,At,2WD,2000.0,Hatchback,,,Diesel,4179669.3337499993,KRA CRSP July 2025,2026-05-20T12:50:34.557157
Volkswagen,Golf Gti Performance,WVWZZZAUZLW12,At,2WD,2000.0,Hatchback,,,Gasoline,5162897.441249999,KRA CRSP July 2025,2026-05-20T12:50:34.557157
Volkswagen,Golf Gti Tcr,3BA-AUDNU,At,2WD,2000.0,Hatchback,,,Gasoline,7563975.0975,KRA CRSP July 2025,2026-05-20T12:50:34.557157
Volkswagen,Golf Touran Tdi Premium,LDA-1TDFG,At,2WD,2000.0,Wagon,,,Diesel,3186520.29,KRA CRSP July 2025,2026-05-20T12:50:34.557157
Volkswagen,Golf Variant Tdi Highline Meister,WVWZZZAUZLP55,At,2WD,2000.0,Wagon,,,Diesel,3845734.8412499996,KRA CRSP July 2025,2026-05-20T12:50:34.557157
Volkswagen,Golf Variant Tdi Comfortline Meister,AUDFG-WVWZZZAUZLP53,At,2WD,2000.0,Wagon,,,Diesel,2893536.045,KRA CRSP July 2025,2026-05-20T12:50:34.557157
Volkswagen,Passat Variant Tdi Highline,WVWZZZ3CZKE05,At,2WD,2000.0,Wagon,,,Diesel,2525828.1525,KRA CRSP July 2025,2026-05-20T12:50:34.557157
Volkswagen,T-Roc Tdi Style Design Package,WVGZZZA1ZLV15,At,2WD,2000.0,Wagon,,,Diesel,3686155.526249999,KRA CRSP July 2025,2026-05-20T12:50:34.557157
Volkswagen,T-Roc Tdi R Line,WVGZZZA1ZLV12,At,2WD,2000.0,Wagon,,,Diesel,3524887.54125,KRA CRSP July 2025,2026-05-20T12:50:34.557157
Volkswagen,T-Roc Tdi Sport,WVGZZZA1ZLV15,At,2WD,2000.0,Wagon,,,Diesel,3022297.1325,KRA CRSP July 2025,2026-05-20T12:50:34.557157
Volkswagen,The Beetle 2.0 R Line Meister,ABA-16CPL,At,2WD,2000.0,Wagon,,,Diesel,5710659.772499999,KRA CRSP July 2025,2026-05-20T12:50:34.557157
Volkswagen,Arteon Tsi 4Motion R Line Advance,WVWZZZ3HZNE00,At,4WD,2000.0,Sedan,,,Gasoline,5281526.50875,KRA CRSP July 2025,2026-05-20T12:50:34.557157
Volkswagen,Golf Tdi Style,3DA-CDDTS,At,2WD,2000.0,Hatchback,,,Diesel,3480982.1212499994,KRA CRSP July 2025,2026-05-20T12:50:34.557157
Volkswagen,Golf R Tsi 4Motion,3BA-CDDNFF,At,2WD,2000.0,Hatchback,,,Gasoline,7850837.913749998,KRA CRSP July 2025,2026-05-20T12:50:34.557157
Volkswagen,Golf R Base Grade,WVWZZZCD8PW11,At,2WD,2000.0,Hatchback,,,Gasoline,8211580.042499999,KRA CRSP July 2025,2026-05-20T12:50:34.557157
Volkswagen,Golf R Variant,3BA-CDDNFV,At,2WD,2000.0,Hatchback,,,Gasoline,7435002.92625,KRA CRSP July 2025,2026-05-20T12:50:34.557157
Volkswagen,Golf Touran Tdi Highline,WVGZZZ1TZMW02,At,2WD,2000.0,Wagon,,,Diesel,4951602.6075,KRA CRSP July 2025,2026-05-20T12:50:34.557157
Volkswagen,Golf Touran Tdi Comfortline,WVGZZZ1TZNW01,At,2WD,2000.0,Wagon,,,Diesel,5281526.50875,KRA CRSP July 2025,2026-05-20T12:50:34.557157
Volkswagen,Passat Tsi Elegance Advance,WVWZZZ3CZME12,At,2WD,2000.0,Sedan,,,Gasoline,5323954.342499999,KRA CRSP July 2025,2026-05-20T12:50:34.557157
Volkswagen,Passat Variant Tdi Elegance,WVWZZZ3CZME08,At,2WD,2000.0,Wagon,,,Diesel,3404780.8874999997,KRA CRSP July 2025,2026-05-20T12:50:34.557157
Volkswagen,T-Roc Tdi Style,WVGZZZA1ZPV55,At,2WD,2000.0,Wagon,,,Gasoline,4272124.01625,KRA CRSP July 2025,2026-05-20T12:50:34.557157
Volkswagen,Arteon Shooting Brake Tsi 4Motion R Line Advance,WVWZZZ3HZPE50,At,4WD,2000.0,Sedan,,,Gasoline,8208624.869999999,KRA CRSP July 2025,2026-05-20T12:50:34.557157
Volkswagen,California Beach,WV2ZZZ7HZPH08,At,4WD,2000.0,Van,,,Diesel,20371481.628749996,KRA CRSP July 2025,2026-05-20T12:50:34.557157
Volkswagen,Golf Tdi Active Advance,WVWZZZCD4PW20,At,2WD,2000.0,Hatchback,,,Gasoline,4535767.619999999,KRA CRSP July 2025,2026-05-20T12:50:34.557157
Volkswagen,Golf Tdi Active Advance Platinum Edition,WVWZZZCD7RW01,At,2WD,2000.0,Hatchback,,,Diesel,4579673.039999999,KRA CRSP July 2025,2026-05-20T12:50:34.557157
Volkswagen,Golf Tdi Active Basic,WVWZZZCD0RW00,At,2WD,2000.0,Hatchback,,,Diesel,3962886.3225,KRA CRSP July 2025,2026-05-20T12:50:34.557157
Volkswagen,Golf Tdi Style Platinum Edition,WVWZZZCD1RW00,At,2WD,2000.0,Hatchback,,,Diesel,5307911.9775,KRA CRSP July 2025,2026-05-20T12:50:34.557157
Volkswagen,Golf Gti Base Grade,WVWZZZAUZLW11,At,2WD,2000.0,Hatchback,,,Gasoline,5268228.2325,KRA CRSP July 2025,2026-05-20T12:50:34.557157
Volkswagen,Golf R 20 Years,7BA-CDDNFF,At,2WD,2000.0,Hatchback,,,Gasoline,9631751.5125,KRA CRSP July 2025,2026-05-20T12:50:34.557157
Volkswagen,Golf R Variant Tsi 4Motion,WVWZZZCD9PW51,At,2WD,2000.0,Hatchback,,,Gasoline,7933160.576249999,KRA CRSP July 2025,2026-05-20T12:50:34.557157
Volkswagen,Golf Variant Tdi R Line,WVWZZZCD5PW52,At,2WD,2000.0,Wagon,,,Diesel,6097576.28625,KRA CRSP July 2025,2026-05-20T12:50:34.557157
Volkswagen,Golf Variant Tdi Active Advance Platinum Edition,WVWZZZCD6RW81,At,2WD,2000.0,Wagon,,,Diesel,5149599.164999999,KRA CRSP July 2025,2026-05-20T12:50:34.557157
Volkswagen,Polo Gti,WVWZZZAWZPU04,At,2WD,2000.0,Hatchback,,,Gasoline,4255870.5675,KRA CRSP July 2025,2026-05-20T12:50:34.557157
Volkswagen,Golf Variant Tdi Active Advance,WVWZZZCD3RW82,At,2WD,2000.0,Wagon,,,Diesel,5240154.093749999,KRA CRSP July 2025,2026-05-20T12:50:34.557157
Volkswagen,Passat Alltrack Tdi 4Motion,WVWZZZ3C4RE01,At,2WD,2000.0,Wagon,,,Diesel,8208624.869999999,KRA CRSP July 2025,2026-05-20T12:50:34.557157
Volkswagen,Transporter,WV1ZZZ7HZJH02,At,2WD,2500.0,Wagon,,,Hybrid,9852334.031249998,KRA CRSP July 2025,2026-05-20T12:50:34.557157
Volkswagen,Touareg V6 Upgrade Package,DBA-7PCGRA,At,4WD,3600.0,Wagon,,,Gasoline,5581898.685,KRA CRSP July 2025,2026-05-20T12:50:34.557157
Volkswagen,Id.4 Pro Launch Edition,ZAA-E2EBJ,At,2WD,,Wagon,,,Electric,5549602.87125,KRA CRSP July 2025,2026-05-20T12:50:34.557157
Volkswagen,Id.4 Lite,WVGZZZE2ZPE07,At,2WD,,Wagon,,,Electric,5135034.38625,KRA CRSP July 2025,2026-05-20T12:50:34.557157
Volkswagen,Id.4 Pro,WVGZZZE2ZPE06,At,2WD,,Wagon,,,Electric,6435943.5375,KRA CRSP July 2025,2026-05-20T12:50:34.557157
Volvo,C40 Recharge Recharge Plus Single Motor,,At,2WD,,Suv,,5,Electric,8337949.997142859,KRA CRSP July 2025,2026-05-20T12:50:34.557157
Volvo,C40 Recharge Recharge Ultimate Single Motor,ZAA-XE400RXCE,At,2WD,,Suv,,5,Electric,8465663.86875,KRA CRSP July 2025,2026-05-20T12:50:34.557157
Volvo,C40 Recharge Recharge Ultimate Twin Motor,,At,2WD,,Suv,,5,Electric,9178151.223214287,KRA CRSP July 2025,2026-05-20T12:50:34.557157
Volvo,Ex30 Ultra Single Motor Extended Range,ZAA-2E400R,At,2WD,,Suv,,5,Electric,9472423.246875,KRA CRSP July 2025,2026-05-20T12:50:34.557157
Volvo,S60 B5 Inscription,,At,2WD,2000.0,Sedan,,5,Hybrid,8553208.1625,KRA CRSP July 2025,2026-05-20T12:50:34.557157
Volvo,S60 B5 R-Design,,At,2WD,2000.0,Sedan,,5,Hybrid,8584567.312499998,KRA CRSP July 2025,2026-05-20T12:50:34.557157
Volvo,S60 Recharge Ultimate T6 Awd Plug In Hybrid,,At,4WD,2000.0,Sedan,,5,Plug-In Hybrid,12002714.6625,KRA CRSP July 2025,2026-05-20T12:50:34.557157
Volvo,S60 T4 Momentum,DBA-ZB420,At,2WD,2000.0,Sedan,,5,Gasoline,7933864.949999999,KRA CRSP July 2025,2026-05-20T12:50:34.557157
Volvo,S60 T5 Inscription,DBA-ZB420,At,2WD,2000.0,Sedan,,5,Gasoline,12985824.015,KRA CRSP July 2025,2026-05-20T12:50:34.557157
Volvo,S60 T6 Twin Engine Awd Inscription,,At,4WD,2000.0,Sedan,,5,Gasoline,7564523.850000001,KRA CRSP July 2025,2026-05-20T12:50:34.557157
Volvo,S60 Ultimate B4,5AA-ZB420TM,At,2WD,2000.0,Sedan,,5,Hybrid,8610046.621875001,KRA CRSP July 2025,2026-05-20T12:50:34.557157
Volvo,S90 B6 Awd Inscription,5AA-PB420TM,At,4WD,2000.0,Sedan,,5,Hybrid,11484588.706473213,KRA CRSP July 2025,2026-05-20T12:50:34.557157
Volvo,S90 Recharge Ultimate T8 Awd Plugin Hybrid,5LA-PB420P2A,At,4WD,2000.0,Sedan,,5,Plug-In Hybrid,12611324.832589284,KRA CRSP July 2025,2026-05-20T12:50:34.557157
Volvo,V60,,At,2WD,2000.0,S. Wagon,,5,Gasoline,12171270.09375,KRA CRSP July 2025,2026-05-20T12:50:34.557157
Volvo,V60 B5 Inscription,,At,2WD,2000.0,S. Wagon,,5,Hybrid,10330226.6625,KRA CRSP July 2025,2026-05-20T12:50:34.557157
Volvo,V60 B5 R-Design,,At,2WD,2000.0,S. Wagon,,5,Gasoline,10100259.5625,KRA CRSP July 2025,2026-05-20T12:50:34.557157
Volvo,V60 Cross Country B5 Awd Pro,,At,4WD,2000.0,S. Wagon,,5,Hybrid,12543660.0,KRA CRSP July 2025,2026-05-20T12:50:34.557157
Volvo,V60 Cross Country D4 Classic,LDA-FD4204T,At,2WD,2000.0,S. Wagon,,5,Diesel,10218603.021428574,KRA CRSP July 2025,2026-05-20T12:50:34.557157
Volvo,V60 Cross Country Ultra B5 Awd,5AA-ZB420TM2,At,4WD,2000.0,S. Wagon,,5,Hybrid,10528834.6125,KRA CRSP July 2025,2026-05-20T12:50:34.557157
Volvo,V60 D4 Classic,LDA-FD4204T,At,2WD,2000.0,S. Wagon,,5,Diesel,3647069.1450000005,KRA CRSP July 2025,2026-05-20T12:50:34.557157
Volvo,V60 D4 Classic,LDA-FD4204T,At,2WD,2000.0,S. Wagon,,5,Diesel,3859228.727678571,KRA CRSP July 2025,2026-05-20T12:50:34.557157
Volvo,V60 Plus B4,,At,2WD,2000.0,S. Wagon,,5,Hybrid,9192150.84375,KRA CRSP July 2025,2026-05-20T12:50:34.557157
Volvo,V60 Recharge Ultimate T6 Awd Plugin Hybrid,,At,4WD,2000.0,S. Wagon,,5,Plug-In Hybrid,18527377.809375,KRA CRSP July 2025,2026-05-20T12:50:34.557157
Volvo,V60 T5 Inscription,,At,2WD,2000.0,S. Wagon,,5,Gasoline,9897731.71875,KRA CRSP July 2025,2026-05-20T12:50:34.557157
Volvo,V60 T5 Momentum,,At,2WD,2000.0,S. Wagon,,5,Gasoline,8889535.04625,KRA CRSP July 2025,2026-05-20T12:50:34.557157
Volvo,V60 T6 Twin Engine Awd Inscription,,At,4WD,2000.0,S. Wagon,,5,Plug-In Hybrid,16487073.112499999,KRA CRSP July 2025,2026-05-20T12:50:34.557157
Volvo,V60 Ultimate B4,5AA-ZB420TM2,At,2WD,2000.0,S. Wagon,,5,Hybrid,11671483.640624998,KRA CRSP July 2025,2026-05-20T12:50:34.557157
Volvo,V60 Ultimate B4 Dark Edition,5AA-ZB420TM,At,2WD,2000.0,S. Wagon,,5,Hybrid,9622405.848214284,KRA CRSP July 2025,2026-05-20T12:50:34.557157
Volvo,V60 Ultra B4,,At,2WD,2000.0,S. Wagon,,5,Hybrid,12749454.421875,KRA CRSP July 2025,2026-05-20T12:50:34.557157
Volvo,V90 90Th Anniversary Edition,DBA-PB420,At,2WD,2000.0,S. Wagon,,5,Gasoline,13333014.604285715,KRA CRSP July 2025,2026-05-20T12:50:34.557157
Volvo,V90 B6 Awd Inscription,,At,4WD,2000.0,S. Wagon,,5,Hybrid,9526275.120535715,KRA CRSP July 2025,2026-05-20T12:50:34.557157
Volvo,V90 B6 Awd R-Design,,At,4WD,2000.0,S. Wagon,,5,Hybrid,21739954.731428575,KRA CRSP July 2025,2026-05-20T12:50:34.557157
Volvo,V90 Cross Country B6 Awd Pro,,At,4WD,2000.0,S. Wagon,,5,Hybrid,13262307.1875,KRA CRSP July 2025,2026-05-20T12:50:34.557157
Volvo,V90 Cross Country D4 Awd Pro,,At,4WD,2000.0,S. Wagon,,5,Diesel,7878986.4375,KRA CRSP July 2025,2026-05-20T12:50:34.557157
Volvo,V90 Cross Country T5 Awd,DBA-PB420,At,4WD,2000.0,S. Wagon,,5,Gasoline,14503606.875,KRA CRSP July 2025,2026-05-20T12:50:34.557157
Volvo,V90 Cross Country T5 Awd Summum,,At,2WD,2000.0,S. Wagon,,5,Gasoline,12436142.914285714,KRA CRSP July 2025,2026-05-20T12:50:34.557157
Volvo,V90 D4 Inscription,LDA-PD4204T,At,2WD,2000.0,S. Wagon,,5,Diesel,12386864.250000002,KRA CRSP July 2025,2026-05-20T12:50:34.557157
Volvo,V90 D4 Nordic Edition,,At,2WD,2000.0,S. Wagon,,5,Diesel,14425209.0,KRA CRSP July 2025,2026-05-20T12:50:34.557157
Volvo,V90 Recharge Ultimate T8 Awd Plug In Hybrid,,At,4WD,2000.0,S. Wagon,,5,Plug-In Hybrid,16630149.234374996,KRA CRSP July 2025,2026-05-20T12:50:34.557157
Volvo,V90 T5 Momentum,,At,2WD,2000.0,S. Wagon,,5,Gasoline,10671966.732857145,KRA CRSP July 2025,2026-05-20T12:50:34.557157
Volvo,V90 T6 Awd Inscription,,At,4WD,2000.0,S. Wagon,,5,Gasoline,9734776.135714285,KRA CRSP July 2025,2026-05-20T12:50:34.557157
Volvo,V90 T8 Twin Engine Awd Inscription,,At,4WD,2000.0,S. Wagon,,5,Plug-In Hybrid,14604404.142857144,KRA CRSP July 2025,2026-05-20T12:50:34.557157
Volvo,V90 Ultimate B5,5AA-PB420TM2,At,2WD,2000.0,S. Wagon,,5,Hybrid,14755600.044642856,KRA CRSP July 2025,2026-05-20T12:50:34.557157
Volvo,Volvo V90,,At,4WD,2000.0,S. Wagon,,5,Diesel,15379572.465,KRA CRSP July 2025,2026-05-20T12:50:34.557157
Volvo,Xc40 Recharge Recharge Plus Single Motor,ZAA-XE400RXCE,At,2WD,,Suv,,5,Electric,6488730.787500001,KRA CRSP July 2025,2026-05-20T12:50:34.557157
Volvo,Xc40 Recharge Recharge Ultimate Single Motor,ZAA-XE400RXCE,At,2WD,,Suv,,5,Electric,7067241.7734375,KRA CRSP July 2025,2026-05-20T12:50:34.557157
Volvo,Xc40 Recharge Recharge Ultimate Twin Motor,ZAA-XE400AXCE,At,4WD,,Suv,,5,Electric,6247330.6640625,KRA CRSP July 2025,2026-05-20T12:50:34.557157
Volvo,Xc60 B5 Awd Inscription,,At,4WD,2000.0,Suv,,5,Hybrid,11199696.42857143,KRA CRSP July 2025,2026-05-20T12:50:34.557157
Volvo,Xc60 D4 Awd Inscription,,At,4WD,2000.0,Suv,,5,Diesel,11446089.750000004,KRA CRSP July 2025,2026-05-20T12:50:34.557157
Volvo,Xc60 D4 Awd Momentum,,At,4WD,2000.0,Suv,,5,Diesel,18201746.635714285,KRA CRSP July 2025,2026-05-20T12:50:34.557157
Volvo,Xc60 Plus B5,5AA-UB420TXCM,At,4WD,2000.0,Suv,,5,Hybrid,11559020.02232143,KRA CRSP July 2025,2026-05-20T12:50:34.557157
Volvo,Xc60 Recharge Plug In Hybrid T8 Awd Inscription Expression,,At,4WD,2000.0,Suv,,5,Hybrid,10129005.450000001,KRA CRSP July 2025,2026-05-20T12:50:34.557157
Volvo,Xc60 T5 Awd Inscription,,At,4WD,2000.0,Suv,,5,Gasoline,14056738.987499999,KRA CRSP July 2025,2026-05-20T12:50:34.557157
Volvo,Xc60 T6 Awd R-Design,,At,4WD,2000.0,Suv,,5,Gasoline,14348155.088571427,KRA CRSP July 2025,2026-05-20T12:50:34.557157
Volvo,Xc60 T8 Twin Engine Awd Inscription,,At,4WD,2000.0,Suv,,5,Plug-In Hybrid,15333728.374285715,KRA CRSP July 2025,2026-05-20T12:50:34.557157
Volvo,Xc60 Ultimate B5 Awd,,At,4WD,2000.0,Suv,,5,Hybrid,11412770.653125,KRA CRSP July 2025,2026-05-20T12:50:34.557157
Volvo,Xc60 Ultra B5 Awd,5AA-UB420TXCM2A,At,4WD,2000.0,Suv,,5,Hybrid,16608589.818750001,KRA CRSP July 2025,2026-05-20T12:50:34.557157
Volvo,Xc90,,At,2WD,2000.0,Suv,,5,Hybrid,17260598.8125,KRA CRSP July 2025,2026-05-20T12:50:34.557157
Volvo,Xc90 B5 Awd Momentum,,At,4WD,2000.0,Suv,,5,Gasoline,12559992.890625,KRA CRSP July 2025,2026-05-20T12:50:34.557157
Volvo,Xc90 B5 Awd Momentum,,At,4WD,2000.0,Suv,,5,Hybrid,12559992.890625,KRA CRSP July 2025,2026-05-20T12:50:34.557157
Volvo,Xc90 B6 Awd Inscription,,At,4WD,2000.0,Suv,,5,Hybrid,15819571.205357144,KRA CRSP July 2025,2026-05-20T12:50:34.557157
Volvo,Xc90 B6 Awd R Design,,At,4WD,2000.0,Suv,,5,Hybrid,15243160.162500001,KRA CRSP July 2025,2026-05-20T12:50:34.557157
Volvo,Xc90 D5 Awd Inscription,,At,4WD,2000.0,Suv,,5,Diesel,18160083.765,KRA CRSP July 2025,2026-05-20T12:50:34.557157
Volvo,Xc90 Recharge Plug In Hybrid T8 Awd Inscription,,At,4WD,2000.0,Suv,,5,Plug-In Hybrid,16153228.828125,KRA CRSP July 2025,2026-05-20T12:50:34.557157
Volvo,Xc90 Recharge Ultimate T8 Awd Plugin Hybrid,,At,4WD,2000.0,Suv,,5,Plug-In Hybrid,16865342.859375,KRA CRSP July 2025,2026-05-20T12:50:34.557157
Volvo,Xc90 T6 Awd Inscription,,At,4WD,2000.0,Suv,,5,Gasoline,21247168.08857143,KRA CRSP July 2025,2026-05-20T12:50:34.557157
Volvo,Xc90 Ultimate B5 Awd,5AA-LB420TXCM2A,At,4WD,2000.0,Suv,,5,Hybrid,14942634.974999998,KRA CRSP July 2025,2026-05-20T12:50:34.557157
Volvo,Xc90 Ultimate B6 Awd,5AA-LB420TXCM,At,4WD,2000.0,Suv,,5,Hybrid,16153228.828125,KRA CRSP July 2025,2026-05-20T12:50:34.557157
Volvo,Xc90 Ultimate B6 Awd,5AA-LB420TXCM,At,4WD,2000.0,Suv,,5,Hybrid,16843643.44754464,KRA CRSP July 2025,2026-05-20T12:50:34.557157
Volvo,Xc90 Ultimate B6 Awd,,At,4WD,2000.0,Suv,,5,Hybrid,14550645.599999998,KRA CRSP July 2025,2026-05-20T12:50:34.557157
Volvo,Xc90 Ultra B5 Awd,5AA-LB420TXCM2,At,4WD,2000.0,Suv,,5,Hybrid,18958566.121875,KRA CRSP July 2025,2026-05-20T12:50:34.557157
Volvo,Xc90 Ultra B5 Awd,5AA-LB420TXCM2A,At,4WD,2000.0,Suv,,5,Hybrid,15512979.515625,KRA CRSP July 2025,2026-05-20T12:50:34.557157
Xpeng,G6 Awd Performance,,Aut,AWD,87.0,,2195 kg,5,Electric,10891921.499999996,KRA CRSP July 2025,2026-05-20T12:50:34.557157
Xpeng,G6 Rwd Long Range,,Aut,RWD,87.0,,2100 kg,5,Electric,10047586.499999996,KRA CRSP July 2025,2026-05-20T12:50:34.557157
Xpeng,G6 Rwd Standard Range,,Aut,RWD,66.0,,2100 kg,5,Electric,9203251.5,KRA CRSP July 2025,2026-05-20T12:50:34.557157
Xpeng,G9 Awd Performance,,Aut,AWD,93.0,,2415 kg,5,Electric,14691428.999999996,KRA CRSP July 2025,2026-05-20T12:50:34.557157
Xpeng,G9 Rwd Long Range,,Aut,RWD,93.0,,2285 kg,5,Electric,13002758.999999996,KRA CRSP July 2025,2026-05-20T12:50:34.557157
Xpeng,G9 Rwd Standard Range,,Aut,RWD,75.0,,2310 kg,5,Electric,12158423.999999996,KRA CRSP July 2025,2026-05-20T12:50:34.557157
Xpeng,P7 Awd Performance,,Aut,AWD,82.0,,2215 kg,5,Electric,12369507.749999996,KRA CRSP July 2025,2026-05-20T12:50:34.557157
Xpeng,P7 Rwd Long Range,,Aut,RWD,82.0,,2095 kg,5,Electric,10469753.999999996,KRA CRSP July 2025,2026-05-20T12:50:34.557157
Xpeng,P7 Wing Edition,,Aut,AWD,82.0,,2255 kg,5,Electric,14691428.999999996,KRA CRSP July 2025,2026-05-20T12:50:34.557157
